{"type": "FeatureCollection", "features": [{"type": "Feature", "geometry": {"type": "Point", "coordinates": [-122.4320475997, 37.7803730973]}, "properties": {"STREET_NAME": "FILLMORE ST", "STREET_NUM": "1,126", "ON_OFFSTREET_TYPE": "ON", "CAP_COLOR": "Grey", "PM_DISTRICT_ID": "5"}}, {"type": "Feature", "geometry": {"type": "Point", "coordinates": [-122.4503367, 37.7698419009]}, "properties": {"STREET_NAME": "COLE ST", "STREET_NUM": "523", "ON_OFFSTREET_TYPE": "ON", "CAP_COLOR": "Grey", "PM_DISTRICT_ID": "23"}}, {"type": "Feature", "geometry": {"type": "Point", "coordinates": [-122.4323921015, 37.7820759983]}, "properties": {"STREET_NAME": "FILLMORE ST", "STREET_NUM": "1,320", "ON_OFFSTREET_TYPE": "ON", "CAP_COLOR": "Grey", "PM_DISTRICT_ID": "5"}}, {"type": "Feature", "geometry": {"type": "Point", "coordinates": [-122.4339293984, 37.7637314991]}, "properties": {"STREET_NAME": "MARKET ST", "STREET_NUM": "2,314", "ON_OFFSTREET_TYPE": "ON", "CAP_COLOR": "Grey", "PM_DISTRICT_ID": "16"}}, {"type": "Feature", "geometry": {"type": "Point", "coordinates": [-122.4522746017, 37.7692642984]}, "properties": {"STREET_NAME": "HAIGHT ST", "STREET_NUM": "1,817", "ON_OFFSTREET_TYPE": "ON", "CAP_COLOR": "Grey", "PM_DISTRICT_ID": "23"}}, {"type": "Feature", "geometry": {"type": "Point", "coordinates": [-122.4485636984, 37.7821647012]}, "properties": {"STREET_NAME": "GEARY BLVD", "STREET_NUM": "2,721", "ON_OFFSTREET_TYPE": "ON", "CAP_COLOR": "Grey", "PM_DISTRICT_ID": "20"}}, {"type": "Feature", "geometry": {"type": "Point", "coordinates": [-122.4344486014, 37.7618422014]}, "properties": {"STREET_NAME": "CASTRO ST", "STREET_NUM": "457", "ON_OFFSTREET_TYPE": "OFF", "CAP_COLOR": "Grey", "PM_DISTRICT_ID": "16"}}, {"type": "Feature", "geometry": {"type": "Point", "coordinates": [-122.4365150982, 37.7607433003]}, "properties": {"STREET_NAME": "18TH ST", "STREET_NUM": "4,209", "ON_OFFSTREET_TYPE": "ON", "CAP_COLOR": "Yellow", "PM_DISTRICT_ID": "16"}}, {"type": "Feature", "geometry": {"type": "Point", "coordinates": [-122.4324677006, 37.7817780998]}, "properties": {"STREET_NAME": "FILLMORE ST", "STREET_NUM": "1,313", "ON_OFFSTREET_TYPE": "ON", "CAP_COLOR": "Grey", "PM_DISTRICT_ID": "5"}}, {"type": "Feature", "geometry": {"type": "Point", "coordinates": [-122.4326709003, 37.7827824977]}, "properties": {"STREET_NAME": "FILLMORE ST", "STREET_NUM": "1,415", "ON_OFFSTREET_TYPE": "ON", "CAP_COLOR": "Grey", "PM_DISTRICT_ID": "5"}}, {"type": "Feature", "geometry": {"type": "Point", "coordinates": [-122.4337241703, 37.7635449179]}, "properties": {"STREET_NAME": "MARKET ST", "STREET_NUM": "2,315", "ON_OFFSTREET_TYPE": "ON", "CAP_COLOR": "Grey", "PM_DISTRICT_ID": "16"}}, {"type": "Feature", "geometry": {"type": "Point", "coordinates": [-122.4531089062, 37.7675082721]}, "properties": {"STREET_NAME": "STANYAN ST", "STREET_NUM": "776", "ON_OFFSTREET_TYPE": "ON", "CAP_COLOR": "Grey", "PM_DISTRICT_ID": "23"}}, {"type": "Feature", "geometry": {"type": "Point", "coordinates": [-122.4358894003, 37.7612183028]}, "properties": {"STREET_NAME": "18TH ST", "STREET_NUM": "4,116", "ON_OFFSTREET_TYPE": "OFF", "CAP_COLOR": "Grey", "PM_DISTRICT_ID": "16"}}, {"type": "Feature", "geometry": {"type": "Point", "coordinates": [-122.4548910016, 37.7816416983]}, "properties": {"STREET_NAME": "GEARY BLVD", "STREET_NUM": "3,318", "ON_OFFSTREET_TYPE": "ON", "CAP_COLOR": "Green", "PM_DISTRICT_ID": "20"}}, {"type": "Feature", "geometry": {"type": "Point", "coordinates": [-122.4325553027, 37.7828822982]}, "properties": {"STREET_NAME": "FILLMORE ST", "STREET_NUM": "1,418", "ON_OFFSTREET_TYPE": "ON", "CAP_COLOR": "Grey", "PM_DISTRICT_ID": "5"}}, {"type": "Feature", "geometry": {"type": "Point", "coordinates": [-122.4383196996, 37.7770075005]}, "properties": {"STREET_NAME": "DIVISADERO ST", "STREET_NUM": "803", "ON_OFFSTREET_TYPE": "ON", "CAP_COLOR": "Grey", "PM_DISTRICT_ID": "17"}}, {"type": "Feature", "geometry": {"type": "Point", "coordinates": [-122.4352098097, 37.7620672189]}, "properties": {"STREET_NAME": "CASTRO ST", "STREET_NUM": "412", "ON_OFFSTREET_TYPE": "ON", "CAP_COLOR": "Grey", "PM_DISTRICT_ID": "16"}}, {"type": "Feature", "geometry": {"type": "Point", "coordinates": [-122.437408799, 37.7725354981]}, "properties": {"STREET_NAME": "DIVISADERO ST", "STREET_NUM": "311", "ON_OFFSTREET_TYPE": "ON", "CAP_COLOR": "Grey", "PM_DISTRICT_ID": "17"}}, {"type": "Feature", "geometry": {"type": "Point", "coordinates": [-122.4498990027, 37.7696916972]}, "properties": {"STREET_NAME": "HAIGHT ST", "STREET_NUM": "1,640", "ON_OFFSTREET_TYPE": "ON", "CAP_COLOR": "Grey", "PM_DISTRICT_ID": "23"}}, {"type": "Feature", "geometry": {"type": "Point", "coordinates": [-122.4546873995, 37.7816682019]}, "properties": {"STREET_NAME": "GEARY BLVD", "STREET_NUM": "3,312", "ON_OFFSTREET_TYPE": "ON", "CAP_COLOR": "Yellow", "PM_DISTRICT_ID": "20"}}, {"type": "Feature", "geometry": {"type": "Point", "coordinates": [-122.4292696023, 37.7723186024]}, "properties": {"STREET_NAME": "HAIGHT ST", "STREET_NUM": "410", "ON_OFFSTREET_TYPE": "ON", "CAP_COLOR": "Grey", "PM_DISTRICT_ID": "39"}}, {"type": "Feature", "geometry": {"type": "Point", "coordinates": [-122.4483460986, 37.7821925011]}, "properties": {"STREET_NAME": "GEARY BLVD", "STREET_NUM": "2,715", "ON_OFFSTREET_TYPE": "ON", "CAP_COLOR": "Grey", "PM_DISTRICT_ID": "20"}}, {"type": "Feature", "geometry": {"type": "Point", "coordinates": [-122.4503228978, 37.7819490013]}, "properties": {"STREET_NAME": "GEARY BLVD", "STREET_NUM": "2,905", "ON_OFFSTREET_TYPE": "ON", "CAP_COLOR": "Grey", "PM_DISTRICT_ID": "20"}}, {"type": "Feature", "geometry": {"type": "Point", "coordinates": [-122.4515670014, 37.769478998]}, "properties": {"STREET_NAME": "HAIGHT ST", "STREET_NUM": "1,718", "ON_OFFSTREET_TYPE": "ON", "CAP_COLOR": "Grey", "PM_DISTRICT_ID": "23"}}, {"type": "Feature", "geometry": {"type": "Point", "coordinates": [-122.4411248991, 37.7829601996]}, "properties": {"STREET_NAME": "GEARY BLVD", "STREET_NUM": "2,243", "ON_OFFSTREET_TYPE": "ON", "CAP_COLOR": "Grey", "PM_DISTRICT_ID": "18"}}, {"type": "Feature", "geometry": {"type": "Point", "coordinates": [-122.4566320011, 37.7642088988]}, "properties": {"STREET_NAME": "HILLWAY AVE", "STREET_NUM": "48", "ON_OFFSTREET_TYPE": "ON", "CAP_COLOR": "Grey", "PM_DISTRICT_ID": "24"}}, {"type": "Feature", "geometry": {"type": "Point", "coordinates": [-122.4488415976, 37.7821293016]}, "properties": {"STREET_NAME": "GEARY BLVD", "STREET_NUM": "2,729", "ON_OFFSTREET_TYPE": "ON", "CAP_COLOR": "Grey", "PM_DISTRICT_ID": "20"}}, {"type": "Feature", "geometry": {"type": "Point", "coordinates": [-122.4312328004, 37.7720689]}, "properties": {"STREET_NAME": "HAIGHT ST", "STREET_NUM": "520", "ON_OFFSTREET_TYPE": "ON", "CAP_COLOR": "Yellow", "PM_DISTRICT_ID": "39"}}, {"type": "Feature", "geometry": {"type": "Point", "coordinates": [-122.4502109994, 37.7698912983]}, "properties": {"STREET_NAME": "COLE ST", "STREET_NUM": "524", "ON_OFFSTREET_TYPE": "ON", "CAP_COLOR": "Grey", "PM_DISTRICT_ID": "23"}}, {"type": "Feature", "geometry": {"type": "Point", "coordinates": [-122.4494254978, 37.7648565014]}, "properties": {"STREET_NAME": "PARNASSUS AVE", "STREET_NUM": "59", "ON_OFFSTREET_TYPE": "ON", "CAP_COLOR": "Grey", "PM_DISTRICT_ID": "23"}}, {"type": "Feature", "geometry": {"type": "Point", "coordinates": [-122.4504579024, 37.7819318016]}, "properties": {"STREET_NAME": "GEARY BLVD", "STREET_NUM": "2,909", "ON_OFFSTREET_TYPE": "ON", "CAP_COLOR": "Red", "PM_DISTRICT_ID": "20"}}, {"type": "Feature", "geometry": {"type": "Point", "coordinates": [-122.4484887027, 37.7821743012]}, "properties": {"STREET_NAME": "GEARY BLVD", "STREET_NUM": "2,719", "ON_OFFSTREET_TYPE": "ON", "CAP_COLOR": "Grey", "PM_DISTRICT_ID": "20"}}, {"type": "Feature", "geometry": {"type": "Point", "coordinates": [-122.446125101, 37.7701729973]}, "properties": {"STREET_NAME": "HAIGHT ST", "STREET_NUM": "1,422", "ON_OFFSTREET_TYPE": "ON", "CAP_COLOR": "Grey", "PM_DISTRICT_ID": "23"}}, {"type": "Feature", "geometry": {"type": "Point", "coordinates": [-122.4539729988, 37.7817594026]}, "properties": {"STREET_NAME": "GEARY BLVD", "STREET_NUM": "3,220", "ON_OFFSTREET_TYPE": "ON", "CAP_COLOR": "Green", "PM_DISTRICT_ID": "20"}}, {"type": "Feature", "geometry": {"type": "Point", "coordinates": [-122.4328525976, 37.7836804007]}, "properties": {"STREET_NAME": "FILLMORE ST", "STREET_NUM": "1,513", "ON_OFFSTREET_TYPE": "ON", "CAP_COLOR": "Yellow", "PM_DISTRICT_ID": "5"}}, {"type": "Feature", "geometry": {"type": "Point", "coordinates": [-122.434182001, 37.7631827974]}, "properties": {"STREET_NAME": "MARKET ST", "STREET_NUM": "2,349", "ON_OFFSTREET_TYPE": "ON", "CAP_COLOR": "Grey", "PM_DISTRICT_ID": "16"}}, {"type": "Feature", "geometry": {"type": "Point", "coordinates": [-122.4477418975, 37.7825615005]}, "properties": {"STREET_NAME": "GEARY BLVD", "STREET_NUM": "2,612", "ON_OFFSTREET_TYPE": "ON", "CAP_COLOR": "Grey", "PM_DISTRICT_ID": "20"}}, {"type": "Feature", "geometry": {"type": "Point", "coordinates": [-122.4462822003, 37.7700284988]}, "properties": {"STREET_NAME": "HAIGHT ST", "STREET_NUM": "1,429", "ON_OFFSTREET_TYPE": "ON", "CAP_COLOR": "Grey", "PM_DISTRICT_ID": "23"}}, {"type": "Feature", "geometry": {"type": "Point", "coordinates": [-122.4547963978, 37.7813784004]}, "properties": {"STREET_NAME": "GEARY BLVD", "STREET_NUM": "3,313", "ON_OFFSTREET_TYPE": "ON", "CAP_COLOR": "Grey", "PM_DISTRICT_ID": "20"}}, {"type": "Feature", "geometry": {"type": "Point", "coordinates": [-122.4295708981, 37.7722803027]}, "properties": {"STREET_NAME": "HAIGHT ST", "STREET_NUM": "418", "ON_OFFSTREET_TYPE": "ON", "CAP_COLOR": "Grey", "PM_DISTRICT_ID": "39"}}, {"type": "Feature", "geometry": {"type": "Point", "coordinates": [-122.4324155987, 37.7821919982]}, "properties": {"STREET_NAME": "FILLMORE ST", "STREET_NUM": "1,324", "ON_OFFSTREET_TYPE": "ON", "CAP_COLOR": "Grey", "PM_DISTRICT_ID": "5"}}, {"type": "Feature", "geometry": {"type": "Point", "coordinates": [-122.4457495024, 37.7700963979]}, "properties": {"STREET_NAME": "HAIGHT ST", "STREET_NUM": "1,409", "ON_OFFSTREET_TYPE": "ON", "CAP_COLOR": "Red", "PM_DISTRICT_ID": "23"}}, {"type": "Feature", "geometry": {"type": "Point", "coordinates": [-122.4339764488, 37.7633453895]}, "properties": {"STREET_NAME": "MARKET ST", "STREET_NUM": "2,325", "ON_OFFSTREET_TYPE": "ON", "CAP_COLOR": "Grey", "PM_DISTRICT_ID": "16"}}, {"type": "Feature", "geometry": {"type": "Point", "coordinates": [-122.4330510164, 37.7609507142]}, "properties": {"STREET_NAME": "18TH ST", "STREET_NUM": "4,003", "ON_OFFSTREET_TYPE": "ON", "CAP_COLOR": "Yellow", "PM_DISTRICT_ID": "16"}}, {"type": "Feature", "geometry": {"type": "Point", "coordinates": [-122.4378129018, 37.7755989999]}, "properties": {"STREET_NAME": "DIVISADERO ST", "STREET_NUM": "620", "ON_OFFSTREET_TYPE": "ON", "CAP_COLOR": "Yellow", "PM_DISTRICT_ID": "17"}}, {"type": "Feature", "geometry": {"type": "Point", "coordinates": [-122.4340321996, 37.7608923976]}, "properties": {"STREET_NAME": "18TH ST", "STREET_NUM": "4,051", "ON_OFFSTREET_TYPE": "ON", "CAP_COLOR": "Grey", "PM_DISTRICT_ID": "16"}}, {"type": "Feature", "geometry": {"type": "Point", "coordinates": [-122.4477059, 37.7699714013]}, "properties": {"STREET_NAME": "HAIGHT ST", "STREET_NUM": "1,520", "ON_OFFSTREET_TYPE": "ON", "CAP_COLOR": "Red", "PM_DISTRICT_ID": "23"}}, {"type": "Feature", "geometry": {"type": "Point", "coordinates": [-122.4324257017, 37.7645719022]}, "properties": {"STREET_NAME": "MARKET ST", "STREET_NUM": "2,259", "ON_OFFSTREET_TYPE": "ON", "CAP_COLOR": "Yellow", "PM_DISTRICT_ID": "16"}}, {"type": "Feature", "geometry": {"type": "Point", "coordinates": [-122.4525610001, 37.7816638992]}, "properties": {"STREET_NAME": "GEARY BLVD", "STREET_NUM": "3,111", "ON_OFFSTREET_TYPE": "ON", "CAP_COLOR": "Grey", "PM_DISTRICT_ID": "20"}}, {"type": "Feature", "geometry": {"type": "Point", "coordinates": [-122.4291897004, 37.7723288004]}, "properties": {"STREET_NAME": "HAIGHT ST", "STREET_NUM": "408", "ON_OFFSTREET_TYPE": "ON", "CAP_COLOR": "Grey", "PM_DISTRICT_ID": "39"}}, {"type": "Feature", "geometry": {"type": "Point", "coordinates": [-122.4325656013, 37.7829333999]}, "properties": {"STREET_NAME": "FILLMORE ST", "STREET_NUM": "1,420", "ON_OFFSTREET_TYPE": "ON", "CAP_COLOR": "Grey", "PM_DISTRICT_ID": "5"}}, {"type": "Feature", "geometry": {"type": "Point", "coordinates": [-122.4445112693, 37.7703787019]}, "properties": {"STREET_NAME": "HAIGHT ST", "STREET_NUM": "1,322", "ON_OFFSTREET_TYPE": "ON", "CAP_COLOR": "Grey", "PM_DISTRICT_ID": "23"}}, {"type": "Feature", "geometry": {"type": "Point", "coordinates": [-122.4321947613, 37.7647545161]}, "properties": {"STREET_NAME": "MARKET ST", "STREET_NUM": "2,249", "ON_OFFSTREET_TYPE": "ON", "CAP_COLOR": "Grey", "PM_DISTRICT_ID": "16"}}, {"type": "Feature", "geometry": {"type": "Point", "coordinates": [-122.4524791983, 37.7692382027]}, "properties": {"STREET_NAME": "HAIGHT ST", "STREET_NUM": "1,825", "ON_OFFSTREET_TYPE": "ON", "CAP_COLOR": "Yellow", "PM_DISTRICT_ID": "23"}}, {"type": "Feature", "geometry": {"type": "Point", "coordinates": [-122.4351755024, 37.7608262979]}, "properties": {"STREET_NAME": "18TH ST", "STREET_NUM": "4,101", "ON_OFFSTREET_TYPE": "ON", "CAP_COLOR": "Black", "PM_DISTRICT_ID": "16"}}, {"type": "Feature", "geometry": {"type": "Point", "coordinates": [-122.4507113711, 37.7691957679]}, "properties": {"STREET_NAME": "COLE ST", "STREET_NUM": "607", "ON_OFFSTREET_TYPE": "ON", "CAP_COLOR": "Grey", "PM_DISTRICT_ID": "23"}}, {"type": "Feature", "geometry": {"type": "Point", "coordinates": [-122.4435668995, 37.7826488008]}, "properties": {"STREET_NAME": "GEARY BLVD", "STREET_NUM": "2,419", "ON_OFFSTREET_TYPE": "ON", "CAP_COLOR": "Grey", "PM_DISTRICT_ID": "18"}}, {"type": "Feature", "geometry": {"type": "Point", "coordinates": [-122.4496721995, 37.7694624019]}, "properties": {"STREET_NAME": "BELVEDERE ST", "STREET_NUM": "3", "ON_OFFSTREET_TYPE": "ON", "CAP_COLOR": "Grey", "PM_DISTRICT_ID": "23"}}, {"type": "Feature", "geometry": {"type": "Point", "coordinates": [-122.435117296, 37.7838736119]}, "properties": {"STREET_NAME": "GEARY BLVD", "STREET_NUM": "1,915", "ON_OFFSTREET_TYPE": "ON", "CAP_COLOR": "Grey", "PM_DISTRICT_ID": "18"}}, {"type": "Feature", "geometry": {"type": "Point", "coordinates": [-122.4381755273, 37.7758479263]}, "properties": {"STREET_NAME": "GROVE ST", "STREET_NUM": "1,305", "ON_OFFSTREET_TYPE": "ON", "CAP_COLOR": "Green", "PM_DISTRICT_ID": "17"}}, {"type": "Feature", "geometry": {"type": "Point", "coordinates": [-122.4332273972, 37.7647643004]}, "properties": {"STREET_NAME": "NOE ST", "STREET_NUM": "258", "ON_OFFSTREET_TYPE": "ON", "CAP_COLOR": "Grey", "PM_DISTRICT_ID": "16"}}, {"type": "Feature", "geometry": {"type": "Point", "coordinates": [-122.4382057001, 37.7764374976]}, "properties": {"STREET_NAME": "DIVISADERO ST", "STREET_NUM": "719", "ON_OFFSTREET_TYPE": "ON", "CAP_COLOR": "Grey", "PM_DISTRICT_ID": "17"}}, {"type": "Feature", "geometry": {"type": "Point", "coordinates": [-122.4540081646, 37.781377807]}, "properties": {"STREET_NAME": "PARKER AVE", "STREET_NUM": "206", "ON_OFFSTREET_TYPE": "ON", "CAP_COLOR": "Green", "PM_DISTRICT_ID": "20"}}, {"type": "Feature", "geometry": {"type": "Point", "coordinates": [-122.4376168993, 37.7746357013]}, "properties": {"STREET_NAME": "DIVISADERO ST", "STREET_NUM": "518", "ON_OFFSTREET_TYPE": "ON", "CAP_COLOR": "Red", "PM_DISTRICT_ID": "17"}}, {"type": "Feature", "geometry": {"type": "Point", "coordinates": [-122.431924643, 37.7653170328]}, "properties": {"STREET_NAME": "MARKET ST", "STREET_NUM": "2,220", "ON_OFFSTREET_TYPE": "ON", "CAP_COLOR": "Grey", "PM_DISTRICT_ID": "16"}}, {"type": "Feature", "geometry": {"type": "Point", "coordinates": [-122.434462778, 37.7633096491]}, "properties": {"STREET_NAME": "MARKET ST", "STREET_NUM": "2,336", "ON_OFFSTREET_TYPE": "ON", "CAP_COLOR": "Red", "PM_DISTRICT_ID": "16"}}, {"type": "Feature", "geometry": {"type": "Point", "coordinates": [-122.4368390978, 37.7608334002]}, "properties": {"STREET_NAME": "18TH ST", "STREET_NUM": "4,218", "ON_OFFSTREET_TYPE": "ON", "CAP_COLOR": "Grey", "PM_DISTRICT_ID": "16"}}, {"type": "Feature", "geometry": {"type": "Point", "coordinates": [-122.4296647978, 37.766755198]}, "properties": {"STREET_NAME": "MARKET ST", "STREET_NUM": "2,131", "ON_OFFSTREET_TYPE": "ON", "CAP_COLOR": "Grey", "PM_DISTRICT_ID": "16"}}, {"type": "Feature", "geometry": {"type": "Point", "coordinates": [-122.4477799011, 37.7698374976]}, "properties": {"STREET_NAME": "HAIGHT ST", "STREET_NUM": "1,527", "ON_OFFSTREET_TYPE": "ON", "CAP_COLOR": "Grey", "PM_DISTRICT_ID": "23"}}, {"type": "Feature", "geometry": {"type": "Point", "coordinates": [-122.4378353988, 37.7746328012]}, "properties": {"STREET_NAME": "DIVISADERO ST", "STREET_NUM": "521", "ON_OFFSTREET_TYPE": "ON", "CAP_COLOR": "Red", "PM_DISTRICT_ID": "17"}}, {"type": "Feature", "geometry": {"type": "Point", "coordinates": [-122.4330604018, 37.7646330007]}, "properties": {"STREET_NAME": "NOE ST", "STREET_NUM": "265", "ON_OFFSTREET_TYPE": "ON", "CAP_COLOR": "Grey", "PM_DISTRICT_ID": "16"}}, {"type": "Feature", "geometry": {"type": "Point", "coordinates": [-122.4349169989, 37.761101202]}, "properties": {"STREET_NAME": "CASTRO ST", "STREET_NUM": "445", "ON_OFFSTREET_TYPE": "ON", "CAP_COLOR": "Grey", "PM_DISTRICT_ID": "16"}}, {"type": "Feature", "geometry": {"type": "Point", "coordinates": [-122.4375858025, 37.7734058023]}, "properties": {"STREET_NAME": "DIVISADERO ST", "STREET_NUM": "407", "ON_OFFSTREET_TYPE": "ON", "CAP_COLOR": "Grey", "PM_DISTRICT_ID": "17"}}, {"type": "Feature", "geometry": {"type": "Point", "coordinates": [-122.4517382995, 37.769085898]}, "properties": {"STREET_NAME": "SHRADER ST", "STREET_NUM": "610", "ON_OFFSTREET_TYPE": "ON", "CAP_COLOR": "Grey", "PM_DISTRICT_ID": "23"}}, {"type": "Feature", "geometry": {"type": "Point", "coordinates": [-122.4356282984, 37.7612096024]}, "properties": {"STREET_NAME": "18TH ST", "STREET_NUM": "4,116", "ON_OFFSTREET_TYPE": "OFF", "CAP_COLOR": "Grey", "PM_DISTRICT_ID": "16"}}, {"type": "Feature", "geometry": {"type": "Point", "coordinates": [-122.433408332, 37.7609290891]}, "properties": {"STREET_NAME": "18TH ST", "STREET_NUM": "4,011", "ON_OFFSTREET_TYPE": "ON", "CAP_COLOR": "Grey", "PM_DISTRICT_ID": "16"}}, {"type": "Feature", "geometry": {"type": "Point", "coordinates": [-122.4361821176, 37.7837378651]}, "properties": {"STREET_NAME": "GEARY BLVD", "STREET_NUM": "2,001", "ON_OFFSTREET_TYPE": "ON", "CAP_COLOR": "Grey", "PM_DISTRICT_ID": "18"}}, {"type": "Feature", "geometry": {"type": "Point", "coordinates": [-122.4372679998, 37.7729204007]}, "properties": {"STREET_NAME": "DIVISADERO ST", "STREET_NUM": "326", "ON_OFFSTREET_TYPE": "ON", "CAP_COLOR": "Yellow", "PM_DISTRICT_ID": "17"}}, {"type": "Feature", "geometry": {"type": "Point", "coordinates": [-122.4478887988, 37.7825427026]}, "properties": {"STREET_NAME": "GEARY BLVD", "STREET_NUM": "2,618", "ON_OFFSTREET_TYPE": "ON", "CAP_COLOR": "Red", "PM_DISTRICT_ID": "20"}}, {"type": "Feature", "geometry": {"type": "Point", "coordinates": [-122.4322886771, 37.7650291337]}, "properties": {"STREET_NAME": "MARKET ST", "STREET_NUM": "2,242", "ON_OFFSTREET_TYPE": "ON", "CAP_COLOR": "Grey", "PM_DISTRICT_ID": "16"}}, {"type": "Feature", "geometry": {"type": "Point", "coordinates": [-122.4349230004, 37.7611658991]}, "properties": {"STREET_NAME": "CASTRO ST", "STREET_NUM": "443", "ON_OFFSTREET_TYPE": "ON", "CAP_COLOR": "Grey", "PM_DISTRICT_ID": "16"}}, {"type": "Feature", "geometry": {"type": "Point", "coordinates": [-122.431611601, 37.7718961992]}, "properties": {"STREET_NAME": "HAIGHT ST", "STREET_NUM": "551", "ON_OFFSTREET_TYPE": "ON", "CAP_COLOR": "Grey", "PM_DISTRICT_ID": "39"}}, {"type": "Feature", "geometry": {"type": "Point", "coordinates": [-122.4575011988, 37.7811902993]}, "properties": {"STREET_NAME": "GEARY BLVD", "STREET_NUM": "3,535", "ON_OFFSTREET_TYPE": "ON", "CAP_COLOR": "Green", "PM_DISTRICT_ID": "20"}}, {"type": "Feature", "geometry": {"type": "Point", "coordinates": [-122.4534163234, 37.7690258867]}, "properties": {"STREET_NAME": "STANYAN ST", "STREET_NUM": "704", "ON_OFFSTREET_TYPE": "ON", "CAP_COLOR": "Grey", "PM_DISTRICT_ID": "23"}}, {"type": "Feature", "geometry": {"type": "Point", "coordinates": [-122.4566246026, 37.7641153009]}, "properties": {"STREET_NAME": "HILLWAY AVE", "STREET_NUM": "56", "ON_OFFSTREET_TYPE": "ON", "CAP_COLOR": "Grey", "PM_DISTRICT_ID": "24"}}, {"type": "Feature", "geometry": {"type": "Point", "coordinates": [-122.4480075983, 37.7698085018]}, "properties": {"STREET_NAME": "HAIGHT ST", "STREET_NUM": "1,533", "ON_OFFSTREET_TYPE": "ON", "CAP_COLOR": "Yellow", "PM_DISTRICT_ID": "23"}}, {"type": "Feature", "geometry": {"type": "Point", "coordinates": [-122.4350273998, 37.7601067004]}, "properties": {"STREET_NAME": "CASTRO ST", "STREET_NUM": "522", "ON_OFFSTREET_TYPE": "ON", "CAP_COLOR": "Grey", "PM_DISTRICT_ID": "16"}}, {"type": "Feature", "geometry": {"type": "Point", "coordinates": [-122.4433603973, 37.7826751982]}, "properties": {"STREET_NAME": "GEARY BLVD", "STREET_NUM": "2,413", "ON_OFFSTREET_TYPE": "ON", "CAP_COLOR": "Grey", "PM_DISTRICT_ID": "18"}}, {"type": "Feature", "geometry": {"type": "Point", "coordinates": [-122.4469347761, 37.7696768724]}, "properties": {"STREET_NAME": "ASHBURY ST", "STREET_NUM": "607", "ON_OFFSTREET_TYPE": "ON", "CAP_COLOR": "Grey", "PM_DISTRICT_ID": "23"}}, {"type": "Feature", "geometry": {"type": "Point", "coordinates": [-122.4380494, 37.7756848027]}, "properties": {"STREET_NAME": "DIVISADERO ST", "STREET_NUM": "625", "ON_OFFSTREET_TYPE": "ON", "CAP_COLOR": "Yellow", "PM_DISTRICT_ID": "17"}}, {"type": "Feature", "geometry": {"type": "Point", "coordinates": [-122.4328646005, 37.7837401972]}, "properties": {"STREET_NAME": "FILLMORE ST", "STREET_NUM": "1,515", "ON_OFFSTREET_TYPE": "ON", "CAP_COLOR": "Green", "PM_DISTRICT_ID": "5"}}, {"type": "Feature", "geometry": {"type": "Point", "coordinates": [-122.4464500004, 37.7701315013]}, "properties": {"STREET_NAME": "HAIGHT ST", "STREET_NUM": "1,434", "ON_OFFSTREET_TYPE": "ON", "CAP_COLOR": "Grey", "PM_DISTRICT_ID": "23"}}, {"type": "Feature", "geometry": {"type": "Point", "coordinates": [-122.4557134004, 37.7640113988]}, "properties": {"STREET_NAME": "PARNASSUS AVE", "STREET_NUM": "335", "ON_OFFSTREET_TYPE": "ON", "CAP_COLOR": "Yellow", "PM_DISTRICT_ID": "24"}}, {"type": "Feature", "geometry": {"type": "Point", "coordinates": [-122.433930298, 37.7607468989]}, "properties": {"STREET_NAME": "HARTFORD ST", "STREET_NUM": "104", "ON_OFFSTREET_TYPE": "ON", "CAP_COLOR": "Grey", "PM_DISTRICT_ID": "16"}}, {"type": "Feature", "geometry": {"type": "Point", "coordinates": [-122.4571883974, 37.7812041015]}, "properties": {"STREET_NAME": "GEARY BLVD", "STREET_NUM": "3,525", "ON_OFFSTREET_TYPE": "ON", "CAP_COLOR": "Grey", "PM_DISTRICT_ID": "20"}}, {"type": "Feature", "geometry": {"type": "Point", "coordinates": [-122.4327359998, 37.7837755018]}, "properties": {"STREET_NAME": "FILLMORE ST", "STREET_NUM": "1,514", "ON_OFFSTREET_TYPE": "ON", "CAP_COLOR": "Red", "PM_DISTRICT_ID": "5"}}, {"type": "Feature", "geometry": {"type": "Point", "coordinates": [-122.4589208027, 37.7632509981]}, "properties": {"STREET_NAME": "PARNASSUS AVE", "STREET_NUM": "504", "ON_OFFSTREET_TYPE": "ON", "CAP_COLOR": "Green", "PM_DISTRICT_ID": "24"}}, {"type": "Feature", "geometry": {"type": "Point", "coordinates": [-122.4560612996, 37.7815264025]}, "properties": {"STREET_NAME": "GEARY BLVD", "STREET_NUM": "3,412", "ON_OFFSTREET_TYPE": "ON", "CAP_COLOR": "Grey", "PM_DISTRICT_ID": "20"}}, {"type": "Feature", "geometry": {"type": "Point", "coordinates": [-122.4394777992, 37.783854599]}, "properties": {"STREET_NAME": "DIVISADERO ST", "STREET_NUM": "1,512", "ON_OFFSTREET_TYPE": "ON", "CAP_COLOR": "Green", "PM_DISTRICT_ID": "18"}}, {"type": "Feature", "geometry": {"type": "Point", "coordinates": [-122.4327574016, 37.7838813987]}, "properties": {"STREET_NAME": "FILLMORE ST", "STREET_NUM": "1,520", "ON_OFFSTREET_TYPE": "ON", "CAP_COLOR": "Grey", "PM_DISTRICT_ID": "5"}}, {"type": "Feature", "geometry": {"type": "Point", "coordinates": [-122.4360459016, 37.7606726968]}, "properties": {"STREET_NAME": "COLLINGWOOD ST", "STREET_NUM": "103", "ON_OFFSTREET_TYPE": "ON", "CAP_COLOR": "Grey", "PM_DISTRICT_ID": "16"}}, {"type": "Feature", "geometry": {"type": "Point", "coordinates": [-122.4535142013, 37.7818179027]}, "properties": {"STREET_NAME": "GEARY BLVD", "STREET_NUM": "3,206", "ON_OFFSTREET_TYPE": "ON", "CAP_COLOR": "Green", "PM_DISTRICT_ID": "20"}}, {"type": "Feature", "geometry": {"type": "Point", "coordinates": [-122.4513524023, 37.7695064013]}, "properties": {"STREET_NAME": "HAIGHT ST", "STREET_NUM": "1,712", "ON_OFFSTREET_TYPE": "ON", "CAP_COLOR": "Grey", "PM_DISTRICT_ID": "23"}}, {"type": "Feature", "geometry": {"type": "Point", "coordinates": [-122.4507316721, 37.7692958702]}, "properties": {"STREET_NAME": "COLE ST", "STREET_NUM": "603", "ON_OFFSTREET_TYPE": "ON", "CAP_COLOR": "Grey", "PM_DISTRICT_ID": "23"}}, {"type": "Feature", "geometry": {"type": "Point", "coordinates": [-122.4377885998, 37.7754797981]}, "properties": {"STREET_NAME": "DIVISADERO ST", "STREET_NUM": "614", "ON_OFFSTREET_TYPE": "ON", "CAP_COLOR": "Green", "PM_DISTRICT_ID": "17"}}, {"type": "Feature", "geometry": {"type": "Point", "coordinates": [-122.4519713949, 37.7695642725]}, "properties": {"STREET_NAME": "SHRADER ST", "STREET_NUM": "527", "ON_OFFSTREET_TYPE": "ON", "CAP_COLOR": "Grey", "PM_DISTRICT_ID": "23"}}, {"type": "Feature", "geometry": {"type": "Point", "coordinates": [-122.4548707006, 37.7813688003]}, "properties": {"STREET_NAME": "GEARY BLVD", "STREET_NUM": "3,315", "ON_OFFSTREET_TYPE": "ON", "CAP_COLOR": "Grey", "PM_DISTRICT_ID": "20"}}, {"type": "Feature", "geometry": {"type": "Point", "coordinates": [-122.4382158981, 37.7764885993]}, "properties": {"STREET_NAME": "DIVISADERO ST", "STREET_NUM": "723", "ON_OFFSTREET_TYPE": "ON", "CAP_COLOR": "Grey", "PM_DISTRICT_ID": "17"}}, {"type": "Feature", "geometry": {"type": "Point", "coordinates": [-122.4503264015, 37.7697914977]}, "properties": {"STREET_NAME": "COLE ST", "STREET_NUM": "525", "ON_OFFSTREET_TYPE": "ON", "CAP_COLOR": "Grey", "PM_DISTRICT_ID": "23"}}, {"type": "Feature", "geometry": {"type": "Point", "coordinates": [-122.437668001, 37.7738100001]}, "properties": {"STREET_NAME": "DIVISADERO ST", "STREET_NUM": "423", "ON_OFFSTREET_TYPE": "ON", "CAP_COLOR": "Grey", "PM_DISTRICT_ID": "17"}}, {"type": "Feature", "geometry": {"type": "Point", "coordinates": [-122.4458158982, 37.7700878986]}, "properties": {"STREET_NAME": "HAIGHT ST", "STREET_NUM": "1,411", "ON_OFFSTREET_TYPE": "ON", "CAP_COLOR": "Red", "PM_DISTRICT_ID": "23"}}, {"type": "Feature", "geometry": {"type": "Point", "coordinates": [-122.4370940865, 37.7720651393]}, "properties": {"STREET_NAME": "DIVISADERO ST", "STREET_NUM": "228", "ON_OFFSTREET_TYPE": "ON", "CAP_COLOR": "Yellow", "PM_DISTRICT_ID": "17"}}, {"type": "Feature", "geometry": {"type": "Point", "coordinates": [-122.4516366997, 37.769470102]}, "properties": {"STREET_NAME": "HAIGHT ST", "STREET_NUM": "1,720", "ON_OFFSTREET_TYPE": "ON", "CAP_COLOR": "Grey", "PM_DISTRICT_ID": "23"}}, {"type": "Feature", "geometry": {"type": "Point", "coordinates": [-122.4383404979, 37.7771118999]}, "properties": {"STREET_NAME": "DIVISADERO ST", "STREET_NUM": "807", "ON_OFFSTREET_TYPE": "ON", "CAP_COLOR": "Grey", "PM_DISTRICT_ID": "17"}}, {"type": "Feature", "geometry": {"type": "Point", "coordinates": [-122.4505931975, 37.7692830012]}, "properties": {"STREET_NAME": "COLE ST", "STREET_NUM": "606", "ON_OFFSTREET_TYPE": "ON", "CAP_COLOR": "Yellow", "PM_DISTRICT_ID": "23"}}, {"type": "Feature", "geometry": {"type": "Point", "coordinates": [-122.4402147026, 37.7830763002]}, "properties": {"STREET_NAME": "GEARY BLVD", "STREET_NUM": "2,219", "ON_OFFSTREET_TYPE": "ON", "CAP_COLOR": "Red", "PM_DISTRICT_ID": "18"}}, {"type": "Feature", "geometry": {"type": "Point", "coordinates": [-122.441176498, 37.7821497981]}, "properties": {"STREET_NAME": "O'FARRELL ST", "STREET_NUM": "2,203", "ON_OFFSTREET_TYPE": "ON", "CAP_COLOR": "Green", "PM_DISTRICT_ID": "18"}}, {"type": "Feature", "geometry": {"type": "Point", "coordinates": [-122.4554329028, 37.7812954978]}, "properties": {"STREET_NAME": "GEARY BLVD", "STREET_NUM": "3,403", "ON_OFFSTREET_TYPE": "ON", "CAP_COLOR": "Grey", "PM_DISTRICT_ID": "20"}}, {"type": "Feature", "geometry": {"type": "Point", "coordinates": [-122.4357368999, 37.7609017015]}, "properties": {"STREET_NAME": "18TH ST", "STREET_NUM": "4,118", "ON_OFFSTREET_TYPE": "ON", "CAP_COLOR": "Yellow", "PM_DISTRICT_ID": "16"}}, {"type": "Feature", "geometry": {"type": "Point", "coordinates": [-122.4373730977, 37.7723598973]}, "properties": {"STREET_NAME": "DIVISADERO ST", "STREET_NUM": "303", "ON_OFFSTREET_TYPE": "ON", "CAP_COLOR": "Yellow", "PM_DISTRICT_ID": "17"}}, {"type": "Feature", "geometry": {"type": "Point", "coordinates": [-122.4557243974, 37.7812689998]}, "properties": {"STREET_NAME": "GEARY BLVD", "STREET_NUM": "3,411", "ON_OFFSTREET_TYPE": "ON", "CAP_COLOR": "Grey", "PM_DISTRICT_ID": "20"}}, {"type": "Feature", "geometry": {"type": "Point", "coordinates": [-122.4327018016, 37.7836066008]}, "properties": {"STREET_NAME": "FILLMORE ST", "STREET_NUM": "1,508", "ON_OFFSTREET_TYPE": "ON", "CAP_COLOR": "Grey", "PM_DISTRICT_ID": "5"}}, {"type": "Feature", "geometry": {"type": "Point", "coordinates": [-122.4519676115, 37.7695456713]}, "properties": {"STREET_NAME": "SHRADER ST", "STREET_NUM": "525", "ON_OFFSTREET_TYPE": "ON", "CAP_COLOR": "Grey", "PM_DISTRICT_ID": "23"}}, {"type": "Feature", "geometry": {"type": "Point", "coordinates": [-122.4518337024, 37.7695552007]}, "properties": {"STREET_NAME": "SHRADER ST", "STREET_NUM": "530", "ON_OFFSTREET_TYPE": "ON", "CAP_COLOR": "Grey", "PM_DISTRICT_ID": "23"}}, {"type": "Feature", "geometry": {"type": "Point", "coordinates": [-122.4360361003, 37.7605699011]}, "properties": {"STREET_NAME": "COLLINGWOOD ST", "STREET_NUM": "107", "ON_OFFSTREET_TYPE": "ON", "CAP_COLOR": "Grey", "PM_DISTRICT_ID": "16"}}, {"type": "Feature", "geometry": {"type": "Point", "coordinates": [-122.4296835006, 37.7721414984]}, "properties": {"STREET_NAME": "HAIGHT ST", "STREET_NUM": "425", "ON_OFFSTREET_TYPE": "ON", "CAP_COLOR": "Green", "PM_DISTRICT_ID": "39"}}, {"type": "Feature", "geometry": {"type": "Point", "coordinates": [-122.4381515977, 37.7772619025]}, "properties": {"STREET_NAME": "DIVISADERO ST", "STREET_NUM": "812", "ON_OFFSTREET_TYPE": "ON", "CAP_COLOR": "Grey", "PM_DISTRICT_ID": "17"}}, {"type": "Feature", "geometry": {"type": "Point", "coordinates": [-122.4339841993, 37.7636881982]}, "properties": {"STREET_NAME": "MARKET ST", "STREET_NUM": "2,316", "ON_OFFSTREET_TYPE": "ON", "CAP_COLOR": "Grey", "PM_DISTRICT_ID": "16"}}, {"type": "Feature", "geometry": {"type": "Point", "coordinates": [-122.4321714004, 37.7809849986]}, "properties": {"STREET_NAME": "FILLMORE ST", "STREET_NUM": "1,214", "ON_OFFSTREET_TYPE": "ON", "CAP_COLOR": "Grey", "PM_DISTRICT_ID": "5"}}, {"type": "Feature", "geometry": {"type": "Point", "coordinates": [-122.4319576004, 37.7792571978]}, "properties": {"STREET_NAME": "FILLMORE ST", "STREET_NUM": "1,021", "ON_OFFSTREET_TYPE": "ON", "CAP_COLOR": "Grey", "PM_DISTRICT_ID": "5"}}, {"type": "Feature", "geometry": {"type": "Point", "coordinates": [-122.4367503, 37.760728699]}, "properties": {"STREET_NAME": "18TH ST", "STREET_NUM": "4,219", "ON_OFFSTREET_TYPE": "ON", "CAP_COLOR": "Grey", "PM_DISTRICT_ID": "16"}}, {"type": "Feature", "geometry": {"type": "Point", "coordinates": [-122.4369629991, 37.7607155003]}, "properties": {"STREET_NAME": "18TH ST", "STREET_NUM": "4,225", "ON_OFFSTREET_TYPE": "ON", "CAP_COLOR": "Grey", "PM_DISTRICT_ID": "16"}}, {"type": "Feature", "geometry": {"type": "Point", "coordinates": [-122.4350010974, 37.7620047991]}, "properties": {"STREET_NAME": "CASTRO ST", "STREET_NUM": "413", "ON_OFFSTREET_TYPE": "ON", "CAP_COLOR": "Yellow", "PM_DISTRICT_ID": "16"}}, {"type": "Feature", "geometry": {"type": "Point", "coordinates": [-122.4382479002, 37.7766485986]}, "properties": {"STREET_NAME": "DIVISADERO ST", "STREET_NUM": "729", "ON_OFFSTREET_TYPE": "ON", "CAP_COLOR": "Grey", "PM_DISTRICT_ID": "17"}}, {"type": "Feature", "geometry": {"type": "Point", "coordinates": [-122.4383520984, 37.7771698021]}, "properties": {"STREET_NAME": "DIVISADERO ST", "STREET_NUM": "809", "ON_OFFSTREET_TYPE": "ON", "CAP_COLOR": "Grey", "PM_DISTRICT_ID": "17"}}, {"type": "Feature", "geometry": {"type": "Point", "coordinates": [-122.4353197276, 37.7838478053]}, "properties": {"STREET_NAME": "GEARY BLVD", "STREET_NUM": "1,921", "ON_OFFSTREET_TYPE": "ON", "CAP_COLOR": "Grey", "PM_DISTRICT_ID": "18"}}, {"type": "Feature", "geometry": {"type": "Point", "coordinates": [-122.448697401, 37.7821477027]}, "properties": {"STREET_NAME": "GEARY BLVD", "STREET_NUM": "2,725", "ON_OFFSTREET_TYPE": "ON", "CAP_COLOR": "Grey", "PM_DISTRICT_ID": "20"}}, {"type": "Feature", "geometry": {"type": "Point", "coordinates": [-122.4371933003, 37.7725527984]}, "properties": {"STREET_NAME": "DIVISADERO ST", "STREET_NUM": "308", "ON_OFFSTREET_TYPE": "ON", "CAP_COLOR": "Yellow", "PM_DISTRICT_ID": "17"}}, {"type": "Feature", "geometry": {"type": "Point", "coordinates": [-122.4296453015, 37.7722707976]}, "properties": {"STREET_NAME": "HAIGHT ST", "STREET_NUM": "420", "ON_OFFSTREET_TYPE": "ON", "CAP_COLOR": "Grey", "PM_DISTRICT_ID": "39"}}, {"type": "Feature", "geometry": {"type": "Point", "coordinates": [-122.4496788995, 37.7823064]}, "properties": {"STREET_NAME": "GEARY BLVD", "STREET_NUM": "2,814", "ON_OFFSTREET_TYPE": "ON", "CAP_COLOR": "Grey", "PM_DISTRICT_ID": "20"}}, {"type": "Feature", "geometry": {"type": "Point", "coordinates": [-122.4505971984, 37.7821895004]}, "properties": {"STREET_NAME": "GEARY BLVD", "STREET_NUM": "2,910", "ON_OFFSTREET_TYPE": "ON", "CAP_COLOR": "Grey", "PM_DISTRICT_ID": "20"}}, {"type": "Feature", "geometry": {"type": "Point", "coordinates": [-122.4454874003, 37.7704341997]}, "properties": {"STREET_NAME": "MASONIC AVE", "STREET_NUM": "1,123", "ON_OFFSTREET_TYPE": "ON", "CAP_COLOR": "Green", "PM_DISTRICT_ID": "23"}}, {"type": "Feature", "geometry": {"type": "Point", "coordinates": [-122.4463554022, 37.7700190999]}, "properties": {"STREET_NAME": "HAIGHT ST", "STREET_NUM": "1,431", "ON_OFFSTREET_TYPE": "ON", "CAP_COLOR": "Grey", "PM_DISTRICT_ID": "23"}}, {"type": "Feature", "geometry": {"type": "Point", "coordinates": [-122.4473274012, 37.7698951986]}, "properties": {"STREET_NAME": "HAIGHT ST", "STREET_NUM": "1,511", "ON_OFFSTREET_TYPE": "ON", "CAP_COLOR": "Yellow", "PM_DISTRICT_ID": "23"}}, {"type": "Feature", "geometry": {"type": "Point", "coordinates": [-122.4341381022, 37.7635664985]}, "properties": {"STREET_NAME": "MARKET ST", "STREET_NUM": "2,322", "ON_OFFSTREET_TYPE": "ON", "CAP_COLOR": "Grey", "PM_DISTRICT_ID": "16"}}, {"type": "Feature", "geometry": {"type": "Point", "coordinates": [-122.4332331025, 37.7648232979]}, "properties": {"STREET_NAME": "NOE ST", "STREET_NUM": "256", "ON_OFFSTREET_TYPE": "ON", "CAP_COLOR": "Green", "PM_DISTRICT_ID": "16"}}, {"type": "Feature", "geometry": {"type": "Point", "coordinates": [-122.4371675179, 37.7724263032]}, "properties": {"STREET_NAME": "DIVISADERO ST", "STREET_NUM": "304", "ON_OFFSTREET_TYPE": "ON", "CAP_COLOR": "Red", "PM_DISTRICT_ID": "17"}}, {"type": "Feature", "geometry": {"type": "Point", "coordinates": [-122.4346636978, 37.7618650001]}, "properties": {"STREET_NAME": "CASTRO ST", "STREET_NUM": "457", "ON_OFFSTREET_TYPE": "OFF", "CAP_COLOR": "Grey", "PM_DISTRICT_ID": "16"}}, {"type": "Feature", "geometry": {"type": "Point", "coordinates": [-122.4510945973, 37.7695392025]}, "properties": {"STREET_NAME": "HAIGHT ST", "STREET_NUM": "1,704", "ON_OFFSTREET_TYPE": "ON", "CAP_COLOR": "Yellow", "PM_DISTRICT_ID": "23"}}, {"type": "Feature", "geometry": {"type": "Point", "coordinates": [-122.4300194026, 37.766474801]}, "properties": {"STREET_NAME": "MARKET ST", "STREET_NUM": "2,141", "ON_OFFSTREET_TYPE": "ON", "CAP_COLOR": "Grey", "PM_DISTRICT_ID": "16"}}, {"type": "Feature", "geometry": {"type": "Point", "coordinates": [-122.431239098, 37.7719436017]}, "properties": {"STREET_NAME": "HAIGHT ST", "STREET_NUM": "531", "ON_OFFSTREET_TYPE": "ON", "CAP_COLOR": "Black", "PM_DISTRICT_ID": "39"}}, {"type": "Feature", "geometry": {"type": "Point", "coordinates": [-122.4322960002, 37.7809299015]}, "properties": {"STREET_NAME": "FILLMORE ST", "STREET_NUM": "1,213", "ON_OFFSTREET_TYPE": "ON", "CAP_COLOR": "Grey", "PM_DISTRICT_ID": "5"}}, {"type": "Feature", "geometry": {"type": "Point", "coordinates": [-122.4441416084, 37.7703013532]}, "properties": {"STREET_NAME": "HAIGHT ST", "STREET_NUM": "1,313", "ON_OFFSTREET_TYPE": "ON", "CAP_COLOR": "Grey", "PM_DISTRICT_ID": "23"}}, {"type": "Feature", "geometry": {"type": "Point", "coordinates": [-122.4318096989, 37.7719955024]}, "properties": {"STREET_NAME": "HAIGHT ST", "STREET_NUM": "536", "ON_OFFSTREET_TYPE": "ON", "CAP_COLOR": "Grey", "PM_DISTRICT_ID": "39"}}, {"type": "Feature", "geometry": {"type": "Point", "coordinates": [-122.4352411998, 37.760822202]}, "properties": {"STREET_NAME": "18TH ST", "STREET_NUM": "4,103", "ON_OFFSTREET_TYPE": "ON", "CAP_COLOR": "Black", "PM_DISTRICT_ID": "16"}}, {"type": "Feature", "geometry": {"type": "Point", "coordinates": [-122.4566280001, 37.7641589985]}, "properties": {"STREET_NAME": "HILLWAY AVE", "STREET_NUM": "52", "ON_OFFSTREET_TYPE": "ON", "CAP_COLOR": "Grey", "PM_DISTRICT_ID": "24"}}, {"type": "Feature", "geometry": {"type": "Point", "coordinates": [-122.4422916991, 37.7823862013]}, "properties": {"STREET_NAME": "SAINT JOSEPHS AVE", "STREET_NUM": "313", "ON_OFFSTREET_TYPE": "ON", "CAP_COLOR": "Grey", "PM_DISTRICT_ID": "18"}}, {"type": "Feature", "geometry": {"type": "Point", "coordinates": [-122.4379752984, 37.7753206984]}, "properties": {"STREET_NAME": "DIVISADERO ST", "STREET_NUM": "611", "ON_OFFSTREET_TYPE": "ON", "CAP_COLOR": "Red", "PM_DISTRICT_ID": "17"}}, {"type": "Feature", "geometry": {"type": "Point", "coordinates": [-122.4365022012, 37.7608542991]}, "properties": {"STREET_NAME": "18TH ST", "STREET_NUM": "4,208", "ON_OFFSTREET_TYPE": "ON", "CAP_COLOR": "Grey", "PM_DISTRICT_ID": "16"}}, {"type": "Feature", "geometry": {"type": "Point", "coordinates": [-122.430070901, 37.7722167008]}, "properties": {"STREET_NAME": "HAIGHT ST", "STREET_NUM": "432", "ON_OFFSTREET_TYPE": "ON", "CAP_COLOR": "Yellow", "PM_DISTRICT_ID": "39"}}, {"type": "Feature", "geometry": {"type": "Point", "coordinates": [-122.4566142985, 37.763987298]}, "properties": {"STREET_NAME": "HILLWAY AVE", "STREET_NUM": "66", "ON_OFFSTREET_TYPE": "ON", "CAP_COLOR": "Grey", "PM_DISTRICT_ID": "24"}}, {"type": "Feature", "geometry": {"type": "Point", "coordinates": [-122.4547479001, 37.7816603006]}, "properties": {"STREET_NAME": "GEARY BLVD", "STREET_NUM": "3,314", "ON_OFFSTREET_TYPE": "ON", "CAP_COLOR": "Grey", "PM_DISTRICT_ID": "20"}}, {"type": "Feature", "geometry": {"type": "Point", "coordinates": [-122.4295170975, 37.7668720976]}, "properties": {"STREET_NAME": "MARKET ST", "STREET_NUM": "2,125", "ON_OFFSTREET_TYPE": "ON", "CAP_COLOR": "Grey", "PM_DISTRICT_ID": "16"}}, {"type": "Feature", "geometry": {"type": "Point", "coordinates": [-122.4415109975, 37.7829109979]}, "properties": {"STREET_NAME": "GEARY BLVD", "STREET_NUM": "2,313", "ON_OFFSTREET_TYPE": "ON", "CAP_COLOR": "Grey", "PM_DISTRICT_ID": "18"}}, {"type": "Feature", "geometry": {"type": "Point", "coordinates": [-122.4360666999, 37.7609772001]}, "properties": {"STREET_NAME": "COLLINGWOOD ST", "STREET_NUM": "41", "ON_OFFSTREET_TYPE": "ON", "CAP_COLOR": "Grey", "PM_DISTRICT_ID": "16"}}, {"type": "Feature", "geometry": {"type": "Point", "coordinates": [-122.4499625989, 37.7661584009]}, "properties": {"STREET_NAME": "COLE ST", "STREET_NUM": "822", "ON_OFFSTREET_TYPE": "ON", "CAP_COLOR": "Grey", "PM_DISTRICT_ID": "23"}}, {"type": "Feature", "geometry": {"type": "Point", "coordinates": [-122.4540032697, 37.7813508725]}, "properties": {"STREET_NAME": "PARKER AVE", "STREET_NUM": "208", "ON_OFFSTREET_TYPE": "ON", "CAP_COLOR": "Green", "PM_DISTRICT_ID": "20"}}, {"type": "Feature", "geometry": {"type": "Point", "coordinates": [-122.4346534998, 37.7617097002]}, "properties": {"STREET_NAME": "CASTRO ST", "STREET_NUM": "457", "ON_OFFSTREET_TYPE": "OFF", "CAP_COLOR": "Grey", "PM_DISTRICT_ID": "16"}}, {"type": "Feature", "geometry": {"type": "Point", "coordinates": [-122.4354772006, 37.7608076007]}, "properties": {"STREET_NAME": "18TH ST", "STREET_NUM": "4,111", "ON_OFFSTREET_TYPE": "ON", "CAP_COLOR": "Grey", "PM_DISTRICT_ID": "16"}}, {"type": "Feature", "geometry": {"type": "Point", "coordinates": [-122.4339665973, 37.7611253028]}, "properties": {"STREET_NAME": "HARTFORD ST", "STREET_NUM": "50", "ON_OFFSTREET_TYPE": "ON", "CAP_COLOR": "Grey", "PM_DISTRICT_ID": "16"}}, {"type": "Feature", "geometry": {"type": "Point", "coordinates": [-122.4338119288, 37.7638244097]}, "properties": {"STREET_NAME": "MARKET ST", "STREET_NUM": "2,310", "ON_OFFSTREET_TYPE": "ON", "CAP_COLOR": "Red", "PM_DISTRICT_ID": "16"}}, {"type": "Feature", "geometry": {"type": "Point", "coordinates": [-122.4507210718, 37.7692433716]}, "properties": {"STREET_NAME": "COLE ST", "STREET_NUM": "605", "ON_OFFSTREET_TYPE": "ON", "CAP_COLOR": "Grey", "PM_DISTRICT_ID": "23"}}, {"type": "Feature", "geometry": {"type": "Point", "coordinates": [-122.437151402, 37.7609662981]}, "properties": {"STREET_NAME": "DIAMOND ST", "STREET_NUM": "49", "ON_OFFSTREET_TYPE": "ON", "CAP_COLOR": "Grey", "PM_DISTRICT_ID": "16"}}, {"type": "Feature", "geometry": {"type": "Point", "coordinates": [-122.4377768987, 37.7754220021]}, "properties": {"STREET_NAME": "DIVISADERO ST", "STREET_NUM": "612", "ON_OFFSTREET_TYPE": "ON", "CAP_COLOR": "Yellow", "PM_DISTRICT_ID": "17"}}, {"type": "Feature", "geometry": {"type": "Point", "coordinates": [-122.4577504326, 37.7811792107]}, "properties": {"STREET_NAME": "GEARY BLVD", "STREET_NUM": "3,543", "ON_OFFSTREET_TYPE": "ON", "CAP_COLOR": "Grey", "PM_DISTRICT_ID": "20"}}, {"type": "Feature", "geometry": {"type": "Point", "coordinates": [-122.4323060976, 37.7809796006]}, "properties": {"STREET_NAME": "FILLMORE ST", "STREET_NUM": "1,215", "ON_OFFSTREET_TYPE": "ON", "CAP_COLOR": "Grey", "PM_DISTRICT_ID": "5"}}, {"type": "Feature", "geometry": {"type": "Point", "coordinates": [-122.4356457497, 37.7607971867]}, "properties": {"STREET_NAME": "18TH ST", "STREET_NUM": "4,117", "ON_OFFSTREET_TYPE": "ON", "CAP_COLOR": "Grey", "PM_DISTRICT_ID": "16"}}, {"type": "Feature", "geometry": {"type": "Point", "coordinates": [-122.4323701018, 37.7819671006]}, "properties": {"STREET_NAME": "FILLMORE ST", "STREET_NUM": "1,316", "ON_OFFSTREET_TYPE": "ON", "CAP_COLOR": "Grey", "PM_DISTRICT_ID": "5"}}, {"type": "Feature", "geometry": {"type": "Point", "coordinates": [-122.4300869999, 37.7667702016]}, "properties": {"STREET_NAME": "MARKET ST", "STREET_NUM": "2,140", "ON_OFFSTREET_TYPE": "ON", "CAP_COLOR": "Grey", "PM_DISTRICT_ID": "16"}}, {"type": "Feature", "geometry": {"type": "Point", "coordinates": [-122.4447125771, 37.7702285722]}, "properties": {"STREET_NAME": "HAIGHT ST", "STREET_NUM": "1,329", "ON_OFFSTREET_TYPE": "ON", "CAP_COLOR": "Grey", "PM_DISTRICT_ID": "23"}}, {"type": "Feature", "geometry": {"type": "Point", "coordinates": [-122.4550781974, 37.7813416989]}, "properties": {"STREET_NAME": "GEARY BLVD", "STREET_NUM": "3,321", "ON_OFFSTREET_TYPE": "ON", "CAP_COLOR": "Grey", "PM_DISTRICT_ID": "20"}}, {"type": "Feature", "geometry": {"type": "Point", "coordinates": [-122.4360402969, 37.7606144984]}, "properties": {"STREET_NAME": "COLLINGWOOD ST", "STREET_NUM": "105", "ON_OFFSTREET_TYPE": "ON", "CAP_COLOR": "Grey", "PM_DISTRICT_ID": "16"}}, {"type": "Feature", "geometry": {"type": "Point", "coordinates": [-122.4341832419, 37.7635307528]}, "properties": {"STREET_NAME": "MARKET ST", "STREET_NUM": "2,324", "ON_OFFSTREET_TYPE": "ON", "CAP_COLOR": "Grey", "PM_DISTRICT_ID": "16"}}, {"type": "Feature", "geometry": {"type": "Point", "coordinates": [-122.4564491974, 37.7639491995]}, "properties": {"STREET_NAME": "PARNASSUS AVE", "STREET_NUM": "354", "ON_OFFSTREET_TYPE": "ON", "CAP_COLOR": "Red", "PM_DISTRICT_ID": "24"}}, {"type": "Feature", "geometry": {"type": "Point", "coordinates": [-122.4378552024, 37.7758067985]}, "properties": {"STREET_NAME": "DIVISADERO ST", "STREET_NUM": "630", "ON_OFFSTREET_TYPE": "ON", "CAP_COLOR": "Grey", "PM_DISTRICT_ID": "17"}}, {"type": "Feature", "geometry": {"type": "Point", "coordinates": [-122.4504487996, 37.7822083988]}, "properties": {"STREET_NAME": "GEARY BLVD", "STREET_NUM": "2,906", "ON_OFFSTREET_TYPE": "ON", "CAP_COLOR": "Grey", "PM_DISTRICT_ID": "20"}}, {"type": "Feature", "geometry": {"type": "Point", "coordinates": [-122.4323606973, 37.7812493023]}, "properties": {"STREET_NAME": "FILLMORE ST", "STREET_NUM": "1,225", "ON_OFFSTREET_TYPE": "ON", "CAP_COLOR": "Grey", "PM_DISTRICT_ID": "5"}}, {"type": "Feature", "geometry": {"type": "Point", "coordinates": [-122.4315387008, 37.7719054975]}, "properties": {"STREET_NAME": "HAIGHT ST", "STREET_NUM": "549", "ON_OFFSTREET_TYPE": "ON", "CAP_COLOR": "Grey", "PM_DISTRICT_ID": "39"}}, {"type": "Feature", "geometry": {"type": "Point", "coordinates": [-122.4384273009, 37.7837513004]}, "properties": {"STREET_NAME": "GEARY BLVD", "STREET_NUM": "2,116", "ON_OFFSTREET_TYPE": "ON", "CAP_COLOR": "Grey", "PM_DISTRICT_ID": "18"}}, {"type": "Feature", "geometry": {"type": "Point", "coordinates": [-122.4330516629, 37.7645415981]}, "properties": {"STREET_NAME": "NOE ST", "STREET_NUM": "267", "ON_OFFSTREET_TYPE": "ON", "CAP_COLOR": "Grey", "PM_DISTRICT_ID": "16"}}, {"type": "Feature", "geometry": {"type": "Point", "coordinates": [-122.4491651, 37.7820965004]}, "properties": {"STREET_NAME": "GEARY BLVD", "STREET_NUM": "2,803", "ON_OFFSTREET_TYPE": "ON", "CAP_COLOR": "Black", "PM_DISTRICT_ID": "20"}}, {"type": "Feature", "geometry": {"type": "Point", "coordinates": [-122.4478684978, 37.7698261988]}, "properties": {"STREET_NAME": "HAIGHT ST", "STREET_NUM": "1,529", "ON_OFFSTREET_TYPE": "ON", "CAP_COLOR": "Yellow", "PM_DISTRICT_ID": "23"}}, {"type": "Feature", "geometry": {"type": "Point", "coordinates": [-122.4527645015, 37.7692017973]}, "properties": {"STREET_NAME": "HAIGHT ST", "STREET_NUM": "1,833", "ON_OFFSTREET_TYPE": "ON", "CAP_COLOR": "Grey", "PM_DISTRICT_ID": "23"}}, {"type": "Feature", "geometry": {"type": "Point", "coordinates": [-122.4502230973, 37.7699505024]}, "properties": {"STREET_NAME": "COLE ST", "STREET_NUM": "522", "ON_OFFSTREET_TYPE": "ON", "CAP_COLOR": "Grey", "PM_DISTRICT_ID": "23"}}, {"type": "Feature", "geometry": {"type": "Point", "coordinates": [-122.4537504983, 37.7817878005]}, "properties": {"STREET_NAME": "GEARY BLVD", "STREET_NUM": "3,212", "ON_OFFSTREET_TYPE": "ON", "CAP_COLOR": "Grey", "PM_DISTRICT_ID": "20"}}, {"type": "Feature", "geometry": {"type": "Point", "coordinates": [-122.4356543997, 37.7612353013]}, "properties": {"STREET_NAME": "18TH ST", "STREET_NUM": "4,116", "ON_OFFSTREET_TYPE": "OFF", "CAP_COLOR": "Grey", "PM_DISTRICT_ID": "16"}}, {"type": "Feature", "geometry": {"type": "Point", "coordinates": [-122.4501963982, 37.7698199012]}, "properties": {"STREET_NAME": "COLE ST", "STREET_NUM": "528", "ON_OFFSTREET_TYPE": "ON", "CAP_COLOR": "Grey", "PM_DISTRICT_ID": "23"}}, {"type": "Feature", "geometry": {"type": "Point", "coordinates": [-122.4371777994, 37.7724766013]}, "properties": {"STREET_NAME": "DIVISADERO ST", "STREET_NUM": "306", "ON_OFFSTREET_TYPE": "ON", "CAP_COLOR": "Grey", "PM_DISTRICT_ID": "17"}}, {"type": "Feature", "geometry": {"type": "Point", "coordinates": [-122.4571156984, 37.7812072978]}, "properties": {"STREET_NAME": "GEARY BLVD", "STREET_NUM": "3,523", "ON_OFFSTREET_TYPE": "ON", "CAP_COLOR": "Grey", "PM_DISTRICT_ID": "20"}}, {"type": "Feature", "geometry": {"type": "Point", "coordinates": [-122.4325133988, 37.7826752988]}, "properties": {"STREET_NAME": "FILLMORE ST", "STREET_NUM": "1,410", "ON_OFFSTREET_TYPE": "ON", "CAP_COLOR": "Grey", "PM_DISTRICT_ID": "5"}}, {"type": "Feature", "geometry": {"type": "Point", "coordinates": [-122.4581313112, 37.7811623205]}, "properties": {"STREET_NAME": "GEARY BLVD", "STREET_NUM": "3,609", "ON_OFFSTREET_TYPE": "ON", "CAP_COLOR": "Red", "PM_DISTRICT_ID": "20"}}, {"type": "Feature", "geometry": {"type": "Point", "coordinates": [-122.4380007011, 37.7754451976]}, "properties": {"STREET_NAME": "DIVISADERO ST", "STREET_NUM": "615", "ON_OFFSTREET_TYPE": "ON", "CAP_COLOR": "Grey", "PM_DISTRICT_ID": "17"}}, {"type": "Feature", "geometry": {"type": "Point", "coordinates": [-122.4497514979, 37.7651127976]}, "properties": {"STREET_NAME": "COLE ST", "STREET_NUM": "926", "ON_OFFSTREET_TYPE": "ON", "CAP_COLOR": "Red", "PM_DISTRICT_ID": "23"}}, {"type": "Feature", "geometry": {"type": "Point", "coordinates": [-122.437309032, 37.7720450227]}, "properties": {"STREET_NAME": "DIVISADERO ST", "STREET_NUM": "227", "ON_OFFSTREET_TYPE": "ON", "CAP_COLOR": "Grey", "PM_DISTRICT_ID": "17"}}, {"type": "Feature", "geometry": {"type": "Point", "coordinates": [-122.4310317018, 37.7719699991]}, "properties": {"STREET_NAME": "HAIGHT ST", "STREET_NUM": "517", "ON_OFFSTREET_TYPE": "ON", "CAP_COLOR": "Yellow", "PM_DISTRICT_ID": "39"}}, {"type": "Feature", "geometry": {"type": "Point", "coordinates": [-122.4496614986, 37.7694098976]}, "properties": {"STREET_NAME": "BELVEDERE ST", "STREET_NUM": "5", "ON_OFFSTREET_TYPE": "ON", "CAP_COLOR": "Grey", "PM_DISTRICT_ID": "23"}}, {"type": "Feature", "geometry": {"type": "Point", "coordinates": [-122.4559868013, 37.7815296994]}, "properties": {"STREET_NAME": "GEARY BLVD", "STREET_NUM": "3,410", "ON_OFFSTREET_TYPE": "ON", "CAP_COLOR": "Grey", "PM_DISTRICT_ID": "20"}}, {"type": "Feature", "geometry": {"type": "Point", "coordinates": [-122.4376142004, 37.7735456013]}, "properties": {"STREET_NAME": "DIVISADERO ST", "STREET_NUM": "411", "ON_OFFSTREET_TYPE": "ON", "CAP_COLOR": "Grey", "PM_DISTRICT_ID": "17"}}, {"type": "Feature", "geometry": {"type": "Point", "coordinates": [-122.4394681991, 37.7838071016]}, "properties": {"STREET_NAME": "DIVISADERO ST", "STREET_NUM": "1,510", "ON_OFFSTREET_TYPE": "ON", "CAP_COLOR": "Grey", "PM_DISTRICT_ID": "18"}}, {"type": "Feature", "geometry": {"type": "Point", "coordinates": [-122.4332110193, 37.7645936047]}, "properties": {"STREET_NAME": "NOE ST", "STREET_NUM": "264", "ON_OFFSTREET_TYPE": "ON", "CAP_COLOR": "Grey", "PM_DISTRICT_ID": "16"}}, {"type": "Feature", "geometry": {"type": "Point", "coordinates": [-122.4360356383, 37.7837565388]}, "properties": {"STREET_NAME": "GEARY BLVD", "STREET_NUM": "1,941", "ON_OFFSTREET_TYPE": "ON", "CAP_COLOR": "Grey", "PM_DISTRICT_ID": "18"}}, {"type": "Feature", "geometry": {"type": "Point", "coordinates": [-122.4491170996, 37.7696669985]}, "properties": {"STREET_NAME": "HAIGHT ST", "STREET_NUM": "1,615", "ON_OFFSTREET_TYPE": "ON", "CAP_COLOR": "Yellow", "PM_DISTRICT_ID": "23"}}, {"type": "Feature", "geometry": {"type": "Point", "coordinates": [-122.4472568983, 37.7700287]}, "properties": {"STREET_NAME": "HAIGHT ST", "STREET_NUM": "1,506", "ON_OFFSTREET_TYPE": "ON", "CAP_COLOR": "Grey", "PM_DISTRICT_ID": "23"}}, {"type": "Feature", "geometry": {"type": "Point", "coordinates": [-122.4348373988, 37.7602461976]}, "properties": {"STREET_NAME": "CASTRO ST", "STREET_NUM": "519", "ON_OFFSTREET_TYPE": "ON", "CAP_COLOR": "Grey", "PM_DISTRICT_ID": "16"}}, {"type": "Feature", "geometry": {"type": "Point", "coordinates": [-122.4527023022, 37.7692096987]}, "properties": {"STREET_NAME": "HAIGHT ST", "STREET_NUM": "1,831", "ON_OFFSTREET_TYPE": "ON", "CAP_COLOR": "Grey", "PM_DISTRICT_ID": "23"}}, {"type": "Feature", "geometry": {"type": "Point", "coordinates": [-122.4382196029, 37.7776021016]}, "properties": {"STREET_NAME": "DIVISADERO ST", "STREET_NUM": "826", "ON_OFFSTREET_TYPE": "ON", "CAP_COLOR": "Red", "PM_DISTRICT_ID": "17"}}, {"type": "Feature", "geometry": {"type": "Point", "coordinates": [-122.4580169988, 37.7814397001]}, "properties": {"STREET_NAME": "GEARY BLVD", "STREET_NUM": "3,604", "ON_OFFSTREET_TYPE": "ON", "CAP_COLOR": "Red", "PM_DISTRICT_ID": "20"}}, {"type": "Feature", "geometry": {"type": "Point", "coordinates": [-122.4370154084, 37.7716782921]}, "properties": {"STREET_NAME": "DIVISADERO ST", "STREET_NUM": "214", "ON_OFFSTREET_TYPE": "ON", "CAP_COLOR": "Yellow", "PM_DISTRICT_ID": "17"}}, {"type": "Feature", "geometry": {"type": "Point", "coordinates": [-122.4512773005, 37.7818275028]}, "properties": {"STREET_NAME": "GEARY BLVD", "STREET_NUM": "3,005", "ON_OFFSTREET_TYPE": "ON", "CAP_COLOR": "Grey", "PM_DISTRICT_ID": "20"}}, {"type": "Feature", "geometry": {"type": "Point", "coordinates": [-122.4567410999, 37.7817478021]}, "properties": {"STREET_NAME": "JORDAN AVE", "STREET_NUM": "191", "ON_OFFSTREET_TYPE": "ON", "CAP_COLOR": "Grey", "PM_DISTRICT_ID": "20"}}, {"type": "Feature", "geometry": {"type": "Point", "coordinates": [-122.4458821991, 37.7700793994]}, "properties": {"STREET_NAME": "HAIGHT ST", "STREET_NUM": "1,413", "ON_OFFSTREET_TYPE": "ON", "CAP_COLOR": "Red", "PM_DISTRICT_ID": "23"}}, {"type": "Feature", "geometry": {"type": "Point", "coordinates": [-122.4587397983, 37.7807299987]}, "properties": {"STREET_NAME": "ARGUELLO BLVD", "STREET_NUM": "514", "ON_OFFSTREET_TYPE": "ON", "CAP_COLOR": "Green", "PM_DISTRICT_ID": "9"}}, {"type": "Feature", "geometry": {"type": "Point", "coordinates": [-122.4465242976, 37.7701221024]}, "properties": {"STREET_NAME": "HAIGHT ST", "STREET_NUM": "1,436", "ON_OFFSTREET_TYPE": "ON", "CAP_COLOR": "Grey", "PM_DISTRICT_ID": "23"}}, {"type": "Feature", "geometry": {"type": "Point", "coordinates": [-122.432724701, 37.7837196001]}, "properties": {"STREET_NAME": "FILLMORE ST", "STREET_NUM": "1,512", "ON_OFFSTREET_TYPE": "ON", "CAP_COLOR": "Red", "PM_DISTRICT_ID": "5"}}, {"type": "Feature", "geometry": {"type": "Point", "coordinates": [-122.4380259977, 37.7766339973]}, "properties": {"STREET_NAME": "DIVISADERO ST", "STREET_NUM": "726", "ON_OFFSTREET_TYPE": "ON", "CAP_COLOR": "Grey", "PM_DISTRICT_ID": "17"}}, {"type": "Feature", "geometry": {"type": "Point", "coordinates": [-122.4327010975, 37.7829319973]}, "properties": {"STREET_NAME": "FILLMORE ST", "STREET_NUM": "1,421", "ON_OFFSTREET_TYPE": "ON", "CAP_COLOR": "Grey", "PM_DISTRICT_ID": "5"}}, {"type": "Feature", "geometry": {"type": "Point", "coordinates": [-122.4381860026, 37.7763390996]}, "properties": {"STREET_NAME": "DIVISADERO ST", "STREET_NUM": "715", "ON_OFFSTREET_TYPE": "ON", "CAP_COLOR": "Grey", "PM_DISTRICT_ID": "17"}}, {"type": "Feature", "geometry": {"type": "Point", "coordinates": [-122.4320372005, 37.7803220012]}, "properties": {"STREET_NAME": "FILLMORE ST", "STREET_NUM": "1,124", "ON_OFFSTREET_TYPE": "ON", "CAP_COLOR": "Grey", "PM_DISTRICT_ID": "5"}}, {"type": "Feature", "geometry": {"type": "Point", "coordinates": [-122.4325457026, 37.7828351975]}, "properties": {"STREET_NAME": "FILLMORE ST", "STREET_NUM": "1,416", "ON_OFFSTREET_TYPE": "ON", "CAP_COLOR": "Grey", "PM_DISTRICT_ID": "5"}}, {"type": "Feature", "geometry": {"type": "Point", "coordinates": [-122.4462008008, 37.7700387974]}, "properties": {"STREET_NAME": "HAIGHT ST", "STREET_NUM": "1,427", "ON_OFFSTREET_TYPE": "ON", "CAP_COLOR": "Grey", "PM_DISTRICT_ID": "23"}}, {"type": "Feature", "geometry": {"type": "Point", "coordinates": [-122.4372820982, 37.7729894006]}, "properties": {"STREET_NAME": "DIVISADERO ST", "STREET_NUM": "328", "ON_OFFSTREET_TYPE": "ON", "CAP_COLOR": "Yellow", "PM_DISTRICT_ID": "17"}}, {"type": "Feature", "geometry": {"type": "Point", "coordinates": [-122.4293784999, 37.772180301]}, "properties": {"STREET_NAME": "HAIGHT ST", "STREET_NUM": "417", "ON_OFFSTREET_TYPE": "ON", "CAP_COLOR": "Grey", "PM_DISTRICT_ID": "39"}}, {"type": "Feature", "geometry": {"type": "Point", "coordinates": [-122.4422662013, 37.782569698]}, "properties": {"STREET_NAME": "SAINT JOSEPHS AVE", "STREET_NUM": "316", "ON_OFFSTREET_TYPE": "ON", "CAP_COLOR": "Yellow", "PM_DISTRICT_ID": "18"}}, {"type": "Feature", "geometry": {"type": "Point", "coordinates": [-122.4566160978, 37.7640095995]}, "properties": {"STREET_NAME": "HILLWAY AVE", "STREET_NUM": "64", "ON_OFFSTREET_TYPE": "ON", "CAP_COLOR": "Grey", "PM_DISTRICT_ID": "24"}}, {"type": "Feature", "geometry": {"type": "Point", "coordinates": [-122.4495239348, 37.7694015493]}, "properties": {"STREET_NAME": "BELVEDERE ST", "STREET_NUM": "8", "ON_OFFSTREET_TYPE": "ON", "CAP_COLOR": "Grey", "PM_DISTRICT_ID": "23"}}, {"type": "Feature", "geometry": {"type": "Point", "coordinates": [-122.4292501004, 37.772196601]}, "properties": {"STREET_NAME": "HAIGHT ST", "STREET_NUM": "411", "ON_OFFSTREET_TYPE": "ON", "CAP_COLOR": "Grey", "PM_DISTRICT_ID": "39"}}, {"type": "Feature", "geometry": {"type": "Point", "coordinates": [-122.4388004017, 37.7768445005]}, "properties": {"STREET_NAME": "FULTON ST", "STREET_NUM": "1,314", "ON_OFFSTREET_TYPE": "ON", "CAP_COLOR": "Grey", "PM_DISTRICT_ID": "17"}}, {"type": "Feature", "geometry": {"type": "Point", "coordinates": [-122.4346619991, 37.761832998]}, "properties": {"STREET_NAME": "CASTRO ST", "STREET_NUM": "457", "ON_OFFSTREET_TYPE": "OFF", "CAP_COLOR": "Grey", "PM_DISTRICT_ID": "16"}}, {"type": "Feature", "geometry": {"type": "Point", "coordinates": [-122.4309653004, 37.7719783977]}, "properties": {"STREET_NAME": "HAIGHT ST", "STREET_NUM": "515", "ON_OFFSTREET_TYPE": "ON", "CAP_COLOR": "Yellow", "PM_DISTRICT_ID": "39"}}, {"type": "Feature", "geometry": {"type": "Point", "coordinates": [-122.4296043978, 37.7671519023]}, "properties": {"STREET_NAME": "MARKET ST", "STREET_NUM": "2,116", "ON_OFFSTREET_TYPE": "ON", "CAP_COLOR": "Grey", "PM_DISTRICT_ID": "16"}}, {"type": "Feature", "geometry": {"type": "Point", "coordinates": [-122.4567333997, 37.7816415978]}, "properties": {"STREET_NAME": "JORDAN AVE", "STREET_NUM": "195", "ON_OFFSTREET_TYPE": "ON", "CAP_COLOR": "Grey", "PM_DISTRICT_ID": "20"}}, {"type": "Feature", "geometry": {"type": "Point", "coordinates": [-122.4571845026, 37.7814766028]}, "properties": {"STREET_NAME": "GEARY BLVD", "STREET_NUM": "3,512", "ON_OFFSTREET_TYPE": "ON", "CAP_COLOR": "Green", "PM_DISTRICT_ID": "20"}}, {"type": "Feature", "geometry": {"type": "Point", "coordinates": [-122.4381741003, 37.7773742982]}, "properties": {"STREET_NAME": "DIVISADERO ST", "STREET_NUM": "816", "ON_OFFSTREET_TYPE": "ON", "CAP_COLOR": "Grey", "PM_DISTRICT_ID": "17"}}, {"type": "Feature", "geometry": {"type": "Point", "coordinates": [-122.4352057795, 37.762023906]}, "properties": {"STREET_NAME": "CASTRO ST", "STREET_NUM": "414", "ON_OFFSTREET_TYPE": "ON", "CAP_COLOR": "Grey", "PM_DISTRICT_ID": "16"}}, {"type": "Feature", "geometry": {"type": "Point", "coordinates": [-122.454200098, 37.7813430008]}, "properties": {"STREET_NAME": "PARKER AVE", "STREET_NUM": "201", "ON_OFFSTREET_TYPE": "ON", "CAP_COLOR": "Green", "PM_DISTRICT_ID": "20"}}, {"type": "Feature", "geometry": {"type": "Point", "coordinates": [-122.4351754018, 37.7616976023]}, "properties": {"STREET_NAME": "CASTRO ST", "STREET_NUM": "426", "ON_OFFSTREET_TYPE": "ON", "CAP_COLOR": "Grey", "PM_DISTRICT_ID": "16"}}, {"type": "Feature", "geometry": {"type": "Point", "coordinates": [-122.4475977008, 37.7825798009]}, "properties": {"STREET_NAME": "GEARY BLVD", "STREET_NUM": "2,608", "ON_OFFSTREET_TYPE": "ON", "CAP_COLOR": "Grey", "PM_DISTRICT_ID": "20"}}, {"type": "Feature", "geometry": {"type": "Point", "coordinates": [-122.4486887005, 37.7700050016]}, "properties": {"STREET_NAME": "CLAYTON ST", "STREET_NUM": "525", "ON_OFFSTREET_TYPE": "ON", "CAP_COLOR": "Green", "PM_DISTRICT_ID": "23"}}, {"type": "Feature", "geometry": {"type": "Point", "coordinates": [-122.4475310982, 37.7825883002]}, "properties": {"STREET_NAME": "GEARY BLVD", "STREET_NUM": "2,606", "ON_OFFSTREET_TYPE": "ON", "CAP_COLOR": "Grey", "PM_DISTRICT_ID": "20"}}, {"type": "Feature", "geometry": {"type": "Point", "coordinates": [-122.4349342992, 37.7612874982]}, "properties": {"STREET_NAME": "CASTRO ST", "STREET_NUM": "439", "ON_OFFSTREET_TYPE": "ON", "CAP_COLOR": "Grey", "PM_DISTRICT_ID": "16"}}, {"type": "Feature", "geometry": {"type": "Point", "coordinates": [-122.4566226022, 37.764090401]}, "properties": {"STREET_NAME": "HILLWAY AVE", "STREET_NUM": "58", "ON_OFFSTREET_TYPE": "ON", "CAP_COLOR": "Grey", "PM_DISTRICT_ID": "24"}}, {"type": "Feature", "geometry": {"type": "Point", "coordinates": [-122.4523587001, 37.7816896987]}, "properties": {"STREET_NAME": "GEARY BLVD", "STREET_NUM": "3,105", "ON_OFFSTREET_TYPE": "ON", "CAP_COLOR": "Grey", "PM_DISTRICT_ID": "20"}}, {"type": "Feature", "geometry": {"type": "Point", "coordinates": [-122.4518571996, 37.7696704016]}, "properties": {"STREET_NAME": "SHRADER ST", "STREET_NUM": "524", "ON_OFFSTREET_TYPE": "ON", "CAP_COLOR": "Grey", "PM_DISTRICT_ID": "23"}}, {"type": "Feature", "geometry": {"type": "Point", "coordinates": [-122.4350438004, 37.7602837988]}, "properties": {"STREET_NAME": "CASTRO ST", "STREET_NUM": "516", "ON_OFFSTREET_TYPE": "ON", "CAP_COLOR": "Yellow", "PM_DISTRICT_ID": "16"}}, {"type": "Feature", "geometry": {"type": "Point", "coordinates": [-122.4327681975, 37.7839346015]}, "properties": {"STREET_NAME": "FILLMORE ST", "STREET_NUM": "1,524", "ON_OFFSTREET_TYPE": "ON", "CAP_COLOR": "Grey", "PM_DISTRICT_ID": "5"}}, {"type": "Feature", "geometry": {"type": "Point", "coordinates": [-122.4584608988, 37.763235201]}, "properties": {"STREET_NAME": "PARNASSUS AVE", "STREET_NUM": "425", "ON_OFFSTREET_TYPE": "ON", "CAP_COLOR": "Black", "PM_DISTRICT_ID": "24"}}, {"type": "Feature", "geometry": {"type": "Point", "coordinates": [-122.4533863496, 37.7688779895]}, "properties": {"STREET_NAME": "STANYAN ST", "STREET_NUM": "710", "ON_OFFSTREET_TYPE": "ON", "CAP_COLOR": "Grey", "PM_DISTRICT_ID": "23"}}, {"type": "Feature", "geometry": {"type": "Point", "coordinates": [-122.4297561997, 37.7721322001]}, "properties": {"STREET_NAME": "HAIGHT ST", "STREET_NUM": "427", "ON_OFFSTREET_TYPE": "ON", "CAP_COLOR": "Green", "PM_DISTRICT_ID": "39"}}, {"type": "Feature", "geometry": {"type": "Point", "coordinates": [-122.4434328002, 37.7826658999]}, "properties": {"STREET_NAME": "GEARY BLVD", "STREET_NUM": "2,415", "ON_OFFSTREET_TYPE": "ON", "CAP_COLOR": "Grey", "PM_DISTRICT_ID": "18"}}, {"type": "Feature", "geometry": {"type": "Point", "coordinates": [-122.4566300006, 37.7641837978]}, "properties": {"STREET_NAME": "HILLWAY AVE", "STREET_NUM": "50", "ON_OFFSTREET_TYPE": "ON", "CAP_COLOR": "Grey", "PM_DISTRICT_ID": "24"}}, {"type": "Feature", "geometry": {"type": "Point", "coordinates": [-122.4365889986, 37.7607387014]}, "properties": {"STREET_NAME": "18TH ST", "STREET_NUM": "4,211", "ON_OFFSTREET_TYPE": "ON", "CAP_COLOR": "Yellow", "PM_DISTRICT_ID": "16"}}, {"type": "Feature", "geometry": {"type": "Point", "coordinates": [-122.4518149995, 37.7817590003]}, "properties": {"STREET_NAME": "GEARY BLVD", "STREET_NUM": "3,021", "ON_OFFSTREET_TYPE": "ON", "CAP_COLOR": "Grey", "PM_DISTRICT_ID": "20"}}, {"type": "Feature", "geometry": {"type": "Point", "coordinates": [-122.4423294009, 37.7825919994]}, "properties": {"STREET_NAME": "SAINT JOSEPHS AVE", "STREET_NUM": "318", "ON_OFFSTREET_TYPE": "ON", "CAP_COLOR": "Green", "PM_DISTRICT_ID": "18"}}, {"type": "Feature", "geometry": {"type": "Point", "coordinates": [-122.4382103996, 37.7838227981]}, "properties": {"STREET_NAME": "GEARY BLVD", "STREET_NUM": "2,108", "ON_OFFSTREET_TYPE": "ON", "CAP_COLOR": "Grey", "PM_DISTRICT_ID": "18"}}, {"type": "Feature", "geometry": {"type": "Point", "coordinates": [-122.4311605987, 37.7719535985]}, "properties": {"STREET_NAME": "HAIGHT ST", "STREET_NUM": "521", "ON_OFFSTREET_TYPE": "ON", "CAP_COLOR": "Grey", "PM_DISTRICT_ID": "39"}}, {"type": "Feature", "geometry": {"type": "Point", "coordinates": [-122.4439298152, 37.7703283528]}, "properties": {"STREET_NAME": "HAIGHT ST", "STREET_NUM": "1,307", "ON_OFFSTREET_TYPE": "ON", "CAP_COLOR": "Yellow", "PM_DISTRICT_ID": "23"}}, {"type": "Feature", "geometry": {"type": "Point", "coordinates": [-122.4376047009, 37.7745755025]}, "properties": {"STREET_NAME": "DIVISADERO ST", "STREET_NUM": "516", "ON_OFFSTREET_TYPE": "ON", "CAP_COLOR": "Green", "PM_DISTRICT_ID": "17"}}, {"type": "Feature", "geometry": {"type": "Point", "coordinates": [-122.449473202, 37.7697460008]}, "properties": {"STREET_NAME": "HAIGHT ST", "STREET_NUM": "1,624", "ON_OFFSTREET_TYPE": "ON", "CAP_COLOR": "Yellow", "PM_DISTRICT_ID": "23"}}, {"type": "Feature", "geometry": {"type": "Point", "coordinates": [-122.4324855988, 37.7818667021]}, "properties": {"STREET_NAME": "FILLMORE ST", "STREET_NUM": "1,317", "ON_OFFSTREET_TYPE": "ON", "CAP_COLOR": "Grey", "PM_DISTRICT_ID": "5"}}, {"type": "Feature", "geometry": {"type": "Point", "coordinates": [-122.4507016705, 37.7691473708]}, "properties": {"STREET_NAME": "COLE ST", "STREET_NUM": "609", "ON_OFFSTREET_TYPE": "ON", "CAP_COLOR": "Grey", "PM_DISTRICT_ID": "23"}}, {"type": "Feature", "geometry": {"type": "Point", "coordinates": [-122.4514224024, 37.7694973991]}, "properties": {"STREET_NAME": "HAIGHT ST", "STREET_NUM": "1,714", "ON_OFFSTREET_TYPE": "ON", "CAP_COLOR": "Grey", "PM_DISTRICT_ID": "23"}}, {"type": "Feature", "geometry": {"type": "Point", "coordinates": [-122.4508389996, 37.7818832983]}, "properties": {"STREET_NAME": "GEARY BLVD", "STREET_NUM": "2,921", "ON_OFFSTREET_TYPE": "ON", "CAP_COLOR": "Yellow", "PM_DISTRICT_ID": "20"}}, {"type": "Feature", "geometry": {"type": "Point", "coordinates": [-122.4541878996, 37.7812829976]}, "properties": {"STREET_NAME": "PARKER AVE", "STREET_NUM": "203", "ON_OFFSTREET_TYPE": "ON", "CAP_COLOR": "Green", "PM_DISTRICT_ID": "20"}}, {"type": "Feature", "geometry": {"type": "Point", "coordinates": [-122.4311640018, 37.7720776004]}, "properties": {"STREET_NAME": "HAIGHT ST", "STREET_NUM": "518", "ON_OFFSTREET_TYPE": "ON", "CAP_COLOR": "Yellow", "PM_DISTRICT_ID": "39"}}, {"type": "Feature", "geometry": {"type": "Point", "coordinates": [-122.4350147455, 37.7621516819]}, "properties": {"STREET_NAME": "CASTRO ST", "STREET_NUM": "423", "ON_OFFSTREET_TYPE": "ON", "CAP_COLOR": "Grey", "PM_DISTRICT_ID": "16"}}, {"type": "Feature", "geometry": {"type": "Point", "coordinates": [-122.4374292006, 37.7726360977]}, "properties": {"STREET_NAME": "DIVISADERO ST", "STREET_NUM": "315", "ON_OFFSTREET_TYPE": "ON", "CAP_COLOR": "Grey", "PM_DISTRICT_ID": "17"}}, {"type": "Feature", "geometry": {"type": "Point", "coordinates": [-122.4503799004, 37.7822170992]}, "properties": {"STREET_NAME": "GEARY BLVD", "STREET_NUM": "2,904", "ON_OFFSTREET_TYPE": "ON", "CAP_COLOR": "Grey", "PM_DISTRICT_ID": "20"}}, {"type": "Feature", "geometry": {"type": "Point", "coordinates": [-122.4370150005, 37.7607122985]}, "properties": {"STREET_NAME": "18TH ST", "STREET_NUM": "4,227", "ON_OFFSTREET_TYPE": "ON", "CAP_COLOR": "Grey", "PM_DISTRICT_ID": "16"}}, {"type": "Feature", "geometry": {"type": "Point", "coordinates": [-122.4544510019, 37.7814234001]}, "properties": {"STREET_NAME": "GEARY BLVD", "STREET_NUM": "3,305", "ON_OFFSTREET_TYPE": "ON", "CAP_COLOR": "Grey", "PM_DISTRICT_ID": "20"}}, {"type": "Feature", "geometry": {"type": "Point", "coordinates": [-122.4328876005, 37.7838537999]}, "properties": {"STREET_NAME": "FILLMORE ST", "STREET_NUM": "1,521", "ON_OFFSTREET_TYPE": "ON", "CAP_COLOR": "Grey", "PM_DISTRICT_ID": "5"}}, {"type": "Feature", "geometry": {"type": "Point", "coordinates": [-122.4537612998, 37.7815110021]}, "properties": {"STREET_NAME": "GEARY BLVD", "STREET_NUM": "3,219", "ON_OFFSTREET_TYPE": "ON", "CAP_COLOR": "Red", "PM_DISTRICT_ID": "20"}}, {"type": "Feature", "geometry": {"type": "Point", "coordinates": [-122.4419820995, 37.782276499]}, "properties": {"STREET_NAME": "SAINT JOSEPHS AVE", "STREET_NUM": "303", "ON_OFFSTREET_TYPE": "ON", "CAP_COLOR": "Grey", "PM_DISTRICT_ID": "18"}}, {"type": "Feature", "geometry": {"type": "Point", "coordinates": [-122.4320622009, 37.7797741991]}, "properties": {"STREET_NAME": "FILLMORE ST", "STREET_NUM": "1,105", "ON_OFFSTREET_TYPE": "ON", "CAP_COLOR": "Grey", "PM_DISTRICT_ID": "5"}}, {"type": "Feature", "geometry": {"type": "Point", "coordinates": [-122.4559998994, 37.7812568013]}, "properties": {"STREET_NAME": "GEARY BLVD", "STREET_NUM": "3,419", "ON_OFFSTREET_TYPE": "ON", "CAP_COLOR": "Grey", "PM_DISTRICT_ID": "20"}}, {"type": "Feature", "geometry": {"type": "Point", "coordinates": [-122.4474647974, 37.7700021014]}, "properties": {"STREET_NAME": "HAIGHT ST", "STREET_NUM": "1,512", "ON_OFFSTREET_TYPE": "ON", "CAP_COLOR": "Yellow", "PM_DISTRICT_ID": "23"}}, {"type": "Feature", "geometry": {"type": "Point", "coordinates": [-122.4499516019, 37.7654310976]}, "properties": {"STREET_NAME": "COLE ST", "STREET_NUM": "909", "ON_OFFSTREET_TYPE": "ON", "CAP_COLOR": "Yellow", "PM_DISTRICT_ID": "23"}}, {"type": "Feature", "geometry": {"type": "Point", "coordinates": [-122.4486789999, 37.7699569006]}, "properties": {"STREET_NAME": "CLAYTON ST", "STREET_NUM": "527", "ON_OFFSTREET_TYPE": "ON", "CAP_COLOR": "Green", "PM_DISTRICT_ID": "23"}}, {"type": "Feature", "geometry": {"type": "Point", "coordinates": [-122.4504944028, 37.7694913027]}, "properties": {"STREET_NAME": "HAIGHT ST", "STREET_NUM": "1,699", "ON_OFFSTREET_TYPE": "ON", "CAP_COLOR": "Yellow", "PM_DISTRICT_ID": "23"}}, {"type": "Feature", "geometry": {"type": "Point", "coordinates": [-122.4381377005, 37.7838416015]}, "properties": {"STREET_NAME": "GEARY BLVD", "STREET_NUM": "2,106", "ON_OFFSTREET_TYPE": "ON", "CAP_COLOR": "Grey", "PM_DISTRICT_ID": "18"}}, {"type": "Feature", "geometry": {"type": "Point", "coordinates": [-122.4377394987, 37.7741613974]}, "properties": {"STREET_NAME": "DIVISADERO ST", "STREET_NUM": "503", "ON_OFFSTREET_TYPE": "ON", "CAP_COLOR": "Red", "PM_DISTRICT_ID": "17"}}, {"type": "Feature", "geometry": {"type": "Point", "coordinates": [-122.4587265996, 37.7805466977]}, "properties": {"STREET_NAME": "ARGUELLO BLVD", "STREET_NUM": "518", "ON_OFFSTREET_TYPE": "ON", "CAP_COLOR": "Grey", "PM_DISTRICT_ID": "9"}}, {"type": "Feature", "geometry": {"type": "Point", "coordinates": [-122.4575159007, 37.7814619009]}, "properties": {"STREET_NAME": "GEARY BLVD", "STREET_NUM": "3,526", "ON_OFFSTREET_TYPE": "ON", "CAP_COLOR": "Green", "PM_DISTRICT_ID": "20"}}, {"type": "Feature", "geometry": {"type": "Point", "coordinates": [-122.4358593987, 37.7612188001]}, "properties": {"STREET_NAME": "18TH ST", "STREET_NUM": "4,116", "ON_OFFSTREET_TYPE": "OFF", "CAP_COLOR": "Grey", "PM_DISTRICT_ID": "16"}}, {"type": "Feature", "geometry": {"type": "Point", "coordinates": [-122.4378776995, 37.7768260994]}, "properties": {"STREET_NAME": "FULTON ST", "STREET_NUM": "1,237", "ON_OFFSTREET_TYPE": "ON", "CAP_COLOR": "Grey", "PM_DISTRICT_ID": "17"}}, {"type": "Feature", "geometry": {"type": "Point", "coordinates": [-122.4538279974, 37.7817778987]}, "properties": {"STREET_NAME": "GEARY BLVD", "STREET_NUM": "3,214", "ON_OFFSTREET_TYPE": "ON", "CAP_COLOR": "Grey", "PM_DISTRICT_ID": "20"}}, {"type": "Feature", "geometry": {"type": "Point", "coordinates": [-122.4348474012, 37.7603535027]}, "properties": {"STREET_NAME": "CASTRO ST", "STREET_NUM": "515", "ON_OFFSTREET_TYPE": "ON", "CAP_COLOR": "Grey", "PM_DISTRICT_ID": "16"}}, {"type": "Feature", "geometry": {"type": "Point", "coordinates": [-122.4322508999, 37.7807067976]}, "properties": {"STREET_NAME": "FILLMORE ST", "STREET_NUM": "1,205", "ON_OFFSTREET_TYPE": "ON", "CAP_COLOR": "Grey", "PM_DISTRICT_ID": "5"}}, {"type": "Feature", "geometry": {"type": "Point", "coordinates": [-122.4482660625, 37.7698999741]}, "properties": {"STREET_NAME": "HAIGHT ST", "STREET_NUM": "1,542", "ON_OFFSTREET_TYPE": "ON", "CAP_COLOR": "Grey", "PM_DISTRICT_ID": "23"}}, {"type": "Feature", "geometry": {"type": "Point", "coordinates": [-122.4330770985, 37.7648067017]}, "properties": {"STREET_NAME": "NOE ST", "STREET_NUM": "257", "ON_OFFSTREET_TYPE": "ON", "CAP_COLOR": "Grey", "PM_DISTRICT_ID": "16"}}, {"type": "Feature", "geometry": {"type": "Point", "coordinates": [-122.4555056018, 37.7812859983]}, "properties": {"STREET_NAME": "GEARY BLVD", "STREET_NUM": "3,405", "ON_OFFSTREET_TYPE": "ON", "CAP_COLOR": "Grey", "PM_DISTRICT_ID": "20"}}, {"type": "Feature", "geometry": {"type": "Point", "coordinates": [-122.4533885587, 37.7679172288]}, "properties": {"STREET_NAME": "STANYAN ST", "STREET_NUM": "755", "ON_OFFSTREET_TYPE": "ON", "CAP_COLOR": "Grey", "PM_DISTRICT_ID": "23"}}, {"type": "Feature", "geometry": {"type": "Point", "coordinates": [-122.4339723026, 37.7611847025]}, "properties": {"STREET_NAME": "HARTFORD ST", "STREET_NUM": "48", "ON_OFFSTREET_TYPE": "ON", "CAP_COLOR": "Grey", "PM_DISTRICT_ID": "16"}}, {"type": "Feature", "geometry": {"type": "Point", "coordinates": [-122.4420469978, 37.7822994989]}, "properties": {"STREET_NAME": "SAINT JOSEPHS AVE", "STREET_NUM": "305", "ON_OFFSTREET_TYPE": "ON", "CAP_COLOR": "Grey", "PM_DISTRICT_ID": "18"}}, {"type": "Feature", "geometry": {"type": "Point", "coordinates": [-122.4376300981, 37.7747002979]}, "properties": {"STREET_NAME": "DIVISADERO ST", "STREET_NUM": "520", "ON_OFFSTREET_TYPE": "ON", "CAP_COLOR": "Red", "PM_DISTRICT_ID": "17"}}, {"type": "Feature", "geometry": {"type": "Point", "coordinates": [-122.429445002, 37.7721718018]}, "properties": {"STREET_NAME": "HAIGHT ST", "STREET_NUM": "419", "ON_OFFSTREET_TYPE": "ON", "CAP_COLOR": "Grey", "PM_DISTRICT_ID": "39"}}, {"type": "Feature", "geometry": {"type": "Point", "coordinates": [-122.4405261015, 37.7830365979]}, "properties": {"STREET_NAME": "GEARY BLVD", "STREET_NUM": "2,227", "ON_OFFSTREET_TYPE": "ON", "CAP_COLOR": "Grey", "PM_DISTRICT_ID": "18"}}, {"type": "Feature", "geometry": {"type": "Point", "coordinates": [-122.4298062005, 37.7669922997]}, "properties": {"STREET_NAME": "MARKET ST", "STREET_NUM": "2,124", "ON_OFFSTREET_TYPE": "ON", "CAP_COLOR": "Grey", "PM_DISTRICT_ID": "16"}}, {"type": "Feature", "geometry": {"type": "Point", "coordinates": [-122.4318874997, 37.7719855]}, "properties": {"STREET_NAME": "HAIGHT ST", "STREET_NUM": "538", "ON_OFFSTREET_TYPE": "ON", "CAP_COLOR": "Yellow", "PM_DISTRICT_ID": "39"}}, {"type": "Feature", "geometry": {"type": "Point", "coordinates": [-122.4520370976, 37.7692946018]}, "properties": {"STREET_NAME": "HAIGHT ST", "STREET_NUM": "1,807", "ON_OFFSTREET_TYPE": "ON", "CAP_COLOR": "Black", "PM_DISTRICT_ID": "23"}}, {"type": "Feature", "geometry": {"type": "Point", "coordinates": [-122.4517087003, 37.7694608987]}, "properties": {"STREET_NAME": "HAIGHT ST", "STREET_NUM": "1,722", "ON_OFFSTREET_TYPE": "ON", "CAP_COLOR": "Grey", "PM_DISTRICT_ID": "23"}}, {"type": "Feature", "geometry": {"type": "Point", "coordinates": [-122.4340382011, 37.7636455008]}, "properties": {"STREET_NAME": "MARKET ST", "STREET_NUM": "2,318", "ON_OFFSTREET_TYPE": "ON", "CAP_COLOR": "Grey", "PM_DISTRICT_ID": "16"}}, {"type": "Feature", "geometry": {"type": "Point", "coordinates": [-122.4510589794, 37.7694193265]}, "properties": {"STREET_NAME": "HAIGHT ST", "STREET_NUM": "1,707", "ON_OFFSTREET_TYPE": "ON", "CAP_COLOR": "Grey", "PM_DISTRICT_ID": "23"}}, {"type": "Feature", "geometry": {"type": "Point", "coordinates": [-122.4575593767, 37.7646646416]}, "properties": {"STREET_NAME": "ARGUELLO BLVD", "STREET_NUM": "1,288", "ON_OFFSTREET_TYPE": "ON", "CAP_COLOR": "Black", "PM_DISTRICT_ID": "24"}}, {"type": "Feature", "geometry": {"type": "Point", "coordinates": [-122.4537051035, 37.7704516712]}, "properties": {"STREET_NAME": "STANYAN ST", "STREET_NUM": "622", "ON_OFFSTREET_TYPE": "ON", "CAP_COLOR": "Grey", "PM_DISTRICT_ID": "23"}}, {"type": "Feature", "geometry": {"type": "Point", "coordinates": [-122.4329110977, 37.7839696993]}, "properties": {"STREET_NAME": "FILLMORE ST", "STREET_NUM": "1,527", "ON_OFFSTREET_TYPE": "ON", "CAP_COLOR": "Red", "PM_DISTRICT_ID": "5"}}, {"type": "Feature", "geometry": {"type": "Point", "coordinates": [-122.4441053499, 37.770430449]}, "properties": {"STREET_NAME": "HAIGHT ST", "STREET_NUM": "1,310", "ON_OFFSTREET_TYPE": "ON", "CAP_COLOR": "Grey", "PM_DISTRICT_ID": "23"}}, {"type": "Feature", "geometry": {"type": "Point", "coordinates": [-122.4499386993, 37.7653673001]}, "properties": {"STREET_NAME": "COLE ST", "STREET_NUM": "913", "ON_OFFSTREET_TYPE": "ON", "CAP_COLOR": "Yellow", "PM_DISTRICT_ID": "23"}}, {"type": "Feature", "geometry": {"type": "Point", "coordinates": [-122.4371461996, 37.7609115028]}, "properties": {"STREET_NAME": "DIAMOND ST", "STREET_NUM": "51", "ON_OFFSTREET_TYPE": "ON", "CAP_COLOR": "Green", "PM_DISTRICT_ID": "16"}}, {"type": "Feature", "geometry": {"type": "Point", "coordinates": [-122.4348245018, 37.7615960975]}, "properties": {"STREET_NAME": "CASTRO ST", "STREET_NUM": "457", "ON_OFFSTREET_TYPE": "OFF", "CAP_COLOR": "Grey", "PM_DISTRICT_ID": "16"}}, {"type": "Feature", "geometry": {"type": "Point", "coordinates": [-122.4345149528, 37.7632683978]}, "properties": {"STREET_NAME": "MARKET ST", "STREET_NUM": "2,338", "ON_OFFSTREET_TYPE": "ON", "CAP_COLOR": "Red", "PM_DISTRICT_ID": "16"}}, {"type": "Feature", "geometry": {"type": "Point", "coordinates": [-122.4525511989, 37.7819406026]}, "properties": {"STREET_NAME": "GEARY BLVD", "STREET_NUM": "3,108", "ON_OFFSTREET_TYPE": "ON", "CAP_COLOR": "Yellow", "PM_DISTRICT_ID": "20"}}, {"type": "Feature", "geometry": {"type": "Point", "coordinates": [-122.430577697, 37.7663822457]}, "properties": {"STREET_NAME": "MARKET ST", "STREET_NUM": "2,160", "ON_OFFSTREET_TYPE": "ON", "CAP_COLOR": "Grey", "PM_DISTRICT_ID": "16"}}, {"type": "Feature", "geometry": {"type": "Point", "coordinates": [-122.4518679005, 37.7690556002]}, "properties": {"STREET_NAME": "SHRADER ST", "STREET_NUM": "607", "ON_OFFSTREET_TYPE": "ON", "CAP_COLOR": "Grey", "PM_DISTRICT_ID": "23"}}, {"type": "Feature", "geometry": {"type": "Point", "coordinates": [-122.4337565972, 37.7609080061]}, "properties": {"STREET_NAME": "18TH ST", "STREET_NUM": "4,015", "ON_OFFSTREET_TYPE": "ON", "CAP_COLOR": "Yellow", "PM_DISTRICT_ID": "16"}}, {"type": "Feature", "geometry": {"type": "Point", "coordinates": [-122.4344478973, 37.7618132]}, "properties": {"STREET_NAME": "CASTRO ST", "STREET_NUM": "457", "ON_OFFSTREET_TYPE": "OFF", "CAP_COLOR": "Grey", "PM_DISTRICT_ID": "16"}}, {"type": "Feature", "geometry": {"type": "Point", "coordinates": [-122.4436297973, 37.7826407988]}, "properties": {"STREET_NAME": "GEARY BLVD", "STREET_NUM": "2,421", "ON_OFFSTREET_TYPE": "ON", "CAP_COLOR": "Grey", "PM_DISTRICT_ID": "18"}}, {"type": "Feature", "geometry": {"type": "Point", "coordinates": [-122.4366997012, 37.7608421006]}, "properties": {"STREET_NAME": "18TH ST", "STREET_NUM": "4,214", "ON_OFFSTREET_TYPE": "ON", "CAP_COLOR": "Yellow", "PM_DISTRICT_ID": "16"}}, {"type": "Feature", "geometry": {"type": "Point", "coordinates": [-122.4315930993, 37.7720230006]}, "properties": {"STREET_NAME": "HAIGHT ST", "STREET_NUM": "530", "ON_OFFSTREET_TYPE": "ON", "CAP_COLOR": "Grey", "PM_DISTRICT_ID": "39"}}, {"type": "Feature", "geometry": {"type": "Point", "coordinates": [-122.4525608995, 37.769227798]}, "properties": {"STREET_NAME": "HAIGHT ST", "STREET_NUM": "1,827", "ON_OFFSTREET_TYPE": "ON", "CAP_COLOR": "Yellow", "PM_DISTRICT_ID": "23"}}, {"type": "Feature", "geometry": {"type": "Point", "coordinates": [-122.4373148665, 37.7835934585]}, "properties": {"STREET_NAME": "GEARY BLVD", "STREET_NUM": "2,033", "ON_OFFSTREET_TYPE": "ON", "CAP_COLOR": "Grey", "PM_DISTRICT_ID": "18"}}, {"type": "Feature", "geometry": {"type": "Point", "coordinates": [-122.4514193011, 37.7818093979]}, "properties": {"STREET_NAME": "GEARY BLVD", "STREET_NUM": "3,009", "ON_OFFSTREET_TYPE": "ON", "CAP_COLOR": "Grey", "PM_DISTRICT_ID": "20"}}, {"type": "Feature", "geometry": {"type": "Point", "coordinates": [-122.4459480976, 37.7700710007]}, "properties": {"STREET_NAME": "HAIGHT ST", "STREET_NUM": "1,415", "ON_OFFSTREET_TYPE": "ON", "CAP_COLOR": "Grey", "PM_DISTRICT_ID": "23"}}, {"type": "Feature", "geometry": {"type": "Point", "coordinates": [-122.4325321966, 37.782768237]}, "properties": {"STREET_NAME": "FILLMORE ST", "STREET_NUM": "1,414", "ON_OFFSTREET_TYPE": "ON", "CAP_COLOR": "Grey", "PM_DISTRICT_ID": "5"}}, {"type": "Feature", "geometry": {"type": "Point", "coordinates": [-122.4372441002, 37.7741746017]}, "properties": {"STREET_NAME": "FELL ST", "STREET_NUM": "1,134", "ON_OFFSTREET_TYPE": "ON", "CAP_COLOR": "Grey", "PM_DISTRICT_ID": "17"}}, {"type": "Feature", "geometry": {"type": "Point", "coordinates": [-122.4362453015, 37.7607600027]}, "properties": {"STREET_NAME": "18TH ST", "STREET_NUM": "4,201", "ON_OFFSTREET_TYPE": "ON", "CAP_COLOR": "Grey", "PM_DISTRICT_ID": "16"}}, {"type": "Feature", "geometry": {"type": "Point", "coordinates": [-122.4346597974, 37.761782701]}, "properties": {"STREET_NAME": "CASTRO ST", "STREET_NUM": "457", "ON_OFFSTREET_TYPE": "OFF", "CAP_COLOR": "Grey", "PM_DISTRICT_ID": "16"}}, {"type": "Feature", "geometry": {"type": "Point", "coordinates": [-122.4459821002, 37.7701912028]}, "properties": {"STREET_NAME": "HAIGHT ST", "STREET_NUM": "1,418", "ON_OFFSTREET_TYPE": "ON", "CAP_COLOR": "Yellow", "PM_DISTRICT_ID": "23"}}, {"type": "Feature", "geometry": {"type": "Point", "coordinates": [-122.4516706548, 37.7693413121]}, "properties": {"STREET_NAME": "HAIGHT ST", "STREET_NUM": "1,723", "ON_OFFSTREET_TYPE": "ON", "CAP_COLOR": "Grey", "PM_DISTRICT_ID": "23"}}, {"type": "Feature", "geometry": {"type": "Point", "coordinates": [-122.4512868, 37.7695146994]}, "properties": {"STREET_NAME": "HAIGHT ST", "STREET_NUM": "1,710", "ON_OFFSTREET_TYPE": "ON", "CAP_COLOR": "Grey", "PM_DISTRICT_ID": "23"}}, {"type": "Feature", "geometry": {"type": "Point", "coordinates": [-122.4538978019, 37.7817690027]}, "properties": {"STREET_NAME": "GEARY BLVD", "STREET_NUM": "3,216", "ON_OFFSTREET_TYPE": "ON", "CAP_COLOR": "Grey", "PM_DISTRICT_ID": "20"}}, {"type": "Feature", "geometry": {"type": "Point", "coordinates": [-122.4385312979, 37.7767431018]}, "properties": {"STREET_NAME": "FULTON ST", "STREET_NUM": "1,307", "ON_OFFSTREET_TYPE": "ON", "CAP_COLOR": "Grey", "PM_DISTRICT_ID": "17"}}, {"type": "Feature", "geometry": {"type": "Point", "coordinates": [-122.4326313992, 37.7832585004]}, "properties": {"STREET_NAME": "FILLMORE ST", "STREET_NUM": "1,432", "ON_OFFSTREET_TYPE": "ON", "CAP_COLOR": "Black", "PM_DISTRICT_ID": "5"}}, {"type": "Feature", "geometry": {"type": "Point", "coordinates": [-122.4484737997, 37.7696149022]}, "properties": {"STREET_NAME": "CLAYTON ST", "STREET_NUM": "606", "ON_OFFSTREET_TYPE": "ON", "CAP_COLOR": "Grey", "PM_DISTRICT_ID": "23"}}, {"type": "Feature", "geometry": {"type": "Point", "coordinates": [-122.4472544004, 37.7699045026]}, "properties": {"STREET_NAME": "HAIGHT ST", "STREET_NUM": "1,509", "ON_OFFSTREET_TYPE": "ON", "CAP_COLOR": "Yellow", "PM_DISTRICT_ID": "23"}}, {"type": "Feature", "geometry": {"type": "Point", "coordinates": [-122.4509941306, 37.7694275975]}, "properties": {"STREET_NAME": "HAIGHT ST", "STREET_NUM": "1,705", "ON_OFFSTREET_TYPE": "ON", "CAP_COLOR": "Grey", "PM_DISTRICT_ID": "23"}}, {"type": "Feature", "geometry": {"type": "Point", "coordinates": [-122.4293948, 37.7669761003]}, "properties": {"STREET_NAME": "MARKET ST", "STREET_NUM": "2,119", "ON_OFFSTREET_TYPE": "ON", "CAP_COLOR": "Yellow", "PM_DISTRICT_ID": "16"}}, {"type": "Feature", "geometry": {"type": "Point", "coordinates": [-122.431095801, 37.7720863008]}, "properties": {"STREET_NAME": "HAIGHT ST", "STREET_NUM": "516", "ON_OFFSTREET_TYPE": "ON", "CAP_COLOR": "Yellow", "PM_DISTRICT_ID": "39"}}, {"type": "Feature", "geometry": {"type": "Point", "coordinates": [-122.4366874022, 37.7607325994]}, "properties": {"STREET_NAME": "18TH ST", "STREET_NUM": "4,215", "ON_OFFSTREET_TYPE": "ON", "CAP_COLOR": "Yellow", "PM_DISTRICT_ID": "16"}}, {"type": "Feature", "geometry": {"type": "Point", "coordinates": [-122.44029, 37.7830667001]}, "properties": {"STREET_NAME": "GEARY BLVD", "STREET_NUM": "2,221", "ON_OFFSTREET_TYPE": "ON", "CAP_COLOR": "Red", "PM_DISTRICT_ID": "18"}}, {"type": "Feature", "geometry": {"type": "Point", "coordinates": [-122.4297848993, 37.7722531007]}, "properties": {"STREET_NAME": "HAIGHT ST", "STREET_NUM": "424", "ON_OFFSTREET_TYPE": "ON", "CAP_COLOR": "Grey", "PM_DISTRICT_ID": "39"}}, {"type": "Feature", "geometry": {"type": "Point", "coordinates": [-122.4520247986, 37.7692960993]}, "properties": {"STREET_NAME": "HAIGHT ST", "STREET_NUM": "1,805", "ON_OFFSTREET_TYPE": "ON", "CAP_COLOR": "Black", "PM_DISTRICT_ID": "23"}}, {"type": "Feature", "geometry": {"type": "Point", "coordinates": [-122.4320247003, 37.7802599975]}, "properties": {"STREET_NAME": "FILLMORE ST", "STREET_NUM": "1,122", "ON_OFFSTREET_TYPE": "ON", "CAP_COLOR": "Grey", "PM_DISTRICT_ID": "5"}}, {"type": "Feature", "geometry": {"type": "Point", "coordinates": [-122.4323690682, 37.7646166641]}, "properties": {"STREET_NAME": "MARKET ST", "STREET_NUM": "2,257", "ON_OFFSTREET_TYPE": "ON", "CAP_COLOR": "Yellow", "PM_DISTRICT_ID": "16"}}, {"type": "Feature", "geometry": {"type": "Point", "coordinates": [-122.437033074, 37.7839827236]}, "properties": {"STREET_NAME": "GEARY BLVD", "STREET_NUM": "2,024", "ON_OFFSTREET_TYPE": "ON", "CAP_COLOR": "Grey", "PM_DISTRICT_ID": "18"}}, {"type": "Feature", "geometry": {"type": "Point", "coordinates": [-122.4316799023, 37.7718874988]}, "properties": {"STREET_NAME": "HAIGHT ST", "STREET_NUM": "553", "ON_OFFSTREET_TYPE": "ON", "CAP_COLOR": "Grey", "PM_DISTRICT_ID": "39"}}, {"type": "Feature", "geometry": {"type": "Point", "coordinates": [-122.4492021983, 37.782091801]}, "properties": {"STREET_NAME": "GEARY BLVD", "STREET_NUM": "2,809", "ON_OFFSTREET_TYPE": "ON", "CAP_COLOR": "Black", "PM_DISTRICT_ID": "20"}}, {"type": "Feature", "geometry": {"type": "Point", "coordinates": [-122.4481344167, 37.7699168061]}, "properties": {"STREET_NAME": "HAIGHT ST", "STREET_NUM": "1,538", "ON_OFFSTREET_TYPE": "ON", "CAP_COLOR": "Grey", "PM_DISTRICT_ID": "23"}}, {"type": "Feature", "geometry": {"type": "Point", "coordinates": [-122.434832202, 37.7601898991]}, "properties": {"STREET_NAME": "CASTRO ST", "STREET_NUM": "521", "ON_OFFSTREET_TYPE": "ON", "CAP_COLOR": "Grey", "PM_DISTRICT_ID": "16"}}, {"type": "Feature", "geometry": {"type": "Point", "coordinates": [-122.4385494143, 37.7768764065]}, "properties": {"STREET_NAME": "FULTON ST", "STREET_NUM": "1,306", "ON_OFFSTREET_TYPE": "ON", "CAP_COLOR": "Grey", "PM_DISTRICT_ID": "17"}}, {"type": "Feature", "geometry": {"type": "Point", "coordinates": [-122.4346519017, 37.7616834984]}, "properties": {"STREET_NAME": "CASTRO ST", "STREET_NUM": "457", "ON_OFFSTREET_TYPE": "OFF", "CAP_COLOR": "Grey", "PM_DISTRICT_ID": "16"}}, {"type": "Feature", "geometry": {"type": "Point", "coordinates": [-122.4506046974, 37.7693398026]}, "properties": {"STREET_NAME": "COLE ST", "STREET_NUM": "604", "ON_OFFSTREET_TYPE": "ON", "CAP_COLOR": "Grey", "PM_DISTRICT_ID": "23"}}, {"type": "Feature", "geometry": {"type": "Point", "coordinates": [-122.4378012006, 37.7755413995]}, "properties": {"STREET_NAME": "DIVISADERO ST", "STREET_NUM": "618", "ON_OFFSTREET_TYPE": "ON", "CAP_COLOR": "Green", "PM_DISTRICT_ID": "17"}}, {"type": "Feature", "geometry": {"type": "Point", "coordinates": [-122.4300720018, 37.7664332994]}, "properties": {"STREET_NAME": "MARKET ST", "STREET_NUM": "2,143", "ON_OFFSTREET_TYPE": "ON", "CAP_COLOR": "Grey", "PM_DISTRICT_ID": "16"}}, {"type": "Feature", "geometry": {"type": "Point", "coordinates": [-122.4539786284, 37.7812260909]}, "properties": {"STREET_NAME": "PARKER AVE", "STREET_NUM": "218", "ON_OFFSTREET_TYPE": "ON", "CAP_COLOR": "Green", "PM_DISTRICT_ID": "20"}}, {"type": "Feature", "geometry": {"type": "Point", "coordinates": [-122.4499287025, 37.7653180984]}, "properties": {"STREET_NAME": "COLE ST", "STREET_NUM": "915", "ON_OFFSTREET_TYPE": "ON", "CAP_COLOR": "Yellow", "PM_DISTRICT_ID": "23"}}, {"type": "Feature", "geometry": {"type": "Point", "coordinates": [-122.434583198, 37.7616149009]}, "properties": {"STREET_NAME": "CASTRO ST", "STREET_NUM": "457", "ON_OFFSTREET_TYPE": "OFF", "CAP_COLOR": "Grey", "PM_DISTRICT_ID": "16"}}, {"type": "Feature", "geometry": {"type": "Point", "coordinates": [-122.4296179989, 37.7667923019]}, "properties": {"STREET_NAME": "MARKET ST", "STREET_NUM": "2,129", "ON_OFFSTREET_TYPE": "ON", "CAP_COLOR": "Grey", "PM_DISTRICT_ID": "16"}}, {"type": "Feature", "geometry": {"type": "Point", "coordinates": [-122.4552956016, 37.7815888979]}, "properties": {"STREET_NAME": "GEARY BLVD", "STREET_NUM": "3,330", "ON_OFFSTREET_TYPE": "ON", "CAP_COLOR": "Green", "PM_DISTRICT_ID": "20"}}, {"type": "Feature", "geometry": {"type": "Point", "coordinates": [-122.4499027019, 37.7651891009]}, "properties": {"STREET_NAME": "COLE ST", "STREET_NUM": "919", "ON_OFFSTREET_TYPE": "ON", "CAP_COLOR": "Grey", "PM_DISTRICT_ID": "23"}}, {"type": "Feature", "geometry": {"type": "Point", "coordinates": [-122.4377881025, 37.774400399]}, "properties": {"STREET_NAME": "DIVISADERO ST", "STREET_NUM": "513", "ON_OFFSTREET_TYPE": "ON", "CAP_COLOR": "Grey", "PM_DISTRICT_ID": "17"}}, {"type": "Feature", "geometry": {"type": "Point", "coordinates": [-122.4498014959, 37.7653601935]}, "properties": {"STREET_NAME": "COLE ST", "STREET_NUM": "918", "ON_OFFSTREET_TYPE": "ON", "CAP_COLOR": "Grey", "PM_DISTRICT_ID": "23"}}, {"type": "Feature", "geometry": {"type": "Point", "coordinates": [-122.4323241515, 37.7646521869]}, "properties": {"STREET_NAME": "MARKET ST", "STREET_NUM": "2,255", "ON_OFFSTREET_TYPE": "ON", "CAP_COLOR": "Grey", "PM_DISTRICT_ID": "16"}}, {"type": "Feature", "geometry": {"type": "Point", "coordinates": [-122.4329132223, 37.7831984151]}, "properties": {"STREET_NAME": "OFARRELL ST", "STREET_NUM": "1,703", "ON_OFFSTREET_TYPE": "ON", "CAP_COLOR": "Grey", "PM_DISTRICT_ID": "5"}}, {"type": "Feature", "geometry": {"type": "Point", "coordinates": [-122.4297201186, 37.7722613027]}, "properties": {"STREET_NAME": "HAIGHT ST", "STREET_NUM": "422", "ON_OFFSTREET_TYPE": "ON", "CAP_COLOR": "Grey", "PM_DISTRICT_ID": "39"}}, {"type": "Feature", "geometry": {"type": "Point", "coordinates": [-122.436383899, 37.7607513972]}, "properties": {"STREET_NAME": "18TH ST", "STREET_NUM": "4,205", "ON_OFFSTREET_TYPE": "ON", "CAP_COLOR": "Grey", "PM_DISTRICT_ID": "16"}}, {"type": "Feature", "geometry": {"type": "Point", "coordinates": [-122.4373881166, 37.7835841204]}, "properties": {"STREET_NAME": "GEARY BLVD", "STREET_NUM": "2,035", "ON_OFFSTREET_TYPE": "ON", "CAP_COLOR": "Grey", "PM_DISTRICT_ID": "18"}}, {"type": "Feature", "geometry": {"type": "Point", "coordinates": [-122.4325318222, 37.7648368207]}, "properties": {"STREET_NAME": "MARKET ST", "STREET_NUM": "2,252", "ON_OFFSTREET_TYPE": "ON", "CAP_COLOR": "Grey", "PM_DISTRICT_ID": "16"}}, {"type": "Feature", "geometry": {"type": "Point", "coordinates": [-122.4317393021, 37.7720043984]}, "properties": {"STREET_NAME": "HAIGHT ST", "STREET_NUM": "534", "ON_OFFSTREET_TYPE": "ON", "CAP_COLOR": "Grey", "PM_DISTRICT_ID": "39"}}, {"type": "Feature", "geometry": {"type": "Point", "coordinates": [-122.4484170989, 37.7821833984]}, "properties": {"STREET_NAME": "GEARY BLVD", "STREET_NUM": "2,717", "ON_OFFSTREET_TYPE": "ON", "CAP_COLOR": "Grey", "PM_DISTRICT_ID": "20"}}, {"type": "Feature", "geometry": {"type": "Point", "coordinates": [-122.4538262987, 37.781502799]}, "properties": {"STREET_NAME": "GEARY BLVD", "STREET_NUM": "3,221", "ON_OFFSTREET_TYPE": "ON", "CAP_COLOR": "Red", "PM_DISTRICT_ID": "20"}}, {"type": "Feature", "geometry": {"type": "Point", "coordinates": [-122.4488629591, 37.7696993854]}, "properties": {"STREET_NAME": "HAIGHT ST", "STREET_NUM": "1,607", "ON_OFFSTREET_TYPE": "ON", "CAP_COLOR": "Grey", "PM_DISTRICT_ID": "23"}}, {"type": "Feature", "geometry": {"type": "Point", "coordinates": [-122.456163, 37.781197]}, "properties": {"STREET_NAME": "STANYAN ST", "STREET_NUM": "", "ON_OFFSTREET_TYPE": "ON", "CAP_COLOR": "Green", "PM_DISTRICT_ID": ""}}, {"type": "Feature", "geometry": {"type": "Point", "coordinates": [-122.4376540982, 37.7748182983]}, "properties": {"STREET_NAME": "DIVISADERO ST", "STREET_NUM": "528", "ON_OFFSTREET_TYPE": "ON", "CAP_COLOR": "Red", "PM_DISTRICT_ID": "17"}}, {"type": "Feature", "geometry": {"type": "Point", "coordinates": [-122.4496779998, 37.7657819026]}, "properties": {"STREET_NAME": "CARL ST", "STREET_NUM": "63", "ON_OFFSTREET_TYPE": "ON", "CAP_COLOR": "Grey", "PM_DISTRICT_ID": "23"}}, {"type": "Feature", "geometry": {"type": "Point", "coordinates": [-122.4334168479, 37.783269815]}, "properties": {"STREET_NAME": "OFARRELL ST", "STREET_NUM": "1,716", "ON_OFFSTREET_TYPE": "ON", "CAP_COLOR": "Grey", "PM_DISTRICT_ID": "5"}}, {"type": "Feature", "geometry": {"type": "Point", "coordinates": [-122.4380354022, 37.7756161996]}, "properties": {"STREET_NAME": "DIVISADERO ST", "STREET_NUM": "623", "ON_OFFSTREET_TYPE": "ON", "CAP_COLOR": "Green", "PM_DISTRICT_ID": "17"}}, {"type": "Feature", "geometry": {"type": "Point", "coordinates": [-122.4340873173, 37.7632577205]}, "properties": {"STREET_NAME": "MARKET ST", "STREET_NUM": "2,343", "ON_OFFSTREET_TYPE": "ON", "CAP_COLOR": "Grey", "PM_DISTRICT_ID": "16"}}, {"type": "Feature", "geometry": {"type": "Point", "coordinates": [-122.4379203916, 37.7761058919]}, "properties": {"STREET_NAME": "DIVISADERO ST", "STREET_NUM": "706", "ON_OFFSTREET_TYPE": "ON", "CAP_COLOR": "Black", "PM_DISTRICT_ID": "17"}}, {"type": "Feature", "geometry": {"type": "Point", "coordinates": [-122.4382318014, 37.7776630995]}, "properties": {"STREET_NAME": "DIVISADERO ST", "STREET_NUM": "828", "ON_OFFSTREET_TYPE": "ON", "CAP_COLOR": "Red", "PM_DISTRICT_ID": "17"}}, {"type": "Feature", "geometry": {"type": "Point", "coordinates": [-122.4466693995, 37.7699791015]}, "properties": {"STREET_NAME": "HAIGHT ST", "STREET_NUM": "1,441", "ON_OFFSTREET_TYPE": "ON", "CAP_COLOR": "Yellow", "PM_DISTRICT_ID": "23"}}, {"type": "Feature", "geometry": {"type": "Point", "coordinates": [-122.4564034992, 37.7815111977]}, "properties": {"STREET_NAME": "GEARY BLVD", "STREET_NUM": "3,422", "ON_OFFSTREET_TYPE": "ON", "CAP_COLOR": "Grey", "PM_DISTRICT_ID": "20"}}, {"type": "Feature", "geometry": {"type": "Point", "coordinates": [-122.4509351847, 37.7694351156]}, "properties": {"STREET_NAME": "HAIGHT ST", "STREET_NUM": "1,703", "ON_OFFSTREET_TYPE": "ON", "CAP_COLOR": "Grey", "PM_DISTRICT_ID": "23"}}, {"type": "Feature", "geometry": {"type": "Point", "coordinates": [-122.4319001005, 37.778973001]}, "properties": {"STREET_NAME": "FILLMORE ST", "STREET_NUM": "1,011", "ON_OFFSTREET_TYPE": "ON", "CAP_COLOR": "Grey", "PM_DISTRICT_ID": "5"}}, {"type": "Feature", "geometry": {"type": "Point", "coordinates": [-122.4336632892, 37.7831028106]}, "properties": {"STREET_NAME": "OFARRELL ST", "STREET_NUM": "1,721", "ON_OFFSTREET_TYPE": "ON", "CAP_COLOR": "Grey", "PM_DISTRICT_ID": "5"}}, {"type": "Feature", "geometry": {"type": "Point", "coordinates": [-122.4494221003, 37.7820637998]}, "properties": {"STREET_NAME": "GEARY BLVD", "STREET_NUM": "2,817", "ON_OFFSTREET_TYPE": "ON", "CAP_COLOR": "Grey", "PM_DISTRICT_ID": "20"}}, {"type": "Feature", "geometry": {"type": "Point", "coordinates": [-122.4500383993, 37.769549501]}, "properties": {"STREET_NAME": "HAIGHT ST", "STREET_NUM": "1,643", "ON_OFFSTREET_TYPE": "ON", "CAP_COLOR": "Grey", "PM_DISTRICT_ID": "23"}}, {"type": "Feature", "geometry": {"type": "Point", "coordinates": [-122.4494, 37.7697553997]}, "properties": {"STREET_NAME": "HAIGHT ST", "STREET_NUM": "1,622", "ON_OFFSTREET_TYPE": "ON", "CAP_COLOR": "Yellow", "PM_DISTRICT_ID": "23"}}, {"type": "Feature", "geometry": {"type": "Point", "coordinates": [-122.4463747979, 37.7701411013]}, "properties": {"STREET_NAME": "HAIGHT ST", "STREET_NUM": "1,432", "ON_OFFSTREET_TYPE": "ON", "CAP_COLOR": "Grey", "PM_DISTRICT_ID": "23"}}, {"type": "Feature", "geometry": {"type": "Point", "coordinates": [-122.429035099, 37.7722239987]}, "properties": {"STREET_NAME": "HAIGHT ST", "STREET_NUM": "405", "ON_OFFSTREET_TYPE": "ON", "CAP_COLOR": "Grey", "PM_DISTRICT_ID": "39"}}, {"type": "Feature", "geometry": {"type": "Point", "coordinates": [-122.4524802991, 37.7819495992]}, "properties": {"STREET_NAME": "GEARY BLVD", "STREET_NUM": "3,106", "ON_OFFSTREET_TYPE": "ON", "CAP_COLOR": "Grey", "PM_DISTRICT_ID": "20"}}, {"type": "Feature", "geometry": {"type": "Point", "coordinates": [-122.4493216013, 37.7697654021]}, "properties": {"STREET_NAME": "HAIGHT ST", "STREET_NUM": "1,620", "ON_OFFSTREET_TYPE": "ON", "CAP_COLOR": "Grey", "PM_DISTRICT_ID": "23"}}, {"type": "Feature", "geometry": {"type": "Point", "coordinates": [-122.4342134864, 37.76099159]}, "properties": {"STREET_NAME": "18TH ST", "STREET_NUM": "4,058", "ON_OFFSTREET_TYPE": "ON", "CAP_COLOR": "Black", "PM_DISTRICT_ID": "16"}}, {"type": "Feature", "geometry": {"type": "Point", "coordinates": [-122.4481985157, 37.769908587]}, "properties": {"STREET_NAME": "HAIGHT ST", "STREET_NUM": "1,540", "ON_OFFSTREET_TYPE": "ON", "CAP_COLOR": "Grey", "PM_DISTRICT_ID": "23"}}, {"type": "Feature", "geometry": {"type": "Point", "coordinates": [-122.4493209978, 37.7696409979]}, "properties": {"STREET_NAME": "HAIGHT ST", "STREET_NUM": "1,621", "ON_OFFSTREET_TYPE": "ON", "CAP_COLOR": "Grey", "PM_DISTRICT_ID": "23"}}, {"type": "Feature", "geometry": {"type": "Point", "coordinates": [-122.4575634, 37.7646497989]}, "properties": {"STREET_NAME": "ARGUELLO BLVD", "STREET_NUM": "1,290", "ON_OFFSTREET_TYPE": "ON", "CAP_COLOR": "Black", "PM_DISTRICT_ID": "24"}}, {"type": "Feature", "geometry": {"type": "Point", "coordinates": [-122.4490542018, 37.7696750005]}, "properties": {"STREET_NAME": "HAIGHT ST", "STREET_NUM": "1,613", "ON_OFFSTREET_TYPE": "ON", "CAP_COLOR": "Yellow", "PM_DISTRICT_ID": "23"}}, {"type": "Feature", "geometry": {"type": "Point", "coordinates": [-122.4323162005, 37.7810295009]}, "properties": {"STREET_NAME": "FILLMORE ST", "STREET_NUM": "1,217", "ON_OFFSTREET_TYPE": "ON", "CAP_COLOR": "Grey", "PM_DISTRICT_ID": "5"}}, {"type": "Feature", "geometry": {"type": "Point", "coordinates": [-122.435935199, 37.7607791972]}, "properties": {"STREET_NAME": "18TH ST", "STREET_NUM": "4,127", "ON_OFFSTREET_TYPE": "ON", "CAP_COLOR": "Grey", "PM_DISTRICT_ID": "16"}}, {"type": "Feature", "geometry": {"type": "Point", "coordinates": [-122.4397059993, 37.7838995987]}, "properties": {"STREET_NAME": "DIVISADERO ST", "STREET_NUM": "1,517", "ON_OFFSTREET_TYPE": "ON", "CAP_COLOR": "Black", "PM_DISTRICT_ID": "18"}}, {"type": "Feature", "geometry": {"type": "Point", "coordinates": [-122.4325104986, 37.7819899999]}, "properties": {"STREET_NAME": "FILLMORE ST", "STREET_NUM": "1,321", "ON_OFFSTREET_TYPE": "ON", "CAP_COLOR": "Grey", "PM_DISTRICT_ID": "5"}}, {"type": "Feature", "geometry": {"type": "Point", "coordinates": [-122.4350498018, 37.7603479986]}, "properties": {"STREET_NAME": "CASTRO ST", "STREET_NUM": "514", "ON_OFFSTREET_TYPE": "ON", "CAP_COLOR": "Yellow", "PM_DISTRICT_ID": "16"}}, {"type": "Feature", "geometry": {"type": "Point", "coordinates": [-122.4376447999, 37.7736959]}, "properties": {"STREET_NAME": "DIVISADERO ST", "STREET_NUM": "419", "ON_OFFSTREET_TYPE": "ON", "CAP_COLOR": "Grey", "PM_DISTRICT_ID": "17"}}, {"type": "Feature", "geometry": {"type": "Point", "coordinates": [-122.4290520975, 37.7723463018]}, "properties": {"STREET_NAME": "HAIGHT ST", "STREET_NUM": "404", "ON_OFFSTREET_TYPE": "ON", "CAP_COLOR": "Grey", "PM_DISTRICT_ID": "39"}}, {"type": "Feature", "geometry": {"type": "Point", "coordinates": [-122.4511550979, 37.7695315023]}, "properties": {"STREET_NAME": "HAIGHT ST", "STREET_NUM": "1,706", "ON_OFFSTREET_TYPE": "ON", "CAP_COLOR": "Green", "PM_DISTRICT_ID": "23"}}, {"type": "Feature", "geometry": {"type": "Point", "coordinates": [-122.4324576982, 37.7817289987]}, "properties": {"STREET_NAME": "FILLMORE ST", "STREET_NUM": "1,311", "ON_OFFSTREET_TYPE": "ON", "CAP_COLOR": "Yellow", "PM_DISTRICT_ID": "5"}}, {"type": "Feature", "geometry": {"type": "Point", "coordinates": [-122.4359702018, 37.7612134022]}, "properties": {"STREET_NAME": "18TH ST", "STREET_NUM": "4,116", "ON_OFFSTREET_TYPE": "OFF", "CAP_COLOR": "Grey", "PM_DISTRICT_ID": "16"}}, {"type": "Feature", "geometry": {"type": "Point", "coordinates": [-122.4346998015, 37.7609621015]}, "properties": {"STREET_NAME": "18TH ST", "STREET_NUM": "4,078", "ON_OFFSTREET_TYPE": "ON", "CAP_COLOR": "Yellow", "PM_DISTRICT_ID": "16"}}, {"type": "Feature", "geometry": {"type": "Point", "coordinates": [-122.4374180974, 37.7725813974]}, "properties": {"STREET_NAME": "DIVISADERO ST", "STREET_NUM": "313", "ON_OFFSTREET_TYPE": "ON", "CAP_COLOR": "Grey", "PM_DISTRICT_ID": "17"}}, {"type": "Feature", "geometry": {"type": "Point", "coordinates": [-122.4344392975, 37.7617051014]}, "properties": {"STREET_NAME": "CASTRO ST", "STREET_NUM": "457", "ON_OFFSTREET_TYPE": "OFF", "CAP_COLOR": "Grey", "PM_DISTRICT_ID": "16"}}, {"type": "Feature", "geometry": {"type": "Point", "coordinates": [-122.4566184, 37.7640385003]}, "properties": {"STREET_NAME": "HILLWAY AVE", "STREET_NUM": "62", "ON_OFFSTREET_TYPE": "ON", "CAP_COLOR": "Grey", "PM_DISTRICT_ID": "24"}}, {"type": "Feature", "geometry": {"type": "Point", "coordinates": [-122.4377747026, 37.7743345004]}, "properties": {"STREET_NAME": "DIVISADERO ST", "STREET_NUM": "509", "ON_OFFSTREET_TYPE": "ON", "CAP_COLOR": "Grey", "PM_DISTRICT_ID": "17"}}, {"type": "Feature", "geometry": {"type": "Point", "coordinates": [-122.4383931027, 37.7773747005]}, "properties": {"STREET_NAME": "DIVISADERO ST", "STREET_NUM": "819", "ON_OFFSTREET_TYPE": "ON", "CAP_COLOR": "Green", "PM_DISTRICT_ID": "17"}}, {"type": "Feature", "geometry": {"type": "Point", "coordinates": [-122.4409717002, 37.7829797015]}, "properties": {"STREET_NAME": "GEARY BLVD", "STREET_NUM": "2,239", "ON_OFFSTREET_TYPE": "ON", "CAP_COLOR": "Grey", "PM_DISTRICT_ID": "18"}}, {"type": "Feature", "geometry": {"type": "Point", "coordinates": [-122.4468303991, 37.7698322003]}, "properties": {"STREET_NAME": "ASHBURY ST", "STREET_NUM": "606", "ON_OFFSTREET_TYPE": "ON", "CAP_COLOR": "Grey", "PM_DISTRICT_ID": "23"}}, {"type": "Feature", "geometry": {"type": "Point", "coordinates": [-122.4325230994, 37.7820522998]}, "properties": {"STREET_NAME": "FILLMORE ST", "STREET_NUM": "1,323", "ON_OFFSTREET_TYPE": "ON", "CAP_COLOR": "Grey", "PM_DISTRICT_ID": "5"}}, {"type": "Feature", "geometry": {"type": "Point", "coordinates": [-122.4328755976, 37.7837945008]}, "properties": {"STREET_NAME": "FILLMORE ST", "STREET_NUM": "1,517", "ON_OFFSTREET_TYPE": "ON", "CAP_COLOR": "Grey", "PM_DISTRICT_ID": "5"}}, {"type": "Feature", "geometry": {"type": "Point", "coordinates": [-122.4294933991, 37.7672397]}, "properties": {"STREET_NAME": "MARKET ST", "STREET_NUM": "2,112", "ON_OFFSTREET_TYPE": "ON", "CAP_COLOR": "Grey", "PM_DISTRICT_ID": "16"}}, {"type": "Feature", "geometry": {"type": "Point", "coordinates": [-122.4376556014, 37.7737487004]}, "properties": {"STREET_NAME": "DIVISADERO ST", "STREET_NUM": "421", "ON_OFFSTREET_TYPE": "ON", "CAP_COLOR": "Grey", "PM_DISTRICT_ID": "17"}}, {"type": "Feature", "geometry": {"type": "Point", "coordinates": [-122.4526870025, 37.7816479009]}, "properties": {"STREET_NAME": "GEARY BLVD", "STREET_NUM": "3,115", "ON_OFFSTREET_TYPE": "ON", "CAP_COLOR": "Green", "PM_DISTRICT_ID": "20"}}, {"type": "Feature", "geometry": {"type": "Point", "coordinates": [-122.4316151996, 37.7652127993]}, "properties": {"STREET_NAME": "MARKET ST", "STREET_NUM": "2,225", "ON_OFFSTREET_TYPE": "ON", "CAP_COLOR": "Red", "PM_DISTRICT_ID": "16"}}, {"type": "Feature", "geometry": {"type": "Point", "coordinates": [-122.4468206984, 37.7697843005]}, "properties": {"STREET_NAME": "ASHBURY ST", "STREET_NUM": "608", "ON_OFFSTREET_TYPE": "ON", "CAP_COLOR": "Grey", "PM_DISTRICT_ID": "23"}}, {"type": "Feature", "geometry": {"type": "Point", "coordinates": [-122.4356231016, 37.7611846019]}, "properties": {"STREET_NAME": "18TH ST", "STREET_NUM": "4,116", "ON_OFFSTREET_TYPE": "OFF", "CAP_COLOR": "Grey", "PM_DISTRICT_ID": "16"}}, {"type": "Feature", "geometry": {"type": "Point", "coordinates": [-122.4376423021, 37.7747602005]}, "properties": {"STREET_NAME": "DIVISADERO ST", "STREET_NUM": "524", "ON_OFFSTREET_TYPE": "ON", "CAP_COLOR": "Red", "PM_DISTRICT_ID": "17"}}, {"type": "Feature", "geometry": {"type": "Point", "coordinates": [-122.4316273981, 37.7655520988]}, "properties": {"STREET_NAME": "MARKET ST", "STREET_NUM": "2,210", "ON_OFFSTREET_TYPE": "ON", "CAP_COLOR": "Grey", "PM_DISTRICT_ID": "16"}}, {"type": "Feature", "geometry": {"type": "Point", "coordinates": [-122.4326260013, 37.7825609025]}, "properties": {"STREET_NAME": "FILLMORE ST", "STREET_NUM": "1,407", "ON_OFFSTREET_TYPE": "ON", "CAP_COLOR": "Grey", "PM_DISTRICT_ID": "5"}}, {"type": "Feature", "geometry": {"type": "Point", "coordinates": [-122.4516813026, 37.7820514002]}, "properties": {"STREET_NAME": "GEARY BLVD", "STREET_NUM": "3,012", "ON_OFFSTREET_TYPE": "ON", "CAP_COLOR": "Grey", "PM_DISTRICT_ID": "20"}}, {"type": "Feature", "geometry": {"type": "Point", "coordinates": [-122.4498579984, 37.7649673995]}, "properties": {"STREET_NAME": "COLE ST", "STREET_NUM": "929", "ON_OFFSTREET_TYPE": "ON", "CAP_COLOR": "Green", "PM_DISTRICT_ID": "23"}}, {"type": "Feature", "geometry": {"type": "Point", "coordinates": [-122.4336219413, 37.7609161557]}, "properties": {"STREET_NAME": "18TH ST", "STREET_NUM": "4,017", "ON_OFFSTREET_TYPE": "ON", "CAP_COLOR": "Grey", "PM_DISTRICT_ID": "16"}}, {"type": "Feature", "geometry": {"type": "Point", "coordinates": [-122.4535798788, 37.7698334801]}, "properties": {"STREET_NAME": "STANYAN ST", "STREET_NUM": "656", "ON_OFFSTREET_TYPE": "ON", "CAP_COLOR": "Grey", "PM_DISTRICT_ID": "23"}}, {"type": "Feature", "geometry": {"type": "Point", "coordinates": [-122.4492266008, 37.7820886996]}, "properties": {"STREET_NAME": "GEARY BLVD", "STREET_NUM": "2,811", "ON_OFFSTREET_TYPE": "ON", "CAP_COLOR": "Grey", "PM_DISTRICT_ID": "20"}}, {"type": "Feature", "geometry": {"type": "Point", "coordinates": [-122.4526713004, 37.7819252972]}, "properties": {"STREET_NAME": "GEARY BLVD", "STREET_NUM": "3,112", "ON_OFFSTREET_TYPE": "ON", "CAP_COLOR": "Green", "PM_DISTRICT_ID": "20"}}, {"type": "Feature", "geometry": {"type": "Point", "coordinates": [-122.4294317977, 37.7669394993]}, "properties": {"STREET_NAME": "MARKET ST", "STREET_NUM": "2,121", "ON_OFFSTREET_TYPE": "ON", "CAP_COLOR": "Yellow", "PM_DISTRICT_ID": "16"}}, {"type": "Feature", "geometry": {"type": "Point", "coordinates": [-122.4476743003, 37.7825701003]}, "properties": {"STREET_NAME": "GEARY BLVD", "STREET_NUM": "2,610", "ON_OFFSTREET_TYPE": "ON", "CAP_COLOR": "Grey", "PM_DISTRICT_ID": "20"}}, {"type": "Feature", "geometry": {"type": "Point", "coordinates": [-122.4432318022, 37.7826915988]}, "properties": {"STREET_NAME": "GEARY BLVD", "STREET_NUM": "2,409", "ON_OFFSTREET_TYPE": "ON", "CAP_COLOR": "Grey", "PM_DISTRICT_ID": "18"}}, {"type": "Feature", "geometry": {"type": "Point", "coordinates": [-122.4524032024, 37.7819594004]}, "properties": {"STREET_NAME": "GEARY BLVD", "STREET_NUM": "3,104", "ON_OFFSTREET_TYPE": "ON", "CAP_COLOR": "Grey", "PM_DISTRICT_ID": "20"}}, {"type": "Feature", "geometry": {"type": "Point", "coordinates": [-122.4499593021, 37.7696840026]}, "properties": {"STREET_NAME": "HAIGHT ST", "STREET_NUM": "1,642", "ON_OFFSTREET_TYPE": "ON", "CAP_COLOR": "Grey", "PM_DISTRICT_ID": "23"}}, {"type": "Feature", "geometry": {"type": "Point", "coordinates": [-122.4520094988, 37.7692980998]}, "properties": {"STREET_NAME": "HAIGHT ST", "STREET_NUM": "1,803", "ON_OFFSTREET_TYPE": "ON", "CAP_COLOR": "Black", "PM_DISTRICT_ID": "23"}}, {"type": "Feature", "geometry": {"type": "Point", "coordinates": [-122.438394902, 37.776760402]}, "properties": {"STREET_NAME": "FULTON ST", "STREET_NUM": "1,303", "ON_OFFSTREET_TYPE": "ON", "CAP_COLOR": "Yellow", "PM_DISTRICT_ID": "17"}}, {"type": "Feature", "geometry": {"type": "Point", "coordinates": [-122.4476152023, 37.7698585027]}, "properties": {"STREET_NAME": "HAIGHT ST", "STREET_NUM": "1,519", "ON_OFFSTREET_TYPE": "ON", "CAP_COLOR": "Grey", "PM_DISTRICT_ID": "23"}}, {"type": "Feature", "geometry": {"type": "Point", "coordinates": [-122.4322412999, 37.7650666022]}, "properties": {"STREET_NAME": "MARKET ST", "STREET_NUM": "2,240", "ON_OFFSTREET_TYPE": "ON", "CAP_COLOR": "Grey", "PM_DISTRICT_ID": "16"}}, {"type": "Feature", "geometry": {"type": "Point", "coordinates": [-122.4408129023, 37.7830000025]}, "properties": {"STREET_NAME": "GEARY BLVD", "STREET_NUM": "2,235", "ON_OFFSTREET_TYPE": "ON", "CAP_COLOR": "Grey", "PM_DISTRICT_ID": "18"}}, {"type": "Feature", "geometry": {"type": "Point", "coordinates": [-122.4587919002, 37.7815248993]}, "properties": {"STREET_NAME": "ARGUELLO BLVD", "STREET_NUM": "494", "ON_OFFSTREET_TYPE": "ON", "CAP_COLOR": "Grey", "PM_DISTRICT_ID": "9"}}, {"type": "Feature", "geometry": {"type": "Point", "coordinates": [-122.4350334012, 37.7601716992]}, "properties": {"STREET_NAME": "CASTRO ST", "STREET_NUM": "520", "ON_OFFSTREET_TYPE": "ON", "CAP_COLOR": "Grey", "PM_DISTRICT_ID": "16"}}, {"type": "Feature", "geometry": {"type": "Point", "coordinates": [-122.4498206989, 37.7695772004]}, "properties": {"STREET_NAME": "HAIGHT ST", "STREET_NUM": "1,639", "ON_OFFSTREET_TYPE": "ON", "CAP_COLOR": "Grey", "PM_DISTRICT_ID": "23"}}, {"type": "Feature", "geometry": {"type": "Point", "coordinates": [-122.4386002028, 37.7767343008]}, "properties": {"STREET_NAME": "FULTON ST", "STREET_NUM": "1,309", "ON_OFFSTREET_TYPE": "ON", "CAP_COLOR": "Grey", "PM_DISTRICT_ID": "17"}}, {"type": "Feature", "geometry": {"type": "Point", "coordinates": [-122.4332160984, 37.7646466018]}, "properties": {"STREET_NAME": "NOE ST", "STREET_NUM": "262", "ON_OFFSTREET_TYPE": "ON", "CAP_COLOR": "Grey", "PM_DISTRICT_ID": "16"}}, {"type": "Feature", "geometry": {"type": "Point", "coordinates": [-122.4459092, 37.7702005011]}, "properties": {"STREET_NAME": "HAIGHT ST", "STREET_NUM": "1,416", "ON_OFFSTREET_TYPE": "ON", "CAP_COLOR": "Yellow", "PM_DISTRICT_ID": "23"}}, {"type": "Feature", "geometry": {"type": "Point", "coordinates": [-122.4460538996, 37.7701819994]}, "properties": {"STREET_NAME": "HAIGHT ST", "STREET_NUM": "1,420", "ON_OFFSTREET_TYPE": "ON", "CAP_COLOR": "Grey", "PM_DISTRICT_ID": "23"}}, {"type": "Feature", "geometry": {"type": "Point", "coordinates": [-122.4323261024, 37.7810783003]}, "properties": {"STREET_NAME": "FILLMORE ST", "STREET_NUM": "1,219", "ON_OFFSTREET_TYPE": "ON", "CAP_COLOR": "Grey", "PM_DISTRICT_ID": "5"}}, {"type": "Feature", "geometry": {"type": "Point", "coordinates": [-122.4514538885, 37.769368959]}, "properties": {"STREET_NAME": "HAIGHT ST", "STREET_NUM": "1,717", "ON_OFFSTREET_TYPE": "ON", "CAP_COLOR": "Grey", "PM_DISTRICT_ID": "23"}}, {"type": "Feature", "geometry": {"type": "Point", "coordinates": [-122.4388594693, 37.7767013726]}, "properties": {"STREET_NAME": "FULTON ST", "STREET_NUM": "1,319", "ON_OFFSTREET_TYPE": "ON", "CAP_COLOR": "Yellow", "PM_DISTRICT_ID": "17"}}, {"type": "Feature", "geometry": {"type": "Point", "coordinates": [-122.4440361017, 37.7825889987]}, "properties": {"STREET_NAME": "GEARY BLVD", "STREET_NUM": "2,433", "ON_OFFSTREET_TYPE": "ON", "CAP_COLOR": "Grey", "PM_DISTRICT_ID": "18"}}, {"type": "Feature", "geometry": {"type": "Point", "coordinates": [-122.4517610983, 37.7691979025]}, "properties": {"STREET_NAME": "SHRADER ST", "STREET_NUM": "606", "ON_OFFSTREET_TYPE": "ON", "CAP_COLOR": "Grey", "PM_DISTRICT_ID": "23"}}, {"type": "Feature", "geometry": {"type": "Point", "coordinates": [-122.4498387982, 37.7655452982]}, "properties": {"STREET_NAME": "COLE ST", "STREET_NUM": "908", "ON_OFFSTREET_TYPE": "ON", "CAP_COLOR": "Grey", "PM_DISTRICT_ID": "23"}}, {"type": "Feature", "geometry": {"type": "Point", "coordinates": [-122.4350066015, 37.7620640983]}, "properties": {"STREET_NAME": "CASTRO ST", "STREET_NUM": "411", "ON_OFFSTREET_TYPE": "ON", "CAP_COLOR": "Yellow", "PM_DISTRICT_ID": "16"}}, {"type": "Feature", "geometry": {"type": "Point", "coordinates": [-122.430725198, 37.7720089973]}, "properties": {"STREET_NAME": "HAIGHT ST", "STREET_NUM": "507", "ON_OFFSTREET_TYPE": "ON", "CAP_COLOR": "Yellow", "PM_DISTRICT_ID": "39"}}, {"type": "Feature", "geometry": {"type": "Point", "coordinates": [-122.4348427017, 37.7603026022]}, "properties": {"STREET_NAME": "CASTRO ST", "STREET_NUM": "517", "ON_OFFSTREET_TYPE": "ON", "CAP_COLOR": "Grey", "PM_DISTRICT_ID": "16"}}, {"type": "Feature", "geometry": {"type": "Point", "coordinates": [-122.4442167036, 37.77029178]}, "properties": {"STREET_NAME": "HAIGHT ST", "STREET_NUM": "1,315", "ON_OFFSTREET_TYPE": "ON", "CAP_COLOR": "Grey", "PM_DISTRICT_ID": "23"}}, {"type": "Feature", "geometry": {"type": "Point", "coordinates": [-122.4573362153, 37.7811976073]}, "properties": {"STREET_NAME": "GEARY BLVD", "STREET_NUM": "3,531", "ON_OFFSTREET_TYPE": "ON", "CAP_COLOR": "Grey", "PM_DISTRICT_ID": "20"}}, {"type": "Feature", "geometry": {"type": "Point", "coordinates": [-122.4513473005, 37.7818186012]}, "properties": {"STREET_NAME": "GEARY BLVD", "STREET_NUM": "3,007", "ON_OFFSTREET_TYPE": "ON", "CAP_COLOR": "Grey", "PM_DISTRICT_ID": "20"}}, {"type": "Feature", "geometry": {"type": "Point", "coordinates": [-122.4390286018, 37.7766799022]}, "properties": {"STREET_NAME": "FULTON ST", "STREET_NUM": "1,325", "ON_OFFSTREET_TYPE": "ON", "CAP_COLOR": "Grey", "PM_DISTRICT_ID": "17"}}, {"type": "Feature", "geometry": {"type": "Point", "coordinates": [-122.4371166003, 37.7605992992]}, "properties": {"STREET_NAME": "DIAMOND ST", "STREET_NUM": "103", "ON_OFFSTREET_TYPE": "ON", "CAP_COLOR": "Grey", "PM_DISTRICT_ID": "16"}}, {"type": "Feature", "geometry": {"type": "Point", "coordinates": [-122.4344091003, 37.7837087986]}, "properties": {"STREET_NAME": "STEINER ST", "STREET_NUM": "1,522", "ON_OFFSTREET_TYPE": "ON", "CAP_COLOR": "Grey", "PM_DISTRICT_ID": "5"}}, {"type": "Feature", "geometry": {"type": "Point", "coordinates": [-122.4350556937, 37.7838814651]}, "properties": {"STREET_NAME": "GEARY BLVD", "STREET_NUM": "1,913", "ON_OFFSTREET_TYPE": "ON", "CAP_COLOR": "Grey", "PM_DISTRICT_ID": "18"}}, {"type": "Feature", "geometry": {"type": "Point", "coordinates": [-122.4384832196, 37.7768848051]}, "properties": {"STREET_NAME": "FULTON ST", "STREET_NUM": "1,304", "ON_OFFSTREET_TYPE": "ON", "CAP_COLOR": "Grey", "PM_DISTRICT_ID": "17"}}, {"type": "Feature", "geometry": {"type": "Point", "coordinates": [-122.4518797023, 37.7691134018]}, "properties": {"STREET_NAME": "SHRADER ST", "STREET_NUM": "605", "ON_OFFSTREET_TYPE": "ON", "CAP_COLOR": "Grey", "PM_DISTRICT_ID": "23"}}, {"type": "Feature", "geometry": {"type": "Point", "coordinates": [-122.4441098009, 37.7825795998]}, "properties": {"STREET_NAME": "GEARY BLVD", "STREET_NUM": "2,435", "ON_OFFSTREET_TYPE": "ON", "CAP_COLOR": "Grey", "PM_DISTRICT_ID": "18"}}, {"type": "Feature", "geometry": {"type": "Point", "coordinates": [-122.4381162987, 37.7770853014]}, "properties": {"STREET_NAME": "DIVISADERO ST", "STREET_NUM": "804", "ON_OFFSTREET_TYPE": "ON", "CAP_COLOR": "Grey", "PM_DISTRICT_ID": "17"}}, {"type": "Feature", "geometry": {"type": "Point", "coordinates": [-122.4492895992, 37.7823559985]}, "properties": {"STREET_NAME": "GEARY BLVD", "STREET_NUM": "2,802", "ON_OFFSTREET_TYPE": "ON", "CAP_COLOR": "Grey", "PM_DISTRICT_ID": "20"}}, {"type": "Feature", "geometry": {"type": "Point", "coordinates": [-122.4297690016, 37.7670216978]}, "properties": {"STREET_NAME": "MARKET ST", "STREET_NUM": "2,122", "ON_OFFSTREET_TYPE": "ON", "CAP_COLOR": "Grey", "PM_DISTRICT_ID": "16"}}, {"type": "Feature", "geometry": {"type": "Point", "coordinates": [-122.4543782973, 37.7814328995]}, "properties": {"STREET_NAME": "GEARY BLVD", "STREET_NUM": "3,303", "ON_OFFSTREET_TYPE": "ON", "CAP_COLOR": "Grey", "PM_DISTRICT_ID": "20"}}, {"type": "Feature", "geometry": {"type": "Point", "coordinates": [-122.4344402027, 37.7617268999]}, "properties": {"STREET_NAME": "CASTRO ST", "STREET_NUM": "457", "ON_OFFSTREET_TYPE": "OFF", "CAP_COLOR": "Grey", "PM_DISTRICT_ID": "16"}}, {"type": "Feature", "geometry": {"type": "Point", "coordinates": [-122.4552187004, 37.7815990009]}, "properties": {"STREET_NAME": "GEARY BLVD", "STREET_NUM": "3,328", "ON_OFFSTREET_TYPE": "ON", "CAP_COLOR": "Green", "PM_DISTRICT_ID": "20"}}, {"type": "Feature", "geometry": {"type": "Point", "coordinates": [-122.4357233995, 37.7612354019]}, "properties": {"STREET_NAME": "18TH ST", "STREET_NUM": "4,116", "ON_OFFSTREET_TYPE": "OFF", "CAP_COLOR": "Grey", "PM_DISTRICT_ID": "16"}}, {"type": "Feature", "geometry": {"type": "Point", "coordinates": [-122.4569620022, 37.7812141989]}, "properties": {"STREET_NAME": "GEARY BLVD", "STREET_NUM": "3,517", "ON_OFFSTREET_TYPE": "ON", "CAP_COLOR": "Grey", "PM_DISTRICT_ID": "20"}}, {"type": "Feature", "geometry": {"type": "Point", "coordinates": [-122.435396902, 37.7608126019]}, "properties": {"STREET_NAME": "18TH ST", "STREET_NUM": "4,109", "ON_OFFSTREET_TYPE": "ON", "CAP_COLOR": "Grey", "PM_DISTRICT_ID": "16"}}, {"type": "Feature", "geometry": {"type": "Point", "coordinates": [-122.4576240999, 37.7636172985]}, "properties": {"STREET_NAME": "PARNASSUS AVE", "STREET_NUM": "394", "ON_OFFSTREET_TYPE": "ON", "CAP_COLOR": "Red", "PM_DISTRICT_ID": "24"}}, {"type": "Feature", "geometry": {"type": "Point", "coordinates": [-122.4386715998, 37.7758927018]}, "properties": {"STREET_NAME": "GROVE ST", "STREET_NUM": "1,316", "ON_OFFSTREET_TYPE": "ON", "CAP_COLOR": "Grey", "PM_DISTRICT_ID": "17"}}, {"type": "Feature", "geometry": {"type": "Point", "coordinates": [-122.4465929006, 37.7701133014]}, "properties": {"STREET_NAME": "HAIGHT ST", "STREET_NUM": "1,438", "ON_OFFSTREET_TYPE": "ON", "CAP_COLOR": "Grey", "PM_DISTRICT_ID": "23"}}, {"type": "Feature", "geometry": {"type": "Point", "coordinates": [-122.4499151015, 37.7652507023]}, "properties": {"STREET_NAME": "COLE ST", "STREET_NUM": "917", "ON_OFFSTREET_TYPE": "ON", "CAP_COLOR": "Yellow", "PM_DISTRICT_ID": "23"}}, {"type": "Feature", "geometry": {"type": "Point", "coordinates": [-122.4434997996, 37.7826574006]}, "properties": {"STREET_NAME": "GEARY BLVD", "STREET_NUM": "2,417", "ON_OFFSTREET_TYPE": "ON", "CAP_COLOR": "Grey", "PM_DISTRICT_ID": "18"}}, {"type": "Feature", "geometry": {"type": "Point", "coordinates": [-122.4326800981, 37.7828278997]}, "properties": {"STREET_NAME": "FILLMORE ST", "STREET_NUM": "1,417", "ON_OFFSTREET_TYPE": "ON", "CAP_COLOR": "Grey", "PM_DISTRICT_ID": "5"}}, {"type": "Feature", "geometry": {"type": "Point", "coordinates": [-122.4308802017, 37.7719891992]}, "properties": {"STREET_NAME": "HAIGHT ST", "STREET_NUM": "511", "ON_OFFSTREET_TYPE": "ON", "CAP_COLOR": "Yellow", "PM_DISTRICT_ID": "39"}}, {"type": "Feature", "geometry": {"type": "Point", "coordinates": [-122.4345130974, 37.7835513976]}, "properties": {"STREET_NAME": "STEINER ST", "STREET_NUM": "1,517", "ON_OFFSTREET_TYPE": "ON", "CAP_COLOR": "Grey", "PM_DISTRICT_ID": "5"}}, {"type": "Feature", "geometry": {"type": "Point", "coordinates": [-122.4486054012, 37.7695941989]}, "properties": {"STREET_NAME": "CLAYTON ST", "STREET_NUM": "603", "ON_OFFSTREET_TYPE": "ON", "CAP_COLOR": "Grey", "PM_DISTRICT_ID": "23"}}, {"type": "Feature", "geometry": {"type": "Point", "coordinates": [-122.4323817973, 37.7820250978]}, "properties": {"STREET_NAME": "FILLMORE ST", "STREET_NUM": "1,318", "ON_OFFSTREET_TYPE": "ON", "CAP_COLOR": "Grey", "PM_DISTRICT_ID": "5"}}, {"type": "Feature", "geometry": {"type": "Point", "coordinates": [-122.4320738015, 37.779831699]}, "properties": {"STREET_NAME": "FILLMORE ST", "STREET_NUM": "1,107", "ON_OFFSTREET_TYPE": "ON", "CAP_COLOR": "Grey", "PM_DISTRICT_ID": "5"}}, {"type": "Feature", "geometry": {"type": "Point", "coordinates": [-122.4359313992, 37.7612176993]}, "properties": {"STREET_NAME": "18TH ST", "STREET_NUM": "4,116", "ON_OFFSTREET_TYPE": "OFF", "CAP_COLOR": "Grey", "PM_DISTRICT_ID": "16"}}, {"type": "Feature", "geometry": {"type": "Point", "coordinates": [-122.4438992978, 37.7826063995]}, "properties": {"STREET_NAME": "GEARY BLVD", "STREET_NUM": "2,429", "ON_OFFSTREET_TYPE": "ON", "CAP_COLOR": "Grey", "PM_DISTRICT_ID": "18"}}, {"type": "Feature", "geometry": {"type": "Point", "coordinates": [-122.4498902017, 37.7651271977]}, "properties": {"STREET_NAME": "COLE ST", "STREET_NUM": "923", "ON_OFFSTREET_TYPE": "ON", "CAP_COLOR": "Grey", "PM_DISTRICT_ID": "23"}}, {"type": "Feature", "geometry": {"type": "Point", "coordinates": [-122.4349283983, 37.7612234996]}, "properties": {"STREET_NAME": "CASTRO ST", "STREET_NUM": "441", "ON_OFFSTREET_TYPE": "ON", "CAP_COLOR": "Grey", "PM_DISTRICT_ID": "16"}}, {"type": "Feature", "geometry": {"type": "Point", "coordinates": [-122.4310880003, 37.7719628018]}, "properties": {"STREET_NAME": "HAIGHT ST", "STREET_NUM": "519", "ON_OFFSTREET_TYPE": "ON", "CAP_COLOR": "Yellow", "PM_DISTRICT_ID": "39"}}, {"type": "Feature", "geometry": {"type": "Point", "coordinates": [-122.4510382792, 37.7695464398]}, "properties": {"STREET_NAME": "HAIGHT ST", "STREET_NUM": "1,702", "ON_OFFSTREET_TYPE": "ON", "CAP_COLOR": "Yellow", "PM_DISTRICT_ID": "23"}}, {"type": "Feature", "geometry": {"type": "Point", "coordinates": [-122.456368, 37.781095]}, "properties": {"STREET_NAME": "STANYAN ST", "STREET_NUM": "", "ON_OFFSTREET_TYPE": "ON", "CAP_COLOR": "Grey", "PM_DISTRICT_ID": ""}}, {"type": "Feature", "geometry": {"type": "Point", "coordinates": [-122.4327804015, 37.7839946997]}, "properties": {"STREET_NAME": "FILLMORE ST", "STREET_NUM": "1,526", "ON_OFFSTREET_TYPE": "ON", "CAP_COLOR": "Grey", "PM_DISTRICT_ID": "5"}}, {"type": "Feature", "geometry": {"type": "Point", "coordinates": [-122.4558702984, 37.7812626016]}, "properties": {"STREET_NAME": "GEARY BLVD", "STREET_NUM": "3,415", "ON_OFFSTREET_TYPE": "ON", "CAP_COLOR": "Grey", "PM_DISTRICT_ID": "20"}}, {"type": "Feature", "geometry": {"type": "Point", "coordinates": [-122.4325323978, 37.7644875021]}, "properties": {"STREET_NAME": "MARKET ST", "STREET_NUM": "2,263", "ON_OFFSTREET_TYPE": "ON", "CAP_COLOR": "Grey", "PM_DISTRICT_ID": "16"}}, {"type": "Feature", "geometry": {"type": "Point", "coordinates": [-122.4534440001, 37.7818267987]}, "properties": {"STREET_NAME": "GEARY BLVD", "STREET_NUM": "3,204", "ON_OFFSTREET_TYPE": "ON", "CAP_COLOR": "Grey", "PM_DISTRICT_ID": "20"}}, {"type": "Feature", "geometry": {"type": "Point", "coordinates": [-122.4319712014, 37.7719748997]}, "properties": {"STREET_NAME": "HAIGHT ST", "STREET_NUM": "540", "ON_OFFSTREET_TYPE": "ON", "CAP_COLOR": "Yellow", "PM_DISTRICT_ID": "39"}}, {"type": "Feature", "geometry": {"type": "Point", "coordinates": [-122.4461531022, 37.7701693986]}, "properties": {"STREET_NAME": "HAIGHT ST", "STREET_NUM": "1,424", "ON_OFFSTREET_TYPE": "ON", "CAP_COLOR": "Black", "PM_DISTRICT_ID": "23"}}, {"type": "Feature", "geometry": {"type": "Point", "coordinates": [-122.4503859018, 37.7819409993]}, "properties": {"STREET_NAME": "GEARY BLVD", "STREET_NUM": "2,907", "ON_OFFSTREET_TYPE": "ON", "CAP_COLOR": "Red", "PM_DISTRICT_ID": "20"}}, {"type": "Feature", "geometry": {"type": "Point", "coordinates": [-122.4295707026, 37.7668296014]}, "properties": {"STREET_NAME": "MARKET ST", "STREET_NUM": "2,127", "ON_OFFSTREET_TYPE": "ON", "CAP_COLOR": "Grey", "PM_DISTRICT_ID": "16"}}, {"type": "Feature", "geometry": {"type": "Point", "coordinates": [-122.4340893028, 37.7636051]}, "properties": {"STREET_NAME": "MARKET ST", "STREET_NUM": "2,320", "ON_OFFSTREET_TYPE": "ON", "CAP_COLOR": "Grey", "PM_DISTRICT_ID": "16"}}, {"type": "Feature", "geometry": {"type": "Point", "coordinates": [-122.4302145459, 37.7663401473]}, "properties": {"STREET_NAME": "MARKET ST", "STREET_NUM": "2,149", "ON_OFFSTREET_TYPE": "ON", "CAP_COLOR": "Grey", "PM_DISTRICT_ID": "16"}}, {"type": "Feature", "geometry": {"type": "Point", "coordinates": [-122.4322356567, 37.7647221736]}, "properties": {"STREET_NAME": "MARKET ST", "STREET_NUM": "2,251", "ON_OFFSTREET_TYPE": "ON", "CAP_COLOR": "Grey", "PM_DISTRICT_ID": "16"}}, {"type": "Feature", "geometry": {"type": "Point", "coordinates": [-122.4294926, 37.772290199]}, "properties": {"STREET_NAME": "HAIGHT ST", "STREET_NUM": "416", "ON_OFFSTREET_TYPE": "ON", "CAP_COLOR": "Grey", "PM_DISTRICT_ID": "39"}}, {"type": "Feature", "geometry": {"type": "Point", "coordinates": [-122.4301740226, 37.7663736436]}, "properties": {"STREET_NAME": "MARKET ST", "STREET_NUM": "2,147", "ON_OFFSTREET_TYPE": "ON", "CAP_COLOR": "Grey", "PM_DISTRICT_ID": "16"}}, {"type": "Feature", "geometry": {"type": "Point", "coordinates": [-122.434494998, 37.7609745011]}, "properties": {"STREET_NAME": "18TH ST", "STREET_NUM": "4,066", "ON_OFFSTREET_TYPE": "ON", "CAP_COLOR": "Grey", "PM_DISTRICT_ID": "16"}}, {"type": "Feature", "geometry": {"type": "Point", "coordinates": [-122.4294176993, 37.772299799]}, "properties": {"STREET_NAME": "HAIGHT ST", "STREET_NUM": "414", "ON_OFFSTREET_TYPE": "ON", "CAP_COLOR": "Grey", "PM_DISTRICT_ID": "39"}}, {"type": "Feature", "geometry": {"type": "Point", "coordinates": [-122.4484847018, 37.7696686973]}, "properties": {"STREET_NAME": "CLAYTON ST", "STREET_NUM": "604", "ON_OFFSTREET_TYPE": "ON", "CAP_COLOR": "Grey", "PM_DISTRICT_ID": "23"}}, {"type": "Feature", "geometry": {"type": "Point", "coordinates": [-122.4371696019, 37.7741841012]}, "properties": {"STREET_NAME": "FELL ST", "STREET_NUM": "1,132", "ON_OFFSTREET_TYPE": "ON", "CAP_COLOR": "Grey", "PM_DISTRICT_ID": "17"}}, {"type": "Feature", "geometry": {"type": "Point", "coordinates": [-122.4495546185, 37.769551316]}, "properties": {"STREET_NAME": "BELVEDERE ST", "STREET_NUM": "2", "ON_OFFSTREET_TYPE": "ON", "CAP_COLOR": "Grey", "PM_DISTRICT_ID": "23"}}, {"type": "Feature", "geometry": {"type": "Point", "coordinates": [-122.4383815021, 37.7773165022]}, "properties": {"STREET_NAME": "DIVISADERO ST", "STREET_NUM": "815", "ON_OFFSTREET_TYPE": "ON", "CAP_COLOR": "Grey", "PM_DISTRICT_ID": "17"}}, {"type": "Feature", "geometry": {"type": "Point", "coordinates": [-122.4423573015, 37.7824094024]}, "properties": {"STREET_NAME": "SAINT JOSEPHS AVE", "STREET_NUM": "315", "ON_OFFSTREET_TYPE": "ON", "CAP_COLOR": "Grey", "PM_DISTRICT_ID": "18"}}, {"type": "Feature", "geometry": {"type": "Point", "coordinates": [-122.4464233012, 37.7700105001]}, "properties": {"STREET_NAME": "HAIGHT ST", "STREET_NUM": "1,433", "ON_OFFSTREET_TYPE": "ON", "CAP_COLOR": "Grey", "PM_DISTRICT_ID": "23"}}, {"type": "Feature", "geometry": {"type": "Point", "coordinates": [-122.4344490987, 37.7618599989]}, "properties": {"STREET_NAME": "CASTRO ST", "STREET_NUM": "457", "ON_OFFSTREET_TYPE": "OFF", "CAP_COLOR": "Grey", "PM_DISTRICT_ID": "16"}}, {"type": "Feature", "geometry": {"type": "Point", "coordinates": [-122.4341905003, 37.7609929972]}, "properties": {"STREET_NAME": "18TH ST", "STREET_NUM": "4,056", "ON_OFFSTREET_TYPE": "ON", "CAP_COLOR": "Black", "PM_DISTRICT_ID": "16"}}, {"type": "Feature", "geometry": {"type": "Point", "coordinates": [-122.4480817169, 37.769923506]}, "properties": {"STREET_NAME": "HAIGHT ST", "STREET_NUM": "1,536", "ON_OFFSTREET_TYPE": "ON", "CAP_COLOR": "Grey", "PM_DISTRICT_ID": "23"}}, {"type": "Feature", "geometry": {"type": "Point", "coordinates": [-122.4363920015, 37.7608610996]}, "properties": {"STREET_NAME": "18TH ST", "STREET_NUM": "4,206", "ON_OFFSTREET_TYPE": "ON", "CAP_COLOR": "Grey", "PM_DISTRICT_ID": "16"}}, {"type": "Feature", "geometry": {"type": "Point", "coordinates": [-122.4344420021, 37.7617934019]}, "properties": {"STREET_NAME": "CASTRO ST", "STREET_NUM": "457", "ON_OFFSTREET_TYPE": "OFF", "CAP_COLOR": "Grey", "PM_DISTRICT_ID": "16"}}, {"type": "Feature", "geometry": {"type": "Point", "coordinates": [-122.4523495023, 37.7692546983]}, "properties": {"STREET_NAME": "HAIGHT ST", "STREET_NUM": "1,819", "ON_OFFSTREET_TYPE": "ON", "CAP_COLOR": "Grey", "PM_DISTRICT_ID": "23"}}, {"type": "Feature", "geometry": {"type": "Point", "coordinates": [-122.4316635017, 37.7720140991]}, "properties": {"STREET_NAME": "HAIGHT ST", "STREET_NUM": "532", "ON_OFFSTREET_TYPE": "ON", "CAP_COLOR": "Grey", "PM_DISTRICT_ID": "39"}}, {"type": "Feature", "geometry": {"type": "Point", "coordinates": [-122.4491818023, 37.7696587005]}, "properties": {"STREET_NAME": "HAIGHT ST", "STREET_NUM": "1,617", "ON_OFFSTREET_TYPE": "ON", "CAP_COLOR": "Green", "PM_DISTRICT_ID": "23"}}, {"type": "Feature", "geometry": {"type": "Point", "coordinates": [-122.4378009995, 37.7744636991]}, "properties": {"STREET_NAME": "DIVISADERO ST", "STREET_NUM": "515", "ON_OFFSTREET_TYPE": "ON", "CAP_COLOR": "Grey", "PM_DISTRICT_ID": "17"}}, {"type": "Feature", "geometry": {"type": "Point", "coordinates": [-122.4325226247, 37.7827209298]}, "properties": {"STREET_NAME": "FILLMORE ST", "STREET_NUM": "1,412", "ON_OFFSTREET_TYPE": "ON", "CAP_COLOR": "Grey", "PM_DISTRICT_ID": "5"}}, {"type": "Feature", "geometry": {"type": "Point", "coordinates": [-122.4299981014, 37.7722258986]}, "properties": {"STREET_NAME": "HAIGHT ST", "STREET_NUM": "430", "ON_OFFSTREET_TYPE": "ON", "CAP_COLOR": "Yellow", "PM_DISTRICT_ID": "39"}}, {"type": "Feature", "geometry": {"type": "Point", "coordinates": [-122.4303490014, 37.7665631016]}, "properties": {"STREET_NAME": "MARKET ST", "STREET_NUM": "2,144", "ON_OFFSTREET_TYPE": "ON", "CAP_COLOR": "Grey", "PM_DISTRICT_ID": "16"}}, {"type": "Feature", "geometry": {"type": "Point", "coordinates": [-122.4349504986, 37.7614617021]}, "properties": {"STREET_NAME": "CASTRO ST", "STREET_NUM": "433", "ON_OFFSTREET_TYPE": "ON", "CAP_COLOR": "Yellow", "PM_DISTRICT_ID": "16"}}, {"type": "Feature", "geometry": {"type": "Point", "coordinates": [-122.4336767008, 37.7635824577]}, "properties": {"STREET_NAME": "MARKET ST", "STREET_NUM": "2,313", "ON_OFFSTREET_TYPE": "ON", "CAP_COLOR": "Yellow", "PM_DISTRICT_ID": "16"}}, {"type": "Feature", "geometry": {"type": "Point", "coordinates": [-122.4539907322, 37.7812960566]}, "properties": {"STREET_NAME": "PARKER AVE", "STREET_NUM": "212", "ON_OFFSTREET_TYPE": "ON", "CAP_COLOR": "Green", "PM_DISTRICT_ID": "20"}}, {"type": "Feature", "geometry": {"type": "Point", "coordinates": [-122.4379877986, 37.7753818975]}, "properties": {"STREET_NAME": "DIVISADERO ST", "STREET_NUM": "613", "ON_OFFSTREET_TYPE": "ON", "CAP_COLOR": "Grey", "PM_DISTRICT_ID": "17"}}, {"type": "Feature", "geometry": {"type": "Point", "coordinates": [-122.4335061416, 37.7831228409]}, "properties": {"STREET_NAME": "OFARRELL ST", "STREET_NUM": "1,717", "ON_OFFSTREET_TYPE": "ON", "CAP_COLOR": "Grey", "PM_DISTRICT_ID": "5"}}, {"type": "Feature", "geometry": {"type": "Point", "coordinates": [-122.4480175001, 37.769931699]}, "properties": {"STREET_NAME": "HAIGHT ST", "STREET_NUM": "1,534", "ON_OFFSTREET_TYPE": "ON", "CAP_COLOR": "Grey", "PM_DISTRICT_ID": "23"}}, {"type": "Feature", "geometry": {"type": "Point", "coordinates": [-122.4312786997, 37.7719384999]}, "properties": {"STREET_NAME": "HAIGHT ST", "STREET_NUM": "537", "ON_OFFSTREET_TYPE": "ON", "CAP_COLOR": "Black", "PM_DISTRICT_ID": "39"}}, {"type": "Feature", "geometry": {"type": "Point", "coordinates": [-122.4497849976, 37.7652785023]}, "properties": {"STREET_NAME": "COLE ST", "STREET_NUM": "920", "ON_OFFSTREET_TYPE": "ON", "CAP_COLOR": "Green", "PM_DISTRICT_ID": "23"}}, {"type": "Feature", "geometry": {"type": "Point", "coordinates": [-122.4294804015, 37.766901099]}, "properties": {"STREET_NAME": "MARKET ST", "STREET_NUM": "2,123", "ON_OFFSTREET_TYPE": "ON", "CAP_COLOR": "Grey", "PM_DISTRICT_ID": "16"}}, {"type": "Feature", "geometry": {"type": "Point", "coordinates": [-122.4330962591, 37.783175085]}, "properties": {"STREET_NAME": "OFARRELL ST", "STREET_NUM": "1,707", "ON_OFFSTREET_TYPE": "ON", "CAP_COLOR": "Grey", "PM_DISTRICT_ID": "5"}}, {"type": "Feature", "geometry": {"type": "Point", "coordinates": [-122.435022501, 37.7600541528]}, "properties": {"STREET_NAME": "CASTRO ST", "STREET_NUM": "524", "ON_OFFSTREET_TYPE": "ON", "CAP_COLOR": "Grey", "PM_DISTRICT_ID": "16"}}, {"type": "Feature", "geometry": {"type": "Point", "coordinates": [-122.4474059005, 37.7698852018]}, "properties": {"STREET_NAME": "HAIGHT ST", "STREET_NUM": "1,513", "ON_OFFSTREET_TYPE": "ON", "CAP_COLOR": "Grey", "PM_DISTRICT_ID": "23"}}, {"type": "Feature", "geometry": {"type": "Point", "coordinates": [-122.4350177497, 37.7600030872]}, "properties": {"STREET_NAME": "CASTRO ST", "STREET_NUM": "526", "ON_OFFSTREET_TYPE": "ON", "CAP_COLOR": "Grey", "PM_DISTRICT_ID": "16"}}, {"type": "Feature", "geometry": {"type": "Point", "coordinates": [-122.4503473004, 37.7698936005]}, "properties": {"STREET_NAME": "COLE ST", "STREET_NUM": "521", "ON_OFFSTREET_TYPE": "ON", "CAP_COLOR": "Grey", "PM_DISTRICT_ID": "23"}}, {"type": "Feature", "geometry": {"type": "Point", "coordinates": [-122.4397021874, 37.7838808842]}, "properties": {"STREET_NAME": "DIVISADERO ST", "STREET_NUM": "1,515", "ON_OFFSTREET_TYPE": "ON", "CAP_COLOR": "Black", "PM_DISTRICT_ID": "18"}}, {"type": "Feature", "geometry": {"type": "Point", "coordinates": [-122.4349955988, 37.7619459973]}, "properties": {"STREET_NAME": "CASTRO ST", "STREET_NUM": "415", "ON_OFFSTREET_TYPE": "ON", "CAP_COLOR": "Yellow", "PM_DISTRICT_ID": "16"}}, {"type": "Feature", "geometry": {"type": "Point", "coordinates": [-122.437821401, 37.7769688991]}, "properties": {"STREET_NAME": "FULTON ST", "STREET_NUM": "1,234", "ON_OFFSTREET_TYPE": "ON", "CAP_COLOR": "Grey", "PM_DISTRICT_ID": "17"}}, {"type": "Feature", "geometry": {"type": "Point", "coordinates": [-122.4415799973, 37.7829022025]}, "properties": {"STREET_NAME": "GEARY BLVD", "STREET_NUM": "2,315", "ON_OFFSTREET_TYPE": "ON", "CAP_COLOR": "Grey", "PM_DISTRICT_ID": "18"}}, {"type": "Feature", "geometry": {"type": "Point", "coordinates": [-122.4381809004, 37.7774083827]}, "properties": {"STREET_NAME": "DIVISADERO ST", "STREET_NUM": "818", "ON_OFFSTREET_TYPE": "ON", "CAP_COLOR": "Grey", "PM_DISTRICT_ID": "17"}}, {"type": "Feature", "geometry": {"type": "Point", "coordinates": [-122.4377497022, 37.7742114988]}, "properties": {"STREET_NAME": "DIVISADERO ST", "STREET_NUM": "505", "ON_OFFSTREET_TYPE": "ON", "CAP_COLOR": "Red", "PM_DISTRICT_ID": "17"}}, {"type": "Feature", "geometry": {"type": "Point", "coordinates": [-122.431991698, 37.7800971986]}, "properties": {"STREET_NAME": "FILLMORE ST", "STREET_NUM": "1,116", "ON_OFFSTREET_TYPE": "ON", "CAP_COLOR": "Grey", "PM_DISTRICT_ID": "5"}}, {"type": "Feature", "geometry": {"type": "Point", "coordinates": [-122.4548259021, 37.7816501026]}, "properties": {"STREET_NAME": "GEARY BLVD", "STREET_NUM": "3,316", "ON_OFFSTREET_TYPE": "ON", "CAP_COLOR": "Grey", "PM_DISTRICT_ID": "20"}}, {"type": "Feature", "geometry": {"type": "Point", "coordinates": [-122.4580866021, 37.7814365988]}, "properties": {"STREET_NAME": "GEARY BLVD", "STREET_NUM": "3,606", "ON_OFFSTREET_TYPE": "ON", "CAP_COLOR": "Red", "PM_DISTRICT_ID": "20"}}, {"type": "Feature", "geometry": {"type": "Point", "coordinates": [-122.4512297024, 37.7695220028]}, "properties": {"STREET_NAME": "HAIGHT ST", "STREET_NUM": "1,708", "ON_OFFSTREET_TYPE": "ON", "CAP_COLOR": "Grey", "PM_DISTRICT_ID": "23"}}, {"type": "Feature", "geometry": {"type": "Point", "coordinates": [-122.4326598027, 37.7827279986]}, "properties": {"STREET_NAME": "FILLMORE ST", "STREET_NUM": "1,413", "ON_OFFSTREET_TYPE": "ON", "CAP_COLOR": "Grey", "PM_DISTRICT_ID": "5"}}, {"type": "Feature", "geometry": {"type": "Point", "coordinates": [-122.4466722996, 37.7701031984]}, "properties": {"STREET_NAME": "HAIGHT ST", "STREET_NUM": "1,440", "ON_OFFSTREET_TYPE": "ON", "CAP_COLOR": "Yellow", "PM_DISTRICT_ID": "23"}}, {"type": "Feature", "geometry": {"type": "Point", "coordinates": [-122.4384034013, 37.7774260984]}, "properties": {"STREET_NAME": "DIVISADERO ST", "STREET_NUM": "821", "ON_OFFSTREET_TYPE": "ON", "CAP_COLOR": "Grey", "PM_DISTRICT_ID": "17"}}, {"type": "Feature", "geometry": {"type": "Point", "coordinates": [-122.4320843012, 37.779883298]}, "properties": {"STREET_NAME": "FILLMORE ST", "STREET_NUM": "1,109", "ON_OFFSTREET_TYPE": "ON", "CAP_COLOR": "Grey", "PM_DISTRICT_ID": "5"}}, {"type": "Feature", "geometry": {"type": "Point", "coordinates": [-122.4334841005, 37.7832612429]}, "properties": {"STREET_NAME": "OFARRELL ST", "STREET_NUM": "1,718", "ON_OFFSTREET_TYPE": "ON", "CAP_COLOR": "Grey", "PM_DISTRICT_ID": "5"}}, {"type": "Feature", "geometry": {"type": "Point", "coordinates": [-122.4358025973, 37.7607875009]}, "properties": {"STREET_NAME": "18TH ST", "STREET_NUM": "4,123", "ON_OFFSTREET_TYPE": "ON", "CAP_COLOR": "Grey", "PM_DISTRICT_ID": "16"}}, {"type": "Feature", "geometry": {"type": "Point", "coordinates": [-122.434955701, 37.7615172014]}, "properties": {"STREET_NAME": "CASTRO ST", "STREET_NUM": "431", "ON_OFFSTREET_TYPE": "ON", "CAP_COLOR": "Yellow", "PM_DISTRICT_ID": "16"}}, {"type": "Feature", "geometry": {"type": "Point", "coordinates": [-122.4512849787, 37.7693905021]}, "properties": {"STREET_NAME": "HAIGHT ST", "STREET_NUM": "1,713", "ON_OFFSTREET_TYPE": "ON", "CAP_COLOR": "Yellow", "PM_DISTRICT_ID": "23"}}, {"type": "Feature", "geometry": {"type": "Point", "coordinates": [-122.4351810009, 37.7617573988]}, "properties": {"STREET_NAME": "CASTRO ST", "STREET_NUM": "424", "ON_OFFSTREET_TYPE": "ON", "CAP_COLOR": "Grey", "PM_DISTRICT_ID": "16"}}, {"type": "Feature", "geometry": {"type": "Point", "coordinates": [-122.4322819155, 37.7646855895]}, "properties": {"STREET_NAME": "MARKET ST", "STREET_NUM": "2,253", "ON_OFFSTREET_TYPE": "ON", "CAP_COLOR": "Grey", "PM_DISTRICT_ID": "16"}}, {"type": "Feature", "geometry": {"type": "Point", "coordinates": [-122.4342888982, 37.7630983022]}, "properties": {"STREET_NAME": "MARKET ST", "STREET_NUM": "2,353", "ON_OFFSTREET_TYPE": "ON", "CAP_COLOR": "Grey", "PM_DISTRICT_ID": "16"}}, {"type": "Feature", "geometry": {"type": "Point", "coordinates": [-122.4298276973, 37.7721230973]}, "properties": {"STREET_NAME": "HAIGHT ST", "STREET_NUM": "431", "ON_OFFSTREET_TYPE": "ON", "CAP_COLOR": "Yellow", "PM_DISTRICT_ID": "39"}}, {"type": "Feature", "geometry": {"type": "Point", "coordinates": [-122.4318649021, 37.7787990988]}, "properties": {"STREET_NAME": "FILLMORE ST", "STREET_NUM": "1,005", "ON_OFFSTREET_TYPE": "ON", "CAP_COLOR": "Yellow", "PM_DISTRICT_ID": "5"}}, {"type": "Feature", "geometry": {"type": "Point", "coordinates": [-122.4350384974, 37.7602262989]}, "properties": {"STREET_NAME": "CASTRO ST", "STREET_NUM": "518", "ON_OFFSTREET_TYPE": "ON", "CAP_COLOR": "Grey", "PM_DISTRICT_ID": "16"}}, {"type": "Feature", "geometry": {"type": "Point", "coordinates": [-122.4520741009, 37.7694143009]}, "properties": {"STREET_NAME": "HAIGHT ST", "STREET_NUM": "1,812", "ON_OFFSTREET_TYPE": "ON", "CAP_COLOR": "Grey", "PM_DISTRICT_ID": "23"}}, {"type": "Feature", "geometry": {"type": "Point", "coordinates": [-122.4370815416, 37.7720034541]}, "properties": {"STREET_NAME": "DIVISADERO ST", "STREET_NUM": "226", "ON_OFFSTREET_TYPE": "ON", "CAP_COLOR": "Yellow", "PM_DISTRICT_ID": "17"}}, {"type": "Feature", "geometry": {"type": "Point", "coordinates": [-122.4467457027, 37.7700937995]}, "properties": {"STREET_NAME": "HAIGHT ST", "STREET_NUM": "1,442", "ON_OFFSTREET_TYPE": "ON", "CAP_COLOR": "Yellow", "PM_DISTRICT_ID": "23"}}, {"type": "Feature", "geometry": {"type": "Point", "coordinates": [-122.4521440004, 37.7694053993]}, "properties": {"STREET_NAME": "HAIGHT ST", "STREET_NUM": "1,814", "ON_OFFSTREET_TYPE": "ON", "CAP_COLOR": "Grey", "PM_DISTRICT_ID": "23"}}, {"type": "Feature", "geometry": {"type": "Point", "coordinates": [-122.4500331019, 37.7696745981]}, "properties": {"STREET_NAME": "HAIGHT ST", "STREET_NUM": "1,644", "ON_OFFSTREET_TYPE": "ON", "CAP_COLOR": "Grey", "PM_DISTRICT_ID": "23"}}, {"type": "Feature", "geometry": {"type": "Point", "coordinates": [-122.4473957976, 37.7700109024]}, "properties": {"STREET_NAME": "HAIGHT ST", "STREET_NUM": "1,510", "ON_OFFSTREET_TYPE": "ON", "CAP_COLOR": "Yellow", "PM_DISTRICT_ID": "23"}}, {"type": "Feature", "geometry": {"type": "Point", "coordinates": [-122.4335860014, 37.7831126618]}, "properties": {"STREET_NAME": "OFARRELL ST", "STREET_NUM": "1,719", "ON_OFFSTREET_TYPE": "ON", "CAP_COLOR": "Grey", "PM_DISTRICT_ID": "5"}}, {"type": "Feature", "geometry": {"type": "Point", "coordinates": [-122.4360780993, 37.7610930995]}, "properties": {"STREET_NAME": "COLLINGWOOD ST", "STREET_NUM": "37", "ON_OFFSTREET_TYPE": "ON", "CAP_COLOR": "Grey", "PM_DISTRICT_ID": "16"}}, {"type": "Feature", "geometry": {"type": "Point", "coordinates": [-122.4513756747, 37.7693789345]}, "properties": {"STREET_NAME": "HAIGHT ST", "STREET_NUM": "1,715", "ON_OFFSTREET_TYPE": "ON", "CAP_COLOR": "Yellow", "PM_DISTRICT_ID": "23"}}, {"type": "Feature", "geometry": {"type": "Point", "coordinates": [-122.4358669982, 37.7607834999]}, "properties": {"STREET_NAME": "18TH ST", "STREET_NUM": "4,125", "ON_OFFSTREET_TYPE": "ON", "CAP_COLOR": "Grey", "PM_DISTRICT_ID": "16"}}, {"type": "Feature", "geometry": {"type": "Point", "coordinates": [-122.4397037596, 37.7838664151]}, "properties": {"STREET_NAME": "DIVISADERO ST", "STREET_NUM": "1,513", "ON_OFFSTREET_TYPE": "ON", "CAP_COLOR": "Black", "PM_DISTRICT_ID": "18"}}, {"type": "Feature", "geometry": {"type": "Point", "coordinates": [-122.4379153855, 37.776080862]}, "properties": {"STREET_NAME": "DIVISADERO ST", "STREET_NUM": "702", "ON_OFFSTREET_TYPE": "ON", "CAP_COLOR": "Black", "PM_DISTRICT_ID": "17"}}, {"type": "Feature", "geometry": {"type": "Point", "coordinates": [-122.438371232, 37.7772652084]}, "properties": {"STREET_NAME": "DIVISADERO ST", "STREET_NUM": "813", "ON_OFFSTREET_TYPE": "ON", "CAP_COLOR": "Green", "PM_DISTRICT_ID": "17"}}, {"type": "Feature", "geometry": {"type": "Point", "coordinates": [-122.442162847, 37.7828278732]}, "properties": {"STREET_NAME": "GEARY BLVD", "STREET_NUM": "2,331", "ON_OFFSTREET_TYPE": "ON", "CAP_COLOR": "Grey", "PM_DISTRICT_ID": "18"}}, {"type": "Feature", "geometry": {"type": "Point", "coordinates": [-122.4515396087, 37.769358026]}, "properties": {"STREET_NAME": "HAIGHT ST", "STREET_NUM": "1,719", "ON_OFFSTREET_TYPE": "ON", "CAP_COLOR": "Grey", "PM_DISTRICT_ID": "23"}}, {"type": "Feature", "geometry": {"type": "Point", "coordinates": [-122.4328995028, 37.7839125012]}, "properties": {"STREET_NAME": "FILLMORE ST", "STREET_NUM": "1,523", "ON_OFFSTREET_TYPE": "ON", "CAP_COLOR": "Grey", "PM_DISTRICT_ID": "5"}}, {"type": "Feature", "geometry": {"type": "Point", "coordinates": [-122.4375616011, 37.7732868017]}, "properties": {"STREET_NAME": "DIVISADERO ST", "STREET_NUM": "403", "ON_OFFSTREET_TYPE": "ON", "CAP_COLOR": "Grey", "PM_DISTRICT_ID": "17"}}, {"type": "Feature", "geometry": {"type": "Point", "coordinates": [-122.4504171998, 37.7695011989]}, "properties": {"STREET_NAME": "HAIGHT ST", "STREET_NUM": "1,697", "ON_OFFSTREET_TYPE": "ON", "CAP_COLOR": "Green", "PM_DISTRICT_ID": "23"}}, {"type": "Feature", "geometry": {"type": "Point", "coordinates": [-122.4344419015, 37.7617571977]}, "properties": {"STREET_NAME": "CASTRO ST", "STREET_NUM": "457", "ON_OFFSTREET_TYPE": "OFF", "CAP_COLOR": "Grey", "PM_DISTRICT_ID": "16"}}, {"type": "Feature", "geometry": {"type": "Point", "coordinates": [-122.4344161746, 37.7633465071]}, "properties": {"STREET_NAME": "MARKET ST", "STREET_NUM": "2,334", "ON_OFFSTREET_TYPE": "ON", "CAP_COLOR": "Grey", "PM_DISTRICT_ID": "16"}}, {"type": "Feature", "geometry": {"type": "Point", "coordinates": [-122.4330076541, 37.783186372]}, "properties": {"STREET_NAME": "OFARRELL ST", "STREET_NUM": "1,705", "ON_OFFSTREET_TYPE": "ON", "CAP_COLOR": "Grey", "PM_DISTRICT_ID": "5"}}, {"type": "Feature", "geometry": {"type": "Point", "coordinates": [-122.4346309022, 37.7609662981]}, "properties": {"STREET_NAME": "18TH ST", "STREET_NUM": "4,070", "ON_OFFSTREET_TYPE": "ON", "CAP_COLOR": "Yellow", "PM_DISTRICT_ID": "16"}}, {"type": "Feature", "geometry": {"type": "Point", "coordinates": [-122.432186499, 37.7810599998]}, "properties": {"STREET_NAME": "FILLMORE ST", "STREET_NUM": "1,216", "ON_OFFSTREET_TYPE": "ON", "CAP_COLOR": "Grey", "PM_DISTRICT_ID": "5"}}, {"type": "Feature", "geometry": {"type": "Point", "coordinates": [-122.4338285362, 37.7634623729]}, "properties": {"STREET_NAME": "MARKET ST", "STREET_NUM": "2,319", "ON_OFFSTREET_TYPE": "ON", "CAP_COLOR": "Grey", "PM_DISTRICT_ID": "16"}}, {"type": "Feature", "geometry": {"type": "Point", "coordinates": [-122.4439663028, 37.7825979003]}, "properties": {"STREET_NAME": "GEARY BLVD", "STREET_NUM": "2,431", "ON_OFFSTREET_TYPE": "ON", "CAP_COLOR": "Grey", "PM_DISTRICT_ID": "18"}}, {"type": "Feature", "geometry": {"type": "Point", "coordinates": [-122.4348217973, 37.7600780007]}, "properties": {"STREET_NAME": "CASTRO ST", "STREET_NUM": "525", "ON_OFFSTREET_TYPE": "ON", "CAP_COLOR": "Grey", "PM_DISTRICT_ID": "16"}}, {"type": "Feature", "geometry": {"type": "Point", "coordinates": [-122.4497395006, 37.7650532973]}, "properties": {"STREET_NAME": "COLE ST", "STREET_NUM": "928", "ON_OFFSTREET_TYPE": "ON", "CAP_COLOR": "Red", "PM_DISTRICT_ID": "23"}}, {"type": "Feature", "geometry": {"type": "Point", "coordinates": [-122.4549364985, 37.7813602005]}, "properties": {"STREET_NAME": "GEARY BLVD", "STREET_NUM": "3,317", "ON_OFFSTREET_TYPE": "ON", "CAP_COLOR": "Grey", "PM_DISTRICT_ID": "20"}}, {"type": "Feature", "geometry": {"type": "Point", "coordinates": [-122.4326914025, 37.7828837008]}, "properties": {"STREET_NAME": "FILLMORE ST", "STREET_NUM": "1,419", "ON_OFFSTREET_TYPE": "ON", "CAP_COLOR": "Grey", "PM_DISTRICT_ID": "5"}}, {"type": "Feature", "geometry": {"type": "Point", "coordinates": [-122.4461625011, 37.7701681972]}, "properties": {"STREET_NAME": "HAIGHT ST", "STREET_NUM": "1,426", "ON_OFFSTREET_TYPE": "ON", "CAP_COLOR": "Black", "PM_DISTRICT_ID": "23"}}, {"type": "Feature", "geometry": {"type": "Point", "coordinates": [-122.4356590991, 37.7609065016]}, "properties": {"STREET_NAME": "18TH ST", "STREET_NUM": "4,116", "ON_OFFSTREET_TYPE": "ON", "CAP_COLOR": "Yellow", "PM_DISTRICT_ID": "16"}}, {"type": "Feature", "geometry": {"type": "Point", "coordinates": [-122.4326336009, 37.7832694025]}, "properties": {"STREET_NAME": "FILLMORE ST", "STREET_NUM": "1,434", "ON_OFFSTREET_TYPE": "ON", "CAP_COLOR": "Black", "PM_DISTRICT_ID": "5"}}, {"type": "Feature", "geometry": {"type": "Point", "coordinates": [-122.4379992985, 37.7740778019]}, "properties": {"STREET_NAME": "FELL ST", "STREET_NUM": "1,206", "ON_OFFSTREET_TYPE": "ON", "CAP_COLOR": "Green", "PM_DISTRICT_ID": "17"}}, {"type": "Feature", "geometry": {"type": "Point", "coordinates": [-122.4520488994, 37.7694174972]}, "properties": {"STREET_NAME": "HAIGHT ST", "STREET_NUM": "1,808", "ON_OFFSTREET_TYPE": "ON", "CAP_COLOR": "Yellow", "PM_DISTRICT_ID": "23"}}, {"type": "Feature", "geometry": {"type": "Point", "coordinates": [-122.4448839195, 37.770331196]}, "properties": {"STREET_NAME": "HAIGHT ST", "STREET_NUM": "1,334", "ON_OFFSTREET_TYPE": "ON", "CAP_COLOR": "Grey", "PM_DISTRICT_ID": "23"}}, {"type": "Feature", "geometry": {"type": "Point", "coordinates": [-122.449541783, 37.7694886082]}, "properties": {"STREET_NAME": "BELVEDERE ST", "STREET_NUM": "6", "ON_OFFSTREET_TYPE": "ON", "CAP_COLOR": "Grey", "PM_DISTRICT_ID": "23"}}, {"type": "Feature", "geometry": {"type": "Point", "coordinates": [-122.4462422018, 37.7701579993]}, "properties": {"STREET_NAME": "HAIGHT ST", "STREET_NUM": "1,428", "ON_OFFSTREET_TYPE": "ON", "CAP_COLOR": "Grey", "PM_DISTRICT_ID": "23"}}, {"type": "Feature", "geometry": {"type": "Point", "coordinates": [-122.4346597974, 37.7616076981]}, "properties": {"STREET_NAME": "CASTRO ST", "STREET_NUM": "457", "ON_OFFSTREET_TYPE": "OFF", "CAP_COLOR": "Grey", "PM_DISTRICT_ID": "16"}}, {"type": "Feature", "geometry": {"type": "Point", "coordinates": [-122.4465023984, 37.7700004027]}, "properties": {"STREET_NAME": "HAIGHT ST", "STREET_NUM": "1,435", "ON_OFFSTREET_TYPE": "ON", "CAP_COLOR": "Grey", "PM_DISTRICT_ID": "23"}}, {"type": "Feature", "geometry": {"type": "Point", "coordinates": [-122.4326484983, 37.7826721975]}, "properties": {"STREET_NAME": "FILLMORE ST", "STREET_NUM": "1,411", "ON_OFFSTREET_TYPE": "ON", "CAP_COLOR": "Grey", "PM_DISTRICT_ID": "5"}}, {"type": "Feature", "geometry": {"type": "Point", "coordinates": [-122.4519931988, 37.7693002009]}, "properties": {"STREET_NAME": "HAIGHT ST", "STREET_NUM": "1,801", "ON_OFFSTREET_TYPE": "ON", "CAP_COLOR": "Black", "PM_DISTRICT_ID": "23"}}, {"type": "Feature", "geometry": {"type": "Point", "coordinates": [-122.4516844989, 37.781775602]}, "properties": {"STREET_NAME": "GEARY BLVD", "STREET_NUM": "3,017", "ON_OFFSTREET_TYPE": "ON", "CAP_COLOR": "Grey", "PM_DISTRICT_ID": "20"}}, {"type": "Feature", "geometry": {"type": "Point", "coordinates": [-122.4332851418, 37.7609365392]}, "properties": {"STREET_NAME": "18TH ST", "STREET_NUM": "4,009", "ON_OFFSTREET_TYPE": "ON", "CAP_COLOR": "Grey", "PM_DISTRICT_ID": "16"}}, {"type": "Feature", "geometry": {"type": "Point", "coordinates": [-122.4476965011, 37.7698480979]}, "properties": {"STREET_NAME": "HAIGHT ST", "STREET_NUM": "1,523", "ON_OFFSTREET_TYPE": "ON", "CAP_COLOR": "Grey", "PM_DISTRICT_ID": "23"}}, {"type": "Feature", "geometry": {"type": "Point", "coordinates": [-122.4320626903, 37.7648589652]}, "properties": {"STREET_NAME": "MARKET ST", "STREET_NUM": "2,243", "ON_OFFSTREET_TYPE": "ON", "CAP_COLOR": "Green", "PM_DISTRICT_ID": "16"}}, {"type": "Feature", "geometry": {"type": "Point", "coordinates": [-122.4324981996, 37.7819292982]}, "properties": {"STREET_NAME": "FILLMORE ST", "STREET_NUM": "1,319", "ON_OFFSTREET_TYPE": "ON", "CAP_COLOR": "Grey", "PM_DISTRICT_ID": "5"}}, {"type": "Feature", "geometry": {"type": "Point", "coordinates": [-122.4493567997, 37.7820720979]}, "properties": {"STREET_NAME": "GEARY BLVD", "STREET_NUM": "2,815", "ON_OFFSTREET_TYPE": "ON", "CAP_COLOR": "Grey", "PM_DISTRICT_ID": "20"}}, {"type": "Feature", "geometry": {"type": "Point", "coordinates": [-122.4575660822, 37.7646349563]}, "properties": {"STREET_NAME": "ARGUELLO BLVD", "STREET_NUM": "1,292", "ON_OFFSTREET_TYPE": "ON", "CAP_COLOR": "Black", "PM_DISTRICT_ID": "24"}}, {"type": "Feature", "geometry": {"type": "Point", "coordinates": [-122.4422277005, 37.7823634976]}, "properties": {"STREET_NAME": "SAINT JOSEPHS AVE", "STREET_NUM": "311", "ON_OFFSTREET_TYPE": "ON", "CAP_COLOR": "Grey", "PM_DISTRICT_ID": "18"}}, {"type": "Feature", "geometry": {"type": "Point", "coordinates": [-122.4509072003, 37.7818745979]}, "properties": {"STREET_NAME": "GEARY BLVD", "STREET_NUM": "2,923", "ON_OFFSTREET_TYPE": "ON", "CAP_COLOR": "Yellow", "PM_DISTRICT_ID": "20"}}, {"type": "Feature", "geometry": {"type": "Point", "coordinates": [-122.4362613448, 37.783727765]}, "properties": {"STREET_NAME": "GEARY BLVD", "STREET_NUM": "2,003", "ON_OFFSTREET_TYPE": "ON", "CAP_COLOR": "Grey", "PM_DISTRICT_ID": "18"}}, {"type": "Feature", "geometry": {"type": "Point", "coordinates": [-122.4380605982, 37.7757397991]}, "properties": {"STREET_NAME": "DIVISADERO ST", "STREET_NUM": "627", "ON_OFFSTREET_TYPE": "ON", "CAP_COLOR": "Yellow", "PM_DISTRICT_ID": "17"}}, {"type": "Feature", "geometry": {"type": "Point", "coordinates": [-122.438075103, 37.7740680634]}, "properties": {"STREET_NAME": "FELL ST", "STREET_NUM": "1,208", "ON_OFFSTREET_TYPE": "ON", "CAP_COLOR": "Green", "PM_DISTRICT_ID": "17"}}, {"type": "Feature", "geometry": {"type": "Point", "coordinates": [-122.436072299, 37.7610336997]}, "properties": {"STREET_NAME": "COLLINGWOOD ST", "STREET_NUM": "39", "ON_OFFSTREET_TYPE": "ON", "CAP_COLOR": "Grey", "PM_DISTRICT_ID": "16"}}, {"type": "Feature", "geometry": {"type": "Point", "coordinates": [-122.4492562001, 37.769649201]}, "properties": {"STREET_NAME": "HAIGHT ST", "STREET_NUM": "1,619", "ON_OFFSTREET_TYPE": "ON", "CAP_COLOR": "Grey", "PM_DISTRICT_ID": "23"}}, {"type": "Feature", "geometry": {"type": "Point", "coordinates": [-122.4346623008, 37.7618110989]}, "properties": {"STREET_NAME": "CASTRO ST", "STREET_NUM": "457", "ON_OFFSTREET_TYPE": "OFF", "CAP_COLOR": "Grey", "PM_DISTRICT_ID": "16"}}, {"type": "Feature", "geometry": {"type": "Point", "coordinates": [-122.4337785744, 37.7635018908]}, "properties": {"STREET_NAME": "MARKET ST", "STREET_NUM": "2,317", "ON_OFFSTREET_TYPE": "ON", "CAP_COLOR": "Grey", "PM_DISTRICT_ID": "16"}}, {"type": "Feature", "geometry": {"type": "Point", "coordinates": [-122.4315761008, 37.7655926001]}, "properties": {"STREET_NAME": "MARKET ST", "STREET_NUM": "2,208", "ON_OFFSTREET_TYPE": "ON", "CAP_COLOR": "Grey", "PM_DISTRICT_ID": "16"}}, {"type": "Feature", "geometry": {"type": "Point", "coordinates": [-122.4349450001, 37.7614021011]}, "properties": {"STREET_NAME": "CASTRO ST", "STREET_NUM": "435", "ON_OFFSTREET_TYPE": "ON", "CAP_COLOR": "Yellow", "PM_DISTRICT_ID": "16"}}, {"type": "Feature", "geometry": {"type": "Point", "coordinates": [-122.4518201013, 37.7820336976]}, "properties": {"STREET_NAME": "GEARY BLVD", "STREET_NUM": "3,016", "ON_OFFSTREET_TYPE": "ON", "CAP_COLOR": "Green", "PM_DISTRICT_ID": "20"}}, {"type": "Feature", "geometry": {"type": "Point", "coordinates": [-122.4387632978, 37.7767135975]}, "properties": {"STREET_NAME": "FULTON ST", "STREET_NUM": "1,315", "ON_OFFSTREET_TYPE": "ON", "CAP_COLOR": "Yellow", "PM_DISTRICT_ID": "17"}}, {"type": "Feature", "geometry": {"type": "Point", "coordinates": [-122.4514933021, 37.7694884025]}, "properties": {"STREET_NAME": "HAIGHT ST", "STREET_NUM": "1,716", "ON_OFFSTREET_TYPE": "ON", "CAP_COLOR": "Grey", "PM_DISTRICT_ID": "23"}}, {"type": "Feature", "geometry": {"type": "Point", "coordinates": [-122.4382131829, 37.7758431407]}, "properties": {"STREET_NAME": "GROVE ST", "STREET_NUM": "1,307", "ON_OFFSTREET_TYPE": "ON", "CAP_COLOR": "Grey", "PM_DISTRICT_ID": "17"}}, {"type": "Feature", "geometry": {"type": "Point", "coordinates": [-122.4483409467, 37.7698904256]}, "properties": {"STREET_NAME": "HAIGHT ST", "STREET_NUM": "1,544", "ON_OFFSTREET_TYPE": "ON", "CAP_COLOR": "Grey", "PM_DISTRICT_ID": "23"}}, {"type": "Feature", "geometry": {"type": "Point", "coordinates": [-122.4518669003, 37.7697185025]}, "properties": {"STREET_NAME": "SHRADER ST", "STREET_NUM": "522", "ON_OFFSTREET_TYPE": "ON", "CAP_COLOR": "Grey", "PM_DISTRICT_ID": "23"}}, {"type": "Feature", "geometry": {"type": "Point", "coordinates": [-122.4314466387, 37.7656950643]}, "properties": {"STREET_NAME": "MARKET ST", "STREET_NUM": "2,204", "ON_OFFSTREET_TYPE": "ON", "CAP_COLOR": "Grey", "PM_DISTRICT_ID": "16"}}, {"type": "Feature", "geometry": {"type": "Point", "coordinates": [-122.437558701, 37.7743493979]}, "properties": {"STREET_NAME": "DIVISADERO ST", "STREET_NUM": "506", "ON_OFFSTREET_TYPE": "ON", "CAP_COLOR": "Green", "PM_DISTRICT_ID": "17"}}, {"type": "Feature", "geometry": {"type": "Point", "coordinates": [-122.4335818382, 37.7832487851]}, "properties": {"STREET_NAME": "OFARRELL ST", "STREET_NUM": "1,722", "ON_OFFSTREET_TYPE": "ON", "CAP_COLOR": "Grey", "PM_DISTRICT_ID": "5"}}, {"type": "Feature", "geometry": {"type": "Point", "coordinates": [-122.4384230987, 37.7768924002]}, "properties": {"STREET_NAME": "FULTON ST", "STREET_NUM": "1,302", "ON_OFFSTREET_TYPE": "ON", "CAP_COLOR": "Grey", "PM_DISTRICT_ID": "17"}}, {"type": "Feature", "geometry": {"type": "Point", "coordinates": [-122.4381471689, 37.7761449851]}, "properties": {"STREET_NAME": "DIVISADERO ST", "STREET_NUM": "705", "ON_OFFSTREET_TYPE": "ON", "CAP_COLOR": "Grey", "PM_DISTRICT_ID": "17"}}, {"type": "Feature", "geometry": {"type": "Point", "coordinates": [-122.4396931828, 37.78384942]}, "properties": {"STREET_NAME": "DIVISADERO ST", "STREET_NUM": "1,511", "ON_OFFSTREET_TYPE": "ON", "CAP_COLOR": "Black", "PM_DISTRICT_ID": "18"}}, {"type": "Feature", "geometry": {"type": "Point", "coordinates": [-122.4499710982, 37.7695581009]}, "properties": {"STREET_NAME": "HAIGHT ST", "STREET_NUM": "1,641", "ON_OFFSTREET_TYPE": "ON", "CAP_COLOR": "Grey", "PM_DISTRICT_ID": "23"}}, {"type": "Feature", "geometry": {"type": "Point", "coordinates": [-122.4359635792, 37.7837657251]}, "properties": {"STREET_NAME": "GEARY BLVD", "STREET_NUM": "1,939", "ON_OFFSTREET_TYPE": "ON", "CAP_COLOR": "Grey", "PM_DISTRICT_ID": "18"}}, {"type": "Feature", "geometry": {"type": "Point", "coordinates": [-122.4491882005, 37.7820934997]}, "properties": {"STREET_NAME": "GEARY BLVD", "STREET_NUM": "2,807", "ON_OFFSTREET_TYPE": "ON", "CAP_COLOR": "Black", "PM_DISTRICT_ID": "20"}}, {"type": "Feature", "geometry": {"type": "Point", "coordinates": [-122.4479272996, 37.7698186998]}, "properties": {"STREET_NAME": "HAIGHT ST", "STREET_NUM": "1,531", "ON_OFFSTREET_TYPE": "ON", "CAP_COLOR": "Yellow", "PM_DISTRICT_ID": "23"}}, {"type": "Feature", "geometry": {"type": "Point", "coordinates": [-122.4478116014, 37.7825525989]}, "properties": {"STREET_NAME": "GEARY BLVD", "STREET_NUM": "2,614", "ON_OFFSTREET_TYPE": "ON", "CAP_COLOR": "Red", "PM_DISTRICT_ID": "20"}}, {"type": "Feature", "geometry": {"type": "Point", "coordinates": [-122.4498086081, 37.765395433]}, "properties": {"STREET_NAME": "COLE ST", "STREET_NUM": "916", "ON_OFFSTREET_TYPE": "ON", "CAP_COLOR": "Grey", "PM_DISTRICT_ID": "23"}}, {"type": "Feature", "geometry": {"type": "Point", "coordinates": [-122.4379444977, 37.7768176001]}, "properties": {"STREET_NAME": "FULTON ST", "STREET_NUM": "1,239", "ON_OFFSTREET_TYPE": "ON", "CAP_COLOR": "Yellow", "PM_DISTRICT_ID": "17"}}, {"type": "Feature", "geometry": {"type": "Point", "coordinates": [-122.4372375791, 37.7836033114]}, "properties": {"STREET_NAME": "GEARY BLVD", "STREET_NUM": "2,031", "ON_OFFSTREET_TYPE": "ON", "CAP_COLOR": "Grey", "PM_DISTRICT_ID": "18"}}, {"type": "Feature", "geometry": {"type": "Point", "coordinates": [-122.4369711016, 37.7608252027]}, "properties": {"STREET_NAME": "18TH ST", "STREET_NUM": "4,222", "ON_OFFSTREET_TYPE": "ON", "CAP_COLOR": "Grey", "PM_DISTRICT_ID": "16"}}, {"type": "Feature", "geometry": {"type": "Point", "coordinates": [-122.4520609972, 37.7694159997]}, "properties": {"STREET_NAME": "HAIGHT ST", "STREET_NUM": "1,810", "ON_OFFSTREET_TYPE": "ON", "CAP_COLOR": "Yellow", "PM_DISTRICT_ID": "23"}}, {"type": "Feature", "geometry": {"type": "Point", "coordinates": [-122.4364461989, 37.7607475974]}, "properties": {"STREET_NAME": "18TH ST", "STREET_NUM": "4,207", "ON_OFFSTREET_TYPE": "ON", "CAP_COLOR": "Grey", "PM_DISTRICT_ID": "16"}}, {"type": "Feature", "geometry": {"type": "Point", "coordinates": [-122.4332651706, 37.7831535553]}, "properties": {"STREET_NAME": "OFARRELL ST", "STREET_NUM": "1,711", "ON_OFFSTREET_TYPE": "ON", "CAP_COLOR": "Grey", "PM_DISTRICT_ID": "5"}}, {"type": "Feature", "geometry": {"type": "Point", "coordinates": [-122.4369022974, 37.7607193001]}, "properties": {"STREET_NAME": "18TH ST", "STREET_NUM": "4,223", "ON_OFFSTREET_TYPE": "ON", "CAP_COLOR": "Grey", "PM_DISTRICT_ID": "16"}}, {"type": "Feature", "geometry": {"type": "Point", "coordinates": [-122.4321525251, 37.7647879189]}, "properties": {"STREET_NAME": "MARKET ST", "STREET_NUM": "2,247", "ON_OFFSTREET_TYPE": "ON", "CAP_COLOR": "Grey", "PM_DISTRICT_ID": "16"}}, {"type": "Feature", "geometry": {"type": "Point", "coordinates": [-122.4307835975, 37.7720014983]}, "properties": {"STREET_NAME": "HAIGHT ST", "STREET_NUM": "509", "ON_OFFSTREET_TYPE": "ON", "CAP_COLOR": "Yellow", "PM_DISTRICT_ID": "39"}}, {"type": "Feature", "geometry": {"type": "Point", "coordinates": [-122.4524883011, 37.7816731975]}, "properties": {"STREET_NAME": "GEARY BLVD", "STREET_NUM": "3,109", "ON_OFFSTREET_TYPE": "ON", "CAP_COLOR": "Grey", "PM_DISTRICT_ID": "20"}}, {"type": "Feature", "geometry": {"type": "Point", "coordinates": [-122.4320018009, 37.7801470988]}, "properties": {"STREET_NAME": "FILLMORE ST", "STREET_NUM": "1,118", "ON_OFFSTREET_TYPE": "ON", "CAP_COLOR": "Grey", "PM_DISTRICT_ID": "5"}}, {"type": "Feature", "geometry": {"type": "Point", "coordinates": [-122.4382273981, 37.7765463003]}, "properties": {"STREET_NAME": "DIVISADERO ST", "STREET_NUM": "725", "ON_OFFSTREET_TYPE": "ON", "CAP_COLOR": "Grey", "PM_DISTRICT_ID": "17"}}, {"type": "Feature", "geometry": {"type": "Point", "coordinates": [-122.4506177006, 37.7694040974]}, "properties": {"STREET_NAME": "COLE ST", "STREET_NUM": "602", "ON_OFFSTREET_TYPE": "ON", "CAP_COLOR": "Grey", "PM_DISTRICT_ID": "23"}}, {"type": "Feature", "geometry": {"type": "Point", "coordinates": [-122.4346539972, 37.7617316999]}, "properties": {"STREET_NAME": "CASTRO ST", "STREET_NUM": "457", "ON_OFFSTREET_TYPE": "OFF", "CAP_COLOR": "Grey", "PM_DISTRICT_ID": "16"}}, {"type": "Feature", "geometry": {"type": "Point", "coordinates": [-122.4421716982, 37.7823436995]}, "properties": {"STREET_NAME": "SAINT JOSEPHS AVE", "STREET_NUM": "309", "ON_OFFSTREET_TYPE": "ON", "CAP_COLOR": "Grey", "PM_DISTRICT_ID": "18"}}, {"type": "Feature", "geometry": {"type": "Point", "coordinates": [-122.453679007, 37.7703228424]}, "properties": {"STREET_NAME": "STANYAN ST", "STREET_NUM": "626", "ON_OFFSTREET_TYPE": "ON", "CAP_COLOR": "Grey", "PM_DISTRICT_ID": "23"}}, {"type": "Feature", "geometry": {"type": "Point", "coordinates": [-122.4347534009, 37.7616017022]}, "properties": {"STREET_NAME": "CASTRO ST", "STREET_NUM": "457", "ON_OFFSTREET_TYPE": "OFF", "CAP_COLOR": "Grey", "PM_DISTRICT_ID": "16"}}, {"type": "Feature", "geometry": {"type": "Point", "coordinates": [-122.433026572, 37.78331956]}, "properties": {"STREET_NAME": "OFARRELL ST", "STREET_NUM": "1,708", "ON_OFFSTREET_TYPE": "ON", "CAP_COLOR": "Grey", "PM_DISTRICT_ID": "5"}}, {"type": "Feature", "geometry": {"type": "Point", "coordinates": [-122.444757258, 37.770347343]}, "properties": {"STREET_NAME": "HAIGHT ST", "STREET_NUM": "1,330", "ON_OFFSTREET_TYPE": "ON", "CAP_COLOR": "Grey", "PM_DISTRICT_ID": "23"}}, {"type": "Feature", "geometry": {"type": "Point", "coordinates": [-122.4526318998, 37.7692187008]}, "properties": {"STREET_NAME": "HAIGHT ST", "STREET_NUM": "1,829", "ON_OFFSTREET_TYPE": "ON", "CAP_COLOR": "Grey", "PM_DISTRICT_ID": "23"}}, {"type": "Feature", "geometry": {"type": "Point", "coordinates": [-122.4338654389, 37.7637820867]}, "properties": {"STREET_NAME": "MARKET ST", "STREET_NUM": "2,312", "ON_OFFSTREET_TYPE": "ON", "CAP_COLOR": "Red", "PM_DISTRICT_ID": "16"}}, {"type": "Feature", "geometry": {"type": "Point", "coordinates": [-122.4575687644, 37.7646201137]}, "properties": {"STREET_NAME": "ARGUELLO BLVD", "STREET_NUM": "1,294", "ON_OFFSTREET_TYPE": "ON", "CAP_COLOR": "Black", "PM_DISTRICT_ID": "24"}}, {"type": "Feature", "geometry": {"type": "Point", "coordinates": [-122.4533335735, 37.767637097]}, "properties": {"STREET_NAME": "STANYAN ST", "STREET_NUM": "769", "ON_OFFSTREET_TYPE": "ON", "CAP_COLOR": "Grey", "PM_DISTRICT_ID": "23"}}, {"type": "Feature", "geometry": {"type": "Point", "coordinates": [-122.456157, 37.781164]}, "properties": {"STREET_NAME": "STANYAN ST", "STREET_NUM": "", "ON_OFFSTREET_TYPE": "ON", "CAP_COLOR": "Grey", "PM_DISTRICT_ID": ""}}, {"type": "Feature", "geometry": {"type": "Point", "coordinates": [-122.4532022607, 37.767969161]}, "properties": {"STREET_NAME": "STANYAN ST", "STREET_NUM": "758", "ON_OFFSTREET_TYPE": "ON", "CAP_COLOR": "Grey", "PM_DISTRICT_ID": "23"}}, {"type": "Feature", "geometry": {"type": "Point", "coordinates": [-122.4475418997, 37.769867801]}, "properties": {"STREET_NAME": "HAIGHT ST", "STREET_NUM": "1,517", "ON_OFFSTREET_TYPE": "ON", "CAP_COLOR": "Grey", "PM_DISTRICT_ID": "23"}}, {"type": "Feature", "geometry": {"type": "Point", "coordinates": [-122.4295318999, 37.7721607991]}, "properties": {"STREET_NAME": "HAIGHT ST", "STREET_NUM": "421", "ON_OFFSTREET_TYPE": "ON", "CAP_COLOR": "Grey", "PM_DISTRICT_ID": "39"}}, {"type": "Feature", "geometry": {"type": "Point", "coordinates": [-122.4329434233, 37.7833301583]}, "properties": {"STREET_NAME": "OFARRELL ST", "STREET_NUM": "1,706", "ON_OFFSTREET_TYPE": "ON", "CAP_COLOR": "Grey", "PM_DISTRICT_ID": "5"}}, {"type": "Feature", "geometry": {"type": "Point", "coordinates": [-122.4313576386, 37.7720529755]}, "properties": {"STREET_NAME": "HAIGHT ST", "STREET_NUM": "524", "ON_OFFSTREET_TYPE": "ON", "CAP_COLOR": "Green", "PM_DISTRICT_ID": "39"}}, {"type": "Feature", "geometry": {"type": "Point", "coordinates": [-122.4328256885, 37.7832095722]}, "properties": {"STREET_NAME": "OFARRELL ST", "STREET_NUM": "1,701", "ON_OFFSTREET_TYPE": "ON", "CAP_COLOR": "Grey", "PM_DISTRICT_ID": "5"}}, {"type": "Feature", "geometry": {"type": "Point", "coordinates": [-122.4496489984, 37.7693488997]}, "properties": {"STREET_NAME": "BELVEDERE ST", "STREET_NUM": "7", "ON_OFFSTREET_TYPE": "ON", "CAP_COLOR": "Green", "PM_DISTRICT_ID": "23"}}, {"type": "Feature", "geometry": {"type": "Point", "coordinates": [-122.4441755989, 37.7825712011]}, "properties": {"STREET_NAME": "GEARY BLVD", "STREET_NUM": "2,437", "ON_OFFSTREET_TYPE": "ON", "CAP_COLOR": "Grey", "PM_DISTRICT_ID": "18"}}, {"type": "Feature", "geometry": {"type": "Point", "coordinates": [-122.4477741008, 37.7699627009]}, "properties": {"STREET_NAME": "HAIGHT ST", "STREET_NUM": "1,524", "ON_OFFSTREET_TYPE": "ON", "CAP_COLOR": "Red", "PM_DISTRICT_ID": "23"}}, {"type": "Feature", "geometry": {"type": "Point", "coordinates": [-122.4357069989, 37.7607934017]}, "properties": {"STREET_NAME": "18TH ST", "STREET_NUM": "4,119", "ON_OFFSTREET_TYPE": "ON", "CAP_COLOR": "Yellow", "PM_DISTRICT_ID": "16"}}, {"type": "Feature", "geometry": {"type": "Point", "coordinates": [-122.451747, 37.7820430015]}, "properties": {"STREET_NAME": "GEARY BLVD", "STREET_NUM": "3,014", "ON_OFFSTREET_TYPE": "ON", "CAP_COLOR": "Green", "PM_DISTRICT_ID": "20"}}, {"type": "Feature", "geometry": {"type": "Point", "coordinates": [-122.4412983989, 37.7821342022]}, "properties": {"STREET_NAME": "O'FARRELL ST", "STREET_NUM": "2,209", "ON_OFFSTREET_TYPE": "ON", "CAP_COLOR": "Green", "PM_DISTRICT_ID": "18"}}, {"type": "Feature", "geometry": {"type": "Point", "coordinates": [-122.457263818, 37.7812008036]}, "properties": {"STREET_NAME": "GEARY BLVD", "STREET_NUM": "3,527", "ON_OFFSTREET_TYPE": "ON", "CAP_COLOR": "Grey", "PM_DISTRICT_ID": "20"}}, {"type": "Feature", "geometry": {"type": "Point", "coordinates": [-122.4327451975, 37.7838207976]}, "properties": {"STREET_NAME": "FILLMORE ST", "STREET_NUM": "1,518", "ON_OFFSTREET_TYPE": "ON", "CAP_COLOR": "Grey", "PM_DISTRICT_ID": "5"}}, {"type": "Feature", "geometry": {"type": "Point", "coordinates": [-122.4489973364, 37.7696822493]}, "properties": {"STREET_NAME": "HAIGHT ST", "STREET_NUM": "1,611", "ON_OFFSTREET_TYPE": "ON", "CAP_COLOR": "Grey", "PM_DISTRICT_ID": "23"}}, {"type": "Feature", "geometry": {"type": "Point", "coordinates": [-122.4474727993, 37.769876602]}, "properties": {"STREET_NAME": "HAIGHT ST", "STREET_NUM": "1,515", "ON_OFFSTREET_TYPE": "ON", "CAP_COLOR": "Grey", "PM_DISTRICT_ID": "23"}}, {"type": "Feature", "geometry": {"type": "Point", "coordinates": [-122.456626402, 37.7641382002]}, "properties": {"STREET_NAME": "HILLWAY AVE", "STREET_NUM": "54", "ON_OFFSTREET_TYPE": "ON", "CAP_COLOR": "Grey", "PM_DISTRICT_ID": "24"}}, {"type": "Feature", "geometry": {"type": "Point", "coordinates": [-122.4377590005, 37.7742573981]}, "properties": {"STREET_NAME": "DIVISADERO ST", "STREET_NUM": "507", "ON_OFFSTREET_TYPE": "ON", "CAP_COLOR": "Red", "PM_DISTRICT_ID": "17"}}, {"type": "Feature", "geometry": {"type": "Point", "coordinates": [-122.4463127998, 37.7701490027]}, "properties": {"STREET_NAME": "HAIGHT ST", "STREET_NUM": "1,430", "ON_OFFSTREET_TYPE": "ON", "CAP_COLOR": "Grey", "PM_DISTRICT_ID": "23"}}, {"type": "Feature", "geometry": {"type": "Point", "coordinates": [-122.4305365367, 37.7664147957]}, "properties": {"STREET_NAME": "MARKET ST", "STREET_NUM": "2,158", "ON_OFFSTREET_TYPE": "ON", "CAP_COLOR": "Yellow", "PM_DISTRICT_ID": "16"}}, {"type": "Feature", "geometry": {"type": "Point", "coordinates": [-122.4324786027, 37.7645299983]}, "properties": {"STREET_NAME": "MARKET ST", "STREET_NUM": "2,261", "ON_OFFSTREET_TYPE": "ON", "CAP_COLOR": "Grey", "PM_DISTRICT_ID": "16"}}, {"type": "Feature", "geometry": {"type": "Point", "coordinates": [-122.4520488994, 37.7692930986]}, "properties": {"STREET_NAME": "HAIGHT ST", "STREET_NUM": "1,809", "ON_OFFSTREET_TYPE": "ON", "CAP_COLOR": "Black", "PM_DISTRICT_ID": "23"}}, {"type": "Feature", "geometry": {"type": "Point", "coordinates": [-122.4298299995, 37.7666246024]}, "properties": {"STREET_NAME": "MARKET ST", "STREET_NUM": "2,139", "ON_OFFSTREET_TYPE": "ON", "CAP_COLOR": "Yellow", "PM_DISTRICT_ID": "16"}}, {"type": "Feature", "geometry": {"type": "Point", "coordinates": [-122.4298599006, 37.7722435006]}, "properties": {"STREET_NAME": "HAIGHT ST", "STREET_NUM": "426", "ON_OFFSTREET_TYPE": "ON", "CAP_COLOR": "Grey", "PM_DISTRICT_ID": "39"}}, {"type": "Feature", "geometry": {"type": "Point", "coordinates": [-122.4560591986, 37.7812541974]}, "properties": {"STREET_NAME": "GEARY BLVD", "STREET_NUM": "3,421", "ON_OFFSTREET_TYPE": "ON", "CAP_COLOR": "Red", "PM_DISTRICT_ID": "20"}}, {"type": "Feature", "geometry": {"type": "Point", "coordinates": [-122.4522105974, 37.7693969001]}, "properties": {"STREET_NAME": "HAIGHT ST", "STREET_NUM": "1,816", "ON_OFFSTREET_TYPE": "ON", "CAP_COLOR": "Grey", "PM_DISTRICT_ID": "23"}}, {"type": "Feature", "geometry": {"type": "Point", "coordinates": [-122.4353189, 37.7608174019]}, "properties": {"STREET_NAME": "18TH ST", "STREET_NUM": "4,105", "ON_OFFSTREET_TYPE": "ON", "CAP_COLOR": "Grey", "PM_DISTRICT_ID": "16"}}, {"type": "Feature", "geometry": {"type": "Point", "coordinates": [-122.4430211985, 37.7827183985]}, "properties": {"STREET_NAME": "GEARY BLVD", "STREET_NUM": "2,403", "ON_OFFSTREET_TYPE": "ON", "CAP_COLOR": "Grey", "PM_DISTRICT_ID": "18"}}, {"type": "Feature", "geometry": {"type": "Point", "coordinates": [-122.4345659483, 37.7632280697]}, "properties": {"STREET_NAME": "MARKET ST", "STREET_NUM": "2,340", "ON_OFFSTREET_TYPE": "ON", "CAP_COLOR": "Red", "PM_DISTRICT_ID": "16"}}, {"type": "Feature", "geometry": {"type": "Point", "coordinates": [-122.4516062697, 37.7693495239]}, "properties": {"STREET_NAME": "HAIGHT ST", "STREET_NUM": "1,721", "ON_OFFSTREET_TYPE": "ON", "CAP_COLOR": "Grey", "PM_DISTRICT_ID": "23"}}, {"type": "Feature", "geometry": {"type": "Point", "coordinates": [-122.4489352288, 37.7696901694]}, "properties": {"STREET_NAME": "HAIGHT ST", "STREET_NUM": "1,609", "ON_OFFSTREET_TYPE": "ON", "CAP_COLOR": "Grey", "PM_DISTRICT_ID": "23"}}, {"type": "Feature", "geometry": {"type": "Point", "coordinates": [-122.4331941993, 37.7644186978]}, "properties": {"STREET_NAME": "NOE ST", "STREET_NUM": "270", "ON_OFFSTREET_TYPE": "ON", "CAP_COLOR": "Green", "PM_DISTRICT_ID": "16"}}, {"type": "Feature", "geometry": {"type": "Point", "coordinates": [-122.4368309003, 37.7607236978]}, "properties": {"STREET_NAME": "18TH ST", "STREET_NUM": "4,221", "ON_OFFSTREET_TYPE": "ON", "CAP_COLOR": "Grey", "PM_DISTRICT_ID": "16"}}, {"type": "Feature", "geometry": {"type": "Point", "coordinates": [-122.4363178999, 37.7607554988]}, "properties": {"STREET_NAME": "18TH ST", "STREET_NUM": "4,203", "ON_OFFSTREET_TYPE": "ON", "CAP_COLOR": "Grey", "PM_DISTRICT_ID": "16"}}, {"type": "Feature", "geometry": {"type": "Point", "coordinates": [-122.4378138014, 37.7768343025]}, "properties": {"STREET_NAME": "FULTON ST", "STREET_NUM": "1,235", "ON_OFFSTREET_TYPE": "ON", "CAP_COLOR": "Grey", "PM_DISTRICT_ID": "17"}}, {"type": "Feature", "geometry": {"type": "Point", "coordinates": [-122.4348261, 37.7601241012]}, "properties": {"STREET_NAME": "CASTRO ST", "STREET_NUM": "523", "ON_OFFSTREET_TYPE": "ON", "CAP_COLOR": "Grey", "PM_DISTRICT_ID": "16"}}, {"type": "Feature", "geometry": {"type": "Point", "coordinates": [-122.4473225006, 37.7700203013]}, "properties": {"STREET_NAME": "HAIGHT ST", "STREET_NUM": "1,508", "ON_OFFSTREET_TYPE": "ON", "CAP_COLOR": "Grey", "PM_DISTRICT_ID": "23"}}, {"type": "Feature", "geometry": {"type": "Point", "coordinates": [-122.4498787017, 37.7650703014]}, "properties": {"STREET_NAME": "COLE ST", "STREET_NUM": "925", "ON_OFFSTREET_TYPE": "ON", "CAP_COLOR": "Grey", "PM_DISTRICT_ID": "23"}}, {"type": "Feature", "geometry": {"type": "Point", "coordinates": [-122.4381537994, 37.7761783012]}, "properties": {"STREET_NAME": "DIVISADERO ST", "STREET_NUM": "707", "ON_OFFSTREET_TYPE": "ON", "CAP_COLOR": "Red", "PM_DISTRICT_ID": "17"}}, {"type": "Feature", "geometry": {"type": "Point", "coordinates": [-122.4460804981, 37.7700541978]}, "properties": {"STREET_NAME": "HAIGHT ST", "STREET_NUM": "1,419", "ON_OFFSTREET_TYPE": "ON", "CAP_COLOR": "Yellow", "PM_DISTRICT_ID": "23"}}, {"type": "Feature", "geometry": {"type": "Point", "coordinates": [-122.4527675973, 37.7816376024]}, "properties": {"STREET_NAME": "GEARY BLVD", "STREET_NUM": "3,117", "ON_OFFSTREET_TYPE": "ON", "CAP_COLOR": "Grey", "PM_DISTRICT_ID": "20"}}, {"type": "Feature", "geometry": {"type": "Point", "coordinates": [-122.4346546007, 37.7617523026]}, "properties": {"STREET_NAME": "CASTRO ST", "STREET_NUM": "457", "ON_OFFSTREET_TYPE": "OFF", "CAP_COLOR": "Grey", "PM_DISTRICT_ID": "16"}}, {"type": "Feature", "geometry": {"type": "Point", "coordinates": [-122.4320117028, 37.7801958983]}, "properties": {"STREET_NAME": "FILLMORE ST", "STREET_NUM": "1,120", "ON_OFFSTREET_TYPE": "ON", "CAP_COLOR": "Grey", "PM_DISTRICT_ID": "5"}}, {"type": "Feature", "geometry": {"type": "Point", "coordinates": [-122.4372282976, 37.7727251024]}, "properties": {"STREET_NAME": "DIVISADERO ST", "STREET_NUM": "316", "ON_OFFSTREET_TYPE": "ON", "CAP_COLOR": "Grey", "PM_DISTRICT_ID": "17"}}, {"type": "Feature", "geometry": {"type": "Point", "coordinates": [-122.449774699, 37.7652276018]}, "properties": {"STREET_NAME": "COLE ST", "STREET_NUM": "922", "ON_OFFSTREET_TYPE": "ON", "CAP_COLOR": "Green", "PM_DISTRICT_ID": "23"}}, {"type": "Feature", "geometry": {"type": "Point", "coordinates": [-122.4318880026, 37.7789132995]}, "properties": {"STREET_NAME": "FILLMORE ST", "STREET_NUM": "1,009", "ON_OFFSTREET_TYPE": "ON", "CAP_COLOR": "Grey", "PM_DISTRICT_ID": "5"}}, {"type": "Feature", "geometry": {"type": "Point", "coordinates": [-122.4368983164, 37.7839999035]}, "properties": {"STREET_NAME": "GEARY BLVD", "STREET_NUM": "2,020", "ON_OFFSTREET_TYPE": "ON", "CAP_COLOR": "Grey", "PM_DISTRICT_ID": "18"}}, {"type": "Feature", "geometry": {"type": "Point", "coordinates": [-122.455011701, 37.7813503993]}, "properties": {"STREET_NAME": "GEARY BLVD", "STREET_NUM": "3,319", "ON_OFFSTREET_TYPE": "ON", "CAP_COLOR": "Grey", "PM_DISTRICT_ID": "20"}}, {"type": "Feature", "geometry": {"type": "Point", "coordinates": [-122.4479538982, 37.7699398015]}, "properties": {"STREET_NAME": "HAIGHT ST", "STREET_NUM": "1,532", "ON_OFFSTREET_TYPE": "ON", "CAP_COLOR": "Grey", "PM_DISTRICT_ID": "23"}}, {"type": "Feature", "geometry": {"type": "Point", "coordinates": [-122.4566202999, 37.764062601]}, "properties": {"STREET_NAME": "HILLWAY AVE", "STREET_NUM": "60", "ON_OFFSTREET_TYPE": "ON", "CAP_COLOR": "Grey", "PM_DISTRICT_ID": "24"}}, {"type": "Feature", "geometry": {"type": "Point", "coordinates": [-122.4330709015, 37.7647420996]}, "properties": {"STREET_NAME": "NOE ST", "STREET_NUM": "259", "ON_OFFSTREET_TYPE": "ON", "CAP_COLOR": "Grey", "PM_DISTRICT_ID": "16"}}, {"type": "Feature", "geometry": {"type": "Point", "coordinates": [-122.4324772001, 37.7818252006]}, "properties": {"STREET_NAME": "FILLMORE ST", "STREET_NUM": "1,315", "ON_OFFSTREET_TYPE": "ON", "CAP_COLOR": "Grey", "PM_DISTRICT_ID": "5"}}, {"type": "Feature", "geometry": {"type": "Point", "coordinates": [-122.4528356974, 37.7691927002]}, "properties": {"STREET_NAME": "HAIGHT ST", "STREET_NUM": "1,835", "ON_OFFSTREET_TYPE": "ON", "CAP_COLOR": "Grey", "PM_DISTRICT_ID": "23"}}, {"type": "Feature", "geometry": {"type": "Point", "coordinates": [-122.449247902, 37.769774801]}, "properties": {"STREET_NAME": "HAIGHT ST", "STREET_NUM": "1,618", "ON_OFFSTREET_TYPE": "ON", "CAP_COLOR": "Grey", "PM_DISTRICT_ID": "23"}}, {"type": "Feature", "geometry": {"type": "Point", "coordinates": [-122.4567281974, 37.7815702007]}, "properties": {"STREET_NAME": "JORDAN AVE", "STREET_NUM": "197", "ON_OFFSTREET_TYPE": "ON", "CAP_COLOR": "Grey", "PM_DISTRICT_ID": "20"}}, {"type": "Feature", "geometry": {"type": "Point", "coordinates": [-122.4491749012, 37.7697840993]}, "properties": {"STREET_NAME": "HAIGHT ST", "STREET_NUM": "1,614", "ON_OFFSTREET_TYPE": "ON", "CAP_COLOR": "Grey", "PM_DISTRICT_ID": "23"}}, {"type": "Feature", "geometry": {"type": "Point", "coordinates": [-122.4324047023, 37.782138002]}, "properties": {"STREET_NAME": "FILLMORE ST", "STREET_NUM": "1,322", "ON_OFFSTREET_TYPE": "ON", "CAP_COLOR": "Grey", "PM_DISTRICT_ID": "5"}}, {"type": "Feature", "geometry": {"type": "Point", "coordinates": [-122.429604599, 37.7721515008]}, "properties": {"STREET_NAME": "HAIGHT ST", "STREET_NUM": "423", "ON_OFFSTREET_TYPE": "ON", "CAP_COLOR": "Grey", "PM_DISTRICT_ID": "39"}}, {"type": "Feature", "geometry": {"type": "Point", "coordinates": [-122.4421092977, 37.7823215992]}, "properties": {"STREET_NAME": "SAINT JOSEPHS AVE", "STREET_NUM": "307", "ON_OFFSTREET_TYPE": "ON", "CAP_COLOR": "Grey", "PM_DISTRICT_ID": "18"}}, {"type": "Feature", "geometry": {"type": "Point", "coordinates": [-122.4465820992, 37.7699901991]}, "properties": {"STREET_NAME": "HAIGHT ST", "STREET_NUM": "1,439", "ON_OFFSTREET_TYPE": "ON", "CAP_COLOR": "Yellow", "PM_DISTRICT_ID": "23"}}, {"type": "Feature", "geometry": {"type": "Point", "coordinates": [-122.4575687644, 37.7646063312]}, "properties": {"STREET_NAME": "ARGUELLO BLVD", "STREET_NUM": "1,296", "ON_OFFSTREET_TYPE": "ON", "CAP_COLOR": "Black", "PM_DISTRICT_ID": "24"}}, {"type": "Feature", "geometry": {"type": "Point", "coordinates": [-122.4443785351, 37.770395623]}, "properties": {"STREET_NAME": "HAIGHT ST", "STREET_NUM": "1,318", "ON_OFFSTREET_TYPE": "ON", "CAP_COLOR": "Grey", "PM_DISTRICT_ID": "23"}}, {"type": "Feature", "geometry": {"type": "Point", "coordinates": [-122.4487722213, 37.7697109566]}, "properties": {"STREET_NAME": "HAIGHT ST", "STREET_NUM": "1,605", "ON_OFFSTREET_TYPE": "ON", "CAP_COLOR": "Grey", "PM_DISTRICT_ID": "23"}}, {"type": "Feature", "geometry": {"type": "Point", "coordinates": [-122.43319858, 37.760941778]}, "properties": {"STREET_NAME": "18TH ST", "STREET_NUM": "4,007", "ON_OFFSTREET_TYPE": "ON", "CAP_COLOR": "Grey", "PM_DISTRICT_ID": "16"}}, {"type": "Feature", "geometry": {"type": "Point", "coordinates": [-122.4372380275, 37.7727727422]}, "properties": {"STREET_NAME": "DIVISADERO ST", "STREET_NUM": "318", "ON_OFFSTREET_TYPE": "ON", "CAP_COLOR": "Grey", "PM_DISTRICT_ID": "17"}}, {"type": "Feature", "geometry": {"type": "Point", "coordinates": [-122.4312539005, 37.7719417018]}, "properties": {"STREET_NAME": "HAIGHT ST", "STREET_NUM": "533", "ON_OFFSTREET_TYPE": "ON", "CAP_COLOR": "Black", "PM_DISTRICT_ID": "39"}}, {"type": "Feature", "geometry": {"type": "Point", "coordinates": [-122.4348574986, 37.7604614002]}, "properties": {"STREET_NAME": "CASTRO ST", "STREET_NUM": "511", "ON_OFFSTREET_TYPE": "ON", "CAP_COLOR": "Grey", "PM_DISTRICT_ID": "16"}}, {"type": "Feature", "geometry": {"type": "Point", "coordinates": [-122.4374564027, 37.772769398]}, "properties": {"STREET_NAME": "DIVISADERO ST", "STREET_NUM": "323", "ON_OFFSTREET_TYPE": "ON", "CAP_COLOR": "Yellow", "PM_DISTRICT_ID": "17"}}, {"type": "Feature", "geometry": {"type": "Point", "coordinates": [-122.4301329998, 37.7722087995]}, "properties": {"STREET_NAME": "HAIGHT ST", "STREET_NUM": "438", "ON_OFFSTREET_TYPE": "ON", "CAP_COLOR": "Grey", "PM_DISTRICT_ID": "39"}}, {"type": "Feature", "geometry": {"type": "Point", "coordinates": [-122.4369053987, 37.7608292986]}, "properties": {"STREET_NAME": "18TH ST", "STREET_NUM": "4,220", "ON_OFFSTREET_TYPE": "ON", "CAP_COLOR": "Grey", "PM_DISTRICT_ID": "16"}}, {"type": "Feature", "geometry": {"type": "Point", "coordinates": [-122.4314815018, 37.7656674928]}, "properties": {"STREET_NAME": "MARKET ST", "STREET_NUM": "2,206", "ON_OFFSTREET_TYPE": "ON", "CAP_COLOR": "Grey", "PM_DISTRICT_ID": "16"}}, {"type": "Feature", "geometry": {"type": "Point", "coordinates": [-122.4384631978, 37.7767517016]}, "properties": {"STREET_NAME": "FULTON ST", "STREET_NUM": "1,305", "ON_OFFSTREET_TYPE": "ON", "CAP_COLOR": "Yellow", "PM_DISTRICT_ID": "17"}}, {"type": "Feature", "geometry": {"type": "Point", "coordinates": [-122.4320157608, 37.7648960797]}, "properties": {"STREET_NAME": "MARKET ST", "STREET_NUM": "2,241", "ON_OFFSTREET_TYPE": "ON", "CAP_COLOR": "Grey", "PM_DISTRICT_ID": "16"}}, {"type": "Feature", "geometry": {"type": "Point", "coordinates": [-122.4491759015, 37.7820950978]}, "properties": {"STREET_NAME": "GEARY BLVD", "STREET_NUM": "2,805", "ON_OFFSTREET_TYPE": "ON", "CAP_COLOR": "Black", "PM_DISTRICT_ID": "20"}}, {"type": "Feature", "geometry": {"type": "Point", "coordinates": [-122.4301241988, 37.766391999]}, "properties": {"STREET_NAME": "MARKET ST", "STREET_NUM": "2,145", "ON_OFFSTREET_TYPE": "ON", "CAP_COLOR": "Grey", "PM_DISTRICT_ID": "16"}}, {"type": "Feature", "geometry": {"type": "Point", "coordinates": [-122.4383304005, 37.7770609994]}, "properties": {"STREET_NAME": "DIVISADERO ST", "STREET_NUM": "805", "ON_OFFSTREET_TYPE": "ON", "CAP_COLOR": "Grey", "PM_DISTRICT_ID": "17"}}, {"type": "Feature", "geometry": {"type": "Point", "coordinates": [-122.4498664976, 37.7650095996]}, "properties": {"STREET_NAME": "COLE ST", "STREET_NUM": "927", "ON_OFFSTREET_TYPE": "ON", "CAP_COLOR": "Green", "PM_DISTRICT_ID": "23"}}, {"type": "Feature", "geometry": {"type": "Point", "coordinates": [-122.4478475989, 37.769953302]}, "properties": {"STREET_NAME": "HAIGHT ST", "STREET_NUM": "1,526", "ON_OFFSTREET_TYPE": "ON", "CAP_COLOR": "Red", "PM_DISTRICT_ID": "23"}}, {"type": "Feature", "geometry": {"type": "Point", "coordinates": [-122.4376656988, 37.7748756026]}, "properties": {"STREET_NAME": "DIVISADERO ST", "STREET_NUM": "530", "ON_OFFSTREET_TYPE": "ON", "CAP_COLOR": "Grey", "PM_DISTRICT_ID": "17"}}, {"type": "Feature", "geometry": {"type": "Point", "coordinates": [-122.4388997999, 37.7835466982]}, "properties": {"STREET_NAME": "GEARY BLVD", "STREET_NUM": "2,132", "ON_OFFSTREET_TYPE": "ON", "CAP_COLOR": "Grey", "PM_DISTRICT_ID": "18"}}, {"type": "Feature", "geometry": {"type": "Point", "coordinates": [-122.4295486023, 37.7671960973]}, "properties": {"STREET_NAME": "MARKET ST", "STREET_NUM": "2,114", "ON_OFFSTREET_TYPE": "ON", "CAP_COLOR": "Grey", "PM_DISTRICT_ID": "16"}}, {"type": "Feature", "geometry": {"type": "Point", "coordinates": [-122.4449509614, 37.7703226494]}, "properties": {"STREET_NAME": "HAIGHT ST", "STREET_NUM": "1,336", "ON_OFFSTREET_TYPE": "ON", "CAP_COLOR": "Grey", "PM_DISTRICT_ID": "23"}}, {"type": "Feature", "geometry": {"type": "Point", "coordinates": [-122.4333485301, 37.7831429302]}, "properties": {"STREET_NAME": "OFARRELL ST", "STREET_NUM": "1,713", "ON_OFFSTREET_TYPE": "ON", "CAP_COLOR": "Grey", "PM_DISTRICT_ID": "5"}}, {"type": "Feature", "geometry": {"type": "Point", "coordinates": [-122.4314619002, 37.7719151982]}, "properties": {"STREET_NAME": "HAIGHT ST", "STREET_NUM": "547", "ON_OFFSTREET_TYPE": "ON", "CAP_COLOR": "Grey", "PM_DISTRICT_ID": "39"}}, {"type": "Feature", "geometry": {"type": "Point", "coordinates": [-122.4375735984, 37.7733456985]}, "properties": {"STREET_NAME": "DIVISADERO ST", "STREET_NUM": "405", "ON_OFFSTREET_TYPE": "ON", "CAP_COLOR": "Grey", "PM_DISTRICT_ID": "17"}}, {"type": "Feature", "geometry": {"type": "Point", "coordinates": [-122.4316726995, 37.7651673973]}, "properties": {"STREET_NAME": "MARKET ST", "STREET_NUM": "2,227", "ON_OFFSTREET_TYPE": "ON", "CAP_COLOR": "Red", "PM_DISTRICT_ID": "16"}}, {"type": "Feature", "geometry": {"type": "Point", "coordinates": [-122.434974102, 37.7617145003]}, "properties": {"STREET_NAME": "CASTRO ST", "STREET_NUM": "425", "ON_OFFSTREET_TYPE": "ON", "CAP_COLOR": "Green", "PM_DISTRICT_ID": "16"}}, {"type": "Feature", "geometry": {"type": "Point", "coordinates": [-122.4313244985, 37.7719326996]}, "properties": {"STREET_NAME": "HAIGHT ST", "STREET_NUM": "543", "ON_OFFSTREET_TYPE": "ON", "CAP_COLOR": "Grey", "PM_DISTRICT_ID": "39"}}, {"type": "Feature", "geometry": {"type": "Point", "coordinates": [-122.4444907318, 37.7702568466]}, "properties": {"STREET_NAME": "HAIGHT ST", "STREET_NUM": "1,323", "ON_OFFSTREET_TYPE": "ON", "CAP_COLOR": "Grey", "PM_DISTRICT_ID": "23"}}, {"type": "Feature", "geometry": {"type": "Point", "coordinates": [-122.4570424014, 37.7812106003]}, "properties": {"STREET_NAME": "GEARY BLVD", "STREET_NUM": "3,521", "ON_OFFSTREET_TYPE": "ON", "CAP_COLOR": "Grey", "PM_DISTRICT_ID": "20"}}, {"type": "Feature", "geometry": {"type": "Point", "coordinates": [-122.4506745019, 37.7821795986]}, "properties": {"STREET_NAME": "GEARY BLVD", "STREET_NUM": "2,912", "ON_OFFSTREET_TYPE": "ON", "CAP_COLOR": "Grey", "PM_DISTRICT_ID": "20"}}, {"type": "Feature", "geometry": {"type": "Point", "coordinates": [-122.4303952024, 37.7665265006]}, "properties": {"STREET_NAME": "MARKET ST", "STREET_NUM": "2,146", "ON_OFFSTREET_TYPE": "ON", "CAP_COLOR": "Grey", "PM_DISTRICT_ID": "16"}}, {"type": "Feature", "geometry": {"type": "Point", "coordinates": [-122.4537178671, 37.7705146804]}, "properties": {"STREET_NAME": "STANYAN ST", "STREET_NUM": "620", "ON_OFFSTREET_TYPE": "ON", "CAP_COLOR": "Grey", "PM_DISTRICT_ID": "23"}}, {"type": "Feature", "geometry": {"type": "Point", "coordinates": [-122.4343443026, 37.7630544984]}, "properties": {"STREET_NAME": "MARKET ST", "STREET_NUM": "2,355", "ON_OFFSTREET_TYPE": "ON", "CAP_COLOR": "Grey", "PM_DISTRICT_ID": "16"}}, {"type": "Feature", "geometry": {"type": "Point", "coordinates": [-122.4420812016, 37.7828382988]}, "properties": {"STREET_NAME": "GEARY BLVD", "STREET_NUM": "2,329", "ON_OFFSTREET_TYPE": "ON", "CAP_COLOR": "Grey", "PM_DISTRICT_ID": "18"}}, {"type": "Feature", "geometry": {"type": "Point", "coordinates": [-122.4321190621, 37.7651632752]}, "properties": {"STREET_NAME": "MARKET ST", "STREET_NUM": "2,234", "ON_OFFSTREET_TYPE": "ON", "CAP_COLOR": "Grey", "PM_DISTRICT_ID": "16"}}, {"type": "Feature", "geometry": {"type": "Point", "coordinates": [-122.4422090982, 37.7825494026]}, "properties": {"STREET_NAME": "SAINT JOSEPHS AVE", "STREET_NUM": "314", "ON_OFFSTREET_TYPE": "ON", "CAP_COLOR": "Yellow", "PM_DISTRICT_ID": "18"}}, {"type": "Feature", "geometry": {"type": "Point", "coordinates": [-122.4385791977, 37.7836863016]}, "properties": {"STREET_NAME": "GEARY BLVD", "STREET_NUM": "2,122", "ON_OFFSTREET_TYPE": "ON", "CAP_COLOR": "Grey", "PM_DISTRICT_ID": "18"}}, {"type": "Feature", "geometry": {"type": "Point", "coordinates": [-122.4375887976, 37.7750728008]}, "properties": {"STREET_NAME": "HAYES ST", "STREET_NUM": "1,238", "ON_OFFSTREET_TYPE": "ON", "CAP_COLOR": "Green", "PM_DISTRICT_ID": "17"}}, {"type": "Feature", "geometry": {"type": "Point", "coordinates": [-122.4319225975, 37.7790841003]}, "properties": {"STREET_NAME": "FILLMORE ST", "STREET_NUM": "1,015", "ON_OFFSTREET_TYPE": "ON", "CAP_COLOR": "Grey", "PM_DISTRICT_ID": "5"}}, {"type": "Feature", "geometry": {"type": "Point", "coordinates": [-122.4528318026, 37.7816294999]}, "properties": {"STREET_NAME": "GEARY BLVD", "STREET_NUM": "3,119", "ON_OFFSTREET_TYPE": "ON", "CAP_COLOR": "Grey", "PM_DISTRICT_ID": "20"}}, {"type": "Feature", "geometry": {"type": "Point", "coordinates": [-122.4437718985, 37.7826226995]}, "properties": {"STREET_NAME": "GEARY BLVD", "STREET_NUM": "2,425", "ON_OFFSTREET_TYPE": "ON", "CAP_COLOR": "Grey", "PM_DISTRICT_ID": "18"}}, {"type": "Feature", "geometry": {"type": "Point", "coordinates": [-122.4568141007, 37.7812206977]}, "properties": {"STREET_NAME": "GEARY BLVD", "STREET_NUM": "3,513", "ON_OFFSTREET_TYPE": "ON", "CAP_COLOR": "Red", "PM_DISTRICT_ID": "20"}}, {"type": "Feature", "geometry": {"type": "Point", "coordinates": [-122.4439994713, 37.770319473]}, "properties": {"STREET_NAME": "HAIGHT ST", "STREET_NUM": "1,309", "ON_OFFSTREET_TYPE": "ON", "CAP_COLOR": "Grey", "PM_DISTRICT_ID": "23"}}, {"type": "Feature", "geometry": {"type": "Point", "coordinates": [-122.4322601983, 37.7807526019]}, "properties": {"STREET_NAME": "FILLMORE ST", "STREET_NUM": "1,207", "ON_OFFSTREET_TYPE": "ON", "CAP_COLOR": "Grey", "PM_DISTRICT_ID": "5"}}, {"type": "Feature", "geometry": {"type": "Point", "coordinates": [-122.4330826976, 37.7648653024]}, "properties": {"STREET_NAME": "NOE ST", "STREET_NUM": "255", "ON_OFFSTREET_TYPE": "ON", "CAP_COLOR": "Grey", "PM_DISTRICT_ID": "16"}}, {"type": "Feature", "geometry": {"type": "Point", "coordinates": [-122.4357548987, 37.7612347984]}, "properties": {"STREET_NAME": "18TH ST", "STREET_NUM": "4,116", "ON_OFFSTREET_TYPE": "OFF", "CAP_COLOR": "Grey", "PM_DISTRICT_ID": "16"}}, {"type": "Feature", "geometry": {"type": "Point", "coordinates": [-122.4395050013, 37.7839892012]}, "properties": {"STREET_NAME": "DIVISADERO ST", "STREET_NUM": "1,520", "ON_OFFSTREET_TYPE": "ON", "CAP_COLOR": "Green", "PM_DISTRICT_ID": "18"}}, {"type": "Feature", "geometry": {"type": "Point", "coordinates": [-122.4401405004, 37.7830856991]}, "properties": {"STREET_NAME": "GEARY BLVD", "STREET_NUM": "2,217", "ON_OFFSTREET_TYPE": "ON", "CAP_COLOR": "Red", "PM_DISTRICT_ID": "18"}}, {"type": "Feature", "geometry": {"type": "Point", "coordinates": [-122.4319689998, 37.7793134012]}, "properties": {"STREET_NAME": "FILLMORE ST", "STREET_NUM": "1,023", "ON_OFFSTREET_TYPE": "ON", "CAP_COLOR": "Grey", "PM_DISTRICT_ID": "5"}}, {"type": "Feature", "geometry": {"type": "Point", "coordinates": [-122.4343136025, 37.7832368974]}, "properties": {"STREET_NAME": "STEINER ST", "STREET_NUM": "1,502", "ON_OFFSTREET_TYPE": "ON", "CAP_COLOR": "Grey", "PM_DISTRICT_ID": "5"}}, {"type": "Feature", "geometry": {"type": "Point", "coordinates": [-122.4377533009, 37.7753061977]}, "properties": {"STREET_NAME": "DIVISADERO ST", "STREET_NUM": "608", "ON_OFFSTREET_TYPE": "ON", "CAP_COLOR": "Yellow", "PM_DISTRICT_ID": "17"}}, {"type": "Feature", "geometry": {"type": "Point", "coordinates": [-122.44695615, 37.7697825515]}, "properties": {"STREET_NAME": "ASHBURY ST", "STREET_NUM": "603", "ON_OFFSTREET_TYPE": "ON", "CAP_COLOR": "Grey", "PM_DISTRICT_ID": "23"}}, {"type": "Feature", "geometry": {"type": "Point", "coordinates": [-122.4497493019, 37.7822974984]}, "properties": {"STREET_NAME": "GEARY BLVD", "STREET_NUM": "2,816", "ON_OFFSTREET_TYPE": "ON", "CAP_COLOR": "Grey", "PM_DISTRICT_ID": "20"}}, {"type": "Feature", "geometry": {"type": "Point", "coordinates": [-122.4343549258, 37.760872856]}, "properties": {"STREET_NAME": "18TH ST", "STREET_NUM": "4,063", "ON_OFFSTREET_TYPE": "ON", "CAP_COLOR": "Yellow", "PM_DISTRICT_ID": "16"}}, {"type": "Feature", "geometry": {"type": "Point", "coordinates": [-122.4372572989, 37.7728674997]}, "properties": {"STREET_NAME": "DIVISADERO ST", "STREET_NUM": "324", "ON_OFFSTREET_TYPE": "ON", "CAP_COLOR": "Grey", "PM_DISTRICT_ID": "17"}}, {"type": "Feature", "geometry": {"type": "Point", "coordinates": [-122.454613466, 37.7816778162]}, "properties": {"STREET_NAME": "GEARY BLVD", "STREET_NUM": "3,310", "ON_OFFSTREET_TYPE": "ON", "CAP_COLOR": "Yellow", "PM_DISTRICT_ID": "20"}}, {"type": "Feature", "geometry": {"type": "Point", "coordinates": [-122.4343602003, 37.783467098]}, "properties": {"STREET_NAME": "STEINER ST", "STREET_NUM": "1,514", "ON_OFFSTREET_TYPE": "ON", "CAP_COLOR": "Grey", "PM_DISTRICT_ID": "5"}}, {"type": "Feature", "geometry": {"type": "Point", "coordinates": [-122.4487733019, 37.782138002]}, "properties": {"STREET_NAME": "GEARY BLVD", "STREET_NUM": "2,727", "ON_OFFSTREET_TYPE": "ON", "CAP_COLOR": "Grey", "PM_DISTRICT_ID": "20"}}, {"type": "Feature", "geometry": {"type": "Point", "coordinates": [-122.4413671975, 37.7829292984]}, "properties": {"STREET_NAME": "GEARY BLVD", "STREET_NUM": "2,309", "ON_OFFSTREET_TYPE": "ON", "CAP_COLOR": "Grey", "PM_DISTRICT_ID": "18"}}, {"type": "Feature", "geometry": {"type": "Point", "coordinates": [-122.4371559003, 37.7610129014]}, "properties": {"STREET_NAME": "DIAMOND ST", "STREET_NUM": "47", "ON_OFFSTREET_TYPE": "ON", "CAP_COLOR": "Grey", "PM_DISTRICT_ID": "16"}}, {"type": "Feature", "geometry": {"type": "Point", "coordinates": [-122.4328023006, 37.7834322014]}, "properties": {"STREET_NAME": "FILLMORE ST", "STREET_NUM": "1,503", "ON_OFFSTREET_TYPE": "ON", "CAP_COLOR": "Red", "PM_DISTRICT_ID": "5"}}, {"type": "Feature", "geometry": {"type": "Point", "coordinates": [-122.4381954015, 37.7763862003]}, "properties": {"STREET_NAME": "DIVISADERO ST", "STREET_NUM": "717", "ON_OFFSTREET_TYPE": "ON", "CAP_COLOR": "Grey", "PM_DISTRICT_ID": "17"}}, {"type": "Feature", "geometry": {"type": "Point", "coordinates": [-122.4323481021, 37.7811874998]}, "properties": {"STREET_NAME": "FILLMORE ST", "STREET_NUM": "1,223", "ON_OFFSTREET_TYPE": "ON", "CAP_COLOR": "Grey", "PM_DISTRICT_ID": "5"}}, {"type": "Feature", "geometry": {"type": "Point", "coordinates": [-122.4343857986, 37.7835935977]}, "properties": {"STREET_NAME": "STEINER ST", "STREET_NUM": "1,518", "ON_OFFSTREET_TYPE": "ON", "CAP_COLOR": "Grey", "PM_DISTRICT_ID": "5"}}, {"type": "Feature", "geometry": {"type": "Point", "coordinates": [-122.4372962021, 37.7719819461]}, "properties": {"STREET_NAME": "DIVISADERO ST", "STREET_NUM": "225", "ON_OFFSTREET_TYPE": "ON", "CAP_COLOR": "Grey", "PM_DISTRICT_ID": "17"}}, {"type": "Feature", "geometry": {"type": "Point", "coordinates": [-122.4349964947, 37.783889012]}, "properties": {"STREET_NAME": "GEARY BLVD", "STREET_NUM": "1,911", "ON_OFFSTREET_TYPE": "ON", "CAP_COLOR": "Grey", "PM_DISTRICT_ID": "18"}}, {"type": "Feature", "geometry": {"type": "Point", "coordinates": [-122.4580341985, 37.7635014997]}, "properties": {"STREET_NAME": "PARNASSUS AVE", "STREET_NUM": "412", "ON_OFFSTREET_TYPE": "ON", "CAP_COLOR": "Red", "PM_DISTRICT_ID": "24"}}, {"type": "Feature", "geometry": {"type": "Point", "coordinates": [-122.4331309968, 37.7609458682]}, "properties": {"STREET_NAME": "18TH ST", "STREET_NUM": "4,005", "ON_OFFSTREET_TYPE": "ON", "CAP_COLOR": "Green", "PM_DISTRICT_ID": "16"}}, {"type": "Feature", "geometry": {"type": "Point", "coordinates": [-122.4407362973, 37.7830097982]}, "properties": {"STREET_NAME": "GEARY BLVD", "STREET_NUM": "2,233", "ON_OFFSTREET_TYPE": "ON", "CAP_COLOR": "Grey", "PM_DISTRICT_ID": "18"}}, {"type": "Feature", "geometry": {"type": "Point", "coordinates": [-122.448772799, 37.7824302007]}, "properties": {"STREET_NAME": "GEARY BLVD", "STREET_NUM": "2,716", "ON_OFFSTREET_TYPE": "ON", "CAP_COLOR": "Grey", "PM_DISTRICT_ID": "20"}}, {"type": "Feature", "geometry": {"type": "Point", "coordinates": [-122.4445705107, 37.7703711497]}, "properties": {"STREET_NAME": "HAIGHT ST", "STREET_NUM": "1,324", "ON_OFFSTREET_TYPE": "ON", "CAP_COLOR": "Grey", "PM_DISTRICT_ID": "23"}}, {"type": "Feature", "geometry": {"type": "Point", "coordinates": [-122.453670602, 37.7817979985]}, "properties": {"STREET_NAME": "GEARY BLVD", "STREET_NUM": "3,210", "ON_OFFSTREET_TYPE": "ON", "CAP_COLOR": "Green", "PM_DISTRICT_ID": "20"}}, {"type": "Feature", "geometry": {"type": "Point", "coordinates": [-122.4328151976, 37.7834959988]}, "properties": {"STREET_NAME": "FILLMORE ST", "STREET_NUM": "1,505", "ON_OFFSTREET_TYPE": "ON", "CAP_COLOR": "Red", "PM_DISTRICT_ID": "5"}}, {"type": "Feature", "geometry": {"type": "Point", "coordinates": [-122.4538962988, 37.7814938025]}, "properties": {"STREET_NAME": "GEARY BLVD", "STREET_NUM": "3,223", "ON_OFFSTREET_TYPE": "ON", "CAP_COLOR": "Red", "PM_DISTRICT_ID": "20"}}, {"type": "Feature", "geometry": {"type": "Point", "coordinates": [-122.4517711007, 37.7692471993]}, "properties": {"STREET_NAME": "SHRADER ST", "STREET_NUM": "604", "ON_OFFSTREET_TYPE": "ON", "CAP_COLOR": "Grey", "PM_DISTRICT_ID": "23"}}, {"type": "Feature", "geometry": {"type": "Point", "coordinates": [-122.435619598, 37.7611645021]}, "properties": {"STREET_NAME": "18TH ST", "STREET_NUM": "4,116", "ON_OFFSTREET_TYPE": "OFF", "CAP_COLOR": "Grey", "PM_DISTRICT_ID": "16"}}, {"type": "Feature", "geometry": {"type": "Point", "coordinates": [-122.4366670938, 37.7836760388]}, "properties": {"STREET_NAME": "GEARY BLVD", "STREET_NUM": "2,015", "ON_OFFSTREET_TYPE": "ON", "CAP_COLOR": "Grey", "PM_DISTRICT_ID": "18"}}, {"type": "Feature", "geometry": {"type": "Point", "coordinates": [-122.4341470348, 37.7608854397]}, "properties": {"STREET_NAME": "18TH ST", "STREET_NUM": "4,057", "ON_OFFSTREET_TYPE": "ON", "CAP_COLOR": "Grey", "PM_DISTRICT_ID": "16"}}, {"type": "Feature", "geometry": {"type": "Point", "coordinates": [-122.4363386324, 37.7837179121]}, "properties": {"STREET_NAME": "GEARY BLVD", "STREET_NUM": "2,005", "ON_OFFSTREET_TYPE": "ON", "CAP_COLOR": "Grey", "PM_DISTRICT_ID": "18"}}, {"type": "Feature", "geometry": {"type": "Point", "coordinates": [-122.4563990009, 37.763963499]}, "properties": {"STREET_NAME": "PARNASSUS AVE", "STREET_NUM": "352", "ON_OFFSTREET_TYPE": "ON", "CAP_COLOR": "Red", "PM_DISTRICT_ID": "24"}}, {"type": "Feature", "geometry": {"type": "Point", "coordinates": [-122.4518877992, 37.7820250978]}, "properties": {"STREET_NAME": "GEARY BLVD", "STREET_NUM": "3,018", "ON_OFFSTREET_TYPE": "ON", "CAP_COLOR": "Grey", "PM_DISTRICT_ID": "20"}}, {"type": "Feature", "geometry": {"type": "Point", "coordinates": [-122.4486162977, 37.7696475972]}, "properties": {"STREET_NAME": "CLAYTON ST", "STREET_NUM": "601", "ON_OFFSTREET_TYPE": "ON", "CAP_COLOR": "Grey", "PM_DISTRICT_ID": "23"}}, {"type": "Feature", "geometry": {"type": "Point", "coordinates": [-122.4582937022, 37.781427401]}, "properties": {"STREET_NAME": "GEARY BLVD", "STREET_NUM": "3,612", "ON_OFFSTREET_TYPE": "ON", "CAP_COLOR": "Grey", "PM_DISTRICT_ID": "20"}}, {"type": "Feature", "geometry": {"type": "Point", "coordinates": [-122.4493543019, 37.7648654979]}, "properties": {"STREET_NAME": "PARNASSUS AVE", "STREET_NUM": "55", "ON_OFFSTREET_TYPE": "ON", "CAP_COLOR": "Grey", "PM_DISTRICT_ID": "23"}}, {"type": "Feature", "geometry": {"type": "Point", "coordinates": [-122.4321217013, 37.7807396994]}, "properties": {"STREET_NAME": "FILLMORE ST", "STREET_NUM": "1,206", "ON_OFFSTREET_TYPE": "ON", "CAP_COLOR": "Grey", "PM_DISTRICT_ID": "5"}}, {"type": "Feature", "geometry": {"type": "Point", "coordinates": [-122.4438601762, 37.7703372372]}, "properties": {"STREET_NAME": "HAIGHT ST", "STREET_NUM": "1,305", "ON_OFFSTREET_TYPE": "ON", "CAP_COLOR": "Yellow", "PM_DISTRICT_ID": "23"}}, {"type": "Feature", "geometry": {"type": "Point", "coordinates": [-122.429183101, 37.7722051003]}, "properties": {"STREET_NAME": "HAIGHT ST", "STREET_NUM": "409", "ON_OFFSTREET_TYPE": "ON", "CAP_COLOR": "Grey", "PM_DISTRICT_ID": "39"}}, {"type": "Feature", "geometry": {"type": "Point", "coordinates": [-122.432503402, 37.7826258008]}, "properties": {"STREET_NAME": "FILLMORE ST", "STREET_NUM": "1,408", "ON_OFFSTREET_TYPE": "ON", "CAP_COLOR": "Grey", "PM_DISTRICT_ID": "5"}}, {"type": "Feature", "geometry": {"type": "Point", "coordinates": [-122.4497624, 37.7651666988]}, "properties": {"STREET_NAME": "COLE ST", "STREET_NUM": "924", "ON_OFFSTREET_TYPE": "ON", "CAP_COLOR": "Red", "PM_DISTRICT_ID": "23"}}, {"type": "Feature", "geometry": {"type": "Point", "coordinates": [-122.4381639023, 37.7762285982]}, "properties": {"STREET_NAME": "DIVISADERO ST", "STREET_NUM": "709", "ON_OFFSTREET_TYPE": "ON", "CAP_COLOR": "Red", "PM_DISTRICT_ID": "17"}}, {"type": "Feature", "geometry": {"type": "Point", "coordinates": [-122.4323379991, 37.7649900977]}, "properties": {"STREET_NAME": "MARKET ST", "STREET_NUM": "2,244", "ON_OFFSTREET_TYPE": "ON", "CAP_COLOR": "Grey", "PM_DISTRICT_ID": "16"}}, {"type": "Feature", "geometry": {"type": "Point", "coordinates": [-122.4381394998, 37.7772013013]}, "properties": {"STREET_NAME": "DIVISADERO ST", "STREET_NUM": "808", "ON_OFFSTREET_TYPE": "ON", "CAP_COLOR": "Grey", "PM_DISTRICT_ID": "17"}}, {"type": "Feature", "geometry": {"type": "Point", "coordinates": [-122.437568899, 37.7743993987]}, "properties": {"STREET_NAME": "DIVISADERO ST", "STREET_NUM": "508", "ON_OFFSTREET_TYPE": "ON", "CAP_COLOR": "Grey", "PM_DISTRICT_ID": "17"}}, {"type": "Feature", "geometry": {"type": "Point", "coordinates": [-122.4313044992, 37.771935298]}, "properties": {"STREET_NAME": "HAIGHT ST", "STREET_NUM": "541", "ON_OFFSTREET_TYPE": "ON", "CAP_COLOR": "Black", "PM_DISTRICT_ID": "39"}}, {"type": "Feature", "geometry": {"type": "Point", "coordinates": [-122.4533456776, 37.7676985944]}, "properties": {"STREET_NAME": "STANYAN ST", "STREET_NUM": "767", "ON_OFFSTREET_TYPE": "ON", "CAP_COLOR": "Grey", "PM_DISTRICT_ID": "23"}}, {"type": "Feature", "geometry": {"type": "Point", "coordinates": [-122.4325549004, 37.7822093991]}, "properties": {"STREET_NAME": "FILLMORE ST", "STREET_NUM": "1,329", "ON_OFFSTREET_TYPE": "ON", "CAP_COLOR": "Yellow", "PM_DISTRICT_ID": "5"}}, {"type": "Feature", "geometry": {"type": "Point", "coordinates": [-122.4368706217, 37.7836500924]}, "properties": {"STREET_NAME": "GEARY BLVD", "STREET_NUM": "2,021", "ON_OFFSTREET_TYPE": "ON", "CAP_COLOR": "Grey", "PM_DISTRICT_ID": "18"}}, {"type": "Feature", "geometry": {"type": "Point", "coordinates": [-122.4349892006, 37.7618768018]}, "properties": {"STREET_NAME": "CASTRO ST", "STREET_NUM": "417", "ON_OFFSTREET_TYPE": "ON", "CAP_COLOR": "Grey", "PM_DISTRICT_ID": "16"}}, {"type": "Feature", "geometry": {"type": "Point", "coordinates": [-122.4486932994, 37.7824402981]}, "properties": {"STREET_NAME": "GEARY BLVD", "STREET_NUM": "2,714", "ON_OFFSTREET_TYPE": "ON", "CAP_COLOR": "Grey", "PM_DISTRICT_ID": "20"}}, {"type": "Feature", "geometry": {"type": "Point", "coordinates": [-122.457365602, 37.7814686009]}, "properties": {"STREET_NAME": "GEARY BLVD", "STREET_NUM": "3,520", "ON_OFFSTREET_TYPE": "ON", "CAP_COLOR": "Grey", "PM_DISTRICT_ID": "20"}}, {"type": "Feature", "geometry": {"type": "Point", "coordinates": [-122.4356921015, 37.7612405986]}, "properties": {"STREET_NAME": "18TH ST", "STREET_NUM": "4,116", "ON_OFFSTREET_TYPE": "OFF", "CAP_COLOR": "Grey", "PM_DISTRICT_ID": "16"}}, {"type": "Feature", "geometry": {"type": "Point", "coordinates": [-122.4361063902, 37.7837475191]}, "properties": {"STREET_NAME": "GEARY BLVD", "STREET_NUM": "1,943", "ON_OFFSTREET_TYPE": "ON", "CAP_COLOR": "Grey", "PM_DISTRICT_ID": "18"}}, {"type": "Feature", "geometry": {"type": "Point", "coordinates": [-122.4516147, 37.7820598994]}, "properties": {"STREET_NAME": "GEARY BLVD", "STREET_NUM": "3,010", "ON_OFFSTREET_TYPE": "ON", "CAP_COLOR": "Grey", "PM_DISTRICT_ID": "20"}}, {"type": "Feature", "geometry": {"type": "Point", "coordinates": [-122.4319615164, 37.7652878713]}, "properties": {"STREET_NAME": "MARKET ST", "STREET_NUM": "2,222", "ON_OFFSTREET_TYPE": "ON", "CAP_COLOR": "Grey", "PM_DISTRICT_ID": "16"}}, {"type": "Feature", "geometry": {"type": "Point", "coordinates": [-122.438714599, 37.7836209004]}, "properties": {"STREET_NAME": "GEARY BLVD", "STREET_NUM": "2,126", "ON_OFFSTREET_TYPE": "ON", "CAP_COLOR": "Grey", "PM_DISTRICT_ID": "18"}}, {"type": "Feature", "geometry": {"type": "Point", "coordinates": [-122.4360286013, 37.7612113011]}, "properties": {"STREET_NAME": "18TH ST", "STREET_NUM": "4,116", "ON_OFFSTREET_TYPE": "OFF", "CAP_COLOR": "Grey", "PM_DISTRICT_ID": "16"}}, {"type": "Feature", "geometry": {"type": "Point", "coordinates": [-122.453367084, 37.7678048493]}, "properties": {"STREET_NAME": "STANYAN ST", "STREET_NUM": "759", "ON_OFFSTREET_TYPE": "ON", "CAP_COLOR": "Grey", "PM_DISTRICT_ID": "23"}}, {"type": "Feature", "geometry": {"type": "Point", "coordinates": [-122.4375244972, 37.7750809983]}, "properties": {"STREET_NAME": "HAYES ST", "STREET_NUM": "1,236", "ON_OFFSTREET_TYPE": "ON", "CAP_COLOR": "Grey", "PM_DISTRICT_ID": "17"}}, {"type": "Feature", "geometry": {"type": "Point", "coordinates": [-122.4313244985, 37.7719326996]}, "properties": {"STREET_NAME": "HAIGHT ST", "STREET_NUM": "539", "ON_OFFSTREET_TYPE": "ON", "CAP_COLOR": "Black", "PM_DISTRICT_ID": "39"}}, {"type": "Feature", "geometry": {"type": "Point", "coordinates": [-122.4535469314, 37.769670828]}, "properties": {"STREET_NAME": "STANYAN ST", "STREET_NUM": "662", "ON_OFFSTREET_TYPE": "ON", "CAP_COLOR": "Grey", "PM_DISTRICT_ID": "23"}}, {"type": "Feature", "geometry": {"type": "Point", "coordinates": [-122.4304464997, 37.7664859992]}, "properties": {"STREET_NAME": "MARKET ST", "STREET_NUM": "2,148", "ON_OFFSTREET_TYPE": "ON", "CAP_COLOR": "Grey", "PM_DISTRICT_ID": "16"}}, {"type": "Feature", "geometry": {"type": "Point", "coordinates": [-122.4382377022, 37.7765975975]}, "properties": {"STREET_NAME": "DIVISADERO ST", "STREET_NUM": "727", "ON_OFFSTREET_TYPE": "ON", "CAP_COLOR": "Grey", "PM_DISTRICT_ID": "17"}}, {"type": "Feature", "geometry": {"type": "Point", "coordinates": [-122.454486634, 37.7816943419]}, "properties": {"STREET_NAME": "GEARY BLVD", "STREET_NUM": "3,304", "ON_OFFSTREET_TYPE": "ON", "CAP_COLOR": "Grey", "PM_DISTRICT_ID": "20"}}, {"type": "Feature", "geometry": {"type": "Point", "coordinates": [-122.4405998008, 37.783027199]}, "properties": {"STREET_NAME": "GEARY BLVD", "STREET_NUM": "2,229", "ON_OFFSTREET_TYPE": "ON", "CAP_COLOR": "Grey", "PM_DISTRICT_ID": "18"}}, {"type": "Feature", "geometry": {"type": "Point", "coordinates": [-122.4430922994, 37.7827094019]}, "properties": {"STREET_NAME": "GEARY BLVD", "STREET_NUM": "2,405", "ON_OFFSTREET_TYPE": "ON", "CAP_COLOR": "Grey", "PM_DISTRICT_ID": "18"}}, {"type": "Feature", "geometry": {"type": "Point", "coordinates": [-122.4369406992, 37.7836411587]}, "properties": {"STREET_NAME": "GEARY BLVD", "STREET_NUM": "2,023", "ON_OFFSTREET_TYPE": "ON", "CAP_COLOR": "Grey", "PM_DISTRICT_ID": "18"}}, {"type": "Feature", "geometry": {"type": "Point", "coordinates": [-122.4356114005, 37.7611371995]}, "properties": {"STREET_NAME": "18TH ST", "STREET_NUM": "4,116", "ON_OFFSTREET_TYPE": "OFF", "CAP_COLOR": "Grey", "PM_DISTRICT_ID": "16"}}, {"type": "Feature", "geometry": {"type": "Point", "coordinates": [-122.4325434004, 37.7821525027]}, "properties": {"STREET_NAME": "FILLMORE ST", "STREET_NUM": "1,327", "ON_OFFSTREET_TYPE": "ON", "CAP_COLOR": "Grey", "PM_DISTRICT_ID": "5"}}, {"type": "Feature", "geometry": {"type": "Point", "coordinates": [-122.4440730486, 37.7703100933]}, "properties": {"STREET_NAME": "HAIGHT ST", "STREET_NUM": "1,311", "ON_OFFSTREET_TYPE": "ON", "CAP_COLOR": "Grey", "PM_DISTRICT_ID": "23"}}, {"type": "Feature", "geometry": {"type": "Point", "coordinates": [-122.4589508993, 37.7809646976]}, "properties": {"STREET_NAME": "ARGUELLO BLVD", "STREET_NUM": "503", "ON_OFFSTREET_TYPE": "ON", "CAP_COLOR": "Grey", "PM_DISTRICT_ID": "9"}}, {"type": "Feature", "geometry": {"type": "Point", "coordinates": [-122.4325334986, 37.7821036977]}, "properties": {"STREET_NAME": "FILLMORE ST", "STREET_NUM": "1,325", "ON_OFFSTREET_TYPE": "ON", "CAP_COLOR": "Grey", "PM_DISTRICT_ID": "5"}}, {"type": "Feature", "geometry": {"type": "Point", "coordinates": [-122.4570464974, 37.7814826992]}, "properties": {"STREET_NAME": "GEARY BLVD", "STREET_NUM": "3,508", "ON_OFFSTREET_TYPE": "ON", "CAP_COLOR": "Grey", "PM_DISTRICT_ID": "20"}}, {"type": "Feature", "geometry": {"type": "Point", "coordinates": [-122.4378229992, 37.7745719989]}, "properties": {"STREET_NAME": "DIVISADERO ST", "STREET_NUM": "519", "ON_OFFSTREET_TYPE": "ON", "CAP_COLOR": "Red", "PM_DISTRICT_ID": "17"}}, {"type": "Feature", "geometry": {"type": "Point", "coordinates": [-122.4321317987, 37.7807895997]}, "properties": {"STREET_NAME": "FILLMORE ST", "STREET_NUM": "1,208", "ON_OFFSTREET_TYPE": "ON", "CAP_COLOR": "Grey", "PM_DISTRICT_ID": "5"}}, {"type": "Feature", "geometry": {"type": "Point", "coordinates": [-122.4357415832, 37.7837940259]}, "properties": {"STREET_NAME": "GEARY BLVD", "STREET_NUM": "1,933", "ON_OFFSTREET_TYPE": "ON", "CAP_COLOR": "Grey", "PM_DISTRICT_ID": "18"}}, {"type": "Feature", "geometry": {"type": "Point", "coordinates": [-122.4539975062, 37.7813215134]}, "properties": {"STREET_NAME": "PARKER AVE", "STREET_NUM": "210", "ON_OFFSTREET_TYPE": "ON", "CAP_COLOR": "Green", "PM_DISTRICT_ID": "20"}}, {"type": "Feature", "geometry": {"type": "Point", "coordinates": [-122.4436968972, 37.7826322996]}, "properties": {"STREET_NAME": "GEARY BLVD", "STREET_NUM": "2,423", "ON_OFFSTREET_TYPE": "ON", "CAP_COLOR": "Grey", "PM_DISTRICT_ID": "18"}}, {"type": "Feature", "geometry": {"type": "Point", "coordinates": [-122.4348156003, 37.7600113981]}, "properties": {"STREET_NAME": "CASTRO ST", "STREET_NUM": "527", "ON_OFFSTREET_TYPE": "ON", "CAP_COLOR": "Grey", "PM_DISTRICT_ID": "16"}}, {"type": "Feature", "geometry": {"type": "Point", "coordinates": [-122.4556539, 37.7640282017]}, "properties": {"STREET_NAME": "PARNASSUS AVE", "STREET_NUM": "331", "ON_OFFSTREET_TYPE": "ON", "CAP_COLOR": "Yellow", "PM_DISTRICT_ID": "24"}}, {"type": "Feature", "geometry": {"type": "Point", "coordinates": [-122.4344750994, 37.7833635983]}, "properties": {"STREET_NAME": "STEINER ST", "STREET_NUM": "1,507", "ON_OFFSTREET_TYPE": "ON", "CAP_COLOR": "Grey", "PM_DISTRICT_ID": "5"}}, {"type": "Feature", "geometry": {"type": "Point", "coordinates": [-122.4377648008, 37.7753627979]}, "properties": {"STREET_NAME": "DIVISADERO ST", "STREET_NUM": "610", "ON_OFFSTREET_TYPE": "ON", "CAP_COLOR": "Yellow", "PM_DISTRICT_ID": "17"}}, {"type": "Feature", "geometry": {"type": "Point", "coordinates": [-122.4386078024, 37.7768688974]}, "properties": {"STREET_NAME": "FULTON ST", "STREET_NUM": "1,308", "ON_OFFSTREET_TYPE": "ON", "CAP_COLOR": "Grey", "PM_DISTRICT_ID": "17"}}, {"type": "Feature", "geometry": {"type": "Point", "coordinates": [-122.4530992164, 37.767460434]}, "properties": {"STREET_NAME": "STANYAN ST", "STREET_NUM": "778", "ON_OFFSTREET_TYPE": "ON", "CAP_COLOR": "Grey", "PM_DISTRICT_ID": "23"}}, {"type": "Feature", "geometry": {"type": "Point", "coordinates": [-122.4513325987, 37.7820958019]}, "properties": {"STREET_NAME": "GEARY BLVD", "STREET_NUM": "3,002", "ON_OFFSTREET_TYPE": "ON", "CAP_COLOR": "Grey", "PM_DISTRICT_ID": "20"}}, {"type": "Feature", "geometry": {"type": "Point", "coordinates": [-122.4442865705, 37.7702828733]}, "properties": {"STREET_NAME": "HAIGHT ST", "STREET_NUM": "1,317", "ON_OFFSTREET_TYPE": "ON", "CAP_COLOR": "Grey", "PM_DISTRICT_ID": "23"}}, {"type": "Feature", "geometry": {"type": "Point", "coordinates": [-122.4509488025, 37.7821447019]}, "properties": {"STREET_NAME": "GEARY BLVD", "STREET_NUM": "2,920", "ON_OFFSTREET_TYPE": "ON", "CAP_COLOR": "Grey", "PM_DISTRICT_ID": "20"}}, {"type": "Feature", "geometry": {"type": "Point", "coordinates": [-122.4507403669, 37.7693394673]}, "properties": {"STREET_NAME": "COLE ST", "STREET_NUM": "601", "ON_OFFSTREET_TYPE": "ON", "CAP_COLOR": "Grey", "PM_DISTRICT_ID": "23"}}, {"type": "Feature", "geometry": {"type": "Point", "coordinates": [-122.4495554005, 37.7820468013]}, "properties": {"STREET_NAME": "GEARY BLVD", "STREET_NUM": "2,821", "ON_OFFSTREET_TYPE": "ON", "CAP_COLOR": "Grey", "PM_DISTRICT_ID": "20"}}, {"type": "Feature", "geometry": {"type": "Point", "coordinates": [-122.4379635972, 37.775263098]}, "properties": {"STREET_NAME": "DIVISADERO ST", "STREET_NUM": "607", "ON_OFFSTREET_TYPE": "ON", "CAP_COLOR": "Red", "PM_DISTRICT_ID": "17"}}, {"type": "Feature", "geometry": {"type": "Point", "coordinates": [-122.4417934005, 37.7828750004]}, "properties": {"STREET_NAME": "GEARY BLVD", "STREET_NUM": "2,321", "ON_OFFSTREET_TYPE": "ON", "CAP_COLOR": "Grey", "PM_DISTRICT_ID": "18"}}, {"type": "Feature", "geometry": {"type": "Point", "coordinates": [-122.4537497768, 37.7706722063]}, "properties": {"STREET_NAME": "STANYAN ST", "STREET_NUM": "612", "ON_OFFSTREET_TYPE": "ON", "CAP_COLOR": "Grey", "PM_DISTRICT_ID": "23"}}, {"type": "Feature", "geometry": {"type": "Point", "coordinates": [-122.4494813995, 37.7823316016]}, "properties": {"STREET_NAME": "GEARY BLVD", "STREET_NUM": "2,808", "ON_OFFSTREET_TYPE": "ON", "CAP_COLOR": "Grey", "PM_DISTRICT_ID": "20"}}, {"type": "Feature", "geometry": {"type": "Point", "coordinates": [-122.4406630003, 37.7830191021]}, "properties": {"STREET_NAME": "GEARY BLVD", "STREET_NUM": "2,231", "ON_OFFSTREET_TYPE": "ON", "CAP_COLOR": "Grey", "PM_DISTRICT_ID": "18"}}, {"type": "Feature", "geometry": {"type": "Point", "coordinates": [-122.4568841008, 37.7814899021]}, "properties": {"STREET_NAME": "GEARY BLVD", "STREET_NUM": "3,504", "ON_OFFSTREET_TYPE": "ON", "CAP_COLOR": "Yellow", "PM_DISTRICT_ID": "20"}}, {"type": "Feature", "geometry": {"type": "Point", "coordinates": [-122.4581588988, 37.7814334025]}, "properties": {"STREET_NAME": "GEARY BLVD", "STREET_NUM": "3,608", "ON_OFFSTREET_TYPE": "ON", "CAP_COLOR": "Red", "PM_DISTRICT_ID": "20"}}, {"type": "Feature", "geometry": {"type": "Point", "coordinates": [-122.4379180881, 37.7760943747]}, "properties": {"STREET_NAME": "DIVISADERO ST", "STREET_NUM": "704", "ON_OFFSTREET_TYPE": "ON", "CAP_COLOR": "Black", "PM_DISTRICT_ID": "17"}}, {"type": "Feature", "geometry": {"type": "Point", "coordinates": [-122.4322092028, 37.7811720994]}, "properties": {"STREET_NAME": "FILLMORE ST", "STREET_NUM": "1,224", "ON_OFFSTREET_TYPE": "ON", "CAP_COLOR": "Grey", "PM_DISTRICT_ID": "5"}}, {"type": "Feature", "geometry": {"type": "Point", "coordinates": [-122.434500301, 37.7834882987]}, "properties": {"STREET_NAME": "STEINER ST", "STREET_NUM": "1,515", "ON_OFFSTREET_TYPE": "ON", "CAP_COLOR": "Grey", "PM_DISTRICT_ID": "5"}}, {"type": "Feature", "geometry": {"type": "Point", "coordinates": [-122.4319349022, 37.7791451988]}, "properties": {"STREET_NAME": "FILLMORE ST", "STREET_NUM": "1,017", "ON_OFFSTREET_TYPE": "ON", "CAP_COLOR": "Grey", "PM_DISTRICT_ID": "5"}}, {"type": "Feature", "geometry": {"type": "Point", "coordinates": [-122.435170898, 37.7616491997]}, "properties": {"STREET_NAME": "CASTRO ST", "STREET_NUM": "428", "ON_OFFSTREET_TYPE": "ON", "CAP_COLOR": "Red", "PM_DISTRICT_ID": "16"}}, {"type": "Feature", "geometry": {"type": "Point", "coordinates": [-122.4579649975, 37.7635210016]}, "properties": {"STREET_NAME": "PARNASSUS AVE", "STREET_NUM": "410", "ON_OFFSTREET_TYPE": "ON", "CAP_COLOR": "Red", "PM_DISTRICT_ID": "24"}}, {"type": "Feature", "geometry": {"type": "Point", "coordinates": [-122.4355304235, 37.7838209451]}, "properties": {"STREET_NAME": "GEARY BLVD", "STREET_NUM": "1,927", "ON_OFFSTREET_TYPE": "ON", "CAP_COLOR": "Grey", "PM_DISTRICT_ID": "18"}}, {"type": "Feature", "geometry": {"type": "Point", "coordinates": [-122.4343704988, 37.7835179985]}, "properties": {"STREET_NAME": "STEINER ST", "STREET_NUM": "1,516", "ON_OFFSTREET_TYPE": "ON", "CAP_COLOR": "Grey", "PM_DISTRICT_ID": "5"}}, {"type": "Feature", "geometry": {"type": "Point", "coordinates": [-122.435613401, 37.7610966981]}, "properties": {"STREET_NAME": "18TH ST", "STREET_NUM": "4,116", "ON_OFFSTREET_TYPE": "OFF", "CAP_COLOR": "Grey", "PM_DISTRICT_ID": "16"}}, {"type": "Feature", "geometry": {"type": "Point", "coordinates": [-122.431980198, 37.7800403022]}, "properties": {"STREET_NAME": "FILLMORE ST", "STREET_NUM": "1,114", "ON_OFFSTREET_TYPE": "ON", "CAP_COLOR": "Grey", "PM_DISTRICT_ID": "5"}}, {"type": "Feature", "geometry": {"type": "Point", "coordinates": [-122.4534059467, 37.7689747381]}, "properties": {"STREET_NAME": "STANYAN ST", "STREET_NUM": "706", "ON_OFFSTREET_TYPE": "ON", "CAP_COLOR": "Grey", "PM_DISTRICT_ID": "23"}}, {"type": "Feature", "geometry": {"type": "Point", "coordinates": [-122.4370852389, 37.7836227322]}, "properties": {"STREET_NAME": "GEARY BLVD", "STREET_NUM": "2,027", "ON_OFFSTREET_TYPE": "ON", "CAP_COLOR": "Grey", "PM_DISTRICT_ID": "18"}}, {"type": "Feature", "geometry": {"type": "Point", "coordinates": [-122.4454792978, 37.7703941007]}, "properties": {"STREET_NAME": "MASONIC AVE", "STREET_NUM": "1,125", "ON_OFFSTREET_TYPE": "ON", "CAP_COLOR": "Grey", "PM_DISTRICT_ID": "23"}}, {"type": "Feature", "geometry": {"type": "Point", "coordinates": [-122.4494858028, 37.7820556023]}, "properties": {"STREET_NAME": "GEARY BLVD", "STREET_NUM": "2,819", "ON_OFFSTREET_TYPE": "ON", "CAP_COLOR": "Grey", "PM_DISTRICT_ID": "20"}}, {"type": "Feature", "geometry": {"type": "Point", "coordinates": [-122.434379501, 37.7633754973]}, "properties": {"STREET_NAME": "MARKET ST", "STREET_NUM": "2,332", "ON_OFFSTREET_TYPE": "ON", "CAP_COLOR": "Grey", "PM_DISTRICT_ID": "16"}}, {"type": "Feature", "geometry": {"type": "Point", "coordinates": [-122.4312932004, 37.7719367006]}, "properties": {"STREET_NAME": "HAIGHT ST", "STREET_NUM": "555", "ON_OFFSTREET_TYPE": "ON", "CAP_COLOR": "Grey", "PM_DISTRICT_ID": "39"}}, {"type": "Feature", "geometry": {"type": "Point", "coordinates": [-122.436001701, 37.7612116978]}, "properties": {"STREET_NAME": "18TH ST", "STREET_NUM": "4,116", "ON_OFFSTREET_TYPE": "OFF", "CAP_COLOR": "Grey", "PM_DISTRICT_ID": "16"}}, {"type": "Feature", "geometry": {"type": "Point", "coordinates": [-122.4368029054, 37.7836587251]}, "properties": {"STREET_NAME": "GEARY BLVD", "STREET_NUM": "2,019", "ON_OFFSTREET_TYPE": "ON", "CAP_COLOR": "Grey", "PM_DISTRICT_ID": "18"}}, {"type": "Feature", "geometry": {"type": "Point", "coordinates": [-122.441718701, 37.7828844999]}, "properties": {"STREET_NAME": "GEARY BLVD", "STREET_NUM": "2,319", "ON_OFFSTREET_TYPE": "ON", "CAP_COLOR": "Grey", "PM_DISTRICT_ID": "18"}}, {"type": "Feature", "geometry": {"type": "Point", "coordinates": [-122.4494432003, 37.7649620016]}, "properties": {"STREET_NAME": "PARNASSUS AVE", "STREET_NUM": "56", "ON_OFFSTREET_TYPE": "ON", "CAP_COLOR": "Grey", "PM_DISTRICT_ID": "23"}}, {"type": "Feature", "geometry": {"type": "Point", "coordinates": [-122.4533000629, 37.7674685383]}, "properties": {"STREET_NAME": "STANYAN ST", "STREET_NUM": "775", "ON_OFFSTREET_TYPE": "ON", "CAP_COLOR": "Grey", "PM_DISTRICT_ID": "23"}}, {"type": "Feature", "geometry": {"type": "Point", "coordinates": [-122.4423721989, 37.7826071986]}, "properties": {"STREET_NAME": "SAINT JOSEPHS AVE", "STREET_NUM": "320", "ON_OFFSTREET_TYPE": "ON", "CAP_COLOR": "Green", "PM_DISTRICT_ID": "18"}}, {"type": "Feature", "geometry": {"type": "Point", "coordinates": [-122.4498494991, 37.7655978975]}, "properties": {"STREET_NAME": "COLE ST", "STREET_NUM": "906", "ON_OFFSTREET_TYPE": "ON", "CAP_COLOR": "Grey", "PM_DISTRICT_ID": "23"}}, {"type": "Feature", "geometry": {"type": "Point", "coordinates": [-122.4349346816, 37.7838968921]}, "properties": {"STREET_NAME": "GEARY BLVD", "STREET_NUM": "1,909", "ON_OFFSTREET_TYPE": "ON", "CAP_COLOR": "Grey", "PM_DISTRICT_ID": "18"}}, {"type": "Feature", "geometry": {"type": "Point", "coordinates": [-122.4534786413, 37.7693336971]}, "properties": {"STREET_NAME": "STANYAN ST", "STREET_NUM": "678", "ON_OFFSTREET_TYPE": "ON", "CAP_COLOR": "Grey", "PM_DISTRICT_ID": "23"}}, {"type": "Feature", "geometry": {"type": "Point", "coordinates": [-122.4326393006, 37.7832975992]}, "properties": {"STREET_NAME": "FILLMORE ST", "STREET_NUM": "1,440", "ON_OFFSTREET_TYPE": "ON", "CAP_COLOR": "Black", "PM_DISTRICT_ID": "5"}}, {"type": "Feature", "geometry": {"type": "Point", "coordinates": [-122.4353893833, 37.7838389254]}, "properties": {"STREET_NAME": "GEARY BLVD", "STREET_NUM": "1,923", "ON_OFFSTREET_TYPE": "ON", "CAP_COLOR": "Grey", "PM_DISTRICT_ID": "18"}}, {"type": "Feature", "geometry": {"type": "Point", "coordinates": [-122.4379227752, 37.7761178094]}, "properties": {"STREET_NAME": "DIVISADERO ST", "STREET_NUM": "708", "ON_OFFSTREET_TYPE": "ON", "CAP_COLOR": "Black", "PM_DISTRICT_ID": "17"}}, {"type": "Feature", "geometry": {"type": "Point", "coordinates": [-122.4446963301, 37.7703551101]}, "properties": {"STREET_NAME": "HAIGHT ST", "STREET_NUM": "1,328", "ON_OFFSTREET_TYPE": "ON", "CAP_COLOR": "Grey", "PM_DISTRICT_ID": "23"}}, {"type": "Feature", "geometry": {"type": "Point", "coordinates": [-122.4387765021, 37.7835926981]}, "properties": {"STREET_NAME": "GEARY BLVD", "STREET_NUM": "2,128", "ON_OFFSTREET_TYPE": "ON", "CAP_COLOR": "Grey", "PM_DISTRICT_ID": "18"}}, {"type": "Feature", "geometry": {"type": "Point", "coordinates": [-122.4324912985, 37.7825659987]}, "properties": {"STREET_NAME": "FILLMORE ST", "STREET_NUM": "1,406", "ON_OFFSTREET_TYPE": "ON", "CAP_COLOR": "Grey", "PM_DISTRICT_ID": "5"}}, {"type": "Feature", "geometry": {"type": "Point", "coordinates": [-122.4485200008, 37.7824623984]}, "properties": {"STREET_NAME": "GEARY BLVD", "STREET_NUM": "2,710", "ON_OFFSTREET_TYPE": "ON", "CAP_COLOR": "Grey", "PM_DISTRICT_ID": "20"}}, {"type": "Feature", "geometry": {"type": "Point", "coordinates": [-122.4522935, 37.7816980024]}, "properties": {"STREET_NAME": "GEARY BLVD", "STREET_NUM": "3,103", "ON_OFFSTREET_TYPE": "ON", "CAP_COLOR": "Grey", "PM_DISTRICT_ID": "20"}}, {"type": "Feature", "geometry": {"type": "Point", "coordinates": [-122.4432988015, 37.7826829989]}, "properties": {"STREET_NAME": "GEARY BLVD", "STREET_NUM": "2,411", "ON_OFFSTREET_TYPE": "ON", "CAP_COLOR": "Grey", "PM_DISTRICT_ID": "18"}}, {"type": "Feature", "geometry": {"type": "Point", "coordinates": [-122.4327151009, 37.7836722982]}, "properties": {"STREET_NAME": "FILLMORE ST", "STREET_NUM": "1,510", "ON_OFFSTREET_TYPE": "ON", "CAP_COLOR": "Green", "PM_DISTRICT_ID": "5"}}, {"type": "Feature", "geometry": {"type": "Point", "coordinates": [-122.4446346399, 37.770238501]}, "properties": {"STREET_NAME": "HAIGHT ST", "STREET_NUM": "1,327", "ON_OFFSTREET_TYPE": "ON", "CAP_COLOR": "Grey", "PM_DISTRICT_ID": "23"}}, {"type": "Feature", "geometry": {"type": "Point", "coordinates": [-122.4386686997, 37.7768611972]}, "properties": {"STREET_NAME": "FULTON ST", "STREET_NUM": "1,310", "ON_OFFSTREET_TYPE": "ON", "CAP_COLOR": "Grey", "PM_DISTRICT_ID": "17"}}, {"type": "Feature", "geometry": {"type": "Point", "coordinates": [-122.4385811982, 37.7759041012]}, "properties": {"STREET_NAME": "GROVE ST", "STREET_NUM": "1,314", "ON_OFFSTREET_TYPE": "ON", "CAP_COLOR": "Green", "PM_DISTRICT_ID": "17"}}, {"type": "Feature", "geometry": {"type": "Point", "coordinates": [-122.4380362013, 37.7766851996]}, "properties": {"STREET_NAME": "DIVISADERO ST", "STREET_NUM": "728", "ON_OFFSTREET_TYPE": "ON", "CAP_COLOR": "Grey", "PM_DISTRICT_ID": "17"}}, {"type": "Feature", "geometry": {"type": "Point", "coordinates": [-122.4443071503, 37.7704047232]}, "properties": {"STREET_NAME": "HAIGHT ST", "STREET_NUM": "1,316", "ON_OFFSTREET_TYPE": "ON", "CAP_COLOR": "Grey", "PM_DISTRICT_ID": "23"}}, {"type": "Feature", "geometry": {"type": "Point", "coordinates": [-122.4340976073, 37.7608884316]}, "properties": {"STREET_NAME": "18TH ST", "STREET_NUM": "4,053", "ON_OFFSTREET_TYPE": "ON", "CAP_COLOR": "Grey", "PM_DISTRICT_ID": "16"}}, {"type": "Feature", "geometry": {"type": "Point", "coordinates": [-122.4587962979, 37.7815846008]}, "properties": {"STREET_NAME": "ARGUELLO BLVD", "STREET_NUM": "496", "ON_OFFSTREET_TYPE": "ON", "CAP_COLOR": "Grey", "PM_DISTRICT_ID": "9"}}, {"type": "Feature", "geometry": {"type": "Point", "coordinates": [-122.4533778299, 37.767858921]}, "properties": {"STREET_NAME": "STANYAN ST", "STREET_NUM": "757", "ON_OFFSTREET_TYPE": "ON", "CAP_COLOR": "Grey", "PM_DISTRICT_ID": "23"}}, {"type": "Feature", "geometry": {"type": "Point", "coordinates": [-122.4334280105, 37.7831327996]}, "properties": {"STREET_NAME": "OFARRELL ST", "STREET_NUM": "1,715", "ON_OFFSTREET_TYPE": "ON", "CAP_COLOR": "Grey", "PM_DISTRICT_ID": "5"}}, {"type": "Feature", "geometry": {"type": "Point", "coordinates": [-122.4302434285, 37.7666465686]}, "properties": {"STREET_NAME": "MARKET ST", "STREET_NUM": "2,140", "ON_OFFSTREET_TYPE": "ON", "CAP_COLOR": "Grey", "PM_DISTRICT_ID": "16"}}, {"type": "Feature", "geometry": {"type": "Point", "coordinates": [-122.4460097996, 37.7700631999]}, "properties": {"STREET_NAME": "HAIGHT ST", "STREET_NUM": "1,417", "ON_OFFSTREET_TYPE": "ON", "CAP_COLOR": "Yellow", "PM_DISTRICT_ID": "23"}}, {"type": "Feature", "geometry": {"type": "Point", "coordinates": [-122.4533707981, 37.7818361976]}, "properties": {"STREET_NAME": "GEARY BLVD", "STREET_NUM": "3,202", "ON_OFFSTREET_TYPE": "ON", "CAP_COLOR": "Yellow", "PM_DISTRICT_ID": "20"}}, {"type": "Feature", "geometry": {"type": "Point", "coordinates": [-122.4354579428, 37.7838301852]}, "properties": {"STREET_NAME": "GEARY BLVD", "STREET_NUM": "1,925", "ON_OFFSTREET_TYPE": "ON", "CAP_COLOR": "Grey", "PM_DISTRICT_ID": "18"}}, {"type": "Feature", "geometry": {"type": "Point", "coordinates": [-122.4559345988, 37.7812597015]}, "properties": {"STREET_NAME": "GEARY BLVD", "STREET_NUM": "3,417", "ON_OFFSTREET_TYPE": "ON", "CAP_COLOR": "Grey", "PM_DISTRICT_ID": "20"}}, {"type": "Feature", "geometry": {"type": "Point", "coordinates": [-122.435254204, 37.7838561584]}, "properties": {"STREET_NAME": "GEARY BLVD", "STREET_NUM": "1,919", "ON_OFFSTREET_TYPE": "ON", "CAP_COLOR": "Grey", "PM_DISTRICT_ID": "18"}}, {"type": "Feature", "geometry": {"type": "Point", "coordinates": [-122.449568901, 37.7648382009]}, "properties": {"STREET_NAME": "PARNASSUS AVE", "STREET_NUM": "63", "ON_OFFSTREET_TYPE": "ON", "CAP_COLOR": "Grey", "PM_DISTRICT_ID": "23"}}, {"type": "Feature", "geometry": {"type": "Point", "coordinates": [-122.4370127582, 37.7836319723]}, "properties": {"STREET_NAME": "GEARY BLVD", "STREET_NUM": "2,025", "ON_OFFSTREET_TYPE": "ON", "CAP_COLOR": "Grey", "PM_DISTRICT_ID": "18"}}, {"type": "Feature", "geometry": {"type": "Point", "coordinates": [-122.4518452023, 37.7696115997]}, "properties": {"STREET_NAME": "SHRADER ST", "STREET_NUM": "528", "ON_OFFSTREET_TYPE": "ON", "CAP_COLOR": "Grey", "PM_DISTRICT_ID": "23"}}, {"type": "Feature", "geometry": {"type": "Point", "coordinates": [-122.4319574998, 37.7799279009]}, "properties": {"STREET_NAME": "FILLMORE ST", "STREET_NUM": "1,110", "ON_OFFSTREET_TYPE": "ON", "CAP_COLOR": "Grey", "PM_DISTRICT_ID": "5"}}, {"type": "Feature", "geometry": {"type": "Point", "coordinates": [-122.4488472023, 37.7824207012]}, "properties": {"STREET_NAME": "GEARY BLVD", "STREET_NUM": "2,718", "ON_OFFSTREET_TYPE": "ON", "CAP_COLOR": "Grey", "PM_DISTRICT_ID": "20"}}, {"type": "Feature", "geometry": {"type": "Point", "coordinates": [-122.452894801, 37.7816213974]}, "properties": {"STREET_NAME": "GEARY BLVD", "STREET_NUM": "3,121", "ON_OFFSTREET_TYPE": "ON", "CAP_COLOR": "Green", "PM_DISTRICT_ID": "20"}}, {"type": "Feature", "geometry": {"type": "Point", "coordinates": [-122.457415899, 37.7811939985]}, "properties": {"STREET_NAME": "GEARY BLVD", "STREET_NUM": "3,533", "ON_OFFSTREET_TYPE": "ON", "CAP_COLOR": "Grey", "PM_DISTRICT_ID": "20"}}, {"type": "Feature", "geometry": {"type": "Point", "coordinates": [-122.4343978015, 37.7836527013]}, "properties": {"STREET_NAME": "STEINER ST", "STREET_NUM": "1,520", "ON_OFFSTREET_TYPE": "ON", "CAP_COLOR": "Grey", "PM_DISTRICT_ID": "5"}}, {"type": "Feature", "geometry": {"type": "Point", "coordinates": [-122.4381265023, 37.7771363024]}, "properties": {"STREET_NAME": "DIVISADERO ST", "STREET_NUM": "806", "ON_OFFSTREET_TYPE": "ON", "CAP_COLOR": "Grey", "PM_DISTRICT_ID": "17"}}, {"type": "Feature", "geometry": {"type": "Point", "coordinates": [-122.4535387071, 37.7696302266]}, "properties": {"STREET_NAME": "STANYAN ST", "STREET_NUM": "664", "ON_OFFSTREET_TYPE": "ON", "CAP_COLOR": "Grey", "PM_DISTRICT_ID": "23"}}, {"type": "Feature", "geometry": {"type": "Point", "coordinates": [-122.4338794925, 37.7634220728]}, "properties": {"STREET_NAME": "MARKET ST", "STREET_NUM": "2,321", "ON_OFFSTREET_TYPE": "ON", "CAP_COLOR": "Grey", "PM_DISTRICT_ID": "16"}}, {"type": "Feature", "geometry": {"type": "Point", "coordinates": [-122.4326356013, 37.7832791981]}, "properties": {"STREET_NAME": "FILLMORE ST", "STREET_NUM": "1,436", "ON_OFFSTREET_TYPE": "ON", "CAP_COLOR": "Black", "PM_DISTRICT_ID": "5"}}, {"type": "Feature", "geometry": {"type": "Point", "coordinates": [-122.4351854507, 37.78386493]}, "properties": {"STREET_NAME": "GEARY BLVD", "STREET_NUM": "1,917", "ON_OFFSTREET_TYPE": "ON", "CAP_COLOR": "Grey", "PM_DISTRICT_ID": "18"}}, {"type": "Feature", "geometry": {"type": "Point", "coordinates": [-122.431946201, 37.7792008993]}, "properties": {"STREET_NAME": "FILLMORE ST", "STREET_NUM": "1,019", "ON_OFFSTREET_TYPE": "ON", "CAP_COLOR": "Grey", "PM_DISTRICT_ID": "5"}}, {"type": "Feature", "geometry": {"type": "Point", "coordinates": [-122.4584702027, 37.763232502]}, "properties": {"STREET_NAME": "PARNASSUS AVE", "STREET_NUM": "427", "ON_OFFSTREET_TYPE": "ON", "CAP_COLOR": "Black", "PM_DISTRICT_ID": "24"}}, {"type": "Feature", "geometry": {"type": "Point", "coordinates": [-122.4322849025, 37.7808750001]}, "properties": {"STREET_NAME": "FILLMORE ST", "STREET_NUM": "1,211", "ON_OFFSTREET_TYPE": "ON", "CAP_COLOR": "Grey", "PM_DISTRICT_ID": "5"}}, {"type": "Feature", "geometry": {"type": "Point", "coordinates": [-122.4557847024, 37.7639911984]}, "properties": {"STREET_NAME": "PARNASSUS AVE", "STREET_NUM": "337", "ON_OFFSTREET_TYPE": "ON", "CAP_COLOR": "Grey", "PM_DISTRICT_ID": "24"}}, {"type": "Feature", "geometry": {"type": "Point", "coordinates": [-122.4495413021, 37.7823239014]}, "properties": {"STREET_NAME": "GEARY BLVD", "STREET_NUM": "2,810", "ON_OFFSTREET_TYPE": "ON", "CAP_COLOR": "Grey", "PM_DISTRICT_ID": "20"}}, {"type": "Feature", "geometry": {"type": "Point", "coordinates": [-122.4385140983, 37.775912701]}, "properties": {"STREET_NAME": "GROVE ST", "STREET_NUM": "1,312", "ON_OFFSTREET_TYPE": "ON", "CAP_COLOR": "Green", "PM_DISTRICT_ID": "17"}}, {"type": "Feature", "geometry": {"type": "Point", "coordinates": [-122.432427501, 37.7822506995]}, "properties": {"STREET_NAME": "FILLMORE ST", "STREET_NUM": "1,326", "ON_OFFSTREET_TYPE": "ON", "CAP_COLOR": "Grey", "PM_DISTRICT_ID": "5"}}, {"type": "Feature", "geometry": {"type": "Point", "coordinates": [-122.443972152, 37.7704474292]}, "properties": {"STREET_NAME": "HAIGHT ST", "STREET_NUM": "1,306", "ON_OFFSTREET_TYPE": "ON", "CAP_COLOR": "Grey", "PM_DISTRICT_ID": "23"}}, {"type": "Feature", "geometry": {"type": "Point", "coordinates": [-122.430493701, 37.7664486998]}, "properties": {"STREET_NAME": "MARKET ST", "STREET_NUM": "2,156", "ON_OFFSTREET_TYPE": "ON", "CAP_COLOR": "Yellow", "PM_DISTRICT_ID": "16"}}, {"type": "Feature", "geometry": {"type": "Point", "coordinates": [-122.4582276975, 37.7634467994]}, "properties": {"STREET_NAME": "PARNASSUS AVE", "STREET_NUM": "418", "ON_OFFSTREET_TYPE": "ON", "CAP_COLOR": "Red", "PM_DISTRICT_ID": "24"}}, {"type": "Feature", "geometry": {"type": "Point", "coordinates": [-122.4318689981, 37.7653610975]}, "properties": {"STREET_NAME": "MARKET ST", "STREET_NUM": "2,218", "ON_OFFSTREET_TYPE": "ON", "CAP_COLOR": "Grey", "PM_DISTRICT_ID": "16"}}, {"type": "Feature", "geometry": {"type": "Point", "coordinates": [-122.4542999991, 37.7814430975]}, "properties": {"STREET_NAME": "GEARY BLVD", "STREET_NUM": "3,301", "ON_OFFSTREET_TYPE": "ON", "CAP_COLOR": "Grey", "PM_DISTRICT_ID": "20"}}, {"type": "Feature", "geometry": {"type": "Point", "coordinates": [-122.4341844988, 37.7839924981]}, "properties": {"STREET_NAME": "GEARY BLVD", "STREET_NUM": "1,841", "ON_OFFSTREET_TYPE": "ON", "CAP_COLOR": "Green", "PM_DISTRICT_ID": "5"}}, {"type": "Feature", "geometry": {"type": "Point", "coordinates": [-122.4505238009, 37.7821987987]}, "properties": {"STREET_NAME": "GEARY BLVD", "STREET_NUM": "2,908", "ON_OFFSTREET_TYPE": "ON", "CAP_COLOR": "Grey", "PM_DISTRICT_ID": "20"}}, {"type": "Feature", "geometry": {"type": "Point", "coordinates": [-122.4418820978, 37.7828637016]}, "properties": {"STREET_NAME": "GEARY BLVD", "STREET_NUM": "2,323", "ON_OFFSTREET_TYPE": "ON", "CAP_COLOR": "Grey", "PM_DISTRICT_ID": "18"}}, {"type": "Feature", "geometry": {"type": "Point", "coordinates": [-122.4358236973, 37.7612278023]}, "properties": {"STREET_NAME": "18TH ST", "STREET_NUM": "4,116", "ON_OFFSTREET_TYPE": "OFF", "CAP_COLOR": "Grey", "PM_DISTRICT_ID": "16"}}, {"type": "Feature", "geometry": {"type": "Point", "coordinates": [-122.4365334323, 37.7836930784]}, "properties": {"STREET_NAME": "GEARY BLVD", "STREET_NUM": "2,011", "ON_OFFSTREET_TYPE": "ON", "CAP_COLOR": "Grey", "PM_DISTRICT_ID": "18"}}, {"type": "Feature", "geometry": {"type": "Point", "coordinates": [-122.4438389984, 37.7826140997]}, "properties": {"STREET_NAME": "GEARY BLVD", "STREET_NUM": "2,427", "ON_OFFSTREET_TYPE": "ON", "CAP_COLOR": "Grey", "PM_DISTRICT_ID": "18"}}, {"type": "Feature", "geometry": {"type": "Point", "coordinates": [-122.4569753015, 37.7814859011]}, "properties": {"STREET_NAME": "GEARY BLVD", "STREET_NUM": "3,506", "ON_OFFSTREET_TYPE": "ON", "CAP_COLOR": "Grey", "PM_DISTRICT_ID": "20"}}, {"type": "Feature", "geometry": {"type": "Point", "coordinates": [-122.4322728996, 37.7808158015]}, "properties": {"STREET_NAME": "FILLMORE ST", "STREET_NUM": "1,209", "ON_OFFSTREET_TYPE": "ON", "CAP_COLOR": "Grey", "PM_DISTRICT_ID": "5"}}, {"type": "Feature", "geometry": {"type": "Point", "coordinates": [-122.4485930016, 37.7695329998]}, "properties": {"STREET_NAME": "CLAYTON ST", "STREET_NUM": "605", "ON_OFFSTREET_TYPE": "ON", "CAP_COLOR": "Grey", "PM_DISTRICT_ID": "23"}}, {"type": "Feature", "geometry": {"type": "Point", "coordinates": [-122.4582231992, 37.7814305973]}, "properties": {"STREET_NAME": "GEARY BLVD", "STREET_NUM": "3,610", "ON_OFFSTREET_TYPE": "ON", "CAP_COLOR": "Grey", "PM_DISTRICT_ID": "20"}}, {"type": "Feature", "geometry": {"type": "Point", "coordinates": [-122.4508739018, 37.7821542014]}, "properties": {"STREET_NAME": "GEARY BLVD", "STREET_NUM": "2,918", "ON_OFFSTREET_TYPE": "ON", "CAP_COLOR": "Grey", "PM_DISTRICT_ID": "20"}}, {"type": "Feature", "geometry": {"type": "Point", "coordinates": [-122.4410488025, 37.7829699003]}, "properties": {"STREET_NAME": "GEARY BLVD", "STREET_NUM": "2,241", "ON_OFFSTREET_TYPE": "ON", "CAP_COLOR": "Grey", "PM_DISTRICT_ID": "18"}}, {"type": "Feature", "geometry": {"type": "Point", "coordinates": [-122.4358047034, 37.7837859791]}, "properties": {"STREET_NAME": "GEARY BLVD", "STREET_NUM": "1,935", "ON_OFFSTREET_TYPE": "ON", "CAP_COLOR": "Grey", "PM_DISTRICT_ID": "18"}}, {"type": "Feature", "geometry": {"type": "Point", "coordinates": [-122.4444436374, 37.7703873237]}, "properties": {"STREET_NAME": "HAIGHT ST", "STREET_NUM": "1,320", "ON_OFFSTREET_TYPE": "ON", "CAP_COLOR": "Grey", "PM_DISTRICT_ID": "23"}}, {"type": "Feature", "geometry": {"type": "Point", "coordinates": [-122.4583636017, 37.7814242997]}, "properties": {"STREET_NAME": "GEARY BLVD", "STREET_NUM": "3,614", "ON_OFFSTREET_TYPE": "ON", "CAP_COLOR": "Grey", "PM_DISTRICT_ID": "20"}}, {"type": "Feature", "geometry": {"type": "Point", "coordinates": [-122.4377649014, 37.7768404995]}, "properties": {"STREET_NAME": "FULTON ST", "STREET_NUM": "1,233", "ON_OFFSTREET_TYPE": "ON", "CAP_COLOR": "Grey", "PM_DISTRICT_ID": "17"}}, {"type": "Feature", "geometry": {"type": "Point", "coordinates": [-122.4503087995, 37.782226202]}, "properties": {"STREET_NAME": "GEARY BLVD", "STREET_NUM": "2,902", "ON_OFFSTREET_TYPE": "ON", "CAP_COLOR": "Grey", "PM_DISTRICT_ID": "20"}}, {"type": "Feature", "geometry": {"type": "Point", "coordinates": [-122.4291098991, 37.7722144992]}, "properties": {"STREET_NAME": "HAIGHT ST", "STREET_NUM": "407", "ON_OFFSTREET_TYPE": "ON", "CAP_COLOR": "Grey", "PM_DISTRICT_ID": "39"}}, {"type": "Feature", "geometry": {"type": "Point", "coordinates": [-122.4556469989, 37.7812723973]}, "properties": {"STREET_NAME": "GEARY BLVD", "STREET_NUM": "3,409", "ON_OFFSTREET_TYPE": "ON", "CAP_COLOR": "Green", "PM_DISTRICT_ID": "20"}}, {"type": "Feature", "geometry": {"type": "Point", "coordinates": [-122.4533549648, 37.7687230475]}, "properties": {"STREET_NAME": "STANYAN ST", "STREET_NUM": "716", "ON_OFFSTREET_TYPE": "ON", "CAP_COLOR": "Grey", "PM_DISTRICT_ID": "23"}}, {"type": "Feature", "geometry": {"type": "Point", "coordinates": [-122.4443547086, 37.770274187]}, "properties": {"STREET_NAME": "HAIGHT ST", "STREET_NUM": "1,319", "ON_OFFSTREET_TYPE": "ON", "CAP_COLOR": "Grey", "PM_DISTRICT_ID": "23"}}, {"type": "Feature", "geometry": {"type": "Point", "coordinates": [-122.4576660988, 37.7815849026]}, "properties": {"STREET_NAME": "PALM AVE", "STREET_NUM": "198", "ON_OFFSTREET_TYPE": "ON", "CAP_COLOR": "Green", "PM_DISTRICT_ID": "20"}}, {"type": "Feature", "geometry": {"type": "Point", "coordinates": [-122.4533963829, 37.7689275223]}, "properties": {"STREET_NAME": "STANYAN ST", "STREET_NUM": "708", "ON_OFFSTREET_TYPE": "ON", "CAP_COLOR": "Grey", "PM_DISTRICT_ID": "23"}}, {"type": "Feature", "geometry": {"type": "Point", "coordinates": [-122.4431647022, 37.782700098]}, "properties": {"STREET_NAME": "GEARY BLVD", "STREET_NUM": "2,407", "ON_OFFSTREET_TYPE": "ON", "CAP_COLOR": "Grey", "PM_DISTRICT_ID": "18"}}, {"type": "Feature", "geometry": {"type": "Point", "coordinates": [-122.4370495004, 37.7608204027]}, "properties": {"STREET_NAME": "18TH ST", "STREET_NUM": "4,224", "ON_OFFSTREET_TYPE": "ON", "CAP_COLOR": "Yellow", "PM_DISTRICT_ID": "16"}}, {"type": "Feature", "geometry": {"type": "Point", "coordinates": [-122.4499523004, 37.7661072993]}, "properties": {"STREET_NAME": "COLE ST", "STREET_NUM": "824", "ON_OFFSTREET_TYPE": "ON", "CAP_COLOR": "Grey", "PM_DISTRICT_ID": "23"}}, {"type": "Feature", "geometry": {"type": "Point", "coordinates": [-122.4496380014, 37.7692954008]}, "properties": {"STREET_NAME": "BELVEDERE ST", "STREET_NUM": "9", "ON_OFFSTREET_TYPE": "ON", "CAP_COLOR": "Green", "PM_DISTRICT_ID": "23"}}, {"type": "Feature", "geometry": {"type": "Point", "coordinates": [-122.4534033109, 37.7679829575]}, "properties": {"STREET_NAME": "STANYAN ST", "STREET_NUM": "753", "ON_OFFSTREET_TYPE": "ON", "CAP_COLOR": "Grey", "PM_DISTRICT_ID": "23"}}, {"type": "Feature", "geometry": {"type": "Point", "coordinates": [-122.4388331023, 37.7835698993]}, "properties": {"STREET_NAME": "GEARY BLVD", "STREET_NUM": "2,130", "ON_OFFSTREET_TYPE": "ON", "CAP_COLOR": "Grey", "PM_DISTRICT_ID": "18"}}, {"type": "Feature", "geometry": {"type": "Point", "coordinates": [-122.4575815812, 37.7645898698]}, "properties": {"STREET_NAME": "ARGUELLO BLVD", "STREET_NUM": "1,298", "ON_OFFSTREET_TYPE": "ON", "CAP_COLOR": "Black", "PM_DISTRICT_ID": "24"}}, {"type": "Feature", "geometry": {"type": "Point", "coordinates": [-122.4344629009, 37.7833033995]}, "properties": {"STREET_NAME": "STEINER ST", "STREET_NUM": "1,505", "ON_OFFSTREET_TYPE": "ON", "CAP_COLOR": "Grey", "PM_DISTRICT_ID": "5"}}, {"type": "Feature", "geometry": {"type": "Point", "coordinates": [-122.4378433001, 37.7757484996]}, "properties": {"STREET_NAME": "DIVISADERO ST", "STREET_NUM": "628", "ON_OFFSTREET_TYPE": "ON", "CAP_COLOR": "Grey", "PM_DISTRICT_ID": "17"}}, {"type": "Feature", "geometry": {"type": "Point", "coordinates": [-122.4531191905, 37.7675590456]}, "properties": {"STREET_NAME": "STANYAN ST", "STREET_NUM": "774", "ON_OFFSTREET_TYPE": "ON", "CAP_COLOR": "Grey", "PM_DISTRICT_ID": "23"}}, {"type": "Feature", "geometry": {"type": "Point", "coordinates": [-122.4424223003, 37.7826250018]}, "properties": {"STREET_NAME": "SAINT JOSEPHS AVE", "STREET_NUM": "322", "ON_OFFSTREET_TYPE": "ON", "CAP_COLOR": "Green", "PM_DISTRICT_ID": "18"}}, {"type": "Feature", "geometry": {"type": "Point", "coordinates": [-122.4469452703, 37.7697288123]}, "properties": {"STREET_NAME": "ASHBURY ST", "STREET_NUM": "605", "ON_OFFSTREET_TYPE": "ON", "CAP_COLOR": "Grey", "PM_DISTRICT_ID": "23"}}, {"type": "Feature", "geometry": {"type": "Point", "coordinates": [-122.4312663001, 37.771940098]}, "properties": {"STREET_NAME": "HAIGHT ST", "STREET_NUM": "535", "ON_OFFSTREET_TYPE": "ON", "CAP_COLOR": "Black", "PM_DISTRICT_ID": "39"}}, {"type": "Feature", "geometry": {"type": "Point", "coordinates": [-122.453289317, 37.7674155265]}, "properties": {"STREET_NAME": "STANYAN ST", "STREET_NUM": "777", "ON_OFFSTREET_TYPE": "ON", "CAP_COLOR": "Grey", "PM_DISTRICT_ID": "23"}}, {"type": "Feature", "geometry": {"type": "Point", "coordinates": [-122.4336378199, 37.7636132137]}, "properties": {"STREET_NAME": "MARKET ST", "STREET_NUM": "2,311", "ON_OFFSTREET_TYPE": "ON", "CAP_COLOR": "Yellow", "PM_DISTRICT_ID": "16"}}, {"type": "Feature", "geometry": {"type": "Point", "coordinates": [-122.4365993776, 37.7836846715]}, "properties": {"STREET_NAME": "GEARY BLVD", "STREET_NUM": "2,013", "ON_OFFSTREET_TYPE": "ON", "CAP_COLOR": "Grey", "PM_DISTRICT_ID": "18"}}, {"type": "Feature", "geometry": {"type": "Point", "coordinates": [-122.4349838027, 37.7618194026]}, "properties": {"STREET_NAME": "CASTRO ST", "STREET_NUM": "419", "ON_OFFSTREET_TYPE": "ON", "CAP_COLOR": "Grey", "PM_DISTRICT_ID": "16"}}, {"type": "Feature", "geometry": {"type": "Point", "coordinates": [-122.4372572989, 37.7728674997]}, "properties": {"STREET_NAME": "DIVISADERO ST", "STREET_NUM": "324", "ON_OFFSTREET_TYPE": "ON", "CAP_COLOR": "Grey", "PM_DISTRICT_ID": "17"}}, {"type": "Feature", "geometry": {"type": "Point", "coordinates": [-122.4328400024, 37.7836184026]}, "properties": {"STREET_NAME": "FILLMORE ST", "STREET_NUM": "1,511", "ON_OFFSTREET_TYPE": "ON", "CAP_COLOR": "Yellow", "PM_DISTRICT_ID": "5"}}, {"type": "Feature", "geometry": {"type": "Point", "coordinates": [-122.4343429, 37.783381502]}, "properties": {"STREET_NAME": "STEINER ST", "STREET_NUM": "1,508", "ON_OFFSTREET_TYPE": "ON", "CAP_COLOR": "Grey", "PM_DISTRICT_ID": "5"}}, {"type": "Feature", "geometry": {"type": "Point", "coordinates": [-122.4561308974, 37.7815233012]}, "properties": {"STREET_NAME": "GEARY BLVD", "STREET_NUM": "3,414", "ON_OFFSTREET_TYPE": "ON", "CAP_COLOR": "Green", "PM_DISTRICT_ID": "20"}}, {"type": "Feature", "geometry": {"type": "Point", "coordinates": [-122.4364624695, 37.783702125]}, "properties": {"STREET_NAME": "GEARY BLVD", "STREET_NUM": "2,009", "ON_OFFSTREET_TYPE": "ON", "CAP_COLOR": "Grey", "PM_DISTRICT_ID": "18"}}, {"type": "Feature", "geometry": {"type": "Point", "coordinates": [-122.4442398977, 37.7704132967]}, "properties": {"STREET_NAME": "HAIGHT ST", "STREET_NUM": "1,314", "ON_OFFSTREET_TYPE": "ON", "CAP_COLOR": "Grey", "PM_DISTRICT_ID": "23"}}, {"type": "Feature", "geometry": {"type": "Point", "coordinates": [-122.4371594484, 37.7836132718]}, "properties": {"STREET_NAME": "GEARY BLVD", "STREET_NUM": "2,029", "ON_OFFSTREET_TYPE": "ON", "CAP_COLOR": "Grey", "PM_DISTRICT_ID": "18"}}, {"type": "Feature", "geometry": {"type": "Point", "coordinates": [-122.4495052991, 37.7648462978]}, "properties": {"STREET_NAME": "PARNASSUS AVE", "STREET_NUM": "61", "ON_OFFSTREET_TYPE": "ON", "CAP_COLOR": "Grey", "PM_DISTRICT_ID": "23"}}, {"type": "Feature", "geometry": {"type": "Point", "coordinates": [-122.4330649001, 37.7646795985]}, "properties": {"STREET_NAME": "NOE ST", "STREET_NUM": "261", "ON_OFFSTREET_TYPE": "ON", "CAP_COLOR": "Grey", "PM_DISTRICT_ID": "16"}}, {"type": "Feature", "geometry": {"type": "Point", "coordinates": [-122.4539813275, 37.7812472944]}, "properties": {"STREET_NAME": "PARKER AVE", "STREET_NUM": "216", "ON_OFFSTREET_TYPE": "ON", "CAP_COLOR": "Green", "PM_DISTRICT_ID": "20"}}, {"type": "Feature", "geometry": {"type": "Point", "coordinates": [-122.4446338843, 37.7703630708]}, "properties": {"STREET_NAME": "HAIGHT ST", "STREET_NUM": "1,326", "ON_OFFSTREET_TYPE": "ON", "CAP_COLOR": "Grey", "PM_DISTRICT_ID": "23"}}, {"type": "Feature", "geometry": {"type": "Point", "coordinates": [-122.4529750997, 37.7816111994]}, "properties": {"STREET_NAME": "GEARY BLVD", "STREET_NUM": "3,123", "ON_OFFSTREET_TYPE": "ON", "CAP_COLOR": "Red", "PM_DISTRICT_ID": "20"}}, {"type": "Feature", "geometry": {"type": "Point", "coordinates": [-122.4386525002, 37.7836514999]}, "properties": {"STREET_NAME": "GEARY BLVD", "STREET_NUM": "2,124", "ON_OFFSTREET_TYPE": "ON", "CAP_COLOR": "Grey", "PM_DISTRICT_ID": "18"}}, {"type": "Feature", "geometry": {"type": "Point", "coordinates": [-122.4382995998, 37.7759398975]}, "properties": {"STREET_NAME": "GROVE ST", "STREET_NUM": "1,304", "ON_OFFSTREET_TYPE": "ON", "CAP_COLOR": "Grey", "PM_DISTRICT_ID": "17"}}, {"type": "Feature", "geometry": {"type": "Point", "coordinates": [-122.4389439777, 37.7766906324]}, "properties": {"STREET_NAME": "FULTON ST", "STREET_NUM": "1,323", "ON_OFFSTREET_TYPE": "ON", "CAP_COLOR": "Grey", "PM_DISTRICT_ID": "17"}}, {"type": "Feature", "geometry": {"type": "Point", "coordinates": [-122.446803102, 37.7696974025]}, "properties": {"STREET_NAME": "ASHBURY ST", "STREET_NUM": "612", "ON_OFFSTREET_TYPE": "ON", "CAP_COLOR": "Grey", "PM_DISTRICT_ID": "23"}}, {"type": "Feature", "geometry": {"type": "Point", "coordinates": [-122.4581492988, 37.7634688997]}, "properties": {"STREET_NAME": "PARNASSUS AVE", "STREET_NUM": "416", "ON_OFFSTREET_TYPE": "ON", "CAP_COLOR": "Red", "PM_DISTRICT_ID": "24"}}, {"type": "Feature", "geometry": {"type": "Point", "coordinates": [-122.4517118488, 37.7693360581]}, "properties": {"STREET_NAME": "HAIGHT ST", "STREET_NUM": "1,727", "ON_OFFSTREET_TYPE": "ON", "CAP_COLOR": "Grey", "PM_DISTRICT_ID": "23"}}, {"type": "Feature", "geometry": {"type": "Point", "coordinates": [-122.4481544995, 37.7822167975]}, "properties": {"STREET_NAME": "GEARY BLVD", "STREET_NUM": "2,709", "ON_OFFSTREET_TYPE": "ON", "CAP_COLOR": "Grey", "PM_DISTRICT_ID": "20"}}, {"type": "Feature", "geometry": {"type": "Point", "coordinates": [-122.4416518023, 37.7828929991]}, "properties": {"STREET_NAME": "GEARY BLVD", "STREET_NUM": "2,317", "ON_OFFSTREET_TYPE": "ON", "CAP_COLOR": "Grey", "PM_DISTRICT_ID": "18"}}, {"type": "Feature", "geometry": {"type": "Point", "coordinates": [-122.4326155015, 37.7825091024]}, "properties": {"STREET_NAME": "FILLMORE ST", "STREET_NUM": "1,405", "ON_OFFSTREET_TYPE": "ON", "CAP_COLOR": "Grey", "PM_DISTRICT_ID": "5"}}, {"type": "Feature", "geometry": {"type": "Point", "coordinates": [-122.4341556979, 37.7632036377]}, "properties": {"STREET_NAME": "MARKET ST", "STREET_NUM": "2,347", "ON_OFFSTREET_TYPE": "ON", "CAP_COLOR": "Grey", "PM_DISTRICT_ID": "16"}}, {"type": "Feature", "geometry": {"type": "Point", "coordinates": [-122.4502497015, 37.7819584002]}, "properties": {"STREET_NAME": "GEARY BLVD", "STREET_NUM": "2,903", "ON_OFFSTREET_TYPE": "ON", "CAP_COLOR": "Grey", "PM_DISTRICT_ID": "20"}}, {"type": "Feature", "geometry": {"type": "Point", "coordinates": [-122.4531516096, 37.767719098]}, "properties": {"STREET_NAME": "STANYAN ST", "STREET_NUM": "768", "ON_OFFSTREET_TYPE": "ON", "CAP_COLOR": "Green", "PM_DISTRICT_ID": "23"}}, {"type": "Feature", "geometry": {"type": "Point", "coordinates": [-122.4339267274, 37.7633847174]}, "properties": {"STREET_NAME": "MARKET ST", "STREET_NUM": "2,323", "ON_OFFSTREET_TYPE": "ON", "CAP_COLOR": "Grey", "PM_DISTRICT_ID": "16"}}, {"type": "Feature", "geometry": {"type": "Point", "coordinates": [-122.4536924904, 37.7703894052]}, "properties": {"STREET_NAME": "STANYAN ST", "STREET_NUM": "624", "ON_OFFSTREET_TYPE": "ON", "CAP_COLOR": "Grey", "PM_DISTRICT_ID": "23"}}, {"type": "Feature", "geometry": {"type": "Point", "coordinates": [-122.4358697803, 37.7837776896]}, "properties": {"STREET_NAME": "GEARY BLVD", "STREET_NUM": "1,937", "ON_OFFSTREET_TYPE": "ON", "CAP_COLOR": "Grey", "PM_DISTRICT_ID": "18"}}, {"type": "Feature", "geometry": {"type": "Point", "coordinates": [-122.4344878008, 37.7834263005]}, "properties": {"STREET_NAME": "STEINER ST", "STREET_NUM": "1,509", "ON_OFFSTREET_TYPE": "ON", "CAP_COLOR": "Grey", "PM_DISTRICT_ID": "5"}}, {"type": "Feature", "geometry": {"type": "Point", "coordinates": [-122.4319110026, 37.7790268016]}, "properties": {"STREET_NAME": "FILLMORE ST", "STREET_NUM": "1,013", "ON_OFFSTREET_TYPE": "ON", "CAP_COLOR": "Grey", "PM_DISTRICT_ID": "5"}}, {"type": "Feature", "geometry": {"type": "Point", "coordinates": [-122.4584832003, 37.7632287972]}, "properties": {"STREET_NAME": "PARNASSUS AVE", "STREET_NUM": "429", "ON_OFFSTREET_TYPE": "ON", "CAP_COLOR": "Black", "PM_DISTRICT_ID": "24"}}, {"type": "Feature", "geometry": {"type": "Point", "coordinates": [-122.4580950008, 37.7634843]}, "properties": {"STREET_NAME": "PARNASSUS AVE", "STREET_NUM": "414", "ON_OFFSTREET_TYPE": "ON", "CAP_COLOR": "Red", "PM_DISTRICT_ID": "24"}}, {"type": "Feature", "geometry": {"type": "Point", "coordinates": [-122.4356009648, 37.7838119523]}, "properties": {"STREET_NAME": "GEARY BLVD", "STREET_NUM": "1,929", "ON_OFFSTREET_TYPE": "ON", "CAP_COLOR": "Grey", "PM_DISTRICT_ID": "18"}}, {"type": "Feature", "geometry": {"type": "Point", "coordinates": [-122.4568859001, 37.7812175014]}, "properties": {"STREET_NAME": "GEARY BLVD", "STREET_NUM": "3,515", "ON_OFFSTREET_TYPE": "ON", "CAP_COLOR": "Grey", "PM_DISTRICT_ID": "20"}}, {"type": "Feature", "geometry": {"type": "Point", "coordinates": [-122.444037001, 37.7704391622]}, "properties": {"STREET_NAME": "HAIGHT ST", "STREET_NUM": "1,308", "ON_OFFSTREET_TYPE": "ON", "CAP_COLOR": "Grey", "PM_DISTRICT_ID": "23"}}, {"type": "Feature", "geometry": {"type": "Point", "coordinates": [-122.4383646992, 37.7837726016]}, "properties": {"STREET_NAME": "GEARY BLVD", "STREET_NUM": "2,114", "ON_OFFSTREET_TYPE": "ON", "CAP_COLOR": "Grey", "PM_DISTRICT_ID": "18"}}, {"type": "Feature", "geometry": {"type": "Point", "coordinates": [-122.4444204433, 37.770265807]}, "properties": {"STREET_NAME": "HAIGHT ST", "STREET_NUM": "1,321", "ON_OFFSTREET_TYPE": "ON", "CAP_COLOR": "Grey", "PM_DISTRICT_ID": "23"}}, {"type": "Feature", "geometry": {"type": "Point", "coordinates": [-122.4381630977, 37.7773195029]}, "properties": {"STREET_NAME": "DIVISADERO ST", "STREET_NUM": "814", "ON_OFFSTREET_TYPE": "ON", "CAP_COLOR": "Grey", "PM_DISTRICT_ID": "17"}}, {"type": "Feature", "geometry": {"type": "Point", "coordinates": [-122.4489230027, 37.7824110006]}, "properties": {"STREET_NAME": "GEARY BLVD", "STREET_NUM": "2,720", "ON_OFFSTREET_TYPE": "ON", "CAP_COLOR": "Grey", "PM_DISTRICT_ID": "20"}}, {"type": "Feature", "geometry": {"type": "Point", "coordinates": [-122.4571193026, 37.7814794973]}, "properties": {"STREET_NAME": "GEARY BLVD", "STREET_NUM": "3,510", "ON_OFFSTREET_TYPE": "ON", "CAP_COLOR": "Green", "PM_DISTRICT_ID": "20"}}, {"type": "Feature", "geometry": {"type": "Point", "coordinates": [-122.4419497007, 37.7828550012]}, "properties": {"STREET_NAME": "GEARY BLVD", "STREET_NUM": "2,325", "ON_OFFSTREET_TYPE": "ON", "CAP_COLOR": "Grey", "PM_DISTRICT_ID": "18"}}, {"type": "Feature", "geometry": {"type": "Point", "coordinates": [-122.4492842012, 37.7820813012]}, "properties": {"STREET_NAME": "GEARY BLVD", "STREET_NUM": "2,813", "ON_OFFSTREET_TYPE": "ON", "CAP_COLOR": "Grey", "PM_DISTRICT_ID": "20"}}, {"type": "Feature", "geometry": {"type": "Point", "coordinates": [-122.4357922987, 37.7612307024]}, "properties": {"STREET_NAME": "18TH ST", "STREET_NUM": "4,116", "ON_OFFSTREET_TYPE": "OFF", "CAP_COLOR": "Grey", "PM_DISTRICT_ID": "16"}}, {"type": "Feature", "geometry": {"type": "Point", "coordinates": [-122.4332226028, 37.7647142996]}, "properties": {"STREET_NAME": "NOE ST", "STREET_NUM": "260", "ON_OFFSTREET_TYPE": "ON", "CAP_COLOR": "Grey", "PM_DISTRICT_ID": "16"}}, {"type": "Feature", "geometry": {"type": "Point", "coordinates": [-122.437439298, 37.7726854001]}, "properties": {"STREET_NAME": "DIVISADERO ST", "STREET_NUM": "317", "ON_OFFSTREET_TYPE": "ON", "CAP_COLOR": "Grey", "PM_DISTRICT_ID": "17"}}, {"type": "Feature", "geometry": {"type": "Point", "coordinates": [-122.4326375012, 37.7832889994]}, "properties": {"STREET_NAME": "FILLMORE ST", "STREET_NUM": "1,438", "ON_OFFSTREET_TYPE": "ON", "CAP_COLOR": "Black", "PM_DISTRICT_ID": "5"}}, {"type": "Feature", "geometry": {"type": "Point", "coordinates": [-122.4342324992, 37.7631427989]}, "properties": {"STREET_NAME": "MARKET ST", "STREET_NUM": "2,351", "ON_OFFSTREET_TYPE": "ON", "CAP_COLOR": "Grey", "PM_DISTRICT_ID": "16"}}, {"type": "Feature", "geometry": {"type": "Point", "coordinates": [-122.432828698, 37.7835622997]}, "properties": {"STREET_NAME": "FILLMORE ST", "STREET_NUM": "1,507", "ON_OFFSTREET_TYPE": "ON", "CAP_COLOR": "Grey", "PM_DISTRICT_ID": "5"}}, {"type": "Feature", "geometry": {"type": "Point", "coordinates": [-122.4412998014, 37.7829378982]}, "properties": {"STREET_NAME": "GEARY BLVD", "STREET_NUM": "2,307", "ON_OFFSTREET_TYPE": "ON", "CAP_COLOR": "Grey", "PM_DISTRICT_ID": "18"}}, {"type": "Feature", "geometry": {"type": "Point", "coordinates": [-122.4555787982, 37.7812764988]}, "properties": {"STREET_NAME": "GEARY BLVD", "STREET_NUM": "3,407", "ON_OFFSTREET_TYPE": "ON", "CAP_COLOR": "Grey", "PM_DISTRICT_ID": "20"}}, {"type": "Feature", "geometry": {"type": "Point", "coordinates": [-122.4567376019, 37.7816991982]}, "properties": {"STREET_NAME": "JORDAN AVE", "STREET_NUM": "193", "ON_OFFSTREET_TYPE": "ON", "CAP_COLOR": "Grey", "PM_DISTRICT_ID": "20"}}, {"type": "Feature", "geometry": {"type": "Point", "coordinates": [-122.4320510027, 37.7797188003]}, "properties": {"STREET_NAME": "FILLMORE ST", "STREET_NUM": "1,103", "ON_OFFSTREET_TYPE": "ON", "CAP_COLOR": "Grey", "PM_DISTRICT_ID": "5"}}, {"type": "Feature", "geometry": {"type": "Point", "coordinates": [-122.4505860002, 37.7819155016]}, "properties": {"STREET_NAME": "GEARY BLVD", "STREET_NUM": "2,915", "ON_OFFSTREET_TYPE": "ON", "CAP_COLOR": "Green", "PM_DISTRICT_ID": "20"}}, {"type": "Feature", "geometry": {"type": "Point", "coordinates": [-122.4414273014, 37.7829216988]}, "properties": {"STREET_NAME": "GEARY BLVD", "STREET_NUM": "2,311", "ON_OFFSTREET_TYPE": "ON", "CAP_COLOR": "Grey", "PM_DISTRICT_ID": "18"}}, {"type": "Feature", "geometry": {"type": "Point", "coordinates": [-122.4574402009, 37.7814652984]}, "properties": {"STREET_NAME": "GEARY BLVD", "STREET_NUM": "3,522", "ON_OFFSTREET_TYPE": "ON", "CAP_COLOR": "Grey", "PM_DISTRICT_ID": "20"}}, {"type": "Feature", "geometry": {"type": "Point", "coordinates": [-122.4468115007, 37.7697386023]}, "properties": {"STREET_NAME": "ASHBURY ST", "STREET_NUM": "610", "ON_OFFSTREET_TYPE": "ON", "CAP_COLOR": "Grey", "PM_DISTRICT_ID": "23"}}, {"type": "Feature", "geometry": {"type": "Point", "coordinates": [-122.4297252984, 37.7670562983]}, "properties": {"STREET_NAME": "MARKET ST", "STREET_NUM": "2,120", "ON_OFFSTREET_TYPE": "ON", "CAP_COLOR": "Grey", "PM_DISTRICT_ID": "16"}}, {"type": "Feature", "geometry": {"type": "Point", "coordinates": [-122.440885199, 37.7829907992]}, "properties": {"STREET_NAME": "GEARY BLVD", "STREET_NUM": "2,237", "ON_OFFSTREET_TYPE": "ON", "CAP_COLOR": "Grey", "PM_DISTRICT_ID": "18"}}, {"type": "Feature", "geometry": {"type": "Point", "coordinates": [-122.4557939002, 37.7812658985]}, "properties": {"STREET_NAME": "GEARY BLVD", "STREET_NUM": "3,413", "ON_OFFSTREET_TYPE": "ON", "CAP_COLOR": "Grey", "PM_DISTRICT_ID": "20"}}, {"type": "Feature", "geometry": {"type": "Point", "coordinates": [-122.4302968771, 37.7666043014]}, "properties": {"STREET_NAME": "MARKET ST", "STREET_NUM": "2,148", "ON_OFFSTREET_TYPE": "ON", "CAP_COLOR": "Grey", "PM_DISTRICT_ID": "16"}}, {"type": "Feature", "geometry": {"type": "Point", "coordinates": [-122.4323361998, 37.7811284018]}, "properties": {"STREET_NAME": "FILLMORE ST", "STREET_NUM": "1,221", "ON_OFFSTREET_TYPE": "ON", "CAP_COLOR": "Grey", "PM_DISTRICT_ID": "5"}}, {"type": "Feature", "geometry": {"type": "Point", "coordinates": [-122.4517496989, 37.7691420008]}, "properties": {"STREET_NAME": "SHRADER ST", "STREET_NUM": "608", "ON_OFFSTREET_TYPE": "ON", "CAP_COLOR": "Grey", "PM_DISTRICT_ID": "23"}}, {"type": "Feature", "geometry": {"type": "Point", "coordinates": [-122.4518914984, 37.7691714995]}, "properties": {"STREET_NAME": "SHRADER ST", "STREET_NUM": "603", "ON_OFFSTREET_TYPE": "ON", "CAP_COLOR": "Grey", "PM_DISTRICT_ID": "23"}}, {"type": "Feature", "geometry": {"type": "Point", "coordinates": [-122.4367360749, 37.7836672449]}, "properties": {"STREET_NAME": "GEARY BLVD", "STREET_NUM": "2,017", "ON_OFFSTREET_TYPE": "ON", "CAP_COLOR": "Grey", "PM_DISTRICT_ID": "18"}}, {"type": "Feature", "geometry": {"type": "Point", "coordinates": [-122.4576706027, 37.7816464984]}, "properties": {"STREET_NAME": "PALM AVE", "STREET_NUM": "196", "ON_OFFSTREET_TYPE": "ON", "CAP_COLOR": "Green", "PM_DISTRICT_ID": "20"}}, {"type": "Feature", "geometry": {"type": "Point", "coordinates": [-122.4565089994, 37.7639324021]}, "properties": {"STREET_NAME": "PARNASSUS AVE", "STREET_NUM": "356", "ON_OFFSTREET_TYPE": "ON", "CAP_COLOR": "Red", "PM_DISTRICT_ID": "24"}}, {"type": "Feature", "geometry": {"type": "Point", "coordinates": [-122.4503159018, 37.7697402005]}, "properties": {"STREET_NAME": "COLE ST", "STREET_NUM": "527", "ON_OFFSTREET_TYPE": "ON", "CAP_COLOR": "Green", "PM_DISTRICT_ID": "23"}}, {"type": "Feature", "geometry": {"type": "Point", "coordinates": [-122.4400732999, 37.7830942989]}, "properties": {"STREET_NAME": "GEARY BLVD", "STREET_NUM": "2,215", "ON_OFFSTREET_TYPE": "ON", "CAP_COLOR": "Red", "PM_DISTRICT_ID": "18"}}, {"type": "Feature", "geometry": {"type": "Point", "coordinates": [-122.4448229664, 37.7703389731]}, "properties": {"STREET_NAME": "HAIGHT ST", "STREET_NUM": "1,332", "ON_OFFSTREET_TYPE": "ON", "CAP_COLOR": "Grey", "PM_DISTRICT_ID": "23"}}, {"type": "Feature", "geometry": {"type": "Point", "coordinates": [-122.4344508981, 37.7832439997]}, "properties": {"STREET_NAME": "STEINER ST", "STREET_NUM": "1,503", "ON_OFFSTREET_TYPE": "ON", "CAP_COLOR": "Grey", "PM_DISTRICT_ID": "5"}}, {"type": "Feature", "geometry": {"type": "Point", "coordinates": [-122.4445614841, 37.770247827]}, "properties": {"STREET_NAME": "HAIGHT ST", "STREET_NUM": "1,325", "ON_OFFSTREET_TYPE": "ON", "CAP_COLOR": "Grey", "PM_DISTRICT_ID": "23"}}, {"type": "Feature", "geometry": {"type": "Point", "coordinates": [-122.453696301, 37.7815193002]}, "properties": {"STREET_NAME": "GEARY BLVD", "STREET_NUM": "3,217", "ON_OFFSTREET_TYPE": "ON", "CAP_COLOR": "Red", "PM_DISTRICT_ID": "20"}}, {"type": "Feature", "geometry": {"type": "Point", "coordinates": [-122.4344486644, 37.760867182]}, "properties": {"STREET_NAME": "18TH ST", "STREET_NUM": "4,065", "ON_OFFSTREET_TYPE": "ON", "CAP_COLOR": "Yellow", "PM_DISTRICT_ID": "16"}}, {"type": "Feature", "geometry": {"type": "Point", "coordinates": [-122.4514878986, 37.7818006025]}, "properties": {"STREET_NAME": "GEARY BLVD", "STREET_NUM": "3,011", "ON_OFFSTREET_TYPE": "ON", "CAP_COLOR": "Grey", "PM_DISTRICT_ID": "20"}}, {"type": "Feature", "geometry": {"type": "Point", "coordinates": [-122.4517487993, 37.7817673989]}, "properties": {"STREET_NAME": "GEARY BLVD", "STREET_NUM": "3,019", "ON_OFFSTREET_TYPE": "ON", "CAP_COLOR": "Grey", "PM_DISTRICT_ID": "20"}}, {"type": "Feature", "geometry": {"type": "Point", "coordinates": [-122.4558507015, 37.7639726017]}, "properties": {"STREET_NAME": "PARNASSUS AVE", "STREET_NUM": "339", "ON_OFFSTREET_TYPE": "ON", "CAP_COLOR": "Grey", "PM_DISTRICT_ID": "24"}}, {"type": "Feature", "geometry": {"type": "Point", "coordinates": [-122.4533228617, 37.7675787935]}, "properties": {"STREET_NAME": "STANYAN ST", "STREET_NUM": "771", "ON_OFFSTREET_TYPE": "ON", "CAP_COLOR": "Grey", "PM_DISTRICT_ID": "23"}}, {"type": "Feature", "geometry": {"type": "Point", "coordinates": [-122.4369660326, 37.7839912705]}, "properties": {"STREET_NAME": "GEARY BLVD", "STREET_NUM": "2,022", "ON_OFFSTREET_TYPE": "ON", "CAP_COLOR": "Grey", "PM_DISTRICT_ID": "18"}}, {"type": "Feature", "geometry": {"type": "Point", "coordinates": [-122.4356730238, 37.783802766]}, "properties": {"STREET_NAME": "GEARY BLVD", "STREET_NUM": "1,931", "ON_OFFSTREET_TYPE": "ON", "CAP_COLOR": "Grey", "PM_DISTRICT_ID": "18"}}, {"type": "Feature", "geometry": {"type": "Point", "coordinates": [-122.4531295084, 37.7676099846]}, "properties": {"STREET_NAME": "STANYAN ST", "STREET_NUM": "772", "ON_OFFSTREET_TYPE": "ON", "CAP_COLOR": "Yellow", "PM_DISTRICT_ID": "23"}}, {"type": "Feature", "geometry": {"type": "Point", "coordinates": [-122.4539853677, 37.7812684979]}, "properties": {"STREET_NAME": "PARKER AVE", "STREET_NUM": "214", "ON_OFFSTREET_TYPE": "ON", "CAP_COLOR": "Green", "PM_DISTRICT_ID": "20"}}, {"type": "Feature", "geometry": {"type": "Point", "coordinates": [-122.4343337023, 37.7833359995]}, "properties": {"STREET_NAME": "STEINER ST", "STREET_NUM": "1,506", "ON_OFFSTREET_TYPE": "ON", "CAP_COLOR": "Grey", "PM_DISTRICT_ID": "5"}}, {"type": "Feature", "geometry": {"type": "Point", "coordinates": [-122.4349406974, 37.7613561013]}, "properties": {"STREET_NAME": "CASTRO ST", "STREET_NUM": "437", "ON_OFFSTREET_TYPE": "ON", "CAP_COLOR": "Grey", "PM_DISTRICT_ID": "16"}}, {"type": "Feature", "geometry": {"type": "Point", "coordinates": [-122.4379722026, 37.7763652009]}, "properties": {"STREET_NAME": "DIVISADERO ST", "STREET_NUM": "714", "ON_OFFSTREET_TYPE": "ON", "CAP_COLOR": "Green", "PM_DISTRICT_ID": "17"}}, {"type": "Feature", "geometry": {"type": "Point", "coordinates": [-122.4575513003, 37.7636379012]}, "properties": {"STREET_NAME": "PARNASSUS AVE", "STREET_NUM": "392", "ON_OFFSTREET_TYPE": "ON", "CAP_COLOR": "Red", "PM_DISTRICT_ID": "24"}}, {"type": "Feature", "geometry": {"type": "Point", "coordinates": [-122.4325675012, 37.7822717995]}, "properties": {"STREET_NAME": "FILLMORE ST", "STREET_NUM": "1,331", "ON_OFFSTREET_TYPE": "ON", "CAP_COLOR": "Yellow", "PM_DISTRICT_ID": "5"}}, {"type": "Feature", "geometry": {"type": "Point", "coordinates": [-122.4397157, 37.7839478002]}, "properties": {"STREET_NAME": "DIVISADERO ST", "STREET_NUM": "1,519", "ON_OFFSTREET_TYPE": "ON", "CAP_COLOR": "Grey", "PM_DISTRICT_ID": "18"}}, {"type": "Feature", "geometry": {"type": "Point", "coordinates": [-122.448636498, 37.7821554978]}, "properties": {"STREET_NAME": "GEARY BLVD", "STREET_NUM": "2,723", "ON_OFFSTREET_TYPE": "ON", "CAP_COLOR": "Grey", "PM_DISTRICT_ID": "20"}}, {"type": "Feature", "geometry": {"type": "Point", "coordinates": [-122.4584901458, 37.7814187283]}, "properties": {"STREET_NAME": "GEARY BLVD", "STREET_NUM": "3,624", "ON_OFFSTREET_TYPE": "ON", "CAP_COLOR": "Grey", "PM_DISTRICT_ID": "20"}}, {"type": "Feature", "geometry": {"type": "Point", "coordinates": [-122.4382097011, 37.7775524975]}, "properties": {"STREET_NAME": "DIVISADERO ST", "STREET_NUM": "824", "ON_OFFSTREET_TYPE": "ON", "CAP_COLOR": "Red", "PM_DISTRICT_ID": "17"}}, {"type": "Feature", "geometry": {"type": "Point", "coordinates": [-122.4420156998, 37.7828466025]}, "properties": {"STREET_NAME": "GEARY BLVD", "STREET_NUM": "2,327", "ON_OFFSTREET_TYPE": "ON", "CAP_COLOR": "Grey", "PM_DISTRICT_ID": "18"}}, {"type": "Feature", "geometry": {"type": "Point", "coordinates": [-122.4314460975, 37.7720416979]}, "properties": {"STREET_NAME": "HAIGHT ST", "STREET_NUM": "526", "ON_OFFSTREET_TYPE": "ON", "CAP_COLOR": "Grey", "PM_DISTRICT_ID": "39"}}, {"type": "Feature", "geometry": {"type": "Point", "coordinates": [-122.4323825014, 37.7649548993]}, "properties": {"STREET_NAME": "MARKET ST", "STREET_NUM": "2,246", "ON_OFFSTREET_TYPE": "ON", "CAP_COLOR": "Grey", "PM_DISTRICT_ID": "16"}}, {"type": "Feature", "geometry": {"type": "Point", "coordinates": [-122.4326885023, 37.7835406017]}, "properties": {"STREET_NAME": "FILLMORE ST", "STREET_NUM": "1,506", "ON_OFFSTREET_TYPE": "ON", "CAP_COLOR": "Grey", "PM_DISTRICT_ID": "5"}}, {"type": "Feature", "geometry": {"type": "Point", "coordinates": [-122.4378121027, 37.7745180976]}, "properties": {"STREET_NAME": "DIVISADERO ST", "STREET_NUM": "517", "ON_OFFSTREET_TYPE": "ON", "CAP_COLOR": "Red", "PM_DISTRICT_ID": "17"}}, {"type": "Feature", "geometry": {"type": "Point", "coordinates": [-122.4326377974, 37.7826190003]}, "properties": {"STREET_NAME": "FILLMORE ST", "STREET_NUM": "1,409", "ON_OFFSTREET_TYPE": "ON", "CAP_COLOR": "Grey", "PM_DISTRICT_ID": "5"}}, {"type": "Feature", "geometry": {"type": "Point", "coordinates": [-122.4381893163, 37.77745046]}, "properties": {"STREET_NAME": "DIVISADERO ST", "STREET_NUM": "820", "ON_OFFSTREET_TYPE": "ON", "CAP_COLOR": "Grey", "PM_DISTRICT_ID": "17"}}, {"type": "Feature", "geometry": {"type": "Point", "coordinates": [-122.4341107811, 37.7632391627]}, "properties": {"STREET_NAME": "MARKET ST", "STREET_NUM": "2,345", "ON_OFFSTREET_TYPE": "ON", "CAP_COLOR": "Grey", "PM_DISTRICT_ID": "16"}}, {"type": "Feature", "geometry": {"type": "Point", "coordinates": [-122.4533863496, 37.7688779895]}, "properties": {"STREET_NAME": "STANYAN ST", "STREET_NUM": "710", "ON_OFFSTREET_TYPE": "ON", "CAP_COLOR": "Grey", "PM_DISTRICT_ID": "23"}}, {"type": "Feature", "geometry": {"type": "Point", "coordinates": [-122.4383000496, 37.7758321009]}, "properties": {"STREET_NAME": "GROVE ST", "STREET_NUM": "1,311", "ON_OFFSTREET_TYPE": "ON", "CAP_COLOR": "Grey", "PM_DISTRICT_ID": "17"}}, {"type": "Feature", "geometry": {"type": "Point", "coordinates": [-122.4412745207, 37.7823381654]}, "properties": {"STREET_NAME": "OFARRELL ST", "STREET_NUM": "2,218", "ON_OFFSTREET_TYPE": "ON", "CAP_COLOR": "Green", "PM_DISTRICT_ID": "18"}}, {"type": "Feature", "geometry": {"type": "Point", "coordinates": [-122.4382604561, 37.7758371328]}, "properties": {"STREET_NAME": "GROVE ST", "STREET_NUM": "1,309", "ON_OFFSTREET_TYPE": "ON", "CAP_COLOR": "Grey", "PM_DISTRICT_ID": "17"}}, {"type": "Feature", "geometry": {"type": "Point", "coordinates": [-122.434284457, 37.7609872941]}, "properties": {"STREET_NAME": "18TH ST", "STREET_NUM": "4,058", "ON_OFFSTREET_TYPE": "ON", "CAP_COLOR": "Grey", "PM_DISTRICT_ID": "16"}}, {"type": "Feature", "geometry": {"type": "Point", "coordinates": [-122.4340001664, 37.7610045023]}, "properties": {"STREET_NAME": "18TH ST", "STREET_NUM": "4,050", "ON_OFFSTREET_TYPE": "ON", "CAP_COLOR": "Yellow", "PM_DISTRICT_ID": "16"}}, {"type": "Feature", "geometry": {"type": "Point", "coordinates": [-122.4356021561, 37.760799888]}, "properties": {"STREET_NAME": "18TH ST", "STREET_NUM": "4,115", "ON_OFFSTREET_TYPE": "ON", "CAP_COLOR": "Grey", "PM_DISTRICT_ID": "16"}}, {"type": "Feature", "geometry": {"type": "Point", "coordinates": [-122.4412020365, 37.7823353122]}, "properties": {"STREET_NAME": "OFARRELL ST", "STREET_NUM": "2,216", "ON_OFFSTREET_TYPE": "ON", "CAP_COLOR": "Green", "PM_DISTRICT_ID": "18"}}, {"type": "Feature", "geometry": {"type": "Point", "coordinates": [-122.4383425141, 37.7758267041]}, "properties": {"STREET_NAME": "GROVE ST", "STREET_NUM": "1,313", "ON_OFFSTREET_TYPE": "ON", "CAP_COLOR": "Grey", "PM_DISTRICT_ID": "17"}}, {"type": "Feature", "geometry": {"type": "Point", "coordinates": [-122.4340547292, 37.7610011996]}, "properties": {"STREET_NAME": "18TH ST", "STREET_NUM": "4,052", "ON_OFFSTREET_TYPE": "ON", "CAP_COLOR": "Yellow", "PM_DISTRICT_ID": "16"}}, {"type": "Feature", "geometry": {"type": "Point", "coordinates": [-122.4533863496, 37.7688779895]}, "properties": {"STREET_NAME": "STANYAN ST", "STREET_NUM": "710", "ON_OFFSTREET_TYPE": "ON", "CAP_COLOR": "Grey", "PM_DISTRICT_ID": "23"}}, {"type": "Feature", "geometry": {"type": "Point", "coordinates": [-122.456379, 37.781154]}, "properties": {"STREET_NAME": "STANYAN ST", "STREET_NUM": "", "ON_OFFSTREET_TYPE": "ON", "CAP_COLOR": "Green", "PM_DISTRICT_ID": ""}}, {"type": "Feature", "geometry": {"type": "Point", "coordinates": [-122.4411276683, 37.7823323848]}, "properties": {"STREET_NAME": "OFARRELL ST", "STREET_NUM": "2,214", "ON_OFFSTREET_TYPE": "ON", "CAP_COLOR": "Green", "PM_DISTRICT_ID": "18"}}, {"type": "Feature", "geometry": {"type": "Point", "coordinates": [-122.4313910005, 37.7719243009]}, "properties": {"STREET_NAME": "HAIGHT ST", "STREET_NUM": "545", "ON_OFFSTREET_TYPE": "ON", "CAP_COLOR": "Grey", "PM_DISTRICT_ID": "39"}}, {"type": "Feature", "geometry": {"type": "Point", "coordinates": [-122.4357615044, 37.7607900138]}, "properties": {"STREET_NAME": "18TH ST", "STREET_NUM": "4,121", "ON_OFFSTREET_TYPE": "ON", "CAP_COLOR": "Yellow", "PM_DISTRICT_ID": "16"}}, {"type": "Feature", "geometry": {"type": "Point", "coordinates": [-122.4322398023, 37.7806518012]}, "properties": {"STREET_NAME": "FILLMORE ST", "STREET_NUM": "1,203", "ON_OFFSTREET_TYPE": "ON", "CAP_COLOR": "Grey", "PM_DISTRICT_ID": "5"}}, {"type": "Feature", "geometry": {"type": "Point", "coordinates": [-122.4340706266, 37.7610002373]}, "properties": {"STREET_NAME": "18TH ST", "STREET_NUM": "4,054", "ON_OFFSTREET_TYPE": "ON", "CAP_COLOR": "Black", "PM_DISTRICT_ID": "16"}}]}