{"type": "FeatureCollection", "features": [{"type": "Feature", "geometry": {"type": "MultiLineString", "coordinates": [[[-122.456026898, 37.777640798], [-122.456407863, 37.779512895]]]}, "properties": {"hrlimit": "2", "regulation": "Time limited", "to_time": "6pm", "rpparea1": "L", "analysis_neighborhood": "Lone Mountain/USF", "days": "M-F", "from_time": "8am", "exceptions": "Yes. RPP holders are exempt from time limits.", "hours": "800-1800"}}, {"type": "Feature", "geometry": {"type": "MultiLineString", "coordinates": [[[-122.455344191, 37.775567355], [-122.454945061, 37.775618873]]]}, "properties": {"hrlimit": "2", "regulation": "Time limited", "to_time": "6pm", "rpparea1": "L", "analysis_neighborhood": "Lone Mountain/USF", "days": "M-F", "from_time": "8am", "exceptions": "Yes. RPP holders are exempt from time limits.", "hours": "800-1800"}}, {"type": "Feature", "geometry": {"type": "MultiLineString", "coordinates": [[[-122.457075787, 37.778112904], [-122.456951829, 37.777490837]]]}, "properties": {"hrlimit": "2", "regulation": "Time limited", "to_time": "6pm", "rpparea1": "L", "analysis_neighborhood": "Lone Mountain/USF", "days": "M-F", "from_time": "8am", "exceptions": "Yes. RPP holders are exempt from time limits.", "hours": "800-1800"}}, {"type": "Feature", "geometry": {"type": "LineString", "coordinates": [[-122.447204009, 37.782180948], [-122.445801008, 37.782357948]]}, "properties": {"hrlimit": "2", "regulation": "Time limited", "to_time": "6pm", "rpparea1": null, "analysis_neighborhood": "Lone Mountain/USF", "days": "M-Sa", "from_time": "7am", "exceptions": "None. Regulation applies to all vehicles.", "hours": "700-1800", "nearMeter": false}}, {"type": "Feature", "geometry": {"type": "MultiLineString", "coordinates": [[[-122.4336437, 37.779248309], [-122.433492304, 37.778506716]]]}, "properties": {"hrlimit": "2", "regulation": "Time limited", "to_time": "8pm", "rpparea1": "Q", "analysis_neighborhood": "Western Addition", "days": "M-F", "from_time": "9am", "exceptions": "Yes. RPP holders are exempt from time limits.", "hours": "900-2000"}}, {"type": "Feature", "geometry": {"type": "MultiLineString", "coordinates": [[[-122.445426165, 37.771266401], [-122.445568249, 37.771996858]]]}, "properties": {"hrlimit": null, "regulation": "Time Limited", "to_time": null, "rpparea1": "Q", "analysis_neighborhood": "Haight Ashbury", "days": "M-F", "from_time": "8am", "exceptions": "Yes. RPP holders are exempt from time limits.", "hours": "800-1800"}}, {"type": "Feature", "geometry": {"type": "MultiLineString", "coordinates": [[[-122.429172274, 37.774602296], [-122.429111898, 37.77429515]]]}, "properties": {"hrlimit": "2", "regulation": "Time limited", "to_time": "9pm", "rpparea1": "HV", "analysis_neighborhood": "Hayes Valley", "days": "M-Sa", "from_time": "8am", "exceptions": "Yes. RPP holders are exempt from time limits.", "hours": "900-2100"}}, {"type": "Feature", "geometry": {"type": "MultiLineString", "coordinates": [[[-122.42995211, 37.770312291], [-122.42921729, 37.77040538]]]}, "properties": {"hrlimit": "2", "regulation": "Time limited", "to_time": "9pm", "rpparea1": "S", "analysis_neighborhood": "Hayes Valley", "days": "M-F", "from_time": "8am", "exceptions": "Yes. RPP holders are exempt from time limits.", "hours": "800-2100"}}, {"type": "Feature", "geometry": {"type": "MultiLineString", "coordinates": [[[-122.429223632, 37.775183972], [-122.427839635, 37.775360432]]]}, "properties": {"hrlimit": "2", "regulation": "Time limited", "to_time": "9pm", "rpparea1": "HV", "analysis_neighborhood": "Hayes Valley", "days": "M-Sa", "from_time": "8am", "exceptions": "Yes. RPP holders are exempt from time limits.", "hours": "900-2100"}}, {"type": "Feature", "geometry": {"type": "MultiLineString", "coordinates": [[[-122.455559771, 37.783919013], [-122.454738106, 37.783954224]]]}, "properties": {"hrlimit": "2", "regulation": "Time limited", "to_time": "4pm", "rpparea1": "F", "analysis_neighborhood": "Presidio Heights", "days": "M-F", "from_time": "9am", "exceptions": "Yes. RPP holders are exempt from time limits.", "hours": "900-1600"}}, {"type": "Feature", "geometry": {"type": "MultiLineString", "coordinates": [[[-122.440432919, 37.771704], [-122.440280949, 37.770952907]]]}, "properties": {"hrlimit": "2", "regulation": "Time limited", "to_time": "6pm", "rpparea1": "Q", "analysis_neighborhood": "Haight Ashbury", "days": "M-F", "from_time": "8am", "exceptions": "Yes. RPP holders are exempt from time limits.", "hours": "800-1800"}}, {"type": "Feature", "geometry": {"type": "MultiLineString", "coordinates": [[[-122.442413903, 37.772596081], [-122.440901989, 37.772782232]]]}, "properties": {"hrlimit": "2", "regulation": "Time limited", "to_time": "6pm", "rpparea1": "Q", "analysis_neighborhood": "Golden Gate Park", "days": "M-F", "from_time": "8am", "exceptions": "Yes. RPP holders are exempt from time limits.", "hours": "800-1800"}}, {"type": "Feature", "geometry": {"type": "MultiLineString", "coordinates": [[[-122.447368551, 37.772875077], [-122.446043687, 37.773046118]]]}, "properties": {"hrlimit": "2", "regulation": "Time limited", "to_time": "6pm", "rpparea1": "L", "analysis_neighborhood": "Lone Mountain/USF", "days": "M-F", "from_time": "8am", "exceptions": "Yes. RPP holders are exempt from time limits.", "hours": "800-1800"}}, {"type": "Feature", "geometry": {"type": "MultiLineString", "coordinates": [[[-122.430442077, 37.771685008], [-122.430508192, 37.772005295]]]}, "properties": {"hrlimit": "2", "regulation": "Time limited", "to_time": "9pm", "rpparea1": "S", "analysis_neighborhood": "Hayes Valley", "days": "M-F", "from_time": "8am", "exceptions": "Yes. RPP holders are exempt from time limits.", "hours": "800-2100"}}, {"type": "Feature", "geometry": {"type": "MultiLineString", "coordinates": [[[-122.431068047, 37.77479237], [-122.431061062, 37.774762201], [-122.430921893, 37.774070378]]]}, "properties": {"hrlimit": "2", "regulation": "Time limited", "to_time": "8pm", "rpparea1": "Q", "analysis_neighborhood": "Hayes Valley", "days": "M-F", "from_time": "9am", "exceptions": "Yes. RPP holders are exempt from time limits.", "hours": "900-2000"}}, {"type": "Feature", "geometry": {"type": "MultiLineString", "coordinates": [[[-122.429019525, 37.773829511], [-122.428933865, 37.77334886]]]}, "properties": {"hrlimit": "2", "regulation": "Time limited", "to_time": "9pm", "rpparea1": "HV", "analysis_neighborhood": "Hayes Valley", "days": "M-F", "from_time": "8am", "exceptions": "Yes. RPP holders are exempt from time limits.", "hours": "900-2000"}}, {"type": "Feature", "geometry": {"type": "MultiLineString", "coordinates": [[[-122.449396946, 37.774529026], [-122.447990985, 37.774709326]]]}, "properties": {"hrlimit": "2", "regulation": "Time limited", "to_time": "6pm", "rpparea1": "L", "analysis_neighborhood": "Lone Mountain/USF", "days": "M-F", "from_time": "8am", "exceptions": "Yes. RPP holders are exempt from time limits.", "hours": "800-1800"}}, {"type": "Feature", "geometry": {"type": "MultiLineString", "coordinates": [[[-122.445884445, 37.783598127], [-122.444822262, 37.783728222]]]}, "properties": {"hrlimit": "2", "regulation": "Time limited", "to_time": "6pm", "rpparea1": "G", "analysis_neighborhood": "Presidio Heights", "days": "M-F", "from_time": "8am", "exceptions": "Yes. RPP holders are exempt from time limits.", "hours": "800-1800"}}, {"type": "Feature", "geometry": {"type": "MultiLineString", "coordinates": [[[-122.450772692, 37.762995407], [-122.449528035, 37.763153812]]]}, "properties": {"hrlimit": "2", "regulation": "Time limited", "to_time": "5pm", "rpparea1": "J", "analysis_neighborhood": "Haight Ashbury", "days": "M-F", "from_time": "8am", "exceptions": "Yes. RPP holders are exempt from time limits.", "hours": "800-1700"}}, {"type": "Feature", "geometry": {"type": "MultiLineString", "coordinates": [[[-122.430506474, 37.7620485], [-122.428562622, 37.762054434]]]}, "properties": {"hrlimit": "2", "regulation": "Time limited", "to_time": "9pm", "rpparea1": "S", "analysis_neighborhood": "Castro/Upper Market", "days": "M-F", "from_time": "8am", "exceptions": "Yes. RPP holders are exempt from time limits.", "hours": "800-2100"}}, {"type": "Feature", "geometry": {"type": "MultiLineString", "coordinates": [[[-122.439295666, 37.760739613], [-122.439349277, 37.761299927]]]}, "properties": {"hrlimit": "2", "regulation": "Time limited", "to_time": "9pm", "rpparea1": "S", "analysis_neighborhood": "Castro/Upper Market", "days": "M-F", "from_time": "8am", "exceptions": "Yes. RPP holders are exempt from time limits.", "hours": "800-2100"}}, {"type": "Feature", "geometry": {"type": "MultiLineString", "coordinates": [[[-122.429495079, 37.776909278], [-122.429431936, 37.776596214]]]}, "properties": {"hrlimit": "2", "regulation": "Time limited", "to_time": "6pm", "rpparea1": "HV", "analysis_neighborhood": "Hayes Valley", "days": "M-Sa", "from_time": "9am", "exceptions": "Yes. RPP holders are exempt from time limits.", "hours": "900-2100"}}, {"type": "Feature", "geometry": {"type": "LineString", "coordinates": [[-122.452298515, 37.772105644], [-122.450774656, 37.772301623]]}, "properties": {"hrlimit": "0", "regulation": "No oversized vehicles", "to_time": "6am", "rpparea1": null, "analysis_neighborhood": "Golden Gate Park", "days": "M-Su", "from_time": "12am", "exceptions": "Yes. Typical passenger vehicles are exempt.", "hours": "2400-600", "nearMeter": false}}, {"type": "Feature", "geometry": {"type": "MultiLineString", "coordinates": [[[-122.437341128, 37.761721011], [-122.437257873, 37.760832569]]]}, "properties": {"hrlimit": "2", "regulation": "Time limited", "to_time": "9pm", "rpparea1": "S", "analysis_neighborhood": "Castro/Upper Market", "days": "M-F", "from_time": "8am", "exceptions": "Yes. RPP holders are exempt from time limits.", "hours": "800-2100"}}, {"type": "Feature", "geometry": {"type": "MultiLineString", "coordinates": [[[-122.448837512, 37.760812022], [-122.447610142, 37.760887477]]]}, "properties": {"hrlimit": "2", "regulation": "Time limited", "to_time": "6pm", "rpparea1": "J", "analysis_neighborhood": "Inner Sunset", "days": "M-F", "from_time": "8am", "exceptions": "Yes. RPP holders are exempt from time limits.", "hours": "800-1800"}}, {"type": "Feature", "geometry": {"type": "MultiLineString", "coordinates": [[[-122.429362447, 37.764394226], [-122.428783609, 37.76443118]]]}, "properties": {"hrlimit": "2", "regulation": "Time limited", "to_time": "9pm", "rpparea1": "S", "analysis_neighborhood": "Castro/Upper Market", "days": "M-F", "from_time": "8am", "exceptions": "Yes. RPP holders are exempt from time limits.", "hours": "800-2100"}}, {"type": "Feature", "geometry": {"type": "LineString", "coordinates": [[-122.458060362, 37.771222301], [-122.457056029, 37.771106141]]}, "properties": {"hrlimit": "3", "regulation": "Time limited", "to_time": "6pm", "rpparea1": null, "analysis_neighborhood": "Golden Gate Park", "days": "M-F", "from_time": "7am", "exceptions": "None. Regulation applies to all vehicles.", "hours": "700-1800", "nearMeter": false}}, {"type": "Feature", "geometry": {"type": "MultiLineString", "coordinates": [[[-122.452449904, 37.783642405], [-122.452126855, 37.782034229], [-122.452127904, 37.782039117]]]}, "properties": {"hrlimit": "2", "regulation": "Time limited", "to_time": "4pm", "rpparea1": "F", "analysis_neighborhood": "Presidio Heights", "days": "M-F", "from_time": "9am", "exceptions": "Yes. RPP holders are exempt from time limits.", "hours": "900-1600"}}, {"type": "Feature", "geometry": {"type": "MultiLineString", "coordinates": [[[-122.454472963, 37.783954815], [-122.453741217, 37.783972933]]]}, "properties": {"hrlimit": "2", "regulation": "Time limited", "to_time": "4pm", "rpparea1": "F", "analysis_neighborhood": "Presidio Heights", "days": "M-F", "from_time": "9am", "exceptions": "Yes. RPP holders are exempt from time limits.", "hours": "900-1600"}}, {"type": "Feature", "geometry": {"type": "MultiLineString", "coordinates": [[[-122.443042138, 37.783793052], [-122.442890847, 37.783048831]]]}, "properties": {"hrlimit": "2", "regulation": "Time limited", "to_time": "6pm", "rpparea1": "G", "analysis_neighborhood": "Presidio Heights", "days": "M-F", "from_time": "8am", "exceptions": "Yes. RPP holders are exempt from time limits.", "hours": "800-1800"}}, {"type": "Feature", "geometry": {"type": "MultiLineString", "coordinates": [[[-122.441512921, 37.777340354], [-122.440465139, 37.777473532]]]}, "properties": {"hrlimit": "2", "regulation": "Time limited", "to_time": "6pm", "rpparea1": "P", "analysis_neighborhood": "Western Addition", "days": "M-F", "from_time": "8am", "exceptions": "Yes. RPP holders are exempt from time limits.", "hours": "800-1800"}}, {"type": "Feature", "geometry": {"type": "MultiLineString", "coordinates": [[[-122.429226333, 37.775074369], [-122.42784877, 37.77525107]]]}, "properties": {"hrlimit": "2", "regulation": "Time limited", "to_time": "9pm", "rpparea1": "HV", "analysis_neighborhood": "Hayes Valley", "days": "M-Sa", "from_time": "8am", "exceptions": "Yes. RPP holders are exempt from time limits.", "hours": "900-2100"}}, {"type": "Feature", "geometry": {"type": "MultiLineString", "coordinates": [[[-122.444359935, 37.774264847], [-122.444507542, 37.774999244]]]}, "properties": {"hrlimit": "2", "regulation": "Time limited", "to_time": "6pm", "rpparea1": "P", "analysis_neighborhood": "Lone Mountain/USF", "days": "M-F", "from_time": "8am", "exceptions": "Yes. RPP holders are exempt from time limits.", "hours": "800-1800"}}, {"type": "Feature", "geometry": {"type": "MultiLineString", "coordinates": [[[-122.42999634, 37.777794427], [-122.429848682, 37.777065114]]]}, "properties": {"hrlimit": "2", "regulation": "Time limited", "to_time": "8pm", "rpparea1": "Q", "analysis_neighborhood": "Hayes Valley", "days": "M-F", "from_time": "9am", "exceptions": "Yes. RPP holders are exempt from time limits.", "hours": "0900-2000"}}, {"type": "Feature", "geometry": {"type": "MultiLineString", "coordinates": [[[-122.435843549, 37.774183275], [-122.435699346, 37.773464875]]]}, "properties": {"hrlimit": "2", "regulation": "Time limited", "to_time": "8pm", "rpparea1": "Q", "analysis_neighborhood": "Hayes Valley", "days": "M-F", "from_time": "9am", "exceptions": "Yes. RPP holders are exempt from time limits.", "hours": "900-2000"}}, {"type": "Feature", "geometry": {"type": "MultiLineString", "coordinates": [[[-122.439190809, 37.773763729], [-122.439188878, 37.773748627], [-122.439041872, 37.773031026]]]}, "properties": {"hrlimit": "2", "regulation": "Time limited", "to_time": "6pm", "rpparea1": "Q", "analysis_neighborhood": "Hayes Valley", "days": "M-F", "from_time": "8am", "exceptions": "Yes. RPP holders are exempt from time limits.", "hours": "800-1800"}}, {"type": "Feature", "geometry": {"type": "MultiLineString", "coordinates": [[[-122.438943063, 37.771872325], [-122.438791231, 37.771128095]]]}, "properties": {"hrlimit": "2", "regulation": "Time limited", "to_time": "6pm", "rpparea1": "Q", "analysis_neighborhood": "Haight Ashbury", "days": "M-F", "from_time": "8am", "exceptions": "Yes. RPP holders are exempt from time limits.", "hours": "800-1800"}}, {"type": "Feature", "geometry": {"type": "MultiLineString", "coordinates": [[[-122.436497337, 37.764045575], [-122.43635884, 37.764119708], [-122.436346775, 37.764125305], [-122.435457092, 37.764181506]]]}, "properties": {"hrlimit": "2", "regulation": "Time limited", "to_time": "9pm", "rpparea1": "S", "analysis_neighborhood": "Castro/Upper Market", "days": "M-F", "from_time": "8am", "exceptions": "Yes. RPP holders are exempt from time limits.", "hours": "800-2100"}}, {"type": "Feature", "geometry": {"type": "MultiLineString", "coordinates": [[[-122.456890903, 37.783808358], [-122.456746191, 37.781817016]]]}, "properties": {"hrlimit": "2", "regulation": "Time limited", "to_time": "6pm", "rpparea1": "F", "analysis_neighborhood": "Presidio Heights", "days": "M-F", "from_time": "8am", "exceptions": "Yes. RPP holders are exempt from time limits.", "hours": "800-1800"}}, {"type": "Feature", "geometry": {"type": "MultiLineString", "coordinates": [[[-122.440316414, 37.779348146], [-122.440169856, 37.778622401]]]}, "properties": {"hrlimit": "2", "regulation": "Time limited", "to_time": "6pm", "rpparea1": "P", "analysis_neighborhood": "Western Addition", "days": "M-F", "from_time": "8am", "exceptions": "Yes. RPP holders are exempt from time limits.", "hours": "800-1800"}}, {"type": "Feature", "geometry": {"type": "MultiLineString", "coordinates": [[[-122.435190473, 37.779256403], [-122.435264279, 37.779617043]]]}, "properties": {"hrlimit": "2", "regulation": "Time limited", "to_time": "8pm", "rpparea1": "Q", "analysis_neighborhood": "Western Addition", "days": "M-F", "from_time": "9am", "exceptions": "Yes. RPP holders are exempt from time limits.", "hours": "900-2000"}}, {"type": "Feature", "geometry": {"type": "MultiLineString", "coordinates": [[[-122.445438439, 37.775865015], [-122.44488609, 37.775935244]]]}, "properties": {"hrlimit": "2", "regulation": "Time limited", "to_time": "6pm", "rpparea1": "P", "analysis_neighborhood": "Lone Mountain/USF", "days": "M-F", "from_time": "8am", "exceptions": "Yes. RPP holders are exempt from time limits.", "hours": "800-1800"}}, {"type": "Feature", "geometry": {"type": "MultiLineString", "coordinates": [[[-122.451585943, 37.768336793], [-122.451439175, 37.767615161]]]}, "properties": {"hrlimit": "2", "regulation": "Time limited", "to_time": "5pm", "rpparea1": "J", "analysis_neighborhood": "Haight Ashbury", "days": "M-F", "from_time": "8am", "exceptions": "Yes. RPP holders are exempt from time limits.", "hours": "800-1700"}}, {"type": "Feature", "geometry": {"type": "MultiLineString", "coordinates": [[[-122.454318933, 37.765147919], [-122.454169747, 37.764411412]]]}, "properties": {"hrlimit": "2", "regulation": "Time limited", "to_time": "5pm", "rpparea1": "J", "analysis_neighborhood": "Inner Sunset", "days": "M-F", "from_time": "8am", "exceptions": "Yes. RPP holders are exempt from time limits.", "hours": "800-1700"}}, {"type": "Feature", "geometry": {"type": "MultiLineString", "coordinates": [[[-122.450353413, 37.768560259], [-122.449577501, 37.768659212]]]}, "properties": {"hrlimit": "2", "regulation": "Time limited", "to_time": "5pm", "rpparea1": "J", "analysis_neighborhood": "Haight Ashbury", "days": "M-F", "from_time": "8am", "exceptions": "Yes. RPP holders are exempt from time limits.", "hours": "800-1700"}}, {"type": "Feature", "geometry": {"type": "MultiLineString", "coordinates": [[[-122.453007132, 37.767270049], [-122.451600953, 37.767449413]]]}, "properties": {"hrlimit": "2", "regulation": "Time limited", "to_time": "9pm", "rpparea1": "J", "analysis_neighborhood": "Haight Ashbury", "days": "M-Su", "from_time": "7am", "exceptions": "Yes. RPP holders are exempt from time limits.", "hours": "700-2100"}}, {"type": "Feature", "geometry": {"type": "MultiLineString", "coordinates": [[[-122.437730185, 37.770137325], [-122.437524368, 37.769124535]]]}, "properties": {"hrlimit": "2", "regulation": "Time limited", "to_time": "9pm", "rpparea1": "S", "analysis_neighborhood": "Haight Ashbury", "days": "M-F", "from_time": "8am", "exceptions": "Yes. RPP holders are exempt from time limits.", "hours": "800-2100"}}, {"type": "Feature", "geometry": {"type": "MultiLineString", "coordinates": [[[-122.437345124, 37.774996132], [-122.436243278, 37.775137332]]]}, "properties": {"hrlimit": "2", "regulation": "Time limited", "to_time": "8pm", "rpparea1": "Q", "analysis_neighborhood": "Hayes Valley", "days": "M-F", "from_time": "9am", "exceptions": "Yes. RPP holders are exempt from time limits.", "hours": "900-2000"}}, {"type": "Feature", "geometry": {"type": "MultiLineString", "coordinates": [[[-122.458479334, 37.774454264], [-122.458553813, 37.775483827]]]}, "properties": {"hrlimit": "2", "regulation": "Time limited", "to_time": "6pm", "rpparea1": "L", "analysis_neighborhood": "Inner Richmond", "days": "M-F", "from_time": "8am", "exceptions": "Yes. RPP holders are exempt from time limits.", "hours": "800-1800"}}, {"type": "Feature", "geometry": {"type": "MultiLineString", "coordinates": [[[-122.442137, 37.779128947], [-122.442128866, 37.779114607], [-122.441982326, 37.778391171]]]}, "properties": {"hrlimit": "2", "regulation": "Time limited", "to_time": "6pm", "rpparea1": "P", "analysis_neighborhood": "Lone Mountain/USF", "days": "M-F", "from_time": "8am", "exceptions": "Yes. RPP holders are exempt from time limits.", "hours": "800-1800"}}, {"type": "Feature", "geometry": {"type": "MultiLineString", "coordinates": [[[-122.441248453, 37.781302006], [-122.440907914, 37.781344616]]]}, "properties": {"hrlimit": "2", "regulation": "Time limited", "to_time": "6pm", "rpparea1": "P", "analysis_neighborhood": "Western Addition", "days": "M-F", "from_time": "8am", "exceptions": "Yes. RPP holders are exempt from time limits.", "hours": "800-1800"}}, {"type": "Feature", "geometry": {"type": "MultiLineString", "coordinates": [[[-122.458892316, 37.783103666], [-122.458786322, 37.781640577]]]}, "properties": {"hrlimit": "2", "regulation": "Time limited", "to_time": "4pm", "rpparea1": "F", "analysis_neighborhood": "Presidio Heights", "days": "M-F", "from_time": "9am", "exceptions": "Yes. RPP holders are exempt from time limits.", "hours": "900-1600"}}, {"type": "Feature", "geometry": {"type": "MultiLineString", "coordinates": [[[-122.453543278, 37.783922098], [-122.453144739, 37.781903654]]]}, "properties": {"hrlimit": "2", "regulation": "Time limited", "to_time": "4pm", "rpparea1": "F", "analysis_neighborhood": "Presidio Heights", "days": "M-F", "from_time": "9am", "exceptions": "Yes. RPP holders are exempt from time limits.", "hours": "900-1600"}}, {"type": "Feature", "geometry": {"type": "MultiLineString", "coordinates": [[[-122.445371262, 37.778928363], [-122.443847165, 37.779122778]]]}, "properties": {"hrlimit": "2", "regulation": "Time limited", "to_time": "6pm", "rpparea1": "P", "analysis_neighborhood": "Lone Mountain/USF", "days": "M-F", "from_time": "8am", "exceptions": "Yes. RPP holders are exempt from time limits.", "hours": "800-1800"}}, {"type": "Feature", "geometry": {"type": "MultiLineString", "coordinates": [[[-122.431709217, 37.77048436], [-122.430283427, 37.770665234]]]}, "properties": {"hrlimit": "2", "regulation": "Time limited", "to_time": "9pm", "rpparea1": "S", "analysis_neighborhood": "Hayes Valley", "days": "M-F", "from_time": "8am", "exceptions": "Yes. RPP holders are exempt from time limits.", "hours": "800-2100"}}, {"type": "Feature", "geometry": {"type": "MultiLineString", "coordinates": [[[-122.438987685, 37.773004504], [-122.438975054, 37.773006065], [-122.437586113, 37.773184079]]]}, "properties": {"hrlimit": "2", "regulation": "Time limited", "to_time": "8pm", "rpparea1": "Q", "analysis_neighborhood": "Hayes Valley", "days": "M-F", "from_time": "9am", "exceptions": "Yes. RPP holders are exempt from time limits.", "hours": "900-2000"}}, {"type": "Feature", "geometry": {"type": "MultiLineString", "coordinates": [[[-122.450690063, 37.772453605], [-122.449273519, 37.772633168]]]}, "properties": {"hrlimit": "2", "regulation": "Time limited", "to_time": "6pm", "rpparea1": "L", "analysis_neighborhood": "Lone Mountain/USF", "days": "M-F", "from_time": "8am", "exceptions": "Yes. RPP holders are exempt from time limits.", "hours": "800-1800"}}, {"type": "Feature", "geometry": {"type": "MultiLineString", "coordinates": [[[-122.431448976, 37.769386645], [-122.430030497, 37.769489451]]]}, "properties": {"hrlimit": "2", "regulation": "Time limited", "to_time": "9pm", "rpparea1": "S", "analysis_neighborhood": "Hayes Valley", "days": "M-F", "from_time": "8am", "exceptions": "Yes. RPP holders are exempt from time limits.", "hours": "800-2100"}}, {"type": "Feature", "geometry": {"type": "MultiLineString", "coordinates": [[[-122.438280013, 37.766654679], [-122.437987154, 37.766580784], [-122.437788375, 37.766538422], [-122.437631786, 37.766542662], [-122.437492324, 37.766580056], [-122.437386666, 37.766636087], [-122.437309273, 37.766701869], [-122.437240973, 37.766799236], [-122.437215074, 37.766869337], [-122.437205483, 37.766959367], [-122.437209559, 37.767044428], [-122.437200325, 37.767086487]]]}, "properties": {"hrlimit": "2", "regulation": "Time limited", "to_time": "9pm", "rpparea1": "S", "analysis_neighborhood": "Castro/Upper Market", "days": "M-F", "from_time": "8am", "exceptions": "Yes. RPP holders are exempt from time limits.", "hours": "800-2100"}}, {"type": "Feature", "geometry": {"type": "MultiLineString", "coordinates": [[[-122.433977358, 37.761237467], [-122.434095004, 37.762459674]]]}, "properties": {"hrlimit": "2", "regulation": "Time limited", "to_time": "9pm", "rpparea1": "S", "analysis_neighborhood": "Castro/Upper Market", "days": "M-F", "from_time": "8am", "exceptions": "Yes. RPP holders are exempt from time limits.", "hours": "800-2100"}}, {"type": "Feature", "geometry": {"type": "MultiLineString", "coordinates": [[[-122.432796018, 37.762688009], [-122.432220352, 37.762722843]]]}, "properties": {"hrlimit": "2", "regulation": "Time limited", "to_time": "9pm", "rpparea1": "S", "analysis_neighborhood": "Castro/Upper Market", "days": "M-F", "from_time": "8am", "exceptions": "Yes. RPP holders are exempt from time limits.", "hours": "800-2100"}}, {"type": "Feature", "geometry": {"type": "MultiLineString", "coordinates": [[[-122.448931164, 37.764919452], [-122.44853672, 37.764969755]]]}, "properties": {"hrlimit": "2", "regulation": "Time limited", "to_time": "7pm", "rpparea1": "J", "analysis_neighborhood": "Haight Ashbury", "days": "M-F", "from_time": "7am", "exceptions": "Yes. RPP holders are exempt from time limits.", "hours": "700-1900"}}, {"type": "Feature", "geometry": {"type": "MultiLineString", "coordinates": [[[-122.447388465, 37.780986656], [-122.447306101, 37.780409685], [-122.44725447, 37.780155384], [-122.447253933, 37.78015276]]]}, "properties": {"hrlimit": "2", "regulation": "Time limited", "to_time": "6pm", "rpparea1": "P", "analysis_neighborhood": "Lone Mountain/USF", "days": "M-F", "from_time": "8am", "exceptions": "Yes. RPP holders are exempt from time limits.", "hours": "800-1800"}}, {"type": "Feature", "geometry": {"type": "MultiLineString", "coordinates": [[[-122.450868668, 37.773383605], [-122.449442806, 37.773564982]]]}, "properties": {"hrlimit": "2", "regulation": "Time limited", "to_time": "6pm", "rpparea1": "L", "analysis_neighborhood": "Lone Mountain/USF", "days": "M-F", "from_time": "8am", "exceptions": "Yes. RPP holders are exempt from time limits.", "hours": "800-1800"}}, {"type": "Feature", "geometry": {"type": "MultiLineString", "coordinates": [[[-122.449565334, 37.774361575], [-122.44940979, 37.773602887]]]}, "properties": {"hrlimit": "2", "regulation": "Time limited", "to_time": "6pm", "rpparea1": "L", "analysis_neighborhood": "Lone Mountain/USF", "days": "M-F", "from_time": "8am", "exceptions": "Yes. RPP holders are exempt from time limits.", "hours": "800-1800"}}, {"type": "Feature", "geometry": {"type": "MultiLineString", "coordinates": [[[-122.436772703, 37.779017352], [-122.43537997, 37.779194912]]]}, "properties": {"hrlimit": "2", "regulation": "Time limited", "to_time": "8pm", "rpparea1": "Q", "analysis_neighborhood": "Western Addition", "days": "M-F", "from_time": "9am", "exceptions": "Yes. RPP holders are exempt from time limits.", "hours": "900-2000"}}, {"type": "Feature", "geometry": {"type": "MultiLineString", "coordinates": [[[-122.438177411, 37.769051311], [-122.437677422, 37.769080243]]]}, "properties": {"hrlimit": "2", "regulation": "Time limited", "to_time": "9pm", "rpparea1": "S", "analysis_neighborhood": "Haight Ashbury", "days": "M-F", "from_time": "8am", "exceptions": "Yes. RPP holders are exempt from time limits.", "hours": "800-2100"}}, {"type": "Feature", "geometry": {"type": "MultiLineString", "coordinates": [[[-122.449408054, 37.768835546], [-122.449510691, 37.769336767]]]}, "properties": {"hrlimit": "2", "regulation": "Time limited", "to_time": "5pm", "rpparea1": "J", "analysis_neighborhood": "Haight Ashbury", "days": "M-F", "from_time": "8am", "exceptions": "Yes. RPP holders are exempt from time limits.", "hours": "800-1700"}}, {"type": "Feature", "geometry": {"type": "LineString", "coordinates": [[-122.459097506, 37.771375696], [-122.45826879, 37.771241987]]}, "properties": {"hrlimit": "4", "regulation": "Time limited", "to_time": "6pm", "rpparea1": null, "analysis_neighborhood": "Golden Gate Park", "days": "M-F", "from_time": "7am", "exceptions": "None. Regulation applies to all vehicles.", "hours": "700-1800", "nearMeter": false}}, {"type": "Feature", "geometry": {"type": "MultiLineString", "coordinates": [[[-122.456299484, 37.775558559], [-122.454977419, 37.775722672], [-122.454964568, 37.775726476]]]}, "properties": {"hrlimit": "2", "regulation": "Time limited", "to_time": "6pm", "rpparea1": "L", "analysis_neighborhood": "Lone Mountain/USF", "days": "M-F", "from_time": "8am", "exceptions": "Yes. RPP holders are exempt from time limits.", "hours": "800-1800"}}, {"type": "Feature", "geometry": {"type": "LineString", "coordinates": [[-122.456814583, 37.771158602], [-122.456726483, 37.771499448], [-122.456630377, 37.771637601], [-122.456335426, 37.771864914], [-122.455966219, 37.772143224], [-122.45565441, 37.772402722], [-122.455587688, 37.772539244], [-122.455572676, 37.77270415], [-122.45560527, 37.772850788], [-122.455728074, 37.773015861], [-122.455968891, 37.773291583], [-122.456128823, 37.773431158], [-122.456344788, 37.773536372], [-122.456598564, 37.773623863], [-122.456877618, 37.773663073], [-122.457172155, 37.773654545], [-122.457486283, 37.773644929], [-122.457826372, 37.773594807], [-122.458743891, 37.773395447]]}, "properties": {"hrlimit": "3", "regulation": "Time limited", "to_time": "6pm", "rpparea1": null, "analysis_neighborhood": "Golden Gate Park", "days": "M-F", "from_time": "7am", "exceptions": "None. Regulation applies to all vehicles.", "hours": "700-1800", "nearMeter": false}}, {"type": "Feature", "geometry": {"type": "MultiLineString", "coordinates": [[[-122.453944432, 37.780086627], [-122.453515497, 37.77791641]]]}, "properties": {"hrlimit": "2", "regulation": "Time limited", "to_time": "6pm", "rpparea1": "L", "analysis_neighborhood": "Lone Mountain/USF", "days": "M-F", "from_time": "8am", "exceptions": "Yes. RPP holders are exempt from time limits.", "hours": "800-1800"}}, {"type": "Feature", "geometry": {"type": "MultiLineString", "coordinates": [[[-122.452553479, 37.783634707], [-122.452229302, 37.78201964]]]}, "properties": {"hrlimit": "2", "regulation": "Time limited", "to_time": "4pm", "rpparea1": "F", "analysis_neighborhood": "Presidio Heights", "days": "M-F", "from_time": "9am", "exceptions": "Yes. RPP holders are exempt from time limits.", "hours": "900-1600"}}, {"type": "Feature", "geometry": {"type": "MultiLineString", "coordinates": [[[-122.436252655, 37.776150269], [-122.436083033, 37.775312076]]]}, "properties": {"hrlimit": "2", "regulation": "Time limited", "to_time": "8pm", "rpparea1": "Q", "analysis_neighborhood": "Hayes Valley", "days": "M-F", "from_time": "9am", "exceptions": "Yes. RPP holders are exempt from time limits.", "hours": "900-2000"}}, {"type": "Feature", "geometry": {"type": "MultiLineString", "coordinates": [[[-122.441369768, 37.776358083], [-122.441369279, 37.776331532], [-122.441224335, 37.775615252]]]}, "properties": {"hrlimit": "2", "regulation": "Time limited", "to_time": "6pm", "rpparea1": "Q", "analysis_neighborhood": "Hayes Valley", "days": "M-F", "from_time": "8am", "exceptions": "Yes. RPP holders are exempt from time limits.", "hours": "800-1800"}}, {"type": "Feature", "geometry": {"type": "MultiLineString", "coordinates": [[[-122.458768756, 37.765266834], [-122.457902862, 37.76530211]]]}, "properties": {"hrlimit": "2", "regulation": "Time limited", "to_time": "6pm", "rpparea1": "J", "analysis_neighborhood": "Inner Sunset", "days": "M-F", "from_time": "8am", "exceptions": "Yes. RPP holders are exempt from time limits.", "hours": "800-1800"}}, {"type": "Feature", "geometry": {"type": "MultiLineString", "coordinates": [[[-122.436646158, 37.770045992], [-122.43651072, 37.769970236], [-122.436442797, 37.769911812], [-122.436342946, 37.769782089], [-122.436298739, 37.769718998]]]}, "properties": {"hrlimit": "2", "regulation": "Time limited", "to_time": "9pm", "rpparea1": "S", "analysis_neighborhood": "Haight Ashbury", "days": "M-F", "from_time": "8am", "exceptions": "Yes. RPP holders are exempt from time limits.", "hours": "800-2100"}}, {"type": "Feature", "geometry": {"type": "MultiLineString", "coordinates": [[[-122.441234902, 37.765364054], [-122.439581258, 37.766602818]]]}, "properties": {"hrlimit": "2", "regulation": "Time limited", "to_time": "9pm", "rpparea1": "S", "analysis_neighborhood": "Castro/Upper Market", "days": "M-F", "from_time": "8am", "exceptions": "Yes. RPP holders are exempt from time limits.", "hours": "800-2100"}}, {"type": "Feature", "geometry": {"type": "MultiLineString", "coordinates": [[[-122.435619844, 37.773294177], [-122.435587037, 37.773298788], [-122.434222012, 37.773472673]]]}, "properties": {"hrlimit": "2", "regulation": "Time limited", "to_time": "8pm", "rpparea1": "Q", "analysis_neighborhood": "Haight Ashbury", "days": "M-F", "from_time": "9am", "exceptions": "Yes. RPP holders are exempt from time limits.", "hours": "900-2000"}}, {"type": "Feature", "geometry": {"type": "MultiLineString", "coordinates": [[[-122.448574776, 37.769442819], [-122.448476303, 37.768956924]]]}, "properties": {"hrlimit": "2", "regulation": "Time limited", "to_time": "7pm", "rpparea1": "J", "analysis_neighborhood": "Haight Ashbury", "days": "M-F", "from_time": "7am", "exceptions": "Yes. RPP holders are exempt from time limits.", "hours": "700-1900"}}, {"type": "Feature", "geometry": {"type": "MultiLineString", "coordinates": [[[-122.433324031, 37.765771423], [-122.433263073, 37.76512134]]]}, "properties": {"hrlimit": "2", "regulation": "Time limited", "to_time": "9pm", "rpparea1": "S", "analysis_neighborhood": "Castro/Upper Market", "days": "M-F", "from_time": "8am", "exceptions": "Yes. RPP holders are exempt from time limits.", "hours": "800-2100"}}, {"type": "Feature", "geometry": {"type": "MultiLineString", "coordinates": [[[-122.437477728, 37.762290734], [-122.438270123, 37.762243054]]]}, "properties": {"hrlimit": "2", "regulation": "Time limited", "to_time": "9pm", "rpparea1": "S", "analysis_neighborhood": "Castro/Upper Market", "days": "M-F", "from_time": "8am", "exceptions": "Yes. RPP holders are exempt from time limits.", "hours": "800-2100"}}, {"type": "Feature", "geometry": {"type": "MultiLineString", "coordinates": [[[-122.441447063, 37.760440727], [-122.440847976, 37.760477878]]]}, "properties": {"hrlimit": "2", "regulation": "Time limited", "to_time": "9pm", "rpparea1": "S", "analysis_neighborhood": "Castro/Upper Market", "days": "M-F", "from_time": "8am", "exceptions": "Yes. RPP holders are exempt from time limits.", "hours": "800-2100"}}, {"type": "Feature", "geometry": {"type": "MultiLineString", "coordinates": [[[-122.445412286, 37.780790804], [-122.445420912, 37.780770848], [-122.445420837, 37.780725676], [-122.445380082, 37.780212857]]]}, "properties": {"hrlimit": "2", "regulation": "Time limited", "to_time": "6pm", "rpparea1": "P", "analysis_neighborhood": "Lone Mountain/USF", "days": "M-F", "from_time": "8am", "exceptions": "Yes. RPP holders are exempt from time limits.", "hours": "800-1800"}}, {"type": "Feature", "geometry": {"type": "MultiLineString", "coordinates": [[[-122.433322256, 37.778337468], [-122.433170238, 37.77759514]]]}, "properties": {"hrlimit": "2", "regulation": "Time limited", "to_time": "8pm", "rpparea1": "Q", "analysis_neighborhood": "Western Addition", "days": "M-F", "from_time": "9am", "exceptions": "Yes. RPP holders are exempt from time limits.", "hours": "900-2000"}}, {"type": "Feature", "geometry": {"type": "MultiLineString", "coordinates": [[[-122.436050376, 37.769703539], [-122.435909966, 37.76949955], [-122.435745208, 37.769183456]]]}, "properties": {"hrlimit": "2", "regulation": "Time limited", "to_time": "9pm", "rpparea1": "S", "analysis_neighborhood": "Haight Ashbury", "days": "M-F", "from_time": "8am", "exceptions": "Yes. RPP holders are exempt from time limits.", "hours": "800-2100"}}, {"type": "Feature", "geometry": {"type": "MultiLineString", "coordinates": [[[-122.449505443, 37.763991896], [-122.448339166, 37.764141676]]]}, "properties": {"hrlimit": "2", "regulation": "Time limited", "to_time": "5pm", "rpparea1": "J", "analysis_neighborhood": "Haight Ashbury", "days": "M-F", "from_time": "8am", "exceptions": "Yes. RPP holders are exempt from time limits.", "hours": "800-1700"}}, {"type": "Feature", "geometry": {"type": "LineString", "coordinates": [[-122.458505096, 37.774209617], [-122.464931241, 37.773388149], [-122.464934226, 37.773387789], [-122.464937219, 37.773387469], [-122.464939488, 37.773387256], [-122.465257238, 37.773358992], [-122.465750941, 37.773337371]]}, "properties": {"hrlimit": "0", "regulation": "No oversized vehicles", "to_time": "6am", "rpparea1": null, "analysis_neighborhood": "Golden Gate Park", "days": "M-Su", "from_time": "12am", "exceptions": "Yes. Typical passenger vehicles are exempt.", "hours": "2400-600", "nearMeter": false}}, {"type": "Feature", "geometry": {"type": "LineString", "coordinates": [[-122.456348281, 37.771004773], [-122.456627325, 37.771043984]]}, "properties": {"hrlimit": "3", "regulation": "Time limited", "to_time": "6pm", "rpparea1": null, "analysis_neighborhood": "Golden Gate Park", "days": "M-F", "from_time": "7am", "exceptions": "None. Regulation applies to all vehicles.", "hours": "700-1800", "nearMeter": false}}, {"type": "Feature", "geometry": {"type": "MultiLineString", "coordinates": [[[-122.454225277, 37.777805832], [-122.453558631, 37.77789097]]]}, "properties": {"hrlimit": "2", "regulation": "Time limited", "to_time": "6pm", "rpparea1": "L", "analysis_neighborhood": "Lone Mountain/USF", "days": "M-F", "from_time": "8am", "exceptions": "Yes. RPP holders are exempt from time limits.", "hours": "800-1800"}}, {"type": "Feature", "geometry": {"type": "MultiLineString", "coordinates": [[[-122.436558003, 37.776968123], [-122.436548885, 37.776943037], [-122.43640253, 37.776218566]]]}, "properties": {"hrlimit": "2", "regulation": "Time limited", "to_time": "8pm", "rpparea1": "Q", "analysis_neighborhood": "Hayes Valley", "days": "M-F", "from_time": "9am", "exceptions": "Yes. RPP holders are exempt from time limits.", "hours": "900-2000"}}, {"type": "Feature", "geometry": {"type": "MultiLineString", "coordinates": [[[-122.430205786, 37.77128979], [-122.430279282, 37.771655191]]]}, "properties": {"hrlimit": "2", "regulation": "Time limited", "to_time": "9pm", "rpparea1": "S", "analysis_neighborhood": "Hayes Valley", "days": "M-F", "from_time": "8am", "exceptions": "Yes. RPP holders are exempt from time limits.", "hours": "800-2100"}}, {"type": "Feature", "geometry": {"type": "MultiLineString", "coordinates": [[[-122.430547831, 37.762702425], [-122.428671487, 37.762815921]]]}, "properties": {"hrlimit": "2", "regulation": "Time limited", "to_time": "9pm", "rpparea1": "S", "analysis_neighborhood": "Castro/Upper Market", "days": "M-F", "from_time": "8am", "exceptions": "Yes. RPP holders are exempt from time limits.", "hours": "800-2100"}}, {"type": "Feature", "geometry": {"type": "MultiLineString", "coordinates": [[[-122.43543067, 37.766491887], [-122.433464856, 37.766612618]]]}, "properties": {"hrlimit": "2", "regulation": "Time limited", "to_time": "9pm", "rpparea1": "S", "analysis_neighborhood": "Castro/Upper Market", "days": "M-F", "from_time": "8am", "exceptions": "Yes. RPP holders are exempt from time limits.", "hours": "800-2100"}}, {"type": "Feature", "geometry": {"type": "MultiLineString", "coordinates": [[[-122.436367247, 37.77604239], [-122.436216315, 37.775299673]]]}, "properties": {"hrlimit": "2", "regulation": "Time limited", "to_time": "8pm", "rpparea1": "Q", "analysis_neighborhood": "Hayes Valley", "days": "M-F", "from_time": "9am", "exceptions": "Yes. RPP holders are exempt from time limits.", "hours": "900-2000"}}, {"type": "Feature", "geometry": {"type": "MultiLineString", "coordinates": [[[-122.432528633, 37.774639993], [-122.431163949, 37.774814153]]]}, "properties": {"hrlimit": "2", "regulation": "Time limited", "to_time": "8pm", "rpparea1": "Q", "analysis_neighborhood": "Hayes Valley", "days": "M-F", "from_time": "9am", "exceptions": "Yes. RPP holders are exempt from time limits.", "hours": "900-2000"}}, {"type": "Feature", "geometry": {"type": "MultiLineString", "coordinates": [[[-122.436737896, 37.77888619], [-122.435354495, 37.77906256]]]}, "properties": {"hrlimit": "2", "regulation": "Time limited", "to_time": "8pm", "rpparea1": "Q", "analysis_neighborhood": "Western Addition", "days": "M-F", "from_time": "9am", "exceptions": "Yes. RPP holders are exempt from time limits.", "hours": "900-2000"}}, {"type": "Feature", "geometry": {"type": "MultiLineString", "coordinates": [[[-122.431779789, 37.778326265], [-122.431672039, 37.777789886]]]}, "properties": {"hrlimit": "4", "regulation": "Time limited", "to_time": "8pm", "rpparea1": "Q", "analysis_neighborhood": "Western Addition", "days": "M-F", "from_time": "9am", "exceptions": "Yes. RPP holders are exempt from time limits.", "hours": "900-2000"}}, {"type": "Feature", "geometry": {"type": "MultiLineString", "coordinates": [[[-122.44283871, 37.761962423], [-122.440261547, 37.762123126]]]}, "properties": {"hrlimit": "2", "regulation": "Time limited", "to_time": "9pm", "rpparea1": "S", "analysis_neighborhood": "Castro/Upper Market", "days": "M-F", "from_time": "8am", "exceptions": "Yes. RPP holders are exempt from time limits.", "hours": "800-2100"}}, {"type": "Feature", "geometry": {"type": "MultiLineString", "coordinates": [[[-122.453192526, 37.768198134], [-122.451798221, 37.768375985]]]}, "properties": {"hrlimit": "2", "regulation": "Time limited", "to_time": "9pm", "rpparea1": "J", "analysis_neighborhood": "Haight Ashbury", "days": "M-Su", "from_time": "7am", "exceptions": "Yes. RPP holders are exempt from time limits.", "hours": "700-2100"}}, {"type": "Feature", "geometry": {"type": "MultiLineString", "coordinates": [[[-122.451721385, 37.768335045], [-122.451570331, 37.76759148]]]}, "properties": {"hrlimit": "2", "regulation": "Time limited", "to_time": "5pm", "rpparea1": "J", "analysis_neighborhood": "Haight Ashbury", "days": "M-F", "from_time": "8am", "exceptions": "Yes. RPP holders are exempt from time limits.", "hours": "800-1700"}}, {"type": "Feature", "geometry": {"type": "MultiLineString", "coordinates": [[[-122.450940876, 37.763813812], [-122.449709316, 37.76397089]]]}, "properties": {"hrlimit": "2", "regulation": "Time limited", "to_time": "5pm", "rpparea1": "J", "analysis_neighborhood": "Haight Ashbury", "days": "M-F", "from_time": "8am", "exceptions": "Yes. RPP holders are exempt from time limits.", "hours": "800-1700"}}, {"type": "Feature", "geometry": {"type": "MultiLineString", "coordinates": [[[-122.432224559, 37.76422129], [-122.431765937, 37.764251131]]]}, "properties": {"hrlimit": "2", "regulation": "Time limited", "to_time": "9pm", "rpparea1": "S", "analysis_neighborhood": "Castro/Upper Market", "days": "M-F", "from_time": "8am", "exceptions": "Yes. RPP holders are exempt from time limits.", "hours": "800-2100"}}, {"type": "Feature", "geometry": {"type": "MultiLineString", "coordinates": [[[-122.439316961, 37.759894271], [-122.439380418, 37.76053834]]]}, "properties": {"hrlimit": "2", "regulation": "Time limited", "to_time": "9pm", "rpparea1": "S", "analysis_neighborhood": "Castro/Upper Market", "days": "M-F", "from_time": "8am", "exceptions": "Yes. RPP holders are exempt from time limits.", "hours": "800-2100"}}, {"type": "Feature", "geometry": {"type": "MultiLineString", "coordinates": [[[-122.433094736, 37.765918126], [-122.431253598, 37.766029528]]]}, "properties": {"hrlimit": "2", "regulation": "Time limited", "to_time": "9pm", "rpparea1": "S", "analysis_neighborhood": "Castro/Upper Market", "days": "M-F", "from_time": "8am", "exceptions": "Yes. RPP holders are exempt from time limits.", "hours": "800-2100"}}, {"type": "Feature", "geometry": {"type": "LineString", "coordinates": [[-122.45843116, 37.767162406], [-122.455746264, 37.767967668]]}, "properties": {"hrlimit": "3", "regulation": "Time limited", "to_time": "6pm", "rpparea1": null, "analysis_neighborhood": "Golden Gate Park", "days": "M-F", "from_time": "7am", "exceptions": "None. Regulation applies to all vehicles.", "hours": "700-1800", "nearMeter": false}}, {"type": "Feature", "geometry": {"type": "MultiLineString", "coordinates": [[[-122.431031414, 37.766734772], [-122.430977573, 37.766173364]]]}, "properties": {"hrlimit": "2", "regulation": "Time limited", "to_time": "9pm", "rpparea1": "S", "analysis_neighborhood": "Castro/Upper Market", "days": "M-F", "from_time": "8am", "exceptions": "Yes. RPP holders are exempt from time limits.", "hours": "800-2100"}}, {"type": "Feature", "geometry": {"type": "MultiLineString", "coordinates": [[[-122.430424908, 37.76607966], [-122.42994489, 37.766108697]]]}, "properties": {"hrlimit": "2", "regulation": "Time limited", "to_time": "9pm", "rpparea1": "S", "analysis_neighborhood": "Castro/Upper Market", "days": "M-F", "from_time": "8am", "exceptions": "Yes. RPP holders are exempt from time limits.", "hours": "800-2100"}}, {"type": "Feature", "geometry": {"type": "MultiLineString", "coordinates": [[[-122.43830384, 37.76890576], [-122.438148407, 37.767259814]]]}, "properties": {"hrlimit": "2", "regulation": "Time limited", "to_time": "9pm", "rpparea1": "S", "analysis_neighborhood": "Castro/Upper Market", "days": "M-F", "from_time": "8am", "exceptions": "Yes. RPP holders are exempt from time limits.", "hours": "800-2100"}}, {"type": "Feature", "geometry": {"type": "MultiLineString", "coordinates": [[[-122.451537488, 37.768409241], [-122.450635192, 37.76852409]]]}, "properties": {"hrlimit": "2", "regulation": "Time limited", "to_time": "9pm", "rpparea1": "J", "analysis_neighborhood": "Haight Ashbury", "days": "M-Su", "from_time": "7am", "exceptions": "Yes. RPP holders are exempt from time limits.", "hours": "700-2100"}}, {"type": "Feature", "geometry": {"type": "MultiLineString", "coordinates": [[[-122.438480589, 37.77007755], [-122.437911988, 37.770150428]]]}, "properties": {"hrlimit": "2", "regulation": "Time limited", "to_time": "9pm", "rpparea1": "S", "analysis_neighborhood": "Haight Ashbury", "days": "M-F", "from_time": "8am", "exceptions": "Yes. RPP holders are exempt from time limits.", "hours": "800-2100"}}, {"type": "Feature", "geometry": {"type": "MultiLineString", "coordinates": [[[-122.453037133, 37.775628025], [-122.45292762, 37.775083564]]]}, "properties": {"hrlimit": "2", "regulation": "Time limited", "to_time": "6pm", "rpparea1": "L", "analysis_neighborhood": "Lone Mountain/USF", "days": "M-F", "from_time": "8am", "exceptions": "Yes. RPP holders are exempt from time limits.", "hours": "800-1800"}}, {"type": "Feature", "geometry": {"type": "MultiLineString", "coordinates": [[[-122.455048491, 37.777700878], [-122.454451101, 37.777780164]]]}, "properties": {"hrlimit": "2", "regulation": "Time limited", "to_time": "6pm", "rpparea1": "L", "analysis_neighborhood": "Lone Mountain/USF", "days": "M-F", "from_time": "8am", "exceptions": "Yes. RPP holders are exempt from time limits.", "hours": "800-1800"}}, {"type": "Feature", "geometry": {"type": "MultiLineString", "coordinates": [[[-122.455928606, 37.77758761], [-122.455360104, 37.777662505]]]}, "properties": {"hrlimit": "2", "regulation": "Time limited", "to_time": "6pm", "rpparea1": "L", "analysis_neighborhood": "Lone Mountain/USF", "days": "M-F", "from_time": "8am", "exceptions": "Yes. RPP holders are exempt from time limits.", "hours": "800-1800"}}, {"type": "Feature", "geometry": {"type": "MultiLineString", "coordinates": [[[-122.451135542, 37.781797007], [-122.45091909, 37.780733576]]]}, "properties": {"hrlimit": "2", "regulation": "Time limited", "to_time": "6pm", "rpparea1": "L", "analysis_neighborhood": "Lone Mountain/USF", "days": "M-F", "from_time": "8am", "exceptions": "Yes. RPP holders are exempt from time limits.", "hours": "800-1800"}}, {"type": "Feature", "geometry": {"type": "MultiLineString", "coordinates": [[[-122.44785791, 37.782206737], [-122.447668562, 37.781144537]]]}, "properties": {"hrlimit": "2", "regulation": "Time limited", "to_time": "6pm", "rpparea1": "L", "analysis_neighborhood": "Lone Mountain/USF", "days": "M-F", "from_time": "8am", "exceptions": "Yes. RPP holders are exempt from time limits.", "hours": "800-1800"}}, {"type": "Feature", "geometry": {"type": "MultiLineString", "coordinates": [[[-122.44101612, 37.782137013], [-122.440867471, 37.781397333]]]}, "properties": {"hrlimit": "2", "regulation": "Time limited", "to_time": "6pm", "rpparea1": "P", "analysis_neighborhood": "Western Addition", "days": "M-F", "from_time": "8am", "exceptions": "Yes. RPP holders are exempt from time limits.", "hours": "800-1800"}}, {"type": "Feature", "geometry": {"type": "MultiLineString", "coordinates": [[[-122.44126136, 37.781163738], [-122.441108826, 37.78040668]]]}, "properties": {"hrlimit": "2", "regulation": "Time limited", "to_time": "6pm", "rpparea1": "P", "analysis_neighborhood": "Western Addition", "days": "M-F", "from_time": "8am", "exceptions": "Yes. RPP holders are exempt from time limits.", "hours": "800-1800"}}, {"type": "Feature", "geometry": {"type": "MultiLineString", "coordinates": [[[-122.435317432, 37.78014513], [-122.433911746, 37.780324327]]]}, "properties": {"hrlimit": "2", "regulation": "Time limited", "to_time": "6pm", "rpparea1": "P", "analysis_neighborhood": "Western Addition", "days": "M-F", "from_time": "8am", "exceptions": "Yes. RPP holders are exempt from time limits.", "hours": "800-1800"}}, {"type": "Feature", "geometry": {"type": "MultiLineString", "coordinates": [[[-122.444275241, 37.774116637], [-122.443109267, 37.774264871]]]}, "properties": {"hrlimit": "4", "regulation": "Time limited", "to_time": "6pm", "rpparea1": "Q", "analysis_neighborhood": "Lone Mountain/USF", "days": "M-F", "from_time": "8am", "exceptions": "Yes. RPP holders are exempt from time limits.", "hours": "800-1800"}}, {"type": "Feature", "geometry": {"type": "MultiLineString", "coordinates": [[[-122.441186338, 37.775427479], [-122.441035991, 37.774684475]]]}, "properties": {"hrlimit": "2", "regulation": "Time limited", "to_time": "6pm", "rpparea1": "Q", "analysis_neighborhood": "Hayes Valley", "days": "M-F", "from_time": "8am", "exceptions": "Yes. RPP holders are exempt from time limits.", "hours": "800-1800"}}, {"type": "Feature", "geometry": {"type": "MultiLineString", "coordinates": [[[-122.447516431, 37.760986894], [-122.44663625, 37.761040997]]]}, "properties": {"hrlimit": "2", "regulation": "Time limited", "to_time": "6pm", "rpparea1": "J", "analysis_neighborhood": "Inner Sunset", "days": "M-F", "from_time": "8am", "exceptions": "Yes. RPP holders are exempt from time limits.", "hours": "800-1800"}}, {"type": "Feature", "geometry": {"type": "MultiLineString", "coordinates": [[[-122.441707935, 37.778392387], [-122.440351813, 37.778564756]]]}, "properties": {"hrlimit": "2", "regulation": "Time limited", "to_time": "6pm", "rpparea1": "P", "analysis_neighborhood": "Western Addition", "days": "M-F", "from_time": "8am", "exceptions": "Yes. RPP holders are exempt from time limits.", "hours": "800-1800"}}, {"type": "Feature", "geometry": {"type": "MultiLineString", "coordinates": [[[-122.44282579, 37.7752568], [-122.441456889, 37.775430813]]]}, "properties": {"hrlimit": "2", "regulation": "Time limited", "to_time": "6pm", "rpparea1": "Q", "analysis_neighborhood": "Lone Mountain/USF", "days": "M-F", "from_time": "8am", "exceptions": "Yes. RPP holders are exempt from time limits.", "hours": "800-1800"}}, {"type": "Feature", "geometry": {"type": "MultiLineString", "coordinates": [[[-122.447976063, 37.775489072], [-122.44782813, 37.774767258]]]}, "properties": {"hrlimit": "2", "regulation": "Time limited", "to_time": "6pm", "rpparea1": "L", "analysis_neighborhood": "Lone Mountain/USF", "days": "M-F", "from_time": "8am", "exceptions": "Yes. RPP holders are exempt from time limits.", "hours": "800-1800"}}, {"type": "Feature", "geometry": {"type": "MultiLineString", "coordinates": [[[-122.449358133, 37.768795846], [-122.448528154, 37.768900813]]]}, "properties": {"hrlimit": "2", "regulation": "Time limited", "to_time": "5pm", "rpparea1": "J", "analysis_neighborhood": "Haight Ashbury", "days": "M-F", "from_time": "8am", "exceptions": "Yes. RPP holders are exempt from time limits.", "hours": "800-1700"}}, {"type": "Feature", "geometry": {"type": "MultiLineString", "coordinates": [[[-122.44787069, 37.765968526], [-122.447722687, 37.765194182]]]}, "properties": {"hrlimit": "2", "regulation": "Time limited", "to_time": "7pm", "rpparea1": "J", "analysis_neighborhood": "Haight Ashbury", "days": "M-F", "from_time": "7am", "exceptions": "Yes. RPP holders are exempt from time limits.", "hours": "700-1900"}}, {"type": "Feature", "geometry": {"type": "MultiLineString", "coordinates": [[[-122.430354805, 37.759678891], [-122.430410881, 37.7602637]]]}, "properties": {"hrlimit": "2", "regulation": "Time limited", "to_time": "9pm", "rpparea1": "S", "analysis_neighborhood": "Castro/Upper Market", "days": "M-F", "from_time": "8am", "exceptions": "Yes. RPP holders are exempt from time limits.", "hours": "800-2100"}}, {"type": "Feature", "geometry": {"type": "MultiLineString", "coordinates": [[[-122.452313373, 37.763580554], [-122.452178317, 37.762914134]]]}, "properties": {"hrlimit": "2", "regulation": "Time limited", "to_time": "5pm", "rpparea1": "J", "analysis_neighborhood": "Haight Ashbury", "days": "M-F", "from_time": "8am", "exceptions": "Yes. RPP holders are exempt from time limits.", "hours": "800-1700"}}, {"type": "Feature", "geometry": {"type": "MultiLineString", "coordinates": [[[-122.444478517, 37.775154462], [-122.443072518, 37.775333212]]]}, "properties": {"hrlimit": "2", "regulation": "Time limited", "to_time": "6pm", "rpparea1": "Q", "analysis_neighborhood": "Lone Mountain/USF", "days": "M-F", "from_time": "8am", "exceptions": "Yes. RPP holders are exempt from time limits.", "hours": "800-1800"}}, {"type": "Feature", "geometry": {"type": "MultiLineString", "coordinates": [[[-122.44467847, 37.775174173], [-122.444827292, 37.775909306], [-122.44483238, 37.775917297]]]}, "properties": {"hrlimit": "2", "regulation": "Time limited", "to_time": "6pm", "rpparea1": "P", "analysis_neighborhood": "Lone Mountain/USF", "days": "M-F", "from_time": "8am", "exceptions": "Yes. RPP holders are exempt from time limits.", "hours": "800-1800"}}, {"type": "Feature", "geometry": {"type": "MultiLineString", "coordinates": [[[-122.442417511, 37.765367866], [-122.441344886, 37.765336862]]]}, "properties": {"hrlimit": "2", "regulation": "Time limited", "to_time": "9pm", "rpparea1": "S", "analysis_neighborhood": "Castro/Upper Market", "days": "M-F", "from_time": "8am", "exceptions": "Yes. RPP holders are exempt from time limits.", "hours": "800-2100"}}, {"type": "Feature", "geometry": {"type": "MultiLineString", "coordinates": [[[-122.454458163, 37.766122045], [-122.453096209, 37.766295788]]]}, "properties": {"hrlimit": "2", "regulation": "Time limited", "to_time": "5pm", "rpparea1": "J", "analysis_neighborhood": "Inner Sunset", "days": "M-F", "from_time": "8am", "exceptions": "Yes. RPP holders are exempt from time limits.", "hours": "800-1700"}}, {"type": "Feature", "geometry": {"type": "MultiLineString", "coordinates": [[[-122.451448782, 37.778160937], [-122.450884751, 37.778233109]]]}, "properties": {"hrlimit": "4", "regulation": "Time limited", "to_time": "6pm", "rpparea1": "L", "analysis_neighborhood": "Lone Mountain/USF", "days": "M-F", "from_time": "8am", "exceptions": "Yes. RPP holders are exempt from time limits.", "hours": "800-1800"}}, {"type": "Feature", "geometry": {"type": "MultiLineString", "coordinates": [[[-122.454745853, 37.774857577], [-122.454749313, 37.774959606], [-122.454879534, 37.775588857], [-122.454890778, 37.775606082], [-122.454909507, 37.77561692]]]}, "properties": {"hrlimit": "2", "regulation": "Time limited", "to_time": "6pm", "rpparea1": "L", "analysis_neighborhood": "Lone Mountain/USF", "days": "M-F", "from_time": "8am", "exceptions": "Yes. RPP holders are exempt from time limits.", "hours": "800-1800"}}, {"type": "Feature", "geometry": {"type": "MultiLineString", "coordinates": [[[-122.449797638, 37.778124363], [-122.44965867, 37.777445811]]]}, "properties": {"hrlimit": "2", "regulation": "Time limited", "to_time": "8pm", "rpparea1": "BB", "analysis_neighborhood": "Lone Mountain/USF", "days": "M-F", "from_time": "8am", "exceptions": "Yes. RPP holders are exempt from time limits.", "hours": "800-2000"}}, {"type": "Feature", "geometry": {"type": "MultiLineString", "coordinates": [[[-122.453990706, 37.781097765], [-122.45380394, 37.780360769]]]}, "properties": {"hrlimit": "2", "regulation": "Time limited", "to_time": "6pm", "rpparea1": "L", "analysis_neighborhood": "Lone Mountain/USF", "days": "M-F", "from_time": "8am", "exceptions": "Yes. RPP holders are exempt from time limits.", "hours": "800-1800"}}, {"type": "Feature", "geometry": {"type": "MultiLineString", "coordinates": [[[-122.438620706, 37.770955531], [-122.438471141, 37.770220239]]]}, "properties": {"hrlimit": "2", "regulation": "Time limited", "to_time": "9pm", "rpparea1": "S", "analysis_neighborhood": "Haight Ashbury", "days": "M-F", "from_time": "8am", "exceptions": "Yes. RPP holders are exempt from time limits.", "hours": "800-2100"}}, {"type": "Feature", "geometry": {"type": "MultiLineString", "coordinates": [[[-122.434020897, 37.773463533], [-122.433874978, 37.772726207]]]}, "properties": {"hrlimit": "2", "regulation": "Time limited", "to_time": "8pm", "rpparea1": "Q", "analysis_neighborhood": "Haight Ashbury", "days": "M-F", "from_time": "9am", "exceptions": "Yes. RPP holders are exempt from time limits.", "hours": "900-2000"}}, {"type": "Feature", "geometry": {"type": "MultiLineString", "coordinates": [[[-122.440881956, 37.782154851], [-122.440734941, 37.781413506]]]}, "properties": {"hrlimit": "2", "regulation": "Time limited", "to_time": "6pm", "rpparea1": "P", "analysis_neighborhood": "Western Addition", "days": "M-F", "from_time": "8am", "exceptions": "Yes. RPP holders are exempt from time limits.", "hours": "800-1800"}}, {"type": "Feature", "geometry": {"type": "MultiLineString", "coordinates": [[[-122.449484025, 37.763114426], [-122.449375055, 37.762568648]]]}, "properties": {"hrlimit": "2", "regulation": "Time limited", "to_time": "5pm", "rpparea1": "J", "analysis_neighborhood": "Haight Ashbury", "days": "M-F", "from_time": "8am", "exceptions": "Yes. RPP holders are exempt from time limits.", "hours": "800-1700"}}, {"type": "Feature", "geometry": {"type": "MultiLineString", "coordinates": [[[-122.44832873, 37.764996278], [-122.447710888, 37.765071059]]]}, "properties": {"hrlimit": "2", "regulation": "Time limited", "to_time": "7pm", "rpparea1": "J", "analysis_neighborhood": "Haight Ashbury", "days": "M-F", "from_time": "7am", "exceptions": "Yes. RPP holders are exempt from time limits.", "hours": "700-1900"}}, {"type": "Feature", "geometry": {"type": "MultiLineString", "coordinates": [[[-122.432931425, 37.77662519], [-122.431527631, 37.776803611]]]}, "properties": {"hrlimit": "2", "regulation": "Time limited", "to_time": "8pm", "rpparea1": "Q", "analysis_neighborhood": "Hayes Valley", "days": "M-F", "from_time": "9am", "exceptions": "Yes. RPP holders are exempt from time limits.", "hours": "900-2000"}}, {"type": "Feature", "geometry": {"type": "MultiLineString", "coordinates": [[[-122.435106031, 37.779094228], [-122.433701546, 37.779273274]]]}, "properties": {"hrlimit": "4", "regulation": "Time limited", "to_time": "8pm", "rpparea1": "Q", "analysis_neighborhood": "Western Addition", "days": "M-F", "from_time": "9am", "exceptions": "Yes. RPP holders are exempt from time limits.", "hours": "900-2000"}}, {"type": "Feature", "geometry": {"type": "MultiLineString", "coordinates": [[[-122.435469442, 37.772326625], [-122.43532319, 37.771602512]]]}, "properties": {"hrlimit": "2", "regulation": "Time limited", "to_time": "8pm", "rpparea1": "Q", "analysis_neighborhood": "Haight Ashbury", "days": "M-F", "from_time": "9am", "exceptions": "Yes. RPP holders are exempt from time limits.", "hours": "900-2000"}}, {"type": "Feature", "geometry": {"type": "MultiLineString", "coordinates": [[[-122.454130953, 37.772553852], [-122.454034207, 37.772076283]]]}, "properties": {"hrlimit": "2", "regulation": "Time limited", "to_time": "6pm", "rpparea1": "L", "analysis_neighborhood": "Lone Mountain/USF", "days": "M-F", "from_time": "8am", "exceptions": "Yes. RPP holders are exempt from time limits.", "hours": "800-1800"}}, {"type": "Feature", "geometry": {"type": "MultiLineString", "coordinates": [[[-122.45869234, 37.764450869], [-122.45783762, 37.764497085]]]}, "properties": {"hrlimit": "2", "regulation": "Time limited", "to_time": "6pm", "rpparea1": "J", "analysis_neighborhood": "Inner Sunset", "days": "M-F", "from_time": "8am", "exceptions": "Yes. RPP holders are exempt from time limits.", "hours": "800-1800"}}, {"type": "Feature", "geometry": {"type": "MultiLineString", "coordinates": [[[-122.435262719, 37.764975775], [-122.433308795, 37.765094038]]]}, "properties": {"hrlimit": "2", "regulation": "Time limited", "to_time": "9pm", "rpparea1": "S", "analysis_neighborhood": "Castro/Upper Market", "days": "M-F", "from_time": "8am", "exceptions": "Yes. RPP holders are exempt from time limits.", "hours": "800-2100"}}, {"type": "Feature", "geometry": {"type": "MultiLineString", "coordinates": [[[-122.450190109, 37.766612959], [-122.450103102, 37.766181872]]]}, "properties": {"hrlimit": "2", "regulation": "Time limited", "to_time": "5pm", "rpparea1": "J", "analysis_neighborhood": "Haight Ashbury", "days": "M-F", "from_time": "8am", "exceptions": "Yes. RPP holders are exempt from time limits.", "hours": "800-1700"}}, {"type": "Feature", "geometry": {"type": "MultiLineString", "coordinates": [[[-122.449648207, 37.763927951], [-122.449515959, 37.763237187]]]}, "properties": {"hrlimit": "2", "regulation": "Time limited", "to_time": "5pm", "rpparea1": "J", "analysis_neighborhood": "Haight Ashbury", "days": "M-F", "from_time": "8am", "exceptions": "Yes. RPP holders are exempt from time limits.", "hours": "800-1700"}}, {"type": "Feature", "geometry": {"type": "MultiLineString", "coordinates": [[[-122.439426479, 37.766510336], [-122.438568338, 37.766260532]]]}, "properties": {"hrlimit": "2", "regulation": "Time limited", "to_time": "9pm", "rpparea1": "S", "analysis_neighborhood": "Castro/Upper Market", "days": "M-F", "from_time": "8am", "exceptions": "Yes. RPP holders are exempt from time limits.", "hours": "800-2100"}}, {"type": "Feature", "geometry": {"type": "MultiLineString", "coordinates": [[[-122.430139643, 37.761236848], [-122.42849814, 37.761336137]]]}, "properties": {"hrlimit": "2", "regulation": "Time limited", "to_time": "9pm", "rpparea1": "S", "analysis_neighborhood": "Castro/Upper Market", "days": "M-F", "from_time": "8am", "exceptions": "Yes. RPP holders are exempt from time limits.", "hours": "800-2100"}}, {"type": "Feature", "geometry": {"type": "MultiLineString", "coordinates": [[[-122.437685022, 37.770179519], [-122.437040601, 37.770262108], [-122.436992175, 37.770261449]]]}, "properties": {"hrlimit": "2", "regulation": "Time limited", "to_time": "9pm", "rpparea1": "S", "analysis_neighborhood": "Haight Ashbury", "days": "M-F", "from_time": "8am", "exceptions": "Yes. RPP holders are exempt from time limits.", "hours": "800-2100"}}, {"type": "Feature", "geometry": {"type": "MultiLineString", "coordinates": [[[-122.430719284, 37.774050057], [-122.429321102, 37.774227695]]]}, "properties": {"hrlimit": "2", "regulation": "Time limited", "to_time": "8pm", "rpparea1": "Q", "analysis_neighborhood": "Hayes Valley", "days": "M-F", "from_time": "9am", "exceptions": "Yes. RPP holders are exempt from time limits.", "hours": "0900-2000"}}, {"type": "Feature", "geometry": {"type": "MultiLineString", "coordinates": [[[-122.456750422, 37.777482415], [-122.456189072, 37.777554304]]]}, "properties": {"hrlimit": "2", "regulation": "Time limited", "to_time": "6pm", "rpparea1": "L", "analysis_neighborhood": "Lone Mountain/USF", "days": "M-F", "from_time": "8am", "exceptions": "Yes. RPP holders are exempt from time limits.", "hours": "800-1800"}}, {"type": "Feature", "geometry": {"type": "MultiLineString", "coordinates": [[[-122.45826124, 37.775315163], [-122.456598291, 37.775521553]]]}, "properties": {"hrlimit": "2", "regulation": "Time limited", "to_time": "6pm", "rpparea1": "L", "analysis_neighborhood": "Lone Mountain/USF", "days": "M-F", "from_time": "8am", "exceptions": "Yes. RPP holders are exempt from time limits.", "hours": "800-1800"}}, {"type": "Feature", "geometry": {"type": "MultiLineString", "coordinates": [[[-122.452123403, 37.777076338], [-122.451456649, 37.777163998]]]}, "properties": {"hrlimit": "2", "regulation": "Time limited", "to_time": "8pm", "rpparea1": "BB", "analysis_neighborhood": "Lone Mountain/USF", "days": "M-F", "from_time": "8am", "exceptions": "Yes. RPP holders are exempt from time limits.", "hours": "800-2000"}}, {"type": "Feature", "geometry": {"type": "MultiLineString", "coordinates": [[[-122.456377047, 37.779623888], [-122.456309213, 37.779676283], [-122.456105823, 37.779751353], [-122.455971397, 37.779787269]]]}, "properties": {"hrlimit": "2", "regulation": "Time limited", "to_time": "6pm", "rpparea1": "L", "analysis_neighborhood": "Lone Mountain/USF", "days": "M-F", "from_time": "8am", "exceptions": "Yes. RPP holders are exempt from time limits.", "hours": "800-1800"}}, {"type": "Feature", "geometry": {"type": "MultiLineString", "coordinates": [[[-122.44435817, 37.78282882], [-122.442952538, 37.783008062]]]}, "properties": {"hrlimit": "2", "regulation": "Time limited", "to_time": "6pm", "rpparea1": "G", "analysis_neighborhood": "Presidio Heights", "days": "M-F", "from_time": "8am", "exceptions": "Yes. RPP holders are exempt from time limits.", "hours": "800-1800"}}, {"type": "Feature", "geometry": {"type": "MultiLineString", "coordinates": [[[-122.429048785, 37.774267112], [-122.427661265, 37.774444092]]]}, "properties": {"hrlimit": "2", "regulation": "Time limited", "to_time": "9pm", "rpparea1": "HV", "analysis_neighborhood": "Hayes Valley", "days": "M-Sa", "from_time": "8am", "exceptions": "Yes. RPP holders are exempt from time limits.", "hours": "900-2100"}}, {"type": "Feature", "geometry": {"type": "MultiLineString", "coordinates": [[[-122.438261221, 37.781566842], [-122.437549741, 37.781657757]]]}, "properties": {"hrlimit": "2", "regulation": "Time limited", "to_time": "6pm", "rpparea1": "P", "analysis_neighborhood": "Western Addition", "days": "M-F", "from_time": "8am", "exceptions": "Yes. RPP holders are exempt from time limits.", "hours": "800-1800"}}, {"type": "Feature", "geometry": {"type": "MultiLineString", "coordinates": [[[-122.452268135, 37.773097809], [-122.451083034, 37.773248559]]]}, "properties": {"hrlimit": "2", "regulation": "Time limited", "to_time": "6pm", "rpparea1": "L", "analysis_neighborhood": "Lone Mountain/USF", "days": "M-F", "from_time": "8am", "exceptions": "Yes. RPP holders are exempt from time limits.", "hours": "800-1800"}}, {"type": "Feature", "geometry": {"type": "MultiLineString", "coordinates": [[[-122.449031644, 37.772663882], [-122.447613552, 37.772845789]]]}, "properties": {"hrlimit": "2", "regulation": "Time limited", "to_time": "6pm", "rpparea1": "L", "analysis_neighborhood": "Lone Mountain/USF", "days": "M-F", "from_time": "8am", "exceptions": "Yes. RPP holders are exempt from time limits.", "hours": "800-1800"}}, {"type": "Feature", "geometry": {"type": "MultiLineString", "coordinates": [[[-122.432340173, 37.773708624], [-122.430947482, 37.773886075]]]}, "properties": {"hrlimit": "2", "regulation": "Time limited", "to_time": "8pm", "rpparea1": "Q", "analysis_neighborhood": "Hayes Valley", "days": "M-F", "from_time": "9am", "exceptions": "Yes. RPP holders are exempt from time limits.", "hours": "900-2000"}}, {"type": "Feature", "geometry": {"type": "MultiLineString", "coordinates": [[[-122.452636742, 37.765512218], [-122.450090765, 37.765836955], [-122.450101535, 37.765835582]]]}, "properties": {"hrlimit": "2", "regulation": "Time limited", "to_time": "5pm", "rpparea1": "J", "analysis_neighborhood": "Haight Ashbury", "days": "M-F", "from_time": "8am", "exceptions": "Yes. RPP holders are exempt from time limits.", "hours": "800-1700"}}, {"type": "Feature", "geometry": {"type": "MultiLineString", "coordinates": [[[-122.458908693, 37.783135838], [-122.458949959, 37.783714663]]]}, "properties": {"hrlimit": "2", "regulation": "Time limited", "to_time": "4pm", "rpparea1": "F", "analysis_neighborhood": "Presidio Heights", "days": "M-F", "from_time": "9am", "exceptions": "Yes. RPP holders are exempt from time limits.", "hours": "900-1600"}}, {"type": "Feature", "geometry": {"type": "MultiLineString", "coordinates": [[[-122.450107036, 37.781917055], [-122.449891517, 37.78085814]]]}, "properties": {"hrlimit": "2", "regulation": "Time limited", "to_time": "6pm", "rpparea1": "L", "analysis_neighborhood": "Lone Mountain/USF", "days": "M-F", "from_time": "8am", "exceptions": "Yes. RPP holders are exempt from time limits.", "hours": "800-1800"}}, {"type": "Feature", "geometry": {"type": "LineString", "coordinates": [[-122.448979192, 37.771752716], [-122.447332491, 37.771958062]]}, "properties": {"hrlimit": "0", "regulation": "No oversized vehicles", "to_time": "6am", "rpparea1": null, "analysis_neighborhood": "Golden Gate Park", "days": "M-Su", "from_time": "12am", "exceptions": "Yes. Typical passenger vehicles are exempt.", "hours": "2400-600", "nearMeter": false}}, {"type": "Feature", "geometry": {"type": "MultiLineString", "coordinates": [[[-122.43920192, 37.781416994], [-122.43905164, 37.780666871]]]}, "properties": {"hrlimit": "2", "regulation": "Time limited", "to_time": "6pm", "rpparea1": "P", "analysis_neighborhood": "Western Addition", "days": "M-F", "from_time": "8am", "exceptions": "Yes. RPP holders are exempt from time limits.", "hours": "800-1800"}}, {"type": "Feature", "geometry": {"type": "MultiLineString", "coordinates": [[[-122.452147254, 37.762760325], [-122.452040549, 37.762237266]]]}, "properties": {"hrlimit": "2", "regulation": "Time limited", "to_time": "5pm", "rpparea1": "J", "analysis_neighborhood": "Haight Ashbury", "days": "M-F", "from_time": "8am", "exceptions": "Yes. RPP holders are exempt from time limits.", "hours": "800-1700"}}, {"type": "Feature", "geometry": {"type": "MultiLineString", "coordinates": [[[-122.439245327, 37.766533658], [-122.438619202, 37.766352957]]]}, "properties": {"hrlimit": "2", "regulation": "Time limited", "to_time": "9pm", "rpparea1": "S", "analysis_neighborhood": "Castro/Upper Market", "days": "M-F", "from_time": "8am", "exceptions": "Yes. RPP holders are exempt from time limits.", "hours": "800-2100"}}, {"type": "Feature", "geometry": {"type": "MultiLineString", "coordinates": [[[-122.449346075, 37.765824143], [-122.44791694, 37.766006281]]]}, "properties": {"hrlimit": "2", "regulation": "Time limited", "to_time": "7pm", "rpparea1": "J", "analysis_neighborhood": "Haight Ashbury", "days": "M-F", "from_time": "7am", "exceptions": "Yes. RPP holders are exempt from time limits.", "hours": "700-1900"}}, {"type": "Feature", "geometry": {"type": "MultiLineString", "coordinates": [[[-122.439993857, 37.760944535], [-122.439968308, 37.760681991], [-122.439962469, 37.760662086]]]}, "properties": {"hrlimit": "2", "regulation": "Time limited", "to_time": "9pm", "rpparea1": "S", "analysis_neighborhood": "Castro/Upper Market", "days": "M-F", "from_time": "8am", "exceptions": "Yes. RPP holders are exempt from time limits.", "hours": "800-2100"}}, {"type": "Feature", "geometry": {"type": "MultiLineString", "coordinates": [[[-122.433838081, 37.760870691], [-122.433701467, 37.75944648]]]}, "properties": {"hrlimit": "2", "regulation": "Time limited", "to_time": "9pm", "rpparea1": "S", "analysis_neighborhood": "Castro/Upper Market", "days": "M-F", "from_time": "8am", "exceptions": "Yes. RPP holders are exempt from time limits.", "hours": "800-2100"}}, {"type": "Feature", "geometry": {"type": "MultiLineString", "coordinates": [[[-122.446909241, 37.762705111], [-122.446749732, 37.761871773]]]}, "properties": {"hrlimit": "2", "regulation": "Time limited", "to_time": "7pm", "rpparea1": "J", "analysis_neighborhood": "Haight Ashbury", "days": "M-F", "from_time": "7am", "exceptions": "Yes. RPP holders are exempt from time limits.", "hours": "700-1900"}}, {"type": "Feature", "geometry": {"type": "MultiLineString", "coordinates": [[[-122.442329374, 37.771611262], [-122.443728821, 37.771433135]]]}, "properties": {"hrlimit": "2", "regulation": "Time limited", "to_time": "6pm", "rpparea1": "Q", "analysis_neighborhood": "Haight Ashbury", "days": "M-F", "from_time": "8am", "exceptions": "Yes. RPP holders are exempt from time limits.", "hours": "800-1800"}}, {"type": "Feature", "geometry": {"type": "MultiLineString", "coordinates": [[[-122.448147989, 37.763291784], [-122.448040043, 37.76274853]]]}, "properties": {"hrlimit": "2", "regulation": "Time limited", "to_time": "7pm", "rpparea1": "J", "analysis_neighborhood": "Haight Ashbury", "days": "M-F", "from_time": "7am", "exceptions": "Yes. RPP holders are exempt from time limits.", "hours": "700-1900"}}, {"type": "Feature", "geometry": {"type": "MultiLineString", "coordinates": [[[-122.452994286, 37.766272085], [-122.452847591, 37.765496782]]]}, "properties": {"hrlimit": "2", "regulation": "Time limited", "to_time": "5pm", "rpparea1": "J", "analysis_neighborhood": "Inner Sunset", "days": "M-F", "from_time": "8am", "exceptions": "Yes. RPP holders are exempt from time limits.", "hours": "800-1700"}}, {"type": "Feature", "geometry": {"type": "MultiLineString", "coordinates": [[[-122.448266658, 37.776410295], [-122.448119876, 37.775693505]]]}, "properties": {"hrlimit": "2", "regulation": "Time limited", "to_time": "6pm", "rpparea1": "L", "analysis_neighborhood": "Lone Mountain/USF", "days": "M-F", "from_time": "8am", "exceptions": "Yes. RPP holders are exempt from time limits.", "hours": "800-1800"}}, {"type": "Feature", "geometry": {"type": "MultiLineString", "coordinates": [[[-122.443230251, 37.784726474], [-122.443081145, 37.783989479]]]}, "properties": {"hrlimit": "2", "regulation": "Time limited", "to_time": "6pm", "rpparea1": "G", "analysis_neighborhood": "Presidio Heights", "days": "M-F", "from_time": "8am", "exceptions": "Yes. RPP holders are exempt from time limits.", "hours": "800-1800"}}, {"type": "Feature", "geometry": {"type": "MultiLineString", "coordinates": [[[-122.43603226, 37.77527392], [-122.434492986, 37.77546947]]]}, "properties": {"hrlimit": "2", "regulation": "Time limited", "to_time": "8pm", "rpparea1": "Q", "analysis_neighborhood": "Hayes Valley", "days": "M-F", "from_time": "9am", "exceptions": "Yes. RPP holders are exempt from time limits.", "hours": "900-2000"}}, {"type": "Feature", "geometry": {"type": "LineString", "coordinates": [[-122.440802575, 37.77353093], [-122.440667422, 37.772862972]]}, "properties": {"hrlimit": "2", "regulation": "Time limited", "to_time": "6pm", "rpparea1": null, "analysis_neighborhood": "Hayes Valley", "days": "M-F", "from_time": "8am", "exceptions": "None. Regulation applies to all vehicles.", "hours": "800-1800", "nearMeter": false}}, {"type": "Feature", "geometry": {"type": "MultiLineString", "coordinates": [[[-122.459806938, 37.765304464], [-122.458975323, 37.765348654]]]}, "properties": {"hrlimit": "2", "regulation": "Time limited", "to_time": "6pm", "rpparea1": "J", "analysis_neighborhood": "Inner Sunset", "days": "M-F", "from_time": "8am", "exceptions": "Yes. RPP holders are exempt from time limits.", "hours": "800-1800"}}, {"type": "Feature", "geometry": {"type": "MultiLineString", "coordinates": [[[-122.433484345, 37.769066359], [-122.433336556, 37.767555737]]]}, "properties": {"hrlimit": "2", "regulation": "Time limited", "to_time": "9pm", "rpparea1": "S", "analysis_neighborhood": "Castro/Upper Market", "days": "M-F", "from_time": "8am", "exceptions": "Yes. RPP holders are exempt from time limits.", "hours": "800-2100"}}, {"type": "Feature", "geometry": {"type": "MultiLineString", "coordinates": [[[-122.442986333, 37.781512573], [-122.443666257, 37.781453193], [-122.443850876, 37.781420311]]]}, "properties": {"hrlimit": "2", "regulation": "Time limited", "to_time": "6pm", "rpparea1": "P", "analysis_neighborhood": "Lone Mountain/USF", "days": "M-F", "from_time": "8am", "exceptions": "Yes. RPP holders are exempt from time limits.", "hours": "800-1800"}}, {"type": "Feature", "geometry": {"type": "MultiLineString", "coordinates": [[[-122.430688639, 37.773917099], [-122.429305712, 37.774093566]]]}, "properties": {"hrlimit": "2", "regulation": "Time limited", "to_time": "8pm", "rpparea1": "Q", "analysis_neighborhood": "Hayes Valley", "days": "M-F", "from_time": "9am", "exceptions": "Yes. RPP holders are exempt from time limits.", "hours": "0900-2000"}}, {"type": "Feature", "geometry": {"type": "MultiLineString", "coordinates": [[[-122.431262992, 37.77683734], [-122.429890427, 37.77701227]]]}, "properties": {"hrlimit": "2", "regulation": "Time limited", "to_time": "8pm", "rpparea1": "Q", "analysis_neighborhood": "Hayes Valley", "days": "M-F", "from_time": "9am", "exceptions": "Yes. RPP holders are exempt from time limits.", "hours": "0900-2000"}}, {"type": "Feature", "geometry": {"type": "MultiLineString", "coordinates": [[[-122.438767577, 37.771953331], [-122.437366765, 37.772132821]]]}, "properties": {"hrlimit": "2", "regulation": "Time limited", "to_time": "8pm", "rpparea1": "Q", "analysis_neighborhood": "Haight Ashbury", "days": "M-F", "from_time": "9am", "exceptions": "Yes. RPP holders are exempt from time limits.", "hours": "900-2000"}}, {"type": "Feature", "geometry": {"type": "MultiLineString", "coordinates": [[[-122.433110517, 37.777571909], [-122.43171077, 37.777750522]]]}, "properties": {"hrlimit": "2", "regulation": "Time limited", "to_time": "8pm", "rpparea1": "Q", "analysis_neighborhood": "Western Addition", "days": "M-F", "from_time": "9am", "exceptions": "Yes. RPP holders are exempt from time limits.", "hours": "900-2000"}}, {"type": "Feature", "geometry": {"type": "MultiLineString", "coordinates": [[[-122.429968292, 37.765959953], [-122.429832785, 37.764546697]]]}, "properties": {"hrlimit": "2", "regulation": "Time limited", "to_time": "9pm", "rpparea1": "S", "analysis_neighborhood": "Castro/Upper Market", "days": "M-F", "from_time": "8am", "exceptions": "Yes. RPP holders are exempt from time limits.", "hours": "800-2100"}}, {"type": "Feature", "geometry": {"type": "MultiLineString", "coordinates": [[[-122.449054287, 37.776226962], [-122.448931251, 37.775564113]]]}, "properties": {"hrlimit": "2", "regulation": "Time limited", "to_time": "6pm", "rpparea1": "L", "analysis_neighborhood": "Lone Mountain/USF", "days": "M-F", "from_time": "8am", "exceptions": "Yes. RPP holders are exempt from time limits.", "hours": "800-1800"}}, {"type": "Feature", "geometry": {"type": "MultiLineString", "coordinates": [[[-122.450567971, 37.778042253], [-122.450423679, 37.777337736]]]}, "properties": {"hrlimit": "2", "regulation": "Time limited", "to_time": "8pm", "rpparea1": "BB", "analysis_neighborhood": "Lone Mountain/USF", "days": "M-F", "from_time": "8am", "exceptions": "Yes. RPP holders are exempt from time limits.", "hours": "800-2000"}}, {"type": "Feature", "geometry": {"type": "MultiLineString", "coordinates": [[[-122.458572073, 37.77573585], [-122.458673321, 37.777133203]]]}, "properties": {"hrlimit": "2", "regulation": "Time limited", "to_time": "6pm", "rpparea1": "L", "analysis_neighborhood": "Inner Richmond", "days": "M-F", "from_time": "8am", "exceptions": "Yes. RPP holders are exempt from time limits.", "hours": "800-1800"}}, {"type": "Feature", "geometry": {"type": "MultiLineString", "coordinates": [[[-122.445200751, 37.777772541], [-122.445053664, 37.777040795]]]}, "properties": {"hrlimit": "2", "regulation": "Time limited", "to_time": "6pm", "rpparea1": "P", "analysis_neighborhood": "Lone Mountain/USF", "days": "M-F", "from_time": "8am", "exceptions": "Yes. RPP holders are exempt from time limits.", "hours": "800-1800"}}, {"type": "Feature", "geometry": {"type": "MultiLineString", "coordinates": [[[-122.443446952, 37.779532517], [-122.442595018, 37.779639808]]]}, "properties": {"hrlimit": "2", "regulation": "Time limited", "to_time": "6pm", "rpparea1": "P", "analysis_neighborhood": "Lone Mountain/USF", "days": "M-F", "from_time": "8am", "exceptions": "Yes. RPP holders are exempt from time limits.", "hours": "800-1800"}}, {"type": "Feature", "geometry": {"type": "MultiLineString", "coordinates": [[[-122.446226083, 37.779935922], [-122.446234891, 37.779905615], [-122.446220333, 37.77977292], [-122.446190305, 37.779567331], [-122.44614311, 37.779320567], [-122.446032925, 37.778893986]]]}, "properties": {"hrlimit": "2", "regulation": "Time limited", "to_time": "6pm", "rpparea1": "P", "analysis_neighborhood": "Lone Mountain/USF", "days": "M-F", "from_time": "8am", "exceptions": "Yes. RPP holders are exempt from time limits.", "hours": "800-1800"}}, {"type": "Feature", "geometry": {"type": "MultiLineString", "coordinates": [[[-122.435148755, 37.779053582], [-122.435145293, 37.779033283], [-122.43500232, 37.778326759]]]}, "properties": {"hrlimit": "2", "regulation": "Time limited", "to_time": "8pm", "rpparea1": "Q", "analysis_neighborhood": "Western Addition", "days": "M-F", "from_time": "9am", "exceptions": "Yes. RPP holders are exempt from time limits.", "hours": "900-2000"}}, {"type": "Feature", "geometry": {"type": "MultiLineString", "coordinates": [[[-122.459208096, 37.76636526], [-122.458520712, 37.766357012], [-122.4579289, 37.766166368]]]}, "properties": {"hrlimit": "2", "regulation": "Time limited", "to_time": "6pm", "rpparea1": "J", "analysis_neighborhood": "Golden Gate Park", "days": "M-F", "from_time": "8am", "exceptions": "Yes. RPP holders are exempt from time limits.", "hours": "800-1800"}}, {"type": "Feature", "geometry": {"type": "MultiLineString", "coordinates": [[[-122.43147747, 37.777782331], [-122.431462016, 37.777782051], [-122.430074547, 37.777959294]]]}, "properties": {"hrlimit": "4", "regulation": "Time limited", "to_time": "8pm", "rpparea1": "Q", "analysis_neighborhood": "Western Addition", "days": "M-F", "from_time": "9am", "exceptions": "Yes. RPP holders are exempt from time limits.", "hours": "900-2000"}}, {"type": "Feature", "geometry": {"type": "MultiLineString", "coordinates": [[[-122.434157975, 37.773450017], [-122.43400677, 37.772706437]]]}, "properties": {"hrlimit": "2", "regulation": "Time limited", "to_time": "8pm", "rpparea1": "Q", "analysis_neighborhood": "Haight Ashbury", "days": "M-F", "from_time": "9am", "exceptions": "Yes. RPP holders are exempt from time limits.", "hours": "900-2000"}}, {"type": "Feature", "geometry": {"type": "MultiLineString", "coordinates": [[[-122.44878717, 37.778241694], [-122.448646127, 37.777555002]]]}, "properties": {"hrlimit": "2", "regulation": "Time limited", "to_time": "8pm", "rpparea1": "BB", "analysis_neighborhood": "Lone Mountain/USF", "days": "M-F", "from_time": "8am", "exceptions": "Yes. RPP holders are exempt from time limits.", "hours": "800-2000"}}, {"type": "Feature", "geometry": {"type": "MultiLineString", "coordinates": [[[-122.437547233, 37.782576589], [-122.437545787, 37.782560764], [-122.437400656, 37.781841648]]]}, "properties": {"hrlimit": "2", "regulation": "Time limited", "to_time": "6pm", "rpparea1": "P", "analysis_neighborhood": "Western Addition", "days": "M-F", "from_time": "8am", "exceptions": "Yes. RPP holders are exempt from time limits.", "hours": "800-1800"}}, {"type": "Feature", "geometry": {"type": "MultiLineString", "coordinates": [[[-122.435397903, 37.779586886], [-122.43532517, 37.779240027]]]}, "properties": {"hrlimit": "2", "regulation": "Time limited", "to_time": "8pm", "rpparea1": "Q", "analysis_neighborhood": "Western Addition", "days": "M-F", "from_time": "9am", "exceptions": "Yes. RPP holders are exempt from time limits.", "hours": "900-2000"}}, {"type": "Feature", "geometry": {"type": "MultiLineString", "coordinates": [[[-122.43109852, 37.77591122], [-122.429984634, 37.776051508]]]}, "properties": {"hrlimit": "2", "regulation": "Time limited", "to_time": "8pm", "rpparea1": "Q", "analysis_neighborhood": "Hayes Valley", "days": "M-F", "from_time": "9am", "exceptions": "Yes. RPP holders are exempt from time limits.", "hours": "0900-2000"}}, {"type": "Feature", "geometry": {"type": "MultiLineString", "coordinates": [[[-122.437833914, 37.775891154], [-122.436431954, 37.776069436]]]}, "properties": {"hrlimit": "2", "regulation": "Time limited", "to_time": "8pm", "rpparea1": "Q", "analysis_neighborhood": "Hayes Valley", "days": "M-F", "from_time": "9am", "exceptions": "Yes. RPP holders are exempt from time limits.", "hours": "900-2000"}}, {"type": "Feature", "geometry": {"type": "MultiLineString", "coordinates": [[[-122.429096981, 37.770312848], [-122.428577378, 37.770378674]]]}, "properties": {"hrlimit": "2", "regulation": "Time limited", "to_time": "9pm", "rpparea1": "S", "analysis_neighborhood": "Hayes Valley", "days": "M-F", "from_time": "8am", "exceptions": "Yes. RPP holders are exempt from time limits.", "hours": "800-2100"}}, {"type": "Feature", "geometry": {"type": "MultiLineString", "coordinates": [[[-122.429230981, 37.769573021], [-122.42929321, 37.770249664]]]}, "properties": {"hrlimit": "2", "regulation": "Time limited", "to_time": "9pm", "rpparea1": "S", "analysis_neighborhood": "Hayes Valley", "days": "M-F", "from_time": "8am", "exceptions": "Yes. RPP holders are exempt from time limits.", "hours": "800-2100"}}, {"type": "Feature", "geometry": {"type": "MultiLineString", "coordinates": [[[-122.436189891, 37.760959417], [-122.436284102, 37.761917782]]]}, "properties": {"hrlimit": "2", "regulation": "Time limited", "to_time": "9pm", "rpparea1": "S", "analysis_neighborhood": "Castro/Upper Market", "days": "M-F", "from_time": "8am", "exceptions": "Yes. RPP holders are exempt from time limits.", "hours": "800-2100"}}, {"type": "Feature", "geometry": {"type": "MultiLineString", "coordinates": [[[-122.43830726, 37.761855226], [-122.438337558, 37.762171925]]]}, "properties": {"hrlimit": "2", "regulation": "Time limited", "to_time": "9pm", "rpparea1": "S", "analysis_neighborhood": "Castro/Upper Market", "days": "M-F", "from_time": "8am", "exceptions": "Yes. RPP holders are exempt from time limits.", "hours": "800-2100"}}, {"type": "Feature", "geometry": {"type": "MultiLineString", "coordinates": [[[-122.432661452, 37.770757726], [-122.432503941, 37.769976103]]]}, "properties": {"hrlimit": "2", "regulation": "Time limited", "to_time": "9pm", "rpparea1": "S", "analysis_neighborhood": "Haight Ashbury", "days": "M-F", "from_time": "8am", "exceptions": "Yes. RPP holders are exempt from time limits.", "hours": "800-2100"}}, {"type": "Feature", "geometry": {"type": "MultiLineString", "coordinates": [[[-122.433629201, 37.771763891], [-122.432202184, 37.771948936]]]}, "properties": {"hrlimit": "2", "regulation": "Time limited", "to_time": "9pm", "rpparea1": "S", "analysis_neighborhood": "Haight Ashbury", "days": "M-F", "from_time": "8am", "exceptions": "Yes. RPP holders are exempt from time limits.", "hours": "800-2100"}}, {"type": "Feature", "geometry": {"type": "MultiLineString", "coordinates": [[[-122.434867561, 37.769028886], [-122.434496284, 37.769040553], [-122.433820345, 37.769086016], [-122.43370927, 37.769093487]]]}, "properties": {"hrlimit": "2", "regulation": "Time limited", "to_time": "9pm", "rpparea1": "S", "analysis_neighborhood": "Castro/Upper Market", "days": "M-F", "from_time": "8am", "exceptions": "Yes. RPP holders are exempt from time limits.", "hours": "800-2100"}}, {"type": "Feature", "geometry": {"type": "MultiLineString", "coordinates": [[[-122.432776053, 37.762568028], [-122.43206789, 37.76261088]]]}, "properties": {"hrlimit": "2", "regulation": "Time limited", "to_time": "9pm", "rpparea1": "S", "analysis_neighborhood": "Castro/Upper Market", "days": "M-F", "from_time": "8am", "exceptions": "Yes. RPP holders are exempt from time limits.", "hours": "800-2100"}}, {"type": "Feature", "geometry": {"type": "MultiLineString", "coordinates": [[[-122.444835665, 37.776917949], [-122.443423032, 37.777097543]]]}, "properties": {"hrlimit": "2", "regulation": "Time limited", "to_time": "6pm", "rpparea1": "P", "analysis_neighborhood": "Lone Mountain/USF", "days": "M-F", "from_time": "8am", "exceptions": "Yes. RPP holders are exempt from time limits.", "hours": "800-1800"}}, {"type": "Feature", "geometry": {"type": "MultiLineString", "coordinates": [[[-122.444675505, 37.78089305], [-122.444665876, 37.780843907], [-122.444615445, 37.780149084], [-122.444600763, 37.779985273], [-122.444575749, 37.779790614], [-122.444544226, 37.779604203], [-122.444539082, 37.779554399]]]}, "properties": {"hrlimit": "2", "regulation": "Time limited", "to_time": "6pm", "rpparea1": "P", "analysis_neighborhood": "Lone Mountain/USF", "days": "M-F", "from_time": "8am", "exceptions": "Yes. RPP holders are exempt from time limits.", "hours": "800-1800"}}, {"type": "Feature", "geometry": {"type": "MultiLineString", "coordinates": [[[-122.450895271, 37.773232522], [-122.45074384, 37.772493123]]]}, "properties": {"hrlimit": "2", "regulation": "Time limited", "to_time": "6pm", "rpparea1": "L", "analysis_neighborhood": "Lone Mountain/USF", "days": "M-F", "from_time": "8am", "exceptions": "Yes. RPP holders are exempt from time limits.", "hours": "800-1800"}}, {"type": "Feature", "geometry": {"type": "MultiLineString", "coordinates": [[[-122.440768045, 37.773722844], [-122.439412913, 37.773896543]]]}, "properties": {"hrlimit": "2", "regulation": "Time limited", "to_time": "6pm", "rpparea1": "Q", "analysis_neighborhood": "Hayes Valley", "days": "M-F", "from_time": "8am", "exceptions": "Yes. RPP holders are exempt from time limits.", "hours": "800-1800"}}, {"type": "Feature", "geometry": {"type": "MultiLineString", "coordinates": [[[-122.435094139, 37.778109432], [-122.43494588, 37.777375411]]]}, "properties": {"hrlimit": "2", "regulation": "Time limited", "to_time": "8pm", "rpparea1": "Q", "analysis_neighborhood": "Western Addition", "days": "M-F", "from_time": "9am", "exceptions": "Yes. RPP holders are exempt from time limits.", "hours": "900-2000"}}, {"type": "Feature", "geometry": {"type": "MultiLineString", "coordinates": [[[-122.442235798, 37.771471884], [-122.442083683, 37.770726003]]]}, "properties": {"hrlimit": "2", "regulation": "Time limited", "to_time": "6pm", "rpparea1": "Q", "analysis_neighborhood": "Haight Ashbury", "days": "M-F", "from_time": "8am", "exceptions": "Yes. RPP holders are exempt from time limits.", "hours": "800-1800"}}, {"type": "Feature", "geometry": {"type": "MultiLineString", "coordinates": [[[-122.450465481, 37.768700141], [-122.450567466, 37.769243731]]]}, "properties": {"hrlimit": "2", "regulation": "Time limited", "to_time": "9pm", "rpparea1": "J", "analysis_neighborhood": "Haight Ashbury", "days": "M-Su", "from_time": "7am", "exceptions": "Yes. RPP holders are exempt from time limits.", "hours": "700-2100"}}, {"type": "Feature", "geometry": {"type": "MultiLineString", "coordinates": [[[-122.435078381, 37.770614473], [-122.434412493, 37.770698871]]]}, "properties": {"hrlimit": "2", "regulation": "Time limited", "to_time": "9pm", "rpparea1": "S", "analysis_neighborhood": "Haight Ashbury", "days": "M-F", "from_time": "8am", "exceptions": "Yes. RPP holders are exempt from time limits.", "hours": "800-2100"}}, {"type": "Feature", "geometry": {"type": "MultiLineString", "coordinates": [[[-122.442396057, 37.774463317], [-122.441527515, 37.774573724]]]}, "properties": {"hrlimit": "2", "regulation": "Time limited", "to_time": "6pm", "rpparea1": "Q", "analysis_neighborhood": "Lone Mountain/USF", "days": "M-F", "from_time": "8am", "exceptions": "Yes. RPP holders are exempt from time limits.", "hours": "800-1800"}}, {"type": "Feature", "geometry": {"type": "MultiLineString", "coordinates": [[[-122.43653908, 37.767373626], [-122.436678695, 37.768897505]]]}, "properties": {"hrlimit": "2", "regulation": "Time limited", "to_time": "9pm", "rpparea1": "S", "analysis_neighborhood": "Castro/Upper Market", "days": "M-F", "from_time": "8am", "exceptions": "Yes. RPP holders are exempt from time limits.", "hours": "800-2100"}}, {"type": "Feature", "geometry": {"type": "MultiLineString", "coordinates": [[[-122.438051103, 37.759224171], [-122.438181662, 37.760588974]]]}, "properties": {"hrlimit": "2", "regulation": "Time limited", "to_time": "9pm", "rpparea1": "S", "analysis_neighborhood": "Castro/Upper Market", "days": "M-F", "from_time": "8am", "exceptions": "Yes. RPP holders are exempt from time limits.", "hours": "800-2100"}}, {"type": "Feature", "geometry": {"type": "MultiLineString", "coordinates": [[[-122.436579509, 37.771264137], [-122.435507032, 37.771401573]]]}, "properties": {"hrlimit": "2", "regulation": "Time limited", "to_time": "9pm", "rpparea1": "S", "analysis_neighborhood": "Haight Ashbury", "days": "M-F", "from_time": "8am", "exceptions": "Yes. RPP holders are exempt from time limits.", "hours": "800-2100"}}, {"type": "Feature", "geometry": {"type": "MultiLineString", "coordinates": [[[-122.438491009, 37.777863948], [-122.438640009, 37.778607948]]]}, "properties": {"hrlimit": "2", "regulation": "Time limited", "to_time": "6pm", "rpparea1": "P", "analysis_neighborhood": "Western Addition", "days": "M-F", "from_time": "8am", "exceptions": "Yes. RPP holders are exempt from time limits.", "hours": "800-1800"}}, {"type": "Feature", "geometry": {"type": "MultiLineString", "coordinates": [[[-122.449749371, 37.775261066], [-122.449604141, 37.774551916]]]}, "properties": {"hrlimit": "2", "regulation": "Time limited", "to_time": "6pm", "rpparea1": "L", "analysis_neighborhood": "Lone Mountain/USF", "days": "M-F", "from_time": "8am", "exceptions": "Yes. RPP holders are exempt from time limits.", "hours": "800-1800"}}, {"type": "Feature", "geometry": {"type": "MultiLineString", "coordinates": [[[-122.449351065, 37.763128307], [-122.449242334, 37.762590191]]]}, "properties": {"hrlimit": "2", "regulation": "Time limited", "to_time": "5pm", "rpparea1": "J", "analysis_neighborhood": "Haight Ashbury", "days": "M-F", "from_time": "8am", "exceptions": "Yes. RPP holders are exempt from time limits.", "hours": "800-1700"}}, {"type": "Feature", "geometry": {"type": "MultiLineString", "coordinates": [[[-122.451272558, 37.76557844], [-122.450072162, 37.765731542]]]}, "properties": {"hrlimit": "2", "regulation": "Time limited", "to_time": "5pm", "rpparea1": "J", "analysis_neighborhood": "Haight Ashbury", "days": "M-F", "from_time": "8am", "exceptions": "Yes. RPP holders are exempt from time limits.", "hours": "800-1700"}}, {"type": "Feature", "geometry": {"type": "MultiLineString", "coordinates": [[[-122.440828162, 37.782194199], [-122.439451847, 37.782369895]]]}, "properties": {"hrlimit": "2", "regulation": "Time limited", "to_time": "6pm", "rpparea1": "P", "analysis_neighborhood": "Western Addition", "days": "M-F", "from_time": "8am", "exceptions": "Yes. RPP holders are exempt from time limits.", "hours": "800-1800"}}, {"type": "Feature", "geometry": {"type": "MultiLineString", "coordinates": [[[-122.447642747, 37.77635133], [-122.447507842, 37.775754109]]]}, "properties": {"hrlimit": "2", "regulation": "Time limited", "to_time": "6pm", "rpparea1": "L", "analysis_neighborhood": "Lone Mountain/USF", "days": "M-F", "from_time": "8am", "exceptions": "Yes. RPP holders are exempt from time limits.", "hours": "800-1800"}}, {"type": "Feature", "geometry": {"type": "MultiLineString", "coordinates": [[[-122.454679758, 37.775587267], [-122.453125553, 37.775782244]]]}, "properties": {"hrlimit": "2", "regulation": "Time limited", "to_time": "6pm", "rpparea1": "L", "analysis_neighborhood": "Lone Mountain/USF", "days": "M-F", "from_time": "8am", "exceptions": "Yes. RPP holders are exempt from time limits.", "hours": "800-1800"}}, {"type": "Feature", "geometry": {"type": "MultiLineString", "coordinates": [[[-122.458521387, 37.777973875], [-122.457159471, 37.778150035]]]}, "properties": {"hrlimit": "2", "regulation": "Time limited", "to_time": "6pm", "rpparea1": "L", "analysis_neighborhood": "Lone Mountain/USF", "days": "M-F", "from_time": "8am", "exceptions": "Yes. RPP holders are exempt from time limits.", "hours": "800-1800"}}, {"type": "Feature", "geometry": {"type": "MultiLineString", "coordinates": [[[-122.44673104, 37.776640449], [-122.446619457, 37.776095498]]]}, "properties": {"hrlimit": "2", "regulation": "Time limited", "to_time": "6pm", "rpparea1": "L", "analysis_neighborhood": "Lone Mountain/USF", "days": "M-F", "from_time": "8am", "exceptions": "Yes. RPP holders are exempt from time limits.", "hours": "800-1800"}}, {"type": "Feature", "geometry": {"type": "MultiLineString", "coordinates": [[[-122.455230205, 37.774826751], [-122.455372201, 37.775524515]]]}, "properties": {"hrlimit": "2", "regulation": "Time limited", "to_time": "6pm", "rpparea1": "L", "analysis_neighborhood": "Lone Mountain/USF", "days": "M-F", "from_time": "8am", "exceptions": "Yes. RPP holders are exempt from time limits.", "hours": "800-1800"}}, {"type": "Feature", "geometry": {"type": "MultiLineString", "coordinates": [[[-122.455736062, 37.78008746], [-122.455093732, 37.780166043]]]}, "properties": {"hrlimit": "2", "regulation": "Time limited", "to_time": "6pm", "rpparea1": "L", "analysis_neighborhood": "Lone Mountain/USF", "days": "M-F", "from_time": "8am", "exceptions": "Yes. RPP holders are exempt from time limits.", "hours": "800-1800"}}, {"type": "Feature", "geometry": {"type": "MultiLineString", "coordinates": [[[-122.44107021, 37.780215732], [-122.440924926, 37.779497343]]]}, "properties": {"hrlimit": "2", "regulation": "Time limited", "to_time": "6pm", "rpparea1": "P", "analysis_neighborhood": "Western Addition", "days": "M-F", "from_time": "8am", "exceptions": "Yes. RPP holders are exempt from time limits.", "hours": "800-1800"}}, {"type": "Feature", "geometry": {"type": "MultiLineString", "coordinates": [[[-122.429468389, 37.777066052], [-122.428109089, 37.777239268]]]}, "properties": {"hrlimit": "2", "regulation": "Time limited", "to_time": "6pm", "rpparea1": "HV", "analysis_neighborhood": "Hayes Valley", "days": "M-Sa", "from_time": "9am", "exceptions": "Yes. RPP holders are exempt from time limits.", "hours": "900-2100"}}, {"type": "Feature", "geometry": {"type": "MultiLineString", "coordinates": [[[-122.447922854, 37.762687517], [-122.447750866, 37.761821942]]]}, "properties": {"hrlimit": "2", "regulation": "Time limited", "to_time": "7pm", "rpparea1": "J", "analysis_neighborhood": "Haight Ashbury", "days": "M-F", "from_time": "7am", "exceptions": "Yes. RPP holders are exempt from time limits.", "hours": "700-1900"}}, {"type": "Feature", "geometry": {"type": "MultiLineString", "coordinates": [[[-122.457966431, 37.780546897], [-122.457879536, 37.780526854], [-122.457831584, 37.780470927], [-122.45783827, 37.780394642], [-122.457855488, 37.780309778], [-122.457696451, 37.779571854]]]}, "properties": {"hrlimit": "2", "regulation": "Time limited", "to_time": "6pm", "rpparea1": "L", "analysis_neighborhood": "Lone Mountain/USF", "days": "M-F", "from_time": "8am", "exceptions": "Yes. RPP holders are exempt from time limits.", "hours": "800-1800"}}, {"type": "Feature", "geometry": {"type": "MultiLineString", "coordinates": [[[-122.431662838, 37.769417725], [-122.431782991, 37.770025305]]]}, "properties": {"hrlimit": "2", "regulation": "Time limited", "to_time": "9pm", "rpparea1": "S", "analysis_neighborhood": "Haight Ashbury", "days": "M-F", "from_time": "8am", "exceptions": "Yes. RPP holders are exempt from time limits.", "hours": "800-2100"}}, {"type": "Feature", "geometry": {"type": "MultiLineString", "coordinates": [[[-122.453033152, 37.767374516], [-122.451607669, 37.767556342]]]}, "properties": {"hrlimit": "2", "regulation": "Time limited", "to_time": "9pm", "rpparea1": "J", "analysis_neighborhood": "Haight Ashbury", "days": "M-Su", "from_time": "7am", "exceptions": "Yes. RPP holders are exempt from time limits.", "hours": "700-2100"}}, {"type": "Feature", "geometry": {"type": "MultiLineString", "coordinates": [[[-122.440210462, 37.762092188], [-122.440190859, 37.761898414]]]}, "properties": {"hrlimit": "2", "regulation": "Time limited", "to_time": "9pm", "rpparea1": "S", "analysis_neighborhood": "Castro/Upper Market", "days": "M-F", "from_time": "8am", "exceptions": "Yes. RPP holders are exempt from time limits.", "hours": "800-2100"}}, {"type": "Feature", "geometry": {"type": "MultiLineString", "coordinates": [[[-122.443912539, 37.761267455], [-122.443521937, 37.761405141], [-122.443400614, 37.761455965], [-122.442966308, 37.761658185], [-122.442881566, 37.76168029]]]}, "properties": {"hrlimit": "2", "regulation": "Time limited", "to_time": "5pm", "rpparea1": "S", "analysis_neighborhood": "Castro/Upper Market", "days": "M-F", "from_time": "8am", "exceptions": "Yes. RPP holders are exempt from time limits.", "hours": "800-1700"}}, {"type": "Feature", "geometry": {"type": "MultiLineString", "coordinates": [[[-122.43568099, 37.768731144], [-122.435575936, 37.767628226]]]}, "properties": {"hrlimit": "2", "regulation": "Time limited", "to_time": "9pm", "rpparea1": "S", "analysis_neighborhood": "Castro/Upper Market", "days": "M-Sa", "from_time": "8am", "exceptions": "Yes. RPP holders are exempt from time limits.", "hours": "800-2100"}}, {"type": "Feature", "geometry": {"type": "MultiLineString", "coordinates": [[[-122.429621376, 37.775935807], [-122.429545482, 37.775560825]]]}, "properties": {"hrlimit": "2", "regulation": "Time limited", "to_time": "8pm", "rpparea1": "Q", "analysis_neighborhood": "Hayes Valley", "days": "M-F", "from_time": "9am", "exceptions": "Yes. RPP holders are exempt from time limits.", "hours": "0900-2000"}}, {"type": "Feature", "geometry": {"type": "MultiLineString", "coordinates": [[[-122.431943275, 37.771494508], [-122.432006001, 37.771806036]]]}, "properties": {"hrlimit": "2", "regulation": "Time limited", "to_time": "9pm", "rpparea1": "S", "analysis_neighborhood": "Hayes Valley", "days": "M-F", "from_time": "8am", "exceptions": "Yes. RPP holders are exempt from time limits.", "hours": "800-2100"}}, {"type": "Feature", "geometry": {"type": "MultiLineString", "coordinates": [[[-122.452481586, 37.764411111], [-122.452351467, 37.763768649]]]}, "properties": {"hrlimit": "2", "regulation": "Time limited", "to_time": "5pm", "rpparea1": "J", "analysis_neighborhood": "Haight Ashbury", "days": "M-F", "from_time": "8am", "exceptions": "Yes. RPP holders are exempt from time limits.", "hours": "800-1700"}}, {"type": "Feature", "geometry": {"type": "MultiLineString", "coordinates": [[[-122.453220909, 37.777934162], [-122.452396675, 37.778039641]]]}, "properties": {"hrlimit": "4", "regulation": "Time limited", "to_time": "6pm", "rpparea1": "L", "analysis_neighborhood": "Lone Mountain/USF", "days": "M-F", "from_time": "8am", "exceptions": "Yes. RPP holders are exempt from time limits.", "hours": "800-1800"}}, {"type": "Feature", "geometry": {"type": "MultiLineString", "coordinates": [[[-122.456627546, 37.776888302], [-122.455253055, 37.777058953]]]}, "properties": {"hrlimit": "2", "regulation": "Time limited", "to_time": "6pm", "rpparea1": "L", "analysis_neighborhood": "Lone Mountain/USF", "days": "M-F", "from_time": "8am", "exceptions": "Yes. RPP holders are exempt from time limits.", "hours": "800-1800"}}, {"type": "Feature", "geometry": {"type": "MultiLineString", "coordinates": [[[-122.448945011, 37.776227112], [-122.448806999, 37.775585257]]]}, "properties": {"hrlimit": "2", "regulation": "Time limited", "to_time": "6pm", "rpparea1": "L", "analysis_neighborhood": "Lone Mountain/USF", "days": "M-F", "from_time": "8am", "exceptions": "Yes. RPP holders are exempt from time limits.", "hours": "800-1800"}}, {"type": "Feature", "geometry": {"type": "MultiLineString", "coordinates": [[[-122.459722662, 37.779358588], [-122.458894236, 37.779395947]]]}, "properties": {"hrlimit": "2", "regulation": "Time limited", "to_time": "6pm", "rpparea1": "L", "analysis_neighborhood": "Inner Richmond", "days": "M-F", "from_time": "8am", "exceptions": "Yes. RPP holders are exempt from time limits.", "hours": "800-1800"}}, {"type": "Feature", "geometry": {"type": "MultiLineString", "coordinates": [[[-122.445449498, 37.781235993], [-122.445453213, 37.781222054], [-122.445419054, 37.780965]]]}, "properties": {"hrlimit": "2", "regulation": "Time limited", "to_time": "6pm", "rpparea1": "P", "analysis_neighborhood": "Lone Mountain/USF", "days": "M-F", "from_time": "8am", "exceptions": "Yes. RPP holders are exempt from time limits.", "hours": "800-1800"}}, {"type": "Feature", "geometry": {"type": "MultiLineString", "coordinates": [[[-122.446516231, 37.776812048], [-122.445089886, 37.776993405]]]}, "properties": {"hrlimit": "2", "regulation": "Time limited", "to_time": "6pm", "rpparea1": "P", "analysis_neighborhood": "Lone Mountain/USF", "days": "M-F", "from_time": "8am", "exceptions": "Yes. RPP holders are exempt from time limits.", "hours": "800-1800"}}, {"type": "Feature", "geometry": {"type": "MultiLineString", "coordinates": [[[-122.451043621, 37.774319584], [-122.449656405, 37.774496027]]]}, "properties": {"hrlimit": "2", "regulation": "Time limited", "to_time": "6pm", "rpparea1": "L", "analysis_neighborhood": "Lone Mountain/USF", "days": "M-F", "from_time": "8am", "exceptions": "Yes. RPP holders are exempt from time limits.", "hours": "800-1800"}}, {"type": "Feature", "geometry": {"type": "MultiLineString", "coordinates": [[[-122.438207927, 37.777760403], [-122.436810565, 37.777937972], [-122.436810632, 37.777937964]]]}, "properties": {"hrlimit": "2", "regulation": "Time limited", "to_time": "8pm", "rpparea1": "Q", "analysis_neighborhood": "Western Addition", "days": "M-F", "from_time": "9am", "exceptions": "Yes. RPP holders are exempt from time limits.", "hours": "900-2000"}}, {"type": "Feature", "geometry": {"type": "MultiLineString", "coordinates": [[[-122.441010163, 37.765357537], [-122.439490301, 37.766497242]]]}, "properties": {"hrlimit": "2", "regulation": "Time limited", "to_time": "9pm", "rpparea1": "S", "analysis_neighborhood": "Castro/Upper Market", "days": "M-F", "from_time": "8am", "exceptions": "Yes. RPP holders are exempt from time limits.", "hours": "800-2100"}}, {"type": "Feature", "geometry": {"type": "MultiLineString", "coordinates": [[[-122.430944652, 37.764220108], [-122.430814475, 37.762855043]]]}, "properties": {"hrlimit": "2", "regulation": "Time limited", "to_time": "9pm", "rpparea1": "S", "analysis_neighborhood": "Castro/Upper Market", "days": "M-F", "from_time": "8am", "exceptions": "Yes. RPP holders are exempt from time limits.", "hours": "800-2100"}}, {"type": "Feature", "geometry": {"type": "MultiLineString", "coordinates": [[[-122.436648247, 37.770307146], [-122.435322665, 37.77047702]]]}, "properties": {"hrlimit": "2", "regulation": "Time limited", "to_time": "9pm", "rpparea1": "S", "analysis_neighborhood": "Haight Ashbury", "days": "M-F", "from_time": "8am", "exceptions": "Yes. RPP holders are exempt from time limits.", "hours": "800-2100"}}, {"type": "Feature", "geometry": {"type": "MultiLineString", "coordinates": [[[-122.432452923, 37.775620254], [-122.43131861, 37.775765076]]]}, "properties": {"hrlimit": "2", "regulation": "Time limited", "to_time": "8pm", "rpparea1": "Q", "analysis_neighborhood": "Hayes Valley", "days": "M-F", "from_time": "9am", "exceptions": "Yes. RPP holders are exempt from time limits.", "hours": "900-2000"}}, {"type": "Feature", "geometry": {"type": "MultiLineString", "coordinates": [[[-122.429420349, 37.776131894], [-122.428032795, 37.776308878]]]}, "properties": {"hrlimit": "2", "regulation": "Time limited", "to_time": "9pm", "rpparea1": "HV", "analysis_neighborhood": "Hayes Valley", "days": "M-Sa", "from_time": "8am", "exceptions": "Yes. RPP holders are exempt from time limits.", "hours": "900-2100"}}, {"type": "Feature", "geometry": {"type": "MultiLineString", "coordinates": [[[-122.446160847, 37.773798963], [-122.446017943, 37.773082491]]]}, "properties": {"hrlimit": "2", "regulation": "Time limited", "to_time": "6pm", "rpparea1": "L", "analysis_neighborhood": "Lone Mountain/USF", "days": "M-F", "from_time": "8am", "exceptions": "Yes. RPP holders are exempt from time limits.", "hours": "800-1800"}}, {"type": "Feature", "geometry": {"type": "MultiLineString", "coordinates": [[[-122.455650776, 37.764174767], [-122.455447384, 37.764228129], [-122.454331903, 37.764369737]]]}, "properties": {"hrlimit": "2", "regulation": "Time limited", "to_time": "5pm", "rpparea1": "J", "analysis_neighborhood": "Inner Sunset", "days": "M-F", "from_time": "8am", "exceptions": "Yes. RPP holders are exempt from time limits.", "hours": "800-1700"}}, {"type": "Feature", "geometry": {"type": "MultiLineString", "coordinates": [[[-122.439205177, 37.759813711], [-122.439274565, 37.760538951]]]}, "properties": {"hrlimit": "2", "regulation": "Time limited", "to_time": "9pm", "rpparea1": "S", "analysis_neighborhood": "Castro/Upper Market", "days": "M-F", "from_time": "8am", "exceptions": "Yes. RPP holders are exempt from time limits.", "hours": "800-2100"}}, {"type": "Feature", "geometry": {"type": "MultiLineString", "coordinates": [[[-122.433247146, 37.766579401], [-122.433188627, 37.765969396]]]}, "properties": {"hrlimit": "2", "regulation": "Time limited", "to_time": "9pm", "rpparea1": "S", "analysis_neighborhood": "Castro/Upper Market", "days": "M-F", "from_time": "8am", "exceptions": "Yes. RPP holders are exempt from time limits.", "hours": "800-2100"}}, {"type": "Feature", "geometry": {"type": "MultiLineString", "coordinates": [[[-122.439905596, 37.7606465], [-122.439445608, 37.760675021]]]}, "properties": {"hrlimit": "2", "regulation": "Time limited", "to_time": "9pm", "rpparea1": "S", "analysis_neighborhood": "Castro/Upper Market", "days": "M-F", "from_time": "8am", "exceptions": "Yes. RPP holders are exempt from time limits.", "hours": "800-2100"}}, {"type": "Feature", "geometry": {"type": "MultiLineString", "coordinates": [[[-122.437226817, 37.766478788], [-122.435675463, 37.766571715]]]}, "properties": {"hrlimit": "2", "regulation": "Time limited", "to_time": "9pm", "rpparea1": "S", "analysis_neighborhood": "Castro/Upper Market", "days": "M-F", "from_time": "8am", "exceptions": "Yes. RPP holders are exempt from time limits.", "hours": "800-2100"}}, {"type": "Feature", "geometry": {"type": "MultiLineString", "coordinates": [[[-122.436916898, 37.765682986], [-122.43654447, 37.765003221]]]}, "properties": {"hrlimit": "2", "regulation": "Time limited", "to_time": "9pm", "rpparea1": "S", "analysis_neighborhood": "Castro/Upper Market", "days": "M-F", "from_time": "8am", "exceptions": "Yes. RPP holders are exempt from time limits.", "hours": "800-2100"}}, {"type": "Feature", "geometry": {"type": "MultiLineString", "coordinates": [[[-122.447712926, 37.761636081], [-122.447584354, 37.761009348]]]}, "properties": {"hrlimit": "2", "regulation": "Time limited", "to_time": "7pm", "rpparea1": "J", "analysis_neighborhood": "Inner Sunset", "days": "M-F", "from_time": "7am", "exceptions": "Yes. RPP holders are exempt from time limits.", "hours": "700-1900"}}, {"type": "Feature", "geometry": {"type": "MultiLineString", "coordinates": [[[-122.451291784, 37.764759178], [-122.451446911, 37.76552197]]]}, "properties": {"hrlimit": "2", "regulation": "Time limited", "to_time": "5pm", "rpparea1": "J", "analysis_neighborhood": "Haight Ashbury", "days": "M-F", "from_time": "8am", "exceptions": "Yes. RPP holders are exempt from time limits.", "hours": "800-1700"}}, {"type": "Feature", "geometry": {"type": "MultiLineString", "coordinates": [[[-122.448363386, 37.776386229], [-122.448220316, 37.775687566]]]}, "properties": {"hrlimit": "2", "regulation": "Time limited", "to_time": "6pm", "rpparea1": "L", "analysis_neighborhood": "Lone Mountain/USF", "days": "M-F", "from_time": "8am", "exceptions": "Yes. RPP holders are exempt from time limits.", "hours": "800-1800"}}, {"type": "Feature", "geometry": {"type": "MultiLineString", "coordinates": [[[-122.458370271, 37.775629265], [-122.458404817, 37.776106058]]]}, "properties": {"hrlimit": "2", "regulation": "Time limited", "to_time": "6pm", "rpparea1": "L", "analysis_neighborhood": "Lone Mountain/USF", "days": "M-F", "from_time": "8am", "exceptions": "Yes. RPP holders are exempt from time limits.", "hours": "800-1800"}}, {"type": "Feature", "geometry": {"type": "MultiLineString", "coordinates": [[[-122.444502643, 37.783636519], [-122.443100636, 37.7838153]]]}, "properties": {"hrlimit": "2", "regulation": "Time limited", "to_time": "6pm", "rpparea1": "G", "analysis_neighborhood": "Presidio Heights", "days": "M-F", "from_time": "8am", "exceptions": "Yes. RPP holders are exempt from time limits.", "hours": "800-1800"}}, {"type": "Feature", "geometry": {"type": "MultiLineString", "coordinates": [[[-122.449091646, 37.782062122], [-122.448876415, 37.780993287]]]}, "properties": {"hrlimit": "2", "regulation": "Time limited", "to_time": "6pm", "rpparea1": "L", "analysis_neighborhood": "Lone Mountain/USF", "days": "M-F", "from_time": "8am", "exceptions": "Yes. RPP holders are exempt from time limits.", "hours": "800-1800"}}, {"type": "Feature", "geometry": {"type": "MultiLineString", "coordinates": [[[-122.443755497, 37.781264188], [-122.443715619, 37.781153812], [-122.443661177, 37.7809993], [-122.443574465, 37.780710497], [-122.443504507, 37.780409338], [-122.443460346, 37.780148829], [-122.443435115, 37.779934654], [-122.443420186, 37.779726743], [-122.443414662, 37.779698666]]]}, "properties": {"hrlimit": "2", "regulation": "Time limited", "to_time": "6pm", "rpparea1": "P", "analysis_neighborhood": "Lone Mountain/USF", "days": "M-F", "from_time": "8am", "exceptions": "Yes. RPP holders are exempt from time limits.", "hours": "800-1800"}}, {"type": "Feature", "geometry": {"type": "MultiLineString", "coordinates": [[[-122.439483536, 37.782800712], [-122.439432789, 37.782550013]]]}, "properties": {"hrlimit": "2", "regulation": "Time limited", "to_time": "6pm", "rpparea1": "P", "analysis_neighborhood": "Western Addition", "days": "M-F", "from_time": "8am", "exceptions": "Yes. RPP holders are exempt from time limits.", "hours": "800-1800"}}, {"type": "Feature", "geometry": {"type": "MultiLineString", "coordinates": [[[-122.444018343, 37.774257076], [-122.44288614, 37.774401015]]]}, "properties": {"hrlimit": "2", "regulation": "Time limited", "to_time": "6pm", "rpparea1": "Q", "analysis_neighborhood": "Lone Mountain/USF", "days": "M-F", "from_time": "8am", "exceptions": "Yes. RPP holders are exempt from time limits.", "hours": "800-1800"}}, {"type": "Feature", "geometry": {"type": "LineString", "coordinates": [[-122.431928863, 37.780016691], [-122.431977889, 37.780259242]]}, "properties": {"hrlimit": null, "regulation": "Government permit", "to_time": null, "rpparea1": null, "analysis_neighborhood": "Western Addition", "days": null, "from_time": null, "exceptions": "SFPD vehicles with a permit from the SFMTA allowed", "hours": "0-0", "nearMeter": true}}, {"type": "Feature", "geometry": {"type": "MultiLineString", "coordinates": [[[-122.43256829, 37.774602791], [-122.432421277, 37.773869477]]]}, "properties": {"hrlimit": "2", "regulation": "Time limited", "to_time": "8pm", "rpparea1": "Q", "analysis_neighborhood": "Hayes Valley", "days": "M-F", "from_time": "9am", "exceptions": "Yes. RPP holders are exempt from time limits.", "hours": "900-2000"}}, {"type": "Feature", "geometry": {"type": "MultiLineString", "coordinates": [[[-122.443842956, 37.763349019], [-122.443690128, 37.763434747], [-122.443530619, 37.763472371], [-122.443226627, 37.763506317], [-122.443117747, 37.763544226], [-122.443058958, 37.763587186], [-122.443031035, 37.763628542]]]}, "properties": {"hrlimit": "2", "regulation": "Time limited", "to_time": "9pm", "rpparea1": "S", "analysis_neighborhood": "Castro/Upper Market", "days": "M-F", "from_time": "8am", "exceptions": "Yes. RPP holders are exempt from time limits.", "hours": "800-2100"}}, {"type": "Feature", "geometry": {"type": "MultiLineString", "coordinates": [[[-122.452274534, 37.763643698], [-122.451121605, 37.76379055]]]}, "properties": {"hrlimit": "2", "regulation": "Time limited", "to_time": "5pm", "rpparea1": "J", "analysis_neighborhood": "Haight Ashbury", "days": "M-F", "from_time": "8am", "exceptions": "Yes. RPP holders are exempt from time limits.", "hours": "800-1700"}}, {"type": "Feature", "geometry": {"type": "MultiLineString", "coordinates": [[[-122.433129716, 37.777409537], [-122.433131601, 37.777397723], [-122.432984184, 37.776666583]]]}, "properties": {"hrlimit": "2", "regulation": "Time limited", "to_time": "8pm", "rpparea1": "Q", "analysis_neighborhood": "Hayes Valley", "days": "M-F", "from_time": "9am", "exceptions": "Yes. RPP holders are exempt from time limits.", "hours": "900-2000"}}, {"type": "Feature", "geometry": {"type": "MultiLineString", "coordinates": [[[-122.436794683, 37.778848476], [-122.436648082, 37.778112354]]]}, "properties": {"hrlimit": "2", "regulation": "Time limited", "to_time": "8pm", "rpparea1": "Q", "analysis_neighborhood": "Western Addition", "days": "M-F", "from_time": "9am", "exceptions": "Yes. RPP holders are exempt from time limits.", "hours": "900-2000"}}, {"type": "Feature", "geometry": {"type": "MultiLineString", "coordinates": [[[-122.444645513, 37.77596583], [-122.443239459, 37.776144588]]]}, "properties": {"hrlimit": "2", "regulation": "Time limited", "to_time": "6pm", "rpparea1": "P", "analysis_neighborhood": "Lone Mountain/USF", "days": "M-F", "from_time": "8am", "exceptions": "Yes. RPP holders are exempt from time limits.", "hours": "800-1800"}}, {"type": "Feature", "geometry": {"type": "MultiLineString", "coordinates": [[[-122.429346485, 37.77657803], [-122.428099153, 37.776740361]]]}, "properties": {"hrlimit": "2", "regulation": "Time limited", "to_time": "6pm", "rpparea1": "HV", "analysis_neighborhood": "Hayes Valley", "days": "M-Sa", "from_time": "9am", "exceptions": "Yes. RPP holders are exempt from time limits.", "hours": "900-2100"}}, {"type": "Feature", "geometry": {"type": "MultiLineString", "coordinates": [[[-122.433591502, 37.77164422], [-122.43220546, 37.771820583]]]}, "properties": {"hrlimit": "2", "regulation": "Time limited", "to_time": "9pm", "rpparea1": "S", "analysis_neighborhood": "Haight Ashbury", "days": "M-F", "from_time": "8am", "exceptions": "Yes. RPP holders are exempt from time limits.", "hours": "800-2100"}}, {"type": "Feature", "geometry": {"type": "MultiLineString", "coordinates": [[[-122.43929843, 37.761377775], [-122.438956284, 37.761502629], [-122.438478725, 37.761617786]]]}, "properties": {"hrlimit": "2", "regulation": "Time limited", "to_time": "9pm", "rpparea1": "S", "analysis_neighborhood": "Castro/Upper Market", "days": "M-F", "from_time": "8am", "exceptions": "Yes. RPP holders are exempt from time limits.", "hours": "800-2100"}}, {"type": "Feature", "geometry": {"type": "MultiLineString", "coordinates": [[[-122.452284283, 37.763725902], [-122.451151329, 37.763870447]]]}, "properties": {"hrlimit": "2", "regulation": "Time limited", "to_time": "5pm", "rpparea1": "J", "analysis_neighborhood": "Haight Ashbury", "days": "M-F", "from_time": "8am", "exceptions": "Yes. RPP holders are exempt from time limits.", "hours": "800-1700"}}, {"type": "Feature", "geometry": {"type": "MultiLineString", "coordinates": [[[-122.439714332, 37.776592544], [-122.439179831, 37.776660604]]]}, "properties": {"hrlimit": "2", "regulation": "Time limited", "to_time": "6pm", "rpparea1": "P", "analysis_neighborhood": "Hayes Valley", "days": "M-F", "from_time": "8am", "exceptions": "Yes. RPP holders are exempt from time limits.", "hours": "800-1800"}}, {"type": "Feature", "geometry": {"type": "MultiLineString", "coordinates": [[[-122.441269647, 37.777479053], [-122.440164283, 37.777619546]]]}, "properties": {"hrlimit": "2", "regulation": "Time limited", "to_time": "6pm", "rpparea1": "P", "analysis_neighborhood": "Western Addition", "days": "M-F", "from_time": "8am", "exceptions": "Yes. RPP holders are exempt from time limits.", "hours": "800-1800"}}, {"type": "Feature", "geometry": {"type": "MultiLineString", "coordinates": [[[-122.430254638, 37.770752302], [-122.430327395, 37.771087967]]]}, "properties": {"hrlimit": "2", "regulation": "Time limited", "to_time": "9pm", "rpparea1": "S", "analysis_neighborhood": "Hayes Valley", "days": "M-F", "from_time": "8am", "exceptions": "Yes. RPP holders are exempt from time limits.", "hours": "800-2100"}}, {"type": "Feature", "geometry": {"type": "MultiLineString", "coordinates": [[[-122.432780761, 37.761717448], [-122.432723844, 37.761124052]]]}, "properties": {"hrlimit": "2", "regulation": "Time limited", "to_time": "9pm", "rpparea1": "S", "analysis_neighborhood": "Castro/Upper Market", "days": "M-F", "from_time": "8am", "exceptions": "Yes. RPP holders are exempt from time limits.", "hours": "800-2100"}}, {"type": "Feature", "geometry": {"type": "MultiLineString", "coordinates": [[[-122.432644713, 37.761085281], [-122.430714999, 37.761202041]]]}, "properties": {"hrlimit": "2", "regulation": "Time limited", "to_time": "9pm", "rpparea1": "S", "analysis_neighborhood": "Castro/Upper Market", "days": "M-F", "from_time": "8am", "exceptions": "Yes. RPP holders are exempt from time limits.", "hours": "800-2100"}}, {"type": "Feature", "geometry": {"type": "MultiLineString", "coordinates": [[[-122.45068744, 37.778022059], [-122.450542795, 37.777312517]]]}, "properties": {"hrlimit": "2", "regulation": "Time limited", "to_time": "8pm", "rpparea1": "BB", "analysis_neighborhood": "Lone Mountain/USF", "days": "M-F", "from_time": "8am", "exceptions": "Yes. RPP holders are exempt from time limits.", "hours": "800-2000"}}, {"type": "Feature", "geometry": {"type": "MultiLineString", "coordinates": [[[-122.452716938, 37.774107615], [-122.451305889, 37.774286224]]]}, "properties": {"hrlimit": "2", "regulation": "Time limited", "to_time": "6pm", "rpparea1": "L", "analysis_neighborhood": "Lone Mountain/USF", "days": "M-F", "from_time": "8am", "exceptions": "Yes. RPP holders are exempt from time limits.", "hours": "800-1800"}}, {"type": "Feature", "geometry": {"type": "MultiLineString", "coordinates": [[[-122.443877175, 37.781243912], [-122.443822605, 37.781111359], [-122.443769009, 37.780958276], [-122.443695947, 37.780714561], [-122.443643788, 37.780503961], [-122.443605288, 37.780312787], [-122.443567049, 37.780061958], [-122.443542277, 37.779799284], [-122.443535731, 37.779677564]]]}, "properties": {"hrlimit": "2", "regulation": "Time limited", "to_time": "6pm", "rpparea1": "P", "analysis_neighborhood": "Lone Mountain/USF", "days": "M-F", "from_time": "8am", "exceptions": "Yes. RPP holders are exempt from time limits.", "hours": "800-1800"}}, {"type": "Feature", "geometry": {"type": "MultiLineString", "coordinates": [[[-122.44502608, 37.777834979], [-122.443613144, 37.77801461]]]}, "properties": {"hrlimit": "2", "regulation": "Time limited", "to_time": "6pm", "rpparea1": "P", "analysis_neighborhood": "Lone Mountain/USF", "days": "M-F", "from_time": "8am", "exceptions": "Yes. RPP holders are exempt from time limits.", "hours": "800-1800"}}, {"type": "Feature", "geometry": {"type": "MultiLineString", "coordinates": [[[-122.444884883, 37.776876577], [-122.444736717, 37.776139441]]]}, "properties": {"hrlimit": "2", "regulation": "Time limited", "to_time": "6pm", "rpparea1": "P", "analysis_neighborhood": "Lone Mountain/USF", "days": "M-F", "from_time": "8am", "exceptions": "Yes. RPP holders are exempt from time limits.", "hours": "800-1800"}}, {"type": "Feature", "geometry": {"type": "MultiLineString", "coordinates": [[[-122.439530412, 37.775675678], [-122.438354194, 37.775825164]]]}, "properties": {"hrlimit": "2", "regulation": "Time limited", "to_time": "8pm", "rpparea1": "Q", "analysis_neighborhood": "Hayes Valley", "days": "M-F", "from_time": "9am", "exceptions": "Yes. RPP holders are exempt from time limits.", "hours": "900-2000"}}, {"type": "Feature", "geometry": {"type": "MultiLineString", "coordinates": [[[-122.440676324, 37.781374237], [-122.439280919, 37.781552621]]]}, "properties": {"hrlimit": "2", "regulation": "Time limited", "to_time": "6pm", "rpparea1": "P", "analysis_neighborhood": "Western Addition", "days": "M-F", "from_time": "8am", "exceptions": "Yes. RPP holders are exempt from time limits.", "hours": "800-1800"}}, {"type": "Feature", "geometry": {"type": "MultiLineString", "coordinates": [[[-122.432758317, 37.775538968], [-122.432610753, 37.774806761]]]}, "properties": {"hrlimit": "2", "regulation": "Time limited", "to_time": "8pm", "rpparea1": "Q", "analysis_neighborhood": "Hayes Valley", "days": "M-F", "from_time": "9am", "exceptions": "Yes. RPP holders are exempt from time limits.", "hours": "900-2000"}}, {"type": "Feature", "geometry": {"type": "MultiLineString", "coordinates": [[[-122.449213456, 37.773486356], [-122.4478019, 37.773665874]]]}, "properties": {"hrlimit": "2", "regulation": "Time limited", "to_time": "6pm", "rpparea1": "L", "analysis_neighborhood": "Lone Mountain/USF", "days": "M-F", "from_time": "8am", "exceptions": "Yes. RPP holders are exempt from time limits.", "hours": "800-1800"}}, {"type": "Feature", "geometry": {"type": "MultiLineString", "coordinates": [[[-122.439571389, 37.775628909], [-122.439420795, 37.774888653]]]}, "properties": {"hrlimit": "2", "regulation": "Time limited", "to_time": "6pm", "rpparea1": "Q", "analysis_neighborhood": "Hayes Valley", "days": "M-F", "from_time": "8am", "exceptions": "Yes. RPP holders are exempt from time limits.", "hours": "800-1800"}}, {"type": "Feature", "geometry": {"type": "MultiLineString", "coordinates": [[[-122.431783142, 37.770026061], [-122.43187357, 37.770474823]]]}, "properties": {"hrlimit": "2", "regulation": "Time limited", "to_time": "9pm", "rpparea1": "S", "analysis_neighborhood": "Haight Ashbury", "days": "M-F", "from_time": "8am", "exceptions": "Yes. RPP holders are exempt from time limits.", "hours": "800-2100"}}, {"type": "Feature", "geometry": {"type": "MultiLineString", "coordinates": [[[-122.438589647, 37.766365142], [-122.438447941, 37.766670472]]]}, "properties": {"hrlimit": "2", "regulation": "Time limited", "to_time": "9pm", "rpparea1": "S", "analysis_neighborhood": "Castro/Upper Market", "days": "M-F", "from_time": "8am", "exceptions": "Yes. RPP holders are exempt from time limits.", "hours": "800-2100"}}, {"type": "Feature", "geometry": {"type": "MultiLineString", "coordinates": [[[-122.440275215, 37.762757213], [-122.440227149, 37.762262022]]]}, "properties": {"hrlimit": "2", "regulation": "Time limited", "to_time": "9pm", "rpparea1": "S", "analysis_neighborhood": "Castro/Upper Market", "days": "M-F", "from_time": "8am", "exceptions": "Yes. RPP holders are exempt from time limits.", "hours": "800-2100"}}, {"type": "Feature", "geometry": {"type": "MultiLineString", "coordinates": [[[-122.431857257, 37.771067643], [-122.431917619, 37.771399993]]]}, "properties": {"hrlimit": "2", "regulation": "Time limited", "to_time": "9pm", "rpparea1": "S", "analysis_neighborhood": "Hayes Valley", "days": "M-F", "from_time": "8am", "exceptions": "Yes. RPP holders are exempt from time limits.", "hours": "800-2100"}}, {"type": "Feature", "geometry": {"type": "MultiLineString", "coordinates": [[[-122.458817591, 37.765395261], [-122.458868529, 37.766125464]]]}, "properties": {"hrlimit": "2", "regulation": "Time limited", "to_time": "6pm", "rpparea1": "J", "analysis_neighborhood": "Inner Sunset", "days": "M-F", "from_time": "8am", "exceptions": "Yes. RPP holders are exempt from time limits.", "hours": "800-1800"}}, {"type": "Feature", "geometry": {"type": "MultiLineString", "coordinates": [[[-122.440044312, 37.761829162], [-122.439616521, 37.762067303], [-122.439578836, 37.762102956]]]}, "properties": {"hrlimit": "2", "regulation": "Time limited", "to_time": "9pm", "rpparea1": "S", "analysis_neighborhood": "Castro/Upper Market", "days": "M-F", "from_time": "8am", "exceptions": "Yes. RPP holders are exempt from time limits.", "hours": "800-2100"}}, {"type": "Feature", "geometry": {"type": "MultiLineString", "coordinates": [[[-122.451824655, 37.76143957], [-122.450687251, 37.761506525]]]}, "properties": {"hrlimit": "2", "regulation": "Time limited", "to_time": "5pm", "rpparea1": "J", "analysis_neighborhood": "Inner Sunset", "days": "M-F", "from_time": "8am", "exceptions": "Yes. RPP holders are exempt from time limits.", "hours": "800-1700"}}, {"type": "Feature", "geometry": {"type": "MultiLineString", "coordinates": [[[-122.440907289, 37.760969056], [-122.440883827, 37.760728008]]]}, "properties": {"hrlimit": "2", "regulation": "Time limited", "to_time": "9pm", "rpparea1": "S", "analysis_neighborhood": "Castro/Upper Market", "days": "M-F", "from_time": "8am", "exceptions": "Yes. RPP holders are exempt from time limits.", "hours": "800-2100"}}, {"type": "Feature", "geometry": {"type": "MultiLineString", "coordinates": [[[-122.437483209, 37.768953194], [-122.437349201, 37.768353204], [-122.437337032, 37.768230897], [-122.437252883, 37.767339691]]]}, "properties": {"hrlimit": "2", "regulation": "Time limited", "to_time": "9pm", "rpparea1": "S", "analysis_neighborhood": "Castro/Upper Market", "days": "M-F", "from_time": "8am", "exceptions": "Yes. RPP holders are exempt from time limits.", "hours": "800-2100"}}, {"type": "Feature", "geometry": {"type": "LineString", "coordinates": [[-122.457996159, 37.766881853], [-122.458199374, 37.767298149]]}, "properties": {"hrlimit": "0", "regulation": "No oversized vehicles", "to_time": "6am", "rpparea1": null, "analysis_neighborhood": "Golden Gate Park", "days": "M-Su", "from_time": "12am", "exceptions": "Yes. Typical passenger vehicles are exempt.", "hours": "2400-600", "nearMeter": false}}, {"type": "Feature", "geometry": {"type": "LineString", "coordinates": [[-122.458178108, 37.771106385], [-122.456733224, 37.770905288]]}, "properties": {"hrlimit": "3", "regulation": "Time limited", "to_time": "6pm", "rpparea1": null, "analysis_neighborhood": "Golden Gate Park", "days": "M-F", "from_time": "7am", "exceptions": "None. Regulation applies to all vehicles.", "hours": "700-1800", "nearMeter": false}}, {"type": "Feature", "geometry": {"type": "MultiLineString", "coordinates": [[[-122.435656047, 37.769097922], [-122.435036207, 37.769141138]]]}, "properties": {"hrlimit": "2", "regulation": "Time limited", "to_time": "9pm", "rpparea1": "S", "analysis_neighborhood": "Haight Ashbury", "days": "M-F", "from_time": "8am", "exceptions": "Yes. RPP holders are exempt from time limits.", "hours": "800-2100"}}, {"type": "Feature", "geometry": {"type": "MultiLineString", "coordinates": [[[-122.443336933, 37.765205506], [-122.443315198, 37.7651672], [-122.44330913, 37.765123741], [-122.443313798, 37.765010743], [-122.443325013, 37.764739272], [-122.44332652, 37.764668099], [-122.443300593, 37.764581209], [-122.443286089, 37.764536328]]]}, "properties": {"hrlimit": "2", "regulation": "Time limited", "to_time": "9pm", "rpparea1": "S", "analysis_neighborhood": "Castro/Upper Market", "days": "M-F", "from_time": "8am", "exceptions": "Yes. RPP holders are exempt from time limits.", "hours": "800-2100"}}, {"type": "Feature", "geometry": {"type": "MultiLineString", "coordinates": [[[-122.443031162, 37.776306724], [-122.441669285, 37.776479778]]]}, "properties": {"hrlimit": "2", "regulation": "Time limited", "to_time": "6pm", "rpparea1": "P", "analysis_neighborhood": "Lone Mountain/USF", "days": "M-F", "from_time": "8am", "exceptions": "Yes. RPP holders are exempt from time limits.", "hours": "800-1800"}}, {"type": "Feature", "geometry": {"type": "LineString", "coordinates": [[-122.453776623, 37.771151109], [-122.4533943, 37.771197528]]}, "properties": {"hrlimit": "0", "regulation": "No oversized vehicles", "to_time": "6am", "rpparea1": null, "analysis_neighborhood": "Golden Gate Park", "days": "M-Su", "from_time": "12am", "exceptions": "Yes. Typical passenger vehicles are exempt.", "hours": "2400-600", "nearMeter": false}}, {"type": "Feature", "geometry": {"type": "MultiLineString", "coordinates": [[[-122.435121869, 37.769838001], [-122.43499042, 37.769190477]]]}, "properties": {"hrlimit": "2", "regulation": "Time limited", "to_time": "9pm", "rpparea1": "S", "analysis_neighborhood": "Haight Ashbury", "days": "M-F", "from_time": "8am", "exceptions": "Yes. RPP holders are exempt from time limits.", "hours": "800-2100"}}, {"type": "Feature", "geometry": {"type": "MultiLineString", "coordinates": [[[-122.432646779, 37.760320595], [-122.432705208, 37.760929764]]]}, "properties": {"hrlimit": "2", "regulation": "Time limited", "to_time": "9pm", "rpparea1": "S", "analysis_neighborhood": "Castro/Upper Market", "days": "M-F", "from_time": "8am", "exceptions": "Yes. RPP holders are exempt from time limits.", "hours": "800-2100"}}, {"type": "Feature", "geometry": {"type": "MultiLineString", "coordinates": [[[-122.448680987, 37.770636879], [-122.44858861, 37.770181086]]]}, "properties": {"hrlimit": "2", "regulation": "Time limited", "to_time": "7pm", "rpparea1": "J", "analysis_neighborhood": "Haight Ashbury", "days": "M-F", "from_time": "7am", "exceptions": "Yes. RPP holders are exempt from time limits.", "hours": "700-1900"}}, {"type": "Feature", "geometry": {"type": "MultiLineString", "coordinates": [[[-122.430717199, 37.761848191], [-122.430659802, 37.761249626]]]}, "properties": {"hrlimit": "2", "regulation": "Time limited", "to_time": "9pm", "rpparea1": "S", "analysis_neighborhood": "Castro/Upper Market", "days": "M-F", "from_time": "8am", "exceptions": "Yes. RPP holders are exempt from time limits.", "hours": "800-2100"}}, {"type": "Feature", "geometry": {"type": "MultiLineString", "coordinates": [[[-122.440059595, 37.762135329], [-122.439730438, 37.762155169]]]}, "properties": {"hrlimit": "2", "regulation": "Time limited", "to_time": "9pm", "rpparea1": "S", "analysis_neighborhood": "Castro/Upper Market", "days": "M-F", "from_time": "8am", "exceptions": "Yes. RPP holders are exempt from time limits.", "hours": "800-2100"}}, {"type": "Feature", "geometry": {"type": "MultiLineString", "coordinates": [[[-122.436587632, 37.764899838], [-122.435563188, 37.764959601]]]}, "properties": {"hrlimit": "2", "regulation": "Time limited", "to_time": "9pm", "rpparea1": "S", "analysis_neighborhood": "Castro/Upper Market", "days": "M-F", "from_time": "8am", "exceptions": "Yes. RPP holders are exempt from time limits.", "hours": "800-2100"}}, {"type": "Feature", "geometry": {"type": "MultiLineString", "coordinates": [[[-122.432301073, 37.764174452], [-122.432167118, 37.762777826]]]}, "properties": {"hrlimit": "2", "regulation": "Time limited", "to_time": "9pm", "rpparea1": "S", "analysis_neighborhood": "Castro/Upper Market", "days": "M-F", "from_time": "8am", "exceptions": "Yes. RPP holders are exempt from time limits.", "hours": "800-2100"}}, {"type": "Feature", "geometry": {"type": "MultiLineString", "coordinates": [[[-122.436857311, 37.765729724], [-122.436468032, 37.765623522], [-122.435632507, 37.765672269]]]}, "properties": {"hrlimit": "2", "regulation": "Time limited", "to_time": "9pm", "rpparea1": "S", "analysis_neighborhood": "Castro/Upper Market", "days": "M-F", "from_time": "8am", "exceptions": "Yes. RPP holders are exempt from time limits.", "hours": "800-2100"}}, {"type": "Feature", "geometry": {"type": "MultiLineString", "coordinates": [[[-122.438088426, 37.76711394], [-122.43744295, 37.767159085]]]}, "properties": {"hrlimit": "2", "regulation": "Time limited", "to_time": "9pm", "rpparea1": "S", "analysis_neighborhood": "Castro/Upper Market", "days": "M-F", "from_time": "8am", "exceptions": "Yes. RPP holders are exempt from time limits.", "hours": "800-2100"}}, {"type": "Feature", "geometry": {"type": "MultiLineString", "coordinates": [[[-122.437044028, 37.765894189], [-122.436437369, 37.765721555], [-122.435591226, 37.765769882]]]}, "properties": {"hrlimit": "2", "regulation": "Time limited", "to_time": "9pm", "rpparea1": "S", "analysis_neighborhood": "Castro/Upper Market", "days": "M-F", "from_time": "8am", "exceptions": "Yes. RPP holders are exempt from time limits.", "hours": "800-2100"}}, {"type": "Feature", "geometry": {"type": "MultiLineString", "coordinates": [[[-122.454866676, 37.76318979], [-122.454168557, 37.762824063]]]}, "properties": {"hrlimit": "2", "regulation": "Time limited", "to_time": "5pm", "rpparea1": "J", "analysis_neighborhood": "Inner Sunset", "days": "M-F", "from_time": "8am", "exceptions": "Yes. RPP holders are exempt from time limits.", "hours": "800-1700"}}, {"type": "Feature", "geometry": {"type": "MultiLineString", "coordinates": [[[-122.433297739, 37.778490287], [-122.43189663, 37.778668874]]]}, "properties": {"hrlimit": "2", "regulation": "Time limited", "to_time": "8pm", "rpparea1": "Q", "analysis_neighborhood": "Western Addition", "days": "M-F", "from_time": "9am", "exceptions": "Yes. RPP holders are exempt from time limits.", "hours": "900-2000"}}, {"type": "Feature", "geometry": {"type": "MultiLineString", "coordinates": [[[-122.439383112, 37.774703969], [-122.439230876, 37.77395508]]]}, "properties": {"hrlimit": "2", "regulation": "Time limited", "to_time": "6pm", "rpparea1": "Q", "analysis_neighborhood": "Hayes Valley", "days": "M-F", "from_time": "8am", "exceptions": "Yes. RPP holders are exempt from time limits.", "hours": "800-1800"}}, {"type": "Feature", "geometry": {"type": "MultiLineString", "coordinates": [[[-122.430913064, 37.774806156], [-122.430807889, 37.774283088]]]}, "properties": {"hrlimit": "2", "regulation": "Time limited", "to_time": "8pm", "rpparea1": "Q", "analysis_neighborhood": "Hayes Valley", "days": "M-F", "from_time": "9am", "exceptions": "Yes. RPP holders are exempt from time limits.", "hours": "0900-2000"}}, {"type": "Feature", "geometry": {"type": "MultiLineString", "coordinates": [[[-122.452805641, 37.765340711], [-122.452655278, 37.764598321]]]}, "properties": {"hrlimit": "2", "regulation": "Time limited", "to_time": "5pm", "rpparea1": "J", "analysis_neighborhood": "Inner Sunset", "days": "M-F", "from_time": "8am", "exceptions": "Yes. RPP holders are exempt from time limits.", "hours": "800-1700"}}, {"type": "Feature", "geometry": {"type": "MultiLineString", "coordinates": [[[-122.450449138, 37.760667259], [-122.450310864, 37.760015483], [-122.449506501, 37.759687496]]]}, "properties": {"hrlimit": "2", "regulation": "Time limited", "to_time": "6pm", "rpparea1": "J", "analysis_neighborhood": "Inner Sunset", "days": "M-F", "from_time": "8am", "exceptions": "Yes. RPP holders are exempt from time limits.", "hours": "800-1800"}}, {"type": "Feature", "geometry": {"type": "MultiLineString", "coordinates": [[[-122.437842166, 37.770117171], [-122.437640466, 37.769114178]]]}, "properties": {"hrlimit": "2", "regulation": "Time limited", "to_time": "9pm", "rpparea1": "S", "analysis_neighborhood": "Haight Ashbury", "days": "M-F", "from_time": "8am", "exceptions": "Yes. RPP holders are exempt from time limits.", "hours": "800-2100"}}, {"type": "Feature", "geometry": {"type": "MultiLineString", "coordinates": [[[-122.453069663, 37.776756866], [-122.452858987, 37.775717091]]]}, "properties": {"hrlimit": "4", "regulation": "Time limited", "to_time": "6pm", "rpparea1": "L", "analysis_neighborhood": "Lone Mountain/USF", "days": "M-F", "from_time": "8am", "exceptions": "Yes. RPP holders are exempt from time limits.", "hours": "800-1800"}}, {"type": "Feature", "geometry": {"type": "MultiLineString", "coordinates": [[[-122.45321381, 37.777745907], [-122.452522512, 37.77783436]]]}, "properties": {"hrlimit": "2", "regulation": "Time limited", "to_time": "8pm", "rpparea1": "BB", "analysis_neighborhood": "Lone Mountain/USF", "days": "M-F", "from_time": "8am", "exceptions": "Yes. RPP holders are exempt from time limits.", "hours": "800-2000"}}, {"type": "Feature", "geometry": {"type": "MultiLineString", "coordinates": [[[-122.459608912, 37.777504298], [-122.458960494, 37.777526537], [-122.458678943, 37.777427295]]]}, "properties": {"hrlimit": "2", "regulation": "Time limited", "to_time": "6pm", "rpparea1": "L", "analysis_neighborhood": "Inner Richmond", "days": "M-F", "from_time": "8am", "exceptions": "Yes. RPP holders are exempt from time limits.", "hours": "800-1800"}}, {"type": "Feature", "geometry": {"type": "MultiLineString", "coordinates": [[[-122.449668858, 37.778388682], [-122.44904466, 37.778468542]]]}, "properties": {"hrlimit": "4", "regulation": "Time limited", "to_time": "6pm", "rpparea1": "L", "analysis_neighborhood": "Lone Mountain/USF", "days": "M-F", "from_time": "8am", "exceptions": "Yes. RPP holders are exempt from time limits.", "hours": "800-1800"}}, {"type": "Feature", "geometry": {"type": "MultiLineString", "coordinates": [[[-122.442155521, 37.781393289], [-122.44206387, 37.781196055], [-122.441957236, 37.780916166], [-122.441911441, 37.78076812], [-122.44184989, 37.780517793], [-122.44182079, 37.780358199], [-122.441793172, 37.780132966], [-122.441785155, 37.780019486], [-122.441782901, 37.779976454]]]}, "properties": {"hrlimit": "2", "regulation": "Time limited", "to_time": "6pm", "rpparea1": "P", "analysis_neighborhood": "Lone Mountain/USF", "days": "M-F", "from_time": "8am", "exceptions": "Yes. RPP holders are exempt from time limits.", "hours": "800-1800"}}, {"type": "Feature", "geometry": {"type": "MultiLineString", "coordinates": [[[-122.443189108, 37.777127281], [-122.441836326, 37.777299245]]]}, "properties": {"hrlimit": "2", "regulation": "Time limited", "to_time": "6pm", "rpparea1": "P", "analysis_neighborhood": "Lone Mountain/USF", "days": "M-F", "from_time": "8am", "exceptions": "Yes. RPP holders are exempt from time limits.", "hours": "800-1800"}}, {"type": "Feature", "geometry": {"type": "MultiLineString", "coordinates": [[[-122.445691703, 37.78119082], [-122.445615136, 37.780928549], [-122.445594906, 37.780863406]]]}, "properties": {"hrlimit": "2", "regulation": "Time limited", "to_time": "6pm", "rpparea1": "P", "analysis_neighborhood": "Lone Mountain/USF", "days": "M-F", "from_time": "8am", "exceptions": "Yes. RPP holders are exempt from time limits.", "hours": "800-1800"}}, {"type": "Feature", "geometry": {"type": "MultiLineString", "coordinates": [[[-122.439927693, 37.777649617], [-122.438545197, 37.777825318]]]}, "properties": {"hrlimit": "4", "regulation": "Time limited", "to_time": "6pm", "rpparea1": "P", "analysis_neighborhood": "Western Addition", "days": "M-F", "from_time": "8am", "exceptions": "Yes. RPP holders are exempt from time limits.", "hours": "800-1800"}}, {"type": "Feature", "geometry": {"type": "MultiLineString", "coordinates": [[[-122.433976724, 37.773498939], [-122.432579729, 37.773676876]]]}, "properties": {"hrlimit": "2", "regulation": "Time limited", "to_time": "8pm", "rpparea1": "Q", "analysis_neighborhood": "Haight Ashbury", "days": "M-F", "from_time": "9am", "exceptions": "Yes. RPP holders are exempt from time limits.", "hours": "900-2000"}}, {"type": "Feature", "geometry": {"type": "MultiLineString", "coordinates": [[[-122.435810686, 37.773236571], [-122.435661657, 37.772501939]]]}, "properties": {"hrlimit": "2", "regulation": "Time limited", "to_time": "8pm", "rpparea1": "Q", "analysis_neighborhood": "Haight Ashbury", "days": "M-F", "from_time": "9am", "exceptions": "Yes. RPP holders are exempt from time limits.", "hours": "900-2000"}}, {"type": "Feature", "geometry": {"type": "MultiLineString", "coordinates": [[[-122.440954557, 37.761207507], [-122.440991523, 37.761587292]]]}, "properties": {"hrlimit": "2", "regulation": "Time limited", "to_time": "5pm", "rpparea1": "S", "analysis_neighborhood": "Castro/Upper Market", "days": "M-F", "from_time": "8am", "exceptions": "Yes. RPP holders are exempt from time limits.", "hours": "800-1700"}}, {"type": "Feature", "geometry": {"type": "MultiLineString", "coordinates": [[[-122.442755101, 37.765897925], [-122.443102502, 37.76618346], [-122.443164368, 37.766378576], [-122.443625984, 37.766697424], [-122.443759233, 37.766849709]]]}, "properties": {"hrlimit": "2", "regulation": "Time limited", "to_time": "9pm", "rpparea1": "S", "analysis_neighborhood": "Haight Ashbury", "days": "M-F", "from_time": "8am", "exceptions": "Yes. RPP holders are exempt from time limits.", "hours": "800-2100"}}, {"type": "Feature", "geometry": {"type": "MultiLineString", "coordinates": [[[-122.439214884, 37.760689325], [-122.438416999, 37.760738788]]]}, "properties": {"hrlimit": "2", "regulation": "Time limited", "to_time": "9pm", "rpparea1": "S", "analysis_neighborhood": "Castro/Upper Market", "days": "M-F", "from_time": "8am", "exceptions": "Yes. RPP holders are exempt from time limits.", "hours": "800-2100"}}, {"type": "Feature", "geometry": {"type": "MultiLineString", "coordinates": [[[-122.450674207, 37.778260049], [-122.44989968, 37.778359149]]]}, "properties": {"hrlimit": "4", "regulation": "Time limited", "to_time": "6pm", "rpparea1": "L", "analysis_neighborhood": "Lone Mountain/USF", "days": "M-F", "from_time": "8am", "exceptions": "Yes. RPP holders are exempt from time limits.", "hours": "800-1800"}}, {"type": "Feature", "geometry": {"type": "MultiLineString", "coordinates": [[[-122.449377618, 37.774423707], [-122.447974205, 37.774601647]]]}, "properties": {"hrlimit": "2", "regulation": "Time limited", "to_time": "6pm", "rpparea1": "L", "analysis_neighborhood": "Lone Mountain/USF", "days": "M-F", "from_time": "8am", "exceptions": "Yes. RPP holders are exempt from time limits.", "hours": "800-1800"}}, {"type": "Feature", "geometry": {"type": "MultiLineString", "coordinates": [[[-122.433271112, 37.777391087], [-122.433260381, 37.777360513], [-122.43309522, 37.776544217]]]}, "properties": {"hrlimit": "2", "regulation": "Time limited", "to_time": "8pm", "rpparea1": "Q", "analysis_neighborhood": "Hayes Valley", "days": "M-F", "from_time": "9am", "exceptions": "Yes. RPP holders are exempt from time limits.", "hours": "900-2000"}}, {"type": "Feature", "geometry": {"type": "MultiLineString", "coordinates": [[[-122.448441441, 37.769454915], [-122.448346794, 37.7689879]]]}, "properties": {"hrlimit": "2", "regulation": "Time limited", "to_time": "7pm", "rpparea1": "J", "analysis_neighborhood": "Haight Ashbury", "days": "M-F", "from_time": "7am", "exceptions": "Yes. RPP holders are exempt from time limits.", "hours": "700-1900"}}, {"type": "Feature", "geometry": {"type": "MultiLineString", "coordinates": [[[-122.439557459, 37.775783586], [-122.438671609, 37.775896216]]]}, "properties": {"hrlimit": "2", "regulation": "Time limited", "to_time": "8pm", "rpparea1": "Q", "analysis_neighborhood": "Hayes Valley", "days": "M-F", "from_time": "9am", "exceptions": "Yes. RPP holders are exempt from time limits.", "hours": "900-2000"}}, {"type": "Feature", "geometry": {"type": "MultiLineString", "coordinates": [[[-122.437919447, 37.760766404], [-122.437329773, 37.760802954]]]}, "properties": {"hrlimit": "2", "regulation": "Time limited", "to_time": "9pm", "rpparea1": "S", "analysis_neighborhood": "Castro/Upper Market", "days": "M-F", "from_time": "8am", "exceptions": "Yes. RPP holders are exempt from time limits.", "hours": "800-2100"}}, {"type": "Feature", "geometry": {"type": "MultiLineString", "coordinates": [[[-122.433165305, 37.766630746], [-122.431262897, 37.766745854]]]}, "properties": {"hrlimit": "2", "regulation": "Time limited", "to_time": "9pm", "rpparea1": "S", "analysis_neighborhood": "Castro/Upper Market", "days": "M-F", "from_time": "8am", "exceptions": "Yes. RPP holders are exempt from time limits.", "hours": "800-2100"}}, {"type": "Feature", "geometry": {"type": "MultiLineString", "coordinates": [[[-122.433855731, 37.761054563], [-122.433990098, 37.762470094]]]}, "properties": {"hrlimit": "2", "regulation": "Time limited", "to_time": "9pm", "rpparea1": "S", "analysis_neighborhood": "Castro/Upper Market", "days": "M-F", "from_time": "8am", "exceptions": "Yes. RPP holders are exempt from time limits.", "hours": "800-2100"}}, {"type": "Feature", "geometry": {"type": "MultiLineString", "coordinates": [[[-122.444007812, 37.772386218], [-122.44241677, 37.772592984]]]}, "properties": {"hrlimit": "2", "regulation": "Time limited", "to_time": "6pm", "rpparea1": "Q", "analysis_neighborhood": "Golden Gate Park", "days": "M-F", "from_time": "8am", "exceptions": "Yes. RPP holders are exempt from time limits.", "hours": "800-1800"}}, {"type": "Feature", "geometry": {"type": "MultiLineString", "coordinates": [[[-122.431629261, 37.777582227], [-122.431483627, 37.776862368]]]}, "properties": {"hrlimit": "2", "regulation": "Time limited", "to_time": "8pm", "rpparea1": "Q", "analysis_neighborhood": "Hayes Valley", "days": "M-F", "from_time": "9am", "exceptions": "Yes. RPP holders are exempt from time limits.", "hours": "900-2000"}}, {"type": "Feature", "geometry": {"type": "MultiLineString", "coordinates": [[[-122.436034901, 37.775132675], [-122.435885132, 37.774385683]]]}, "properties": {"hrlimit": "2", "regulation": "Time limited", "to_time": "8pm", "rpparea1": "Q", "analysis_neighborhood": "Hayes Valley", "days": "M-F", "from_time": "9am", "exceptions": "Yes. RPP holders are exempt from time limits.", "hours": "900-2000"}}, {"type": "Feature", "geometry": {"type": "MultiLineString", "coordinates": [[[-122.429935581, 37.770206617], [-122.429352423, 37.770280494]]]}, "properties": {"hrlimit": "2", "regulation": "Time limited", "to_time": "9pm", "rpparea1": "S", "analysis_neighborhood": "Hayes Valley", "days": "M-F", "from_time": "8am", "exceptions": "Yes. RPP holders are exempt from time limits.", "hours": "800-2100"}}, {"type": "Feature", "geometry": {"type": "MultiLineString", "coordinates": [[[-122.431875004, 37.770481935], [-122.431955203, 37.77087229]]]}, "properties": {"hrlimit": "2", "regulation": "Time limited", "to_time": "9pm", "rpparea1": "S", "analysis_neighborhood": "Haight Ashbury", "days": "M-F", "from_time": "8am", "exceptions": "Yes. RPP holders are exempt from time limits.", "hours": "800-2100"}}, {"type": "Feature", "geometry": {"type": "MultiLineString", "coordinates": [[[-122.450611106, 37.761463757], [-122.450446888, 37.760656196]]]}, "properties": {"hrlimit": "2", "regulation": "Time limited", "to_time": "6pm", "rpparea1": "J", "analysis_neighborhood": "Inner Sunset", "days": "M-F", "from_time": "8am", "exceptions": "Yes. RPP holders are exempt from time limits.", "hours": "800-1800"}}, {"type": "Feature", "geometry": {"type": "MultiLineString", "coordinates": [[[-122.432355498, 37.769184517], [-122.431574836, 37.769237018]]]}, "properties": {"hrlimit": "2", "regulation": "Time limited", "to_time": "9pm", "rpparea1": "S", "analysis_neighborhood": "Castro/Upper Market", "days": "M-F", "from_time": "8am", "exceptions": "Yes. RPP holders are exempt from time limits.", "hours": "800-2100"}}, {"type": "Feature", "geometry": {"type": "MultiLineString", "coordinates": [[[-122.458347908, 37.776155945], [-122.456783113, 37.776350093]]]}, "properties": {"hrlimit": "2", "regulation": "Time limited", "to_time": "6pm", "rpparea1": "L", "analysis_neighborhood": "Lone Mountain/USF", "days": "M-F", "from_time": "8am", "exceptions": "Yes. RPP holders are exempt from time limits.", "hours": "800-1800"}}, {"type": "Feature", "geometry": {"type": "MultiLineString", "coordinates": [[[-122.454893333, 37.780180826], [-122.45403378, 37.780294847]]]}, "properties": {"hrlimit": "2", "regulation": "Time limited", "to_time": "6pm", "rpparea1": "L", "analysis_neighborhood": "Lone Mountain/USF", "days": "M-F", "from_time": "8am", "exceptions": "Yes. RPP holders are exempt from time limits.", "hours": "800-1800"}}, {"type": "Feature", "geometry": {"type": "MultiLineString", "coordinates": [[[-122.443605166, 37.778940705], [-122.443460684, 37.778198629]]]}, "properties": {"hrlimit": "2", "regulation": "Time limited", "to_time": "6pm", "rpparea1": "P", "analysis_neighborhood": "Lone Mountain/USF", "days": "M-F", "from_time": "8am", "exceptions": "Yes. RPP holders are exempt from time limits.", "hours": "800-1800"}}, {"type": "Feature", "geometry": {"type": "MultiLineString", "coordinates": [[[-122.445378536, 37.780176623], [-122.445344353, 37.779769833], [-122.445303722, 37.779509192], [-122.445286576, 37.779454784]]]}, "properties": {"hrlimit": "2", "regulation": "Time limited", "to_time": "6pm", "rpparea1": "P", "analysis_neighborhood": "Lone Mountain/USF", "days": "M-F", "from_time": "8am", "exceptions": "Yes. RPP holders are exempt from time limits.", "hours": "800-1800"}}, {"type": "Feature", "geometry": {"type": "MultiLineString", "coordinates": [[[-122.441374559, 37.781096802], [-122.441202461, 37.780245845]]]}, "properties": {"hrlimit": "2", "regulation": "Time limited", "to_time": "6pm", "rpparea1": "P", "analysis_neighborhood": "Lone Mountain/USF", "days": "M-F", "from_time": "8am", "exceptions": "Yes. RPP holders are exempt from time limits.", "hours": "800-1800"}}, {"type": "Feature", "geometry": {"type": "MultiLineString", "coordinates": [[[-122.439386443, 37.782339742], [-122.439278998, 37.781803462]]]}, "properties": {"hrlimit": "2", "regulation": "Time limited", "to_time": "6pm", "rpparea1": "P", "analysis_neighborhood": "Western Addition", "days": "M-F", "from_time": "8am", "exceptions": "Yes. RPP holders are exempt from time limits.", "hours": "800-1800"}}, {"type": "Feature", "geometry": {"type": "LineString", "coordinates": [[-122.449128464, 37.772509679], [-122.447479398, 37.772720809]]}, "properties": {"hrlimit": "0", "regulation": "No oversized vehicles", "to_time": "6am", "rpparea1": null, "analysis_neighborhood": "Golden Gate Park", "days": "M-Su", "from_time": "12am", "exceptions": "Yes. Typical passenger vehicles are exempt.", "hours": "2400-600", "nearMeter": false}}, {"type": "Feature", "geometry": {"type": "MultiLineString", "coordinates": [[[-122.436271758, 37.781819646], [-122.435900944, 37.781866919]]]}, "properties": {"hrlimit": "2", "regulation": "Time limited", "to_time": "6pm", "rpparea1": "P", "analysis_neighborhood": "Western Addition", "days": "M-F", "from_time": "8am", "exceptions": "Yes. RPP holders are exempt from time limits.", "hours": "800-1800"}}, {"type": "Feature", "geometry": {"type": "MultiLineString", "coordinates": [[[-122.448111202, 37.775485677], [-122.44796196, 37.774737407]]]}, "properties": {"hrlimit": "2", "regulation": "Time limited", "to_time": "6pm", "rpparea1": "L", "analysis_neighborhood": "Lone Mountain/USF", "days": "M-F", "from_time": "8am", "exceptions": "Yes. RPP holders are exempt from time limits.", "hours": "800-1800"}}, {"type": "Feature", "geometry": {"type": "MultiLineString", "coordinates": [[[-122.432174153, 37.772896574], [-122.430777212, 37.773074294]]]}, "properties": {"hrlimit": "2", "regulation": "Time limited", "to_time": "8pm", "rpparea1": "Q", "analysis_neighborhood": "Hayes Valley", "days": "M-F", "from_time": "9am", "exceptions": "Yes. RPP holders are exempt from time limits.", "hours": "900-2000"}}, {"type": "Feature", "geometry": {"type": "MultiLineString", "coordinates": [[[-122.449567699, 37.775337134], [-122.448194043, 37.775511833]]]}, "properties": {"hrlimit": "2", "regulation": "Time limited", "to_time": "6pm", "rpparea1": "L", "analysis_neighborhood": "Lone Mountain/USF", "days": "M-F", "from_time": "8am", "exceptions": "Yes. RPP holders are exempt from time limits.", "hours": "800-1800"}}, {"type": "Feature", "geometry": {"type": "MultiLineString", "coordinates": [[[-122.452325026, 37.772245585], [-122.45090684, 37.772426816]]]}, "properties": {"hrlimit": "2", "regulation": "Time limited", "to_time": "6pm", "rpparea1": "L", "analysis_neighborhood": "Lone Mountain/USF", "days": "M-F", "from_time": "8am", "exceptions": "Yes. RPP holders are exempt from time limits.", "hours": "800-1800"}}, {"type": "Feature", "geometry": {"type": "MultiLineString", "coordinates": [[[-122.443372632, 37.778045185], [-122.44202983, 37.778215881]]]}, "properties": {"hrlimit": "2", "regulation": "Time limited", "to_time": "6pm", "rpparea1": "P", "analysis_neighborhood": "Lone Mountain/USF", "days": "M-F", "from_time": "8am", "exceptions": "Yes. RPP holders are exempt from time limits.", "hours": "800-1800"}}, {"type": "Feature", "geometry": {"type": "MultiLineString", "coordinates": [[[-122.446701667, 37.777757523], [-122.445298827, 37.777935891]]]}, "properties": {"hrlimit": "2", "regulation": "Time limited", "to_time": "6pm", "rpparea1": "P", "analysis_neighborhood": "Lone Mountain/USF", "days": "M-F", "from_time": "8am", "exceptions": "Yes. RPP holders are exempt from time limits.", "hours": "800-1800"}}, {"type": "Feature", "geometry": {"type": "MultiLineString", "coordinates": [[[-122.432729557, 37.76187584], [-122.430810814, 37.761991497]]]}, "properties": {"hrlimit": "2", "regulation": "Time limited", "to_time": "9pm", "rpparea1": "S", "analysis_neighborhood": "Castro/Upper Market", "days": "M-F", "from_time": "8am", "exceptions": "Yes. RPP holders are exempt from time limits.", "hours": "800-2100"}}, {"type": "Feature", "geometry": {"type": "MultiLineString", "coordinates": [[[-122.440895686, 37.761156185], [-122.44047507, 37.76116152], [-122.440195162, 37.761183192]]]}, "properties": {"hrlimit": "2", "regulation": "Time limited", "to_time": "9pm", "rpparea1": "S", "analysis_neighborhood": "Castro/Upper Market", "days": "M-F", "from_time": "8am", "exceptions": "Yes. RPP holders are exempt from time limits.", "hours": "800-2100"}}, {"type": "Feature", "geometry": {"type": "MultiLineString", "coordinates": [[[-122.448959643, 37.766939515], [-122.448131013, 37.767045185]]]}, "properties": {"hrlimit": "2", "regulation": "Time limited", "to_time": "5pm", "rpparea1": "J", "analysis_neighborhood": "Haight Ashbury", "days": "M-F", "from_time": "8am", "exceptions": "Yes. RPP holders are exempt from time limits.", "hours": "800-1700"}}, {"type": "Feature", "geometry": {"type": "MultiLineString", "coordinates": [[[-122.440108583, 37.77859567], [-122.438709593, 37.77877374]]]}, "properties": {"hrlimit": "2", "regulation": "Time limited", "to_time": "6pm", "rpparea1": "P", "analysis_neighborhood": "Western Addition", "days": "M-F", "from_time": "8am", "exceptions": "Yes. RPP holders are exempt from time limits.", "hours": "800-1800"}}, {"type": "Feature", "geometry": {"type": "MultiLineString", "coordinates": [[[-122.435918637, 37.759336921], [-122.436034028, 37.760551323]]]}, "properties": {"hrlimit": "2", "regulation": "Time limited", "to_time": "9pm", "rpparea1": "S", "analysis_neighborhood": "Castro/Upper Market", "days": "M-F", "from_time": "8am", "exceptions": "Yes. RPP holders are exempt from time limits.", "hours": "800-2100"}}, {"type": "Feature", "geometry": {"type": "MultiLineString", "coordinates": [[[-122.451575608, 37.777908803], [-122.451432853, 37.777188662]]]}, "properties": {"hrlimit": "2", "regulation": "Time limited", "to_time": "8pm", "rpparea1": "BB", "analysis_neighborhood": "Lone Mountain/USF", "days": "M-F", "from_time": "8am", "exceptions": "Yes. RPP holders are exempt from time limits.", "hours": "800-2000"}}, {"type": "Feature", "geometry": {"type": "MultiLineString", "coordinates": [[[-122.443557681, 37.778970641], [-122.442205074, 37.779143617]]]}, "properties": {"hrlimit": "2", "regulation": "Time limited", "to_time": "6pm", "rpparea1": "P", "analysis_neighborhood": "Lone Mountain/USF", "days": "M-F", "from_time": "8am", "exceptions": "Yes. RPP holders are exempt from time limits.", "hours": "800-1800"}}, {"type": "Feature", "geometry": {"type": "MultiLineString", "coordinates": [[[-122.439744965, 37.776728446], [-122.438803848, 37.776847544]]]}, "properties": {"hrlimit": "2", "regulation": "Time limited", "to_time": "6pm", "rpparea1": "P", "analysis_neighborhood": "Western Addition", "days": "M-F", "from_time": "8am", "exceptions": "Yes. RPP holders are exempt from time limits.", "hours": "800-1800"}}, {"type": "Feature", "geometry": {"type": "LineString", "coordinates": [[-122.459034152, 37.771215139], [-122.458594964, 37.771145756], [-122.458177422, 37.771098611]]}, "properties": {"hrlimit": "3", "regulation": "Time limited", "to_time": "6pm", "rpparea1": null, "analysis_neighborhood": "Golden Gate Park", "days": "M-F", "from_time": "7am", "exceptions": "None. Regulation applies to all vehicles.", "hours": "700-1800", "nearMeter": false}}, {"type": "Feature", "geometry": {"type": "MultiLineString", "coordinates": [[[-122.433638322, 37.76906003], [-122.433490967, 37.767555467]]]}, "properties": {"hrlimit": "2", "regulation": "Time limited", "to_time": "9pm", "rpparea1": "S", "analysis_neighborhood": "Castro/Upper Market", "days": "M-F", "from_time": "8am", "exceptions": "Yes. RPP holders are exempt from time limits.", "hours": "800-2100"}}, {"type": "Feature", "geometry": {"type": "MultiLineString", "coordinates": [[[-122.430145395, 37.76430783], [-122.430121766, 37.764061398]]]}, "properties": {"hrlimit": "2", "regulation": "Time limited", "to_time": "9pm", "rpparea1": "S", "analysis_neighborhood": "Castro/Upper Market", "days": "M-F", "from_time": "8am", "exceptions": "Yes. RPP holders are exempt from time limits.", "hours": "800-2100"}}, {"type": "Feature", "geometry": {"type": "MultiLineString", "coordinates": [[[-122.436744402, 37.777912329], [-122.436592382, 37.777160373]]]}, "properties": {"hrlimit": "2", "regulation": "Time limited", "to_time": "8pm", "rpparea1": "Q", "analysis_neighborhood": "Western Addition", "days": "M-F", "from_time": "9am", "exceptions": "Yes. RPP holders are exempt from time limits.", "hours": "900-2000"}}, {"type": "Feature", "geometry": {"type": "MultiLineString", "coordinates": [[[-122.4476036, 37.773651239], [-122.447454788, 37.77291621]]]}, "properties": {"hrlimit": "2", "regulation": "Time limited", "to_time": "6pm", "rpparea1": "L", "analysis_neighborhood": "Lone Mountain/USF", "days": "M-F", "from_time": "8am", "exceptions": "Yes. RPP holders are exempt from time limits.", "hours": "800-1800"}}, {"type": "Feature", "geometry": {"type": "MultiLineString", "coordinates": [[[-122.437169112, 37.771355803], [-122.437289963, 37.771951163]]]}, "properties": {"hrlimit": "4", "regulation": "Time limited", "to_time": "9pm", "rpparea1": "S", "analysis_neighborhood": "Haight Ashbury", "days": "M-F", "from_time": "8am", "exceptions": "Yes. RPP holders are exempt from time limits.", "hours": "800-2100"}}, {"type": "Feature", "geometry": {"type": "MultiLineString", "coordinates": [[[-122.439751929, 37.776564214], [-122.439750344, 37.776530672], [-122.439606947, 37.775817003]]]}, "properties": {"hrlimit": "2", "regulation": "Time limited", "to_time": "6pm", "rpparea1": "Q", "analysis_neighborhood": "Hayes Valley", "days": "M-F", "from_time": "8am", "exceptions": "Yes. RPP holders are exempt from time limits.", "hours": "800-1800"}}, {"type": "Feature", "geometry": {"type": "MultiLineString", "coordinates": [[[-122.454110323, 37.764258838], [-122.453609843, 37.764321132]]]}, "properties": {"hrlimit": "2", "regulation": "Time limited", "to_time": "5pm", "rpparea1": "J", "analysis_neighborhood": "Inner Sunset", "days": "M-F", "from_time": "8am", "exceptions": "Yes. RPP holders are exempt from time limits.", "hours": "800-1700"}}, {"type": "Feature", "geometry": {"type": "MultiLineString", "coordinates": [[[-122.430584392, 37.760463206], [-122.430640428, 37.761047587]]]}, "properties": {"hrlimit": "2", "regulation": "Time limited", "to_time": "9pm", "rpparea1": "S", "analysis_neighborhood": "Castro/Upper Market", "days": "M-F", "from_time": "8am", "exceptions": "Yes. RPP holders are exempt from time limits.", "hours": "800-2100"}}, {"type": "Feature", "geometry": {"type": "MultiLineString", "coordinates": [[[-122.447603972, 37.760887857], [-122.446759809, 37.760939748], [-122.446697057, 37.760943049]]]}, "properties": {"hrlimit": "2", "regulation": "Time limited", "to_time": "6pm", "rpparea1": "J", "analysis_neighborhood": "Inner Sunset", "days": "M-F", "from_time": "8am", "exceptions": "Yes. RPP holders are exempt from time limits.", "hours": "800-1800"}}, {"type": "Feature", "geometry": {"type": "MultiLineString", "coordinates": [[[-122.44232976, 37.76210886], [-122.440283822, 37.762232029]]]}, "properties": {"hrlimit": "2", "regulation": "Time limited", "to_time": "9pm", "rpparea1": "S", "analysis_neighborhood": "Castro/Upper Market", "days": "M-F", "from_time": "8am", "exceptions": "Yes. RPP holders are exempt from time limits.", "hours": "800-2100"}}, {"type": "Feature", "geometry": {"type": "MultiLineString", "coordinates": [[[-122.43639965, 37.777152605], [-122.434993294, 37.777331901]]]}, "properties": {"hrlimit": "2", "regulation": "Time limited", "to_time": "8pm", "rpparea1": "Q", "analysis_neighborhood": "Western Addition", "days": "M-F", "from_time": "9am", "exceptions": "Yes. RPP holders are exempt from time limits.", "hours": "900-2000"}}, {"type": "Feature", "geometry": {"type": "MultiLineString", "coordinates": [[[-122.447423003, 37.780015233], [-122.447175174, 37.778717468]]]}, "properties": {"hrlimit": "2", "regulation": "Time limited", "to_time": "6pm", "rpparea1": "L", "analysis_neighborhood": "Lone Mountain/USF", "days": "M-F", "from_time": "8am", "exceptions": "Yes. RPP holders are exempt from time limits.", "hours": "800-1800"}}, {"type": "Feature", "geometry": {"type": "MultiLineString", "coordinates": [[[-122.45036483, 37.777300034], [-122.449672987, 37.77739433]]]}, "properties": {"hrlimit": "2", "regulation": "Time limited", "to_time": "8pm", "rpparea1": "BB", "analysis_neighborhood": "Lone Mountain/USF", "days": "M-F", "from_time": "8am", "exceptions": "Yes. RPP holders are exempt from time limits.", "hours": "800-2000"}}, {"type": "Feature", "geometry": {"type": "MultiLineString", "coordinates": [[[-122.441319183, 37.78362725], [-122.441244197, 37.783257515]]]}, "properties": {"hrlimit": "2", "regulation": "Time limited", "to_time": "6pm", "rpparea1": "G", "analysis_neighborhood": "Japantown", "days": "M-F", "from_time": "8am", "exceptions": "Yes. RPP holders are exempt from time limits.", "hours": "800-1800"}}, {"type": "Feature", "geometry": {"type": "MultiLineString", "coordinates": [[[-122.440449002, 37.779331439], [-122.440303788, 37.778606517]]]}, "properties": {"hrlimit": "2", "regulation": "Time limited", "to_time": "6pm", "rpparea1": "P", "analysis_neighborhood": "Western Addition", "days": "M-F", "from_time": "8am", "exceptions": "Yes. RPP holders are exempt from time limits.", "hours": "800-1800"}}, {"type": "Feature", "geometry": {"type": "MultiLineString", "coordinates": [[[-122.457827358, 37.779616796], [-122.457964654, 37.780312785], [-122.458018203, 37.780366988], [-122.458066966, 37.780430501], [-122.458053814, 37.780495331], [-122.457985582, 37.780542589]]]}, "properties": {"hrlimit": "2", "regulation": "Time limited", "to_time": "6pm", "rpparea1": "L", "analysis_neighborhood": "Lone Mountain/USF", "days": "M-F", "from_time": "8am", "exceptions": "Yes. RPP holders are exempt from time limits.", "hours": "800-1800"}}, {"type": "Feature", "geometry": {"type": "LineString", "coordinates": [[-122.445580996, 37.781372372], [-122.44547781, 37.781387471], [-122.445349631, 37.78140801], [-122.445216858, 37.781438351], [-122.445057058, 37.781489046], [-122.444897472, 37.781557267], [-122.444748272, 37.781631274], [-122.444618967, 37.781689917], [-122.444475498, 37.781749037], [-122.444354925, 37.781794028], [-122.444225331, 37.781837883], [-122.444131624, 37.781862212], [-122.444010965, 37.781893448], [-122.444013092, 37.781892326]]}, "properties": {"hrlimit": "2", "regulation": "Time limited", "to_time": "6pm", "rpparea1": null, "analysis_neighborhood": "Lone Mountain/USF", "days": "M-Sa", "from_time": "7am", "exceptions": "None. Regulation applies to all vehicles.", "hours": "700-1800", "nearMeter": false}}, {"type": "Feature", "geometry": {"type": "MultiLineString", "coordinates": [[[-122.442144434, 37.78158721], [-122.442982831, 37.781512879]]]}, "properties": {"hrlimit": "2", "regulation": "Time limited", "to_time": "6pm", "rpparea1": "P", "analysis_neighborhood": "Lone Mountain/USF", "days": "M-F", "from_time": "8am", "exceptions": "Yes. RPP holders are exempt from time limits.", "hours": "800-1800"}}, {"type": "Feature", "geometry": {"type": "MultiLineString", "coordinates": [[[-122.45518582, 37.78125224], [-122.454974947, 37.780224704]]]}, "properties": {"hrlimit": "2", "regulation": "Time limited", "to_time": "6pm", "rpparea1": "L", "analysis_neighborhood": "Lone Mountain/USF", "days": "M-F", "from_time": "8am", "exceptions": "Yes. RPP holders are exempt from time limits.", "hours": "800-1800"}}, {"type": "Feature", "geometry": {"type": "MultiLineString", "coordinates": [[[-122.444009366, 37.771411886], [-122.445408805, 37.771233739]]]}, "properties": {"hrlimit": "2", "regulation": "Time limited", "to_time": "6pm", "rpparea1": "Q", "analysis_neighborhood": "Haight Ashbury", "days": "M-F", "from_time": "8am", "exceptions": "Yes. RPP holders are exempt from time limits.", "hours": "800-1800"}}, {"type": "Feature", "geometry": {"type": "MultiLineString", "coordinates": [[[-122.439515143, 37.774684834], [-122.439363414, 37.773939001]]]}, "properties": {"hrlimit": "2", "regulation": "Time limited", "to_time": "6pm", "rpparea1": "Q", "analysis_neighborhood": "Hayes Valley", "days": "M-F", "from_time": "8am", "exceptions": "Yes. RPP holders are exempt from time limits.", "hours": "800-1800"}}, {"type": "Feature", "geometry": {"type": "MultiLineString", "coordinates": [[[-122.451971253, 37.770234798], [-122.45186691, 37.769722017]]]}, "properties": {"hrlimit": "2", "regulation": "Time limited", "to_time": "9pm", "rpparea1": "J", "analysis_neighborhood": "Haight Ashbury", "days": "M-Su", "from_time": "7am", "exceptions": "Yes. RPP holders are exempt from time limits.", "hours": "700-2100"}}, {"type": "Feature", "geometry": {"type": "MultiLineString", "coordinates": [[[-122.4446892, 37.762564264], [-122.443864247, 37.763329296]]]}, "properties": {"hrlimit": "2", "regulation": "Time limited", "to_time": "9pm", "rpparea1": "S", "analysis_neighborhood": "Castro/Upper Market", "days": "M-F", "from_time": "8am", "exceptions": "Yes. RPP holders are exempt from time limits.", "hours": "800-2100"}}, {"type": "Feature", "geometry": {"type": "MultiLineString", "coordinates": [[[-122.441170306, 37.765183464], [-122.440771999, 37.764836556], [-122.440746605, 37.764819657], [-122.440659115, 37.764765089], [-122.439122051, 37.764026029]]]}, "properties": {"hrlimit": "2", "regulation": "Time limited", "to_time": "9pm", "rpparea1": "S", "analysis_neighborhood": "Castro/Upper Market", "days": "M-F", "from_time": "8am", "exceptions": "Yes. RPP holders are exempt from time limits.", "hours": "800-2100"}}, {"type": "Feature", "geometry": {"type": "MultiLineString", "coordinates": [[[-122.43467197, 37.77831511], [-122.433531825, 37.778460552]]]}, "properties": {"hrlimit": "2", "regulation": "Time limited", "to_time": "8pm", "rpparea1": "Q", "analysis_neighborhood": "Western Addition", "days": "M-F", "from_time": "9am", "exceptions": "Yes. RPP holders are exempt from time limits.", "hours": "900-2000"}}, {"type": "Feature", "geometry": {"type": "MultiLineString", "coordinates": [[[-122.451264328, 37.775066786], [-122.451118953, 37.774356998]]]}, "properties": {"hrlimit": "2", "regulation": "Time limited", "to_time": "6pm", "rpparea1": "L", "analysis_neighborhood": "Lone Mountain/USF", "days": "M-F", "from_time": "8am", "exceptions": "Yes. RPP holders are exempt from time limits.", "hours": "800-1800"}}, {"type": "Feature", "geometry": {"type": "MultiLineString", "coordinates": [[[-122.459754542, 37.764404295], [-122.458922314, 37.764443793]]]}, "properties": {"hrlimit": "2", "regulation": "Time limited", "to_time": "6pm", "rpparea1": "J", "analysis_neighborhood": "Inner Sunset", "days": "M-F", "from_time": "8am", "exceptions": "Yes. RPP holders are exempt from time limits.", "hours": "800-1800"}}, {"type": "Feature", "geometry": {"type": "MultiLineString", "coordinates": [[[-122.436908818, 37.764725977], [-122.43652761, 37.764041876], [-122.436527409, 37.764041734], [-122.436519376, 37.764038628]]]}, "properties": {"hrlimit": "2", "regulation": "Time limited", "to_time": "9pm", "rpparea1": "S", "analysis_neighborhood": "Castro/Upper Market", "days": "M-F", "from_time": "8am", "exceptions": "Yes. RPP holders are exempt from time limits.", "hours": "800-2100"}}, {"type": "Feature", "geometry": {"type": "MultiLineString", "coordinates": [[[-122.439214085, 37.768140037], [-122.438878606, 37.768304399], [-122.438774615, 37.768358534], [-122.43852224, 37.768679354]]]}, "properties": {"hrlimit": "2", "regulation": "Time limited", "to_time": "9pm", "rpparea1": "S", "analysis_neighborhood": "Castro/Upper Market", "days": "M-F", "from_time": "8am", "exceptions": "Yes. RPP holders are exempt from time limits.", "hours": "800-2100"}}, {"type": "Feature", "geometry": {"type": "MultiLineString", "coordinates": [[[-122.438587411, 37.762223961], [-122.439355281, 37.762177748]]]}, "properties": {"hrlimit": "2", "regulation": "Time limited", "to_time": "9pm", "rpparea1": "S", "analysis_neighborhood": "Castro/Upper Market", "days": "M-F", "from_time": "8am", "exceptions": "Yes. RPP holders are exempt from time limits.", "hours": "800-2100"}}, {"type": "Feature", "geometry": {"type": "MultiLineString", "coordinates": [[[-122.431444196, 37.769175666], [-122.431314372, 37.767822041]]]}, "properties": {"hrlimit": "2", "regulation": "Time limited", "to_time": "9pm", "rpparea1": "S", "analysis_neighborhood": "Castro/Upper Market", "days": "M-F", "from_time": "8am", "exceptions": "Yes. RPP holders are exempt from time limits.", "hours": "800-2100"}}, {"type": "Feature", "geometry": {"type": "MultiLineString", "coordinates": [[[-122.431670109, 37.764394644], [-122.431019822, 37.764433987]]]}, "properties": {"hrlimit": "2", "regulation": "Time limited", "to_time": "9pm", "rpparea1": "S", "analysis_neighborhood": "Castro/Upper Market", "days": "M-F", "from_time": "8am", "exceptions": "Yes. RPP holders are exempt from time limits.", "hours": "800-2100"}}, {"type": "Feature", "geometry": {"type": "MultiLineString", "coordinates": [[[-122.447670122, 37.761678607], [-122.446837765, 37.761729419]]]}, "properties": {"hrlimit": "2", "regulation": "Time limited", "to_time": "6pm", "rpparea1": "J", "analysis_neighborhood": "Inner Sunset", "days": "M-F", "from_time": "8am", "exceptions": "Yes. RPP holders are exempt from time limits.", "hours": "800-1800"}}, {"type": "Feature", "geometry": {"type": "MultiLineString", "coordinates": [[[-122.432060426, 37.762732699], [-122.431607156, 37.762763044]]]}, "properties": {"hrlimit": "2", "regulation": "Time limited", "to_time": "9pm", "rpparea1": "S", "analysis_neighborhood": "Castro/Upper Market", "days": "M-F", "from_time": "8am", "exceptions": "Yes. RPP holders are exempt from time limits.", "hours": "800-2100"}}, {"type": "Feature", "geometry": {"type": "MultiLineString", "coordinates": [[[-122.430356958, 37.771261885], [-122.430424934, 37.771584991]]]}, "properties": {"hrlimit": "2", "regulation": "Time limited", "to_time": "9pm", "rpparea1": "S", "analysis_neighborhood": "Hayes Valley", "days": "M-F", "from_time": "8am", "exceptions": "Yes. RPP holders are exempt from time limits.", "hours": "800-2100"}}, {"type": "Feature", "geometry": {"type": "MultiLineString", "coordinates": [[[-122.455733345, 37.76419779], [-122.455759673, 37.76452815]]]}, "properties": {"hrlimit": "2", "regulation": "Time limited", "to_time": "5pm", "rpparea1": "J", "analysis_neighborhood": "Inner Sunset", "days": "M-F", "from_time": "8am", "exceptions": "Yes. RPP holders are exempt from time limits.", "hours": "800-1700"}}, {"type": "Feature", "geometry": {"type": "MultiLineString", "coordinates": [[[-122.448029849, 37.778356025], [-122.447889252, 37.777669448]]]}, "properties": {"hrlimit": "2", "regulation": "Time limited", "to_time": "8pm", "rpparea1": "BB", "analysis_neighborhood": "Lone Mountain/USF", "days": "M-F", "from_time": "8am", "exceptions": "Yes. RPP holders are exempt from time limits.", "hours": "800-2000"}}, {"type": "Feature", "geometry": {"type": "MultiLineString", "coordinates": [[[-122.453004376, 37.77681199], [-122.446993696, 37.777576455]]]}, "properties": {"hrlimit": "4", "regulation": "Time limited", "to_time": "6pm", "rpparea1": "L", "analysis_neighborhood": "Lone Mountain/USF", "days": "M-F", "from_time": "8am", "exceptions": "Yes. RPP holders are exempt from time limits.", "hours": "800-1800"}}, {"type": "Feature", "geometry": {"type": "MultiLineString", "coordinates": [[[-122.458411567, 37.776281736], [-122.458473892, 37.77705943]]]}, "properties": {"hrlimit": "2", "regulation": "Time limited", "to_time": "6pm", "rpparea1": "L", "analysis_neighborhood": "Lone Mountain/USF", "days": "M-F", "from_time": "8am", "exceptions": "Yes. RPP holders are exempt from time limits.", "hours": "800-1800"}}, {"type": "Feature", "geometry": {"type": "MultiLineString", "coordinates": [[[-122.456702974, 37.776948522], [-122.456767105, 37.777263628]]]}, "properties": {"hrlimit": "2", "regulation": "Time limited", "to_time": "6pm", "rpparea1": "L", "analysis_neighborhood": "Lone Mountain/USF", "days": "M-F", "from_time": "8am", "exceptions": "Yes. RPP holders are exempt from time limits.", "hours": "800-1800"}}, {"type": "Feature", "geometry": {"type": "MultiLineString", "coordinates": [[[-122.443793597, 37.779129629], [-122.442203845, 37.779332934]]]}, "properties": {"hrlimit": "2", "regulation": "Time limited", "to_time": "6pm", "rpparea1": "P", "analysis_neighborhood": "Lone Mountain/USF", "days": "M-F", "from_time": "8am", "exceptions": "Yes. RPP holders are exempt from time limits.", "hours": "800-1800"}}, {"type": "Feature", "geometry": {"type": "MultiLineString", "coordinates": [[[-122.447253917, 37.780152684], [-122.44714647, 37.77962797]]]}, "properties": {"hrlimit": "2", "regulation": "Time limited", "to_time": "6pm", "rpparea1": "P", "analysis_neighborhood": "Lone Mountain/USF", "days": "M-F", "from_time": "8am", "exceptions": "Yes. RPP holders are exempt from time limits.", "hours": "800-1800"}}, {"type": "Feature", "geometry": {"type": "MultiLineString", "coordinates": [[[-122.444371717, 37.779528073], [-122.444321041, 37.779522533], [-122.443581756, 37.779616524], [-122.443557326, 37.779628229]]]}, "properties": {"hrlimit": "2", "regulation": "Time limited", "to_time": "6pm", "rpparea1": "P", "analysis_neighborhood": "Lone Mountain/USF", "days": "M-F", "from_time": "8am", "exceptions": "Yes. RPP holders are exempt from time limits.", "hours": "800-1800"}}, {"type": "Feature", "geometry": {"type": "MultiLineString", "coordinates": [[[-122.436913306, 37.771176213], [-122.43676281, 37.770437661]]]}, "properties": {"hrlimit": "2", "regulation": "Time limited", "to_time": "9pm", "rpparea1": "S", "analysis_neighborhood": "Haight Ashbury", "days": "M-F", "from_time": "8am", "exceptions": "Yes. RPP holders are exempt from time limits.", "hours": "800-2100"}}, {"type": "Feature", "geometry": {"type": "LineString", "coordinates": [[-122.439323004, 37.773740232], [-122.43917735, 37.773024362], [-122.439176209, 37.773014356]]}, "properties": {"hrlimit": "2", "regulation": "Time limited", "to_time": "6pm", "rpparea1": null, "analysis_neighborhood": "Hayes Valley", "days": "M-F", "from_time": "8am", "exceptions": "None. Regulation applies to all vehicles.", "hours": "800-1800", "nearMeter": false}}, {"type": "Feature", "geometry": {"type": "MultiLineString", "coordinates": [[[-122.436933963, 37.778837359], [-122.436780638, 37.778096343]]]}, "properties": {"hrlimit": "2", "regulation": "Time limited", "to_time": "8pm", "rpparea1": "Q", "analysis_neighborhood": "Western Addition", "days": "M-F", "from_time": "9am", "exceptions": "Yes. RPP holders are exempt from time limits.", "hours": "900-2000"}}, {"type": "Feature", "geometry": {"type": "MultiLineString", "coordinates": [[[-122.43707025, 37.772170463], [-122.435691331, 37.772347576]]]}, "properties": {"hrlimit": "2", "regulation": "Time limited", "to_time": "8pm", "rpparea1": "Q", "analysis_neighborhood": "Haight Ashbury", "days": "M-F", "from_time": "9am", "exceptions": "Yes. RPP holders are exempt from time limits.", "hours": "900-2000"}}, {"type": "Feature", "geometry": {"type": "MultiLineString", "coordinates": [[[-122.437492629, 37.781624397], [-122.437344402, 37.780890004]]]}, "properties": {"hrlimit": "2", "regulation": "Time limited", "to_time": "6pm", "rpparea1": "P", "analysis_neighborhood": "Western Addition", "days": "M-F", "from_time": "8am", "exceptions": "Yes. RPP holders are exempt from time limits.", "hours": "800-1800"}}, {"type": "Feature", "geometry": {"type": "MultiLineString", "coordinates": [[[-122.450316661, 37.760720566], [-122.449070893, 37.760797671]]]}, "properties": {"hrlimit": "2", "regulation": "Time limited", "to_time": "6pm", "rpparea1": "J", "analysis_neighborhood": "Inner Sunset", "days": "M-F", "from_time": "8am", "exceptions": "Yes. RPP holders are exempt from time limits.", "hours": "800-1800"}}, {"type": "Feature", "geometry": {"type": "MultiLineString", "coordinates": [[[-122.444561061, 37.780984601], [-122.444493647, 37.780098971], [-122.444472643, 37.779900624], [-122.444430845, 37.779634198], [-122.44441846, 37.779571934]]]}, "properties": {"hrlimit": "2", "regulation": "Time limited", "to_time": "6pm", "rpparea1": "P", "analysis_neighborhood": "Lone Mountain/USF", "days": "M-F", "from_time": "8am", "exceptions": "Yes. RPP holders are exempt from time limits.", "hours": "800-1800"}}, {"type": "Feature", "geometry": {"type": "MultiLineString", "coordinates": [[[-122.43270158, 37.774581591], [-122.432554655, 37.77385353]]]}, "properties": {"hrlimit": "4", "regulation": "Time limited", "to_time": "8pm", "rpparea1": "Q", "analysis_neighborhood": "Hayes Valley", "days": "M-F", "from_time": "9am", "exceptions": "Yes. RPP holders are exempt from time limits.", "hours": "900-2000"}}, {"type": "Feature", "geometry": {"type": "MultiLineString", "coordinates": [[[-122.439066465, 37.781835671], [-122.43917113, 37.782358897]]]}, "properties": {"hrlimit": "2", "regulation": "Time limited", "to_time": "6pm", "rpparea1": "P", "analysis_neighborhood": "Western Addition", "days": "M-F", "from_time": "8am", "exceptions": "Yes. RPP holders are exempt from time limits.", "hours": "800-1800"}}, {"type": "Feature", "geometry": {"type": "MultiLineString", "coordinates": [[[-122.431619882, 37.770101731], [-122.4301942, 37.770284351]]]}, "properties": {"hrlimit": "2", "regulation": "Time limited", "to_time": "9pm", "rpparea1": "S", "analysis_neighborhood": "Hayes Valley", "days": "M-F", "from_time": "8am", "exceptions": "Yes. RPP holders are exempt from time limits.", "hours": "800-2100"}}, {"type": "Feature", "geometry": {"type": "MultiLineString", "coordinates": [[[-122.446111014, 37.774839118], [-122.444691505, 37.775019605]]]}, "properties": {"hrlimit": "2", "regulation": "Time limited", "to_time": "6pm", "rpparea1": "Q", "analysis_neighborhood": "Lone Mountain/USF", "days": "M-F", "from_time": "8am", "exceptions": "Yes. RPP holders are exempt from time limits.", "hours": "800-1800"}}, {"type": "Feature", "geometry": {"type": "MultiLineString", "coordinates": [[[-122.431387422, 37.778617646], [-122.430243529, 37.778763416]]]}, "properties": {"hrlimit": "2", "regulation": "Time limited", "to_time": "8pm", "rpparea1": "Q", "analysis_neighborhood": "Western Addition", "days": "M-F", "from_time": "9am", "exceptions": "Yes. RPP holders are exempt from time limits.", "hours": "900-2000"}}, {"type": "Feature", "geometry": {"type": "MultiLineString", "coordinates": [[[-122.440623921, 37.771678155], [-122.440473016, 37.770932324]]]}, "properties": {"hrlimit": "2", "regulation": "Time limited", "to_time": "6pm", "rpparea1": "Q", "analysis_neighborhood": "Haight Ashbury", "days": "M-F", "from_time": "8am", "exceptions": "Yes. RPP holders are exempt from time limits.", "hours": "800-1800"}}, {"type": "Feature", "geometry": {"type": "MultiLineString", "coordinates": [[[-122.436273424, 37.76968287], [-122.43609248, 37.769418715], [-122.435965261, 37.769174639]]]}, "properties": {"hrlimit": "2", "regulation": "Time limited", "to_time": "9pm", "rpparea1": "S", "analysis_neighborhood": "Haight Ashbury", "days": "M-F", "from_time": "8am", "exceptions": "Yes. RPP holders are exempt from time limits.", "hours": "800-2100"}}, {"type": "Feature", "geometry": {"type": "MultiLineString", "coordinates": [[[-122.441038839, 37.761217896], [-122.441068516, 37.761522798]]]}, "properties": {"hrlimit": "2", "regulation": "Time limited", "to_time": "5pm", "rpparea1": "S", "analysis_neighborhood": "Castro/Upper Market", "days": "M-F", "from_time": "8am", "exceptions": "Yes. RPP holders are exempt from time limits.", "hours": "800-1700"}}, {"type": "Feature", "geometry": {"type": "MultiLineString", "coordinates": [[[-122.430577987, 37.765976754], [-122.4300443, 37.766009037]]]}, "properties": {"hrlimit": "2", "regulation": "Time limited", "to_time": "9pm", "rpparea1": "S", "analysis_neighborhood": "Castro/Upper Market", "days": "M-F", "from_time": "8am", "exceptions": "Yes. RPP holders are exempt from time limits.", "hours": "800-2100"}}, {"type": "Feature", "geometry": {"type": "MultiLineString", "coordinates": [[[-122.435657923, 37.7818979], [-122.434272662, 37.782074487]]]}, "properties": {"hrlimit": "2", "regulation": "Time limited", "to_time": "6pm", "rpparea1": "P", "analysis_neighborhood": "Western Addition", "days": "M-F", "from_time": "8am", "exceptions": "Yes. RPP holders are exempt from time limits.", "hours": "800-1800"}}, {"type": "Feature", "geometry": {"type": "MultiLineString", "coordinates": [[[-122.443002472, 37.776174709], [-122.441647128, 37.776347004]]]}, "properties": {"hrlimit": "2", "regulation": "Time limited", "to_time": "6pm", "rpparea1": "P", "analysis_neighborhood": "Lone Mountain/USF", "days": "M-F", "from_time": "8am", "exceptions": "Yes. RPP holders are exempt from time limits.", "hours": "800-1800"}}, {"type": "Feature", "geometry": {"type": "MultiLineString", "coordinates": [[[-122.437289181, 37.763792163], [-122.436986458, 37.763800392], [-122.43661187, 37.763979505]]]}, "properties": {"hrlimit": "2", "regulation": "Time limited", "to_time": "9pm", "rpparea1": "S", "analysis_neighborhood": "Castro/Upper Market", "days": "M-F", "from_time": "8am", "exceptions": "Yes. RPP holders are exempt from time limits.", "hours": "800-2100"}}, {"type": "Feature", "geometry": {"type": "MultiLineString", "coordinates": [[[-122.456940438, 37.778115203], [-122.456809424, 37.777498137]]]}, "properties": {"hrlimit": "2", "regulation": "Time limited", "to_time": "6pm", "rpparea1": "L", "analysis_neighborhood": "Lone Mountain/USF", "days": "M-F", "from_time": "8am", "exceptions": "Yes. RPP holders are exempt from time limits.", "hours": "800-1800"}}, {"type": "Feature", "geometry": {"type": "MultiLineString", "coordinates": [[[-122.456608786, 37.776793341], [-122.455213618, 37.776962255]]]}, "properties": {"hrlimit": "2", "regulation": "Time limited", "to_time": "6pm", "rpparea1": "L", "analysis_neighborhood": "Lone Mountain/USF", "days": "M-F", "from_time": "8am", "exceptions": "Yes. RPP holders are exempt from time limits.", "hours": "800-1800"}}, {"type": "Feature", "geometry": {"type": "MultiLineString", "coordinates": [[[-122.456356071, 37.775442644], [-122.455505427, 37.775544422]]]}, "properties": {"hrlimit": "2", "regulation": "Time limited", "to_time": "6pm", "rpparea1": "L", "analysis_neighborhood": "Lone Mountain/USF", "days": "M-F", "from_time": "8am", "exceptions": "Yes. RPP holders are exempt from time limits.", "hours": "800-1800"}}, {"type": "Feature", "geometry": {"type": "MultiLineString", "coordinates": [[[-122.453454674, 37.777679951], [-122.453275173, 37.776797836]]]}, "properties": {"hrlimit": "4", "regulation": "Time limited", "to_time": "6pm", "rpparea1": "L", "analysis_neighborhood": "Lone Mountain/USF", "days": "M-F", "from_time": "8am", "exceptions": "Yes. RPP holders are exempt from time limits.", "hours": "800-1800"}}, {"type": "Feature", "geometry": {"type": "MultiLineString", "coordinates": [[[-122.45140723, 37.777977092], [-122.45076577, 37.778059171]]]}, "properties": {"hrlimit": "2", "regulation": "Time limited", "to_time": "8pm", "rpparea1": "BB", "analysis_neighborhood": "Lone Mountain/USF", "days": "M-F", "from_time": "8am", "exceptions": "Yes. RPP holders are exempt from time limits.", "hours": "800-2000"}}, {"type": "Feature", "geometry": {"type": "MultiLineString", "coordinates": [[[-122.452808692, 37.780451833], [-122.451974118, 37.780557377]]]}, "properties": {"hrlimit": "2", "regulation": "Time limited", "to_time": "6pm", "rpparea1": "L", "analysis_neighborhood": "Lone Mountain/USF", "days": "M-F", "from_time": "8am", "exceptions": "Yes. RPP holders are exempt from time limits.", "hours": "800-1800"}}, {"type": "Feature", "geometry": {"type": "MultiLineString", "coordinates": [[[-122.458889602, 37.783917018], [-122.458065887, 37.783952341]]]}, "properties": {"hrlimit": "2", "regulation": "Time limited", "to_time": "4pm", "rpparea1": "F", "analysis_neighborhood": "Presidio Heights", "days": "M-F", "from_time": "9am", "exceptions": "Yes. RPP holders are exempt from time limits.", "hours": "900-1600"}}, {"type": "Feature", "geometry": {"type": "MultiLineString", "coordinates": [[[-122.445379514, 37.780821382], [-122.445361972, 37.780829395], [-122.445293256, 37.780839239], [-122.445166081, 37.780854065], [-122.445025163, 37.780879122], [-122.444895387, 37.780911835], [-122.444800649, 37.780940543], [-122.44476913, 37.780943862]]]}, "properties": {"hrlimit": "2", "regulation": "Time limited", "to_time": "6pm", "rpparea1": "P", "analysis_neighborhood": "Lone Mountain/USF", "days": "M-F", "from_time": "8am", "exceptions": "Yes. RPP holders are exempt from time limits.", "hours": "800-1800"}}, {"type": "Feature", "geometry": {"type": "MultiLineString", "coordinates": [[[-122.432365158, 37.77384114], [-122.430964008, 37.774019567]]]}, "properties": {"hrlimit": "2", "regulation": "Time limited", "to_time": "8pm", "rpparea1": "Q", "analysis_neighborhood": "Hayes Valley", "days": "M-F", "from_time": "9am", "exceptions": "Yes. RPP holders are exempt from time limits.", "hours": "900-2000"}}, {"type": "Feature", "geometry": {"type": "MultiLineString", "coordinates": [[[-122.446288194, 37.775756968], [-122.445438439, 37.775865015]]]}, "properties": {"hrlimit": "2", "regulation": "Time limited", "to_time": "6pm", "rpparea1": "P", "analysis_neighborhood": "Lone Mountain/USF", "days": "M-F", "from_time": "8am", "exceptions": "Yes. RPP holders are exempt from time limits.", "hours": "800-1800"}}, {"type": "Feature", "geometry": {"type": "MultiLineString", "coordinates": [[[-122.435200756, 37.764178362], [-122.433278372, 37.764289788]]]}, "properties": {"hrlimit": "2", "regulation": "Time limited", "to_time": "9pm", "rpparea1": "S", "analysis_neighborhood": "Castro/Upper Market", "days": "M-F", "from_time": "8am", "exceptions": "Yes. RPP holders are exempt from time limits.", "hours": "800-2100"}}, {"type": "Feature", "geometry": {"type": "MultiLineString", "coordinates": [[[-122.438446508, 37.761860203], [-122.438476821, 37.762177042]]]}, "properties": {"hrlimit": "2", "regulation": "Time limited", "to_time": "9pm", "rpparea1": "S", "analysis_neighborhood": "Castro/Upper Market", "days": "M-F", "from_time": "8am", "exceptions": "Yes. RPP holders are exempt from time limits.", "hours": "800-2100"}}, {"type": "Feature", "geometry": {"type": "MultiLineString", "coordinates": [[[-122.451400201, 37.76742352], [-122.451250606, 37.766687971]]]}, "properties": {"hrlimit": "2", "regulation": "Time limited", "to_time": "5pm", "rpparea1": "J", "analysis_neighborhood": "Haight Ashbury", "days": "M-F", "from_time": "8am", "exceptions": "Yes. RPP holders are exempt from time limits.", "hours": "800-1700"}}, {"type": "Feature", "geometry": {"type": "MultiLineString", "coordinates": [[[-122.433508265, 37.779268667], [-122.433360306, 37.778525521]]]}, "properties": {"hrlimit": "2", "regulation": "Time limited", "to_time": "8pm", "rpparea1": "Q", "analysis_neighborhood": "Western Addition", "days": "M-F", "from_time": "9am", "exceptions": "Yes. RPP holders are exempt from time limits.", "hours": "900-2000"}}, {"type": "Feature", "geometry": {"type": "MultiLineString", "coordinates": [[[-122.439287601, 37.782914876], [-122.439217593, 37.782569015]]]}, "properties": {"hrlimit": "2", "regulation": "Time limited", "to_time": "6pm", "rpparea1": "P", "analysis_neighborhood": "Western Addition", "days": "M-F", "from_time": "8am", "exceptions": "Yes. RPP holders are exempt from time limits.", "hours": "800-1800"}}, {"type": "Feature", "geometry": {"type": "MultiLineString", "coordinates": [[[-122.440411089, 37.771850467], [-122.439035801, 37.772026752]]]}, "properties": {"hrlimit": "2", "regulation": "Time limited", "to_time": "6pm", "rpparea1": "Q", "analysis_neighborhood": "Haight Ashbury", "days": "M-F", "from_time": "8am", "exceptions": "Yes. RPP holders are exempt from time limits.", "hours": "800-1800"}}, {"type": "Feature", "geometry": {"type": "MultiLineString", "coordinates": [[[-122.439953322, 37.779572716], [-122.438898299, 37.779709159]]]}, "properties": {"hrlimit": "2", "regulation": "Time limited", "to_time": "6pm", "rpparea1": "P", "analysis_neighborhood": "Western Addition", "days": "M-F", "from_time": "8am", "exceptions": "Yes. RPP holders are exempt from time limits.", "hours": "800-1800"}}, {"type": "Feature", "geometry": {"type": "MultiLineString", "coordinates": [[[-122.436696267, 37.770408791], [-122.435314598, 37.770587113]]]}, "properties": {"hrlimit": "2", "regulation": "Time limited", "to_time": "9pm", "rpparea1": "S", "analysis_neighborhood": "Haight Ashbury", "days": "M-F", "from_time": "8am", "exceptions": "Yes. RPP holders are exempt from time limits.", "hours": "800-2100"}}, {"type": "Feature", "geometry": {"type": "MultiLineString", "coordinates": [[[-122.436378958, 37.777019577], [-122.434852332, 37.777214272]]]}, "properties": {"hrlimit": "2", "regulation": "Time limited", "to_time": "8pm", "rpparea1": "Q", "analysis_neighborhood": "Hayes Valley", "days": "M-F", "from_time": "9am", "exceptions": "Yes. RPP holders are exempt from time limits.", "hours": "900-2000"}}, {"type": "Feature", "geometry": {"type": "MultiLineString", "coordinates": [[[-122.4393374, 37.761564287], [-122.439256032, 37.761589699], [-122.439101737, 37.761640342], [-122.438939033, 37.761687507], [-122.438831818, 37.761714911], [-122.438709089, 37.761743109], [-122.438611584, 37.761763194], [-122.438488245, 37.761785426]]]}, "properties": {"hrlimit": "2", "regulation": "Time limited", "to_time": "9pm", "rpparea1": "S", "analysis_neighborhood": "Castro/Upper Market", "days": "M-F", "from_time": "8am", "exceptions": "Yes. RPP holders are exempt from time limits.", "hours": "800-2100"}}, {"type": "Feature", "geometry": {"type": "MultiLineString", "coordinates": [[[-122.433808041, 37.761015009], [-122.432947753, 37.761067074]]]}, "properties": {"hrlimit": "2", "regulation": "Time limited", "to_time": "9pm", "rpparea1": "S", "analysis_neighborhood": "Castro/Upper Market", "days": "M-F", "from_time": "8am", "exceptions": "Yes. RPP holders are exempt from time limits.", "hours": "800-2100"}}, {"type": "Feature", "geometry": {"type": "MultiLineString", "coordinates": [[[-122.455401688, 37.763554863], [-122.455085723, 37.763593695], [-122.455014857, 37.763557338], [-122.455022938, 37.76222619], [-122.455156462, 37.760605548]]]}, "properties": {"hrlimit": "2", "regulation": "Time limited", "to_time": "5pm", "rpparea1": "J", "analysis_neighborhood": "Inner Sunset", "days": "M-F", "from_time": "8am", "exceptions": "Yes. RPP holders are exempt from time limits.", "hours": "800-1700"}}, {"type": "Feature", "geometry": {"type": "MultiLineString", "coordinates": [[[-122.436524356, 37.768948035], [-122.435949793, 37.76898821]]]}, "properties": {"hrlimit": "2", "regulation": "Time limited", "to_time": "9pm", "rpparea1": "S", "analysis_neighborhood": "Castro/Upper Market", "days": "M-F", "from_time": "8am", "exceptions": "Yes. RPP holders are exempt from time limits.", "hours": "800-2100"}}, {"type": "Feature", "geometry": {"type": "MultiLineString", "coordinates": [[[-122.432201682, 37.767597622], [-122.4313358, 37.767649816]]]}, "properties": {"hrlimit": "2", "regulation": "Time limited", "to_time": "9pm", "rpparea1": "S", "analysis_neighborhood": "Castro/Upper Market", "days": "M-F", "from_time": "8am", "exceptions": "Yes. RPP holders are exempt from time limits.", "hours": "800-2100"}}, {"type": "Feature", "geometry": {"type": "MultiLineString", "coordinates": [[[-122.44967469, 37.778127562], [-122.44953531, 37.77744701]]]}, "properties": {"hrlimit": "2", "regulation": "Time limited", "to_time": "8pm", "rpparea1": "BB", "analysis_neighborhood": "Lone Mountain/USF", "days": "M-F", "from_time": "8am", "exceptions": "Yes. RPP holders are exempt from time limits.", "hours": "800-2000"}}, {"type": "Feature", "geometry": {"type": "MultiLineString", "coordinates": [[[-122.451395428, 37.783626144], [-122.451100148, 37.782159824]]]}, "properties": {"hrlimit": "2", "regulation": "Time limited", "to_time": "6pm", "rpparea1": "L", "analysis_neighborhood": "Presidio Heights", "days": "M-F", "from_time": "8am", "exceptions": "Yes. RPP holders are exempt from time limits.", "hours": "800-1800"}}, {"type": "Feature", "geometry": {"type": "MultiLineString", "coordinates": [[[-122.455620003, 37.783878676], [-122.455454795, 37.781615558]]]}, "properties": {"hrlimit": "2", "regulation": "Time limited", "to_time": "6pm", "rpparea1": "F", "analysis_neighborhood": "Presidio Heights", "days": "M-F", "from_time": "8am", "exceptions": "Yes. RPP holders are exempt from time limits.", "hours": "800-1800"}}, {"type": "Feature", "geometry": {"type": "MultiLineString", "coordinates": [[[-122.438610699, 37.77955718], [-122.438467046, 37.778838992]]]}, "properties": {"hrlimit": "2", "regulation": "Time limited", "to_time": "6pm", "rpparea1": "P", "analysis_neighborhood": "Western Addition", "days": "M-F", "from_time": "8am", "exceptions": "Yes. RPP holders are exempt from time limits.", "hours": "800-1800"}}, {"type": "Feature", "geometry": {"type": "MultiLineString", "coordinates": [[[-122.435283218, 37.770624862], [-122.435435114, 37.771376307]]]}, "properties": {"hrlimit": "2", "regulation": "Time limited", "to_time": "9pm", "rpparea1": "S", "analysis_neighborhood": "Haight Ashbury", "days": "M-F", "from_time": "8am", "exceptions": "Yes. RPP holders are exempt from time limits.", "hours": "800-2100"}}, {"type": "Feature", "geometry": {"type": "MultiLineString", "coordinates": [[[-122.431616594, 37.764260167], [-122.431008814, 37.764296938]]]}, "properties": {"hrlimit": "2", "regulation": "Time limited", "to_time": "9pm", "rpparea1": "S", "analysis_neighborhood": "Castro/Upper Market", "days": "M-F", "from_time": "8am", "exceptions": "Yes. RPP holders are exempt from time limits.", "hours": "800-2100"}}, {"type": "Feature", "geometry": {"type": "MultiLineString", "coordinates": [[[-122.433401518, 37.766577909], [-122.433341182, 37.765950217]]]}, "properties": {"hrlimit": "2", "regulation": "Time limited", "to_time": "9pm", "rpparea1": "S", "analysis_neighborhood": "Castro/Upper Market", "days": "M-F", "from_time": "8am", "exceptions": "Yes. RPP holders are exempt from time limits.", "hours": "800-2100"}}, {"type": "Feature", "geometry": {"type": "MultiLineString", "coordinates": [[[-122.437240422, 37.760661375], [-122.437105322, 37.759233838]]]}, "properties": {"hrlimit": "2", "regulation": "Time limited", "to_time": "9pm", "rpparea1": "S", "analysis_neighborhood": "Castro/Upper Market", "days": "M-F", "from_time": "8am", "exceptions": "Yes. RPP holders are exempt from time limits.", "hours": "800-2100"}}, {"type": "Feature", "geometry": {"type": "MultiLineString", "coordinates": [[[-122.434762038, 37.777361817], [-122.433356205, 37.777540593]]]}, "properties": {"hrlimit": "2", "regulation": "Time limited", "to_time": "8pm", "rpparea1": "Q", "analysis_neighborhood": "Western Addition", "days": "M-F", "from_time": "9am", "exceptions": "Yes. RPP holders are exempt from time limits.", "hours": "900-2000"}}, {"type": "Feature", "geometry": {"type": "MultiLineString", "coordinates": [[[-122.430478273, 37.781771137], [-122.430627713, 37.782509812]]]}, "properties": {"hrlimit": "2", "regulation": "Time limited", "to_time": "6pm", "rpparea1": "R", "analysis_neighborhood": "Western Addition", "days": "M-Sa", "from_time": "9am", "exceptions": "Yes. RPP holders are exempt from time limits.", "hours": "900-1800"}}, {"type": "Feature", "geometry": {"type": "MultiLineString", "coordinates": [[[-122.448475534, 37.764940136], [-122.448340379, 37.764255038]]]}, "properties": {"hrlimit": "2", "regulation": "Time limited", "to_time": "7pm", "rpparea1": "J", "analysis_neighborhood": "Haight Ashbury", "days": "M-F", "from_time": "7am", "exceptions": "Yes. RPP holders are exempt from time limits.", "hours": "700-1900"}}, {"type": "Feature", "geometry": {"type": "MultiLineString", "coordinates": [[[-122.437196956, 37.767093661], [-122.437126266, 37.767159594], [-122.436993204, 37.767182461], [-122.435767419, 37.767255644]]]}, "properties": {"hrlimit": "2", "regulation": "Time limited", "to_time": "9pm", "rpparea1": "S", "analysis_neighborhood": "Castro/Upper Market", "days": "M-F", "from_time": "8am", "exceptions": "Yes. RPP holders are exempt from time limits.", "hours": "800-2100"}}, {"type": "Feature", "geometry": {"type": "MultiLineString", "coordinates": [[[-122.440169223, 37.762737628], [-122.440124389, 37.762275931]]]}, "properties": {"hrlimit": "2", "regulation": "Time limited", "to_time": "9pm", "rpparea1": "S", "analysis_neighborhood": "Castro/Upper Market", "days": "M-F", "from_time": "8am", "exceptions": "Yes. RPP holders are exempt from time limits.", "hours": "800-2100"}}, {"type": "Feature", "geometry": {"type": "MultiLineString", "coordinates": [[[-122.449034734, 37.761560813], [-122.448909486, 37.760940159]]]}, "properties": {"hrlimit": "2", "regulation": "Time limited", "to_time": "6pm", "rpparea1": "J", "analysis_neighborhood": "Inner Sunset", "days": "M-F", "from_time": "8am", "exceptions": "Yes. RPP holders are exempt from time limits.", "hours": "800-1800"}}, {"type": "Feature", "geometry": {"type": "MultiLineString", "coordinates": [[[-122.432398113, 37.769101653], [-122.432258485, 37.767645998]]]}, "properties": {"hrlimit": "2", "regulation": "Time limited", "to_time": "9pm", "rpparea1": "S", "analysis_neighborhood": "Castro/Upper Market", "days": "M-F", "from_time": "8am", "exceptions": "Yes. RPP holders are exempt from time limits.", "hours": "800-2100"}}, {"type": "Feature", "geometry": {"type": "MultiLineString", "coordinates": [[[-122.434398519, 37.775332576], [-122.434250726, 37.774596884]]]}, "properties": {"hrlimit": "2", "regulation": "Time limited", "to_time": "8pm", "rpparea1": "Q", "analysis_neighborhood": "Hayes Valley", "days": "M-F", "from_time": "9am", "exceptions": "Yes. RPP holders are exempt from time limits.", "hours": "900-2000"}}, {"type": "Feature", "geometry": {"type": "MultiLineString", "coordinates": [[[-122.442610961, 37.765846199], [-122.443296246, 37.765413137]]]}, "properties": {"hrlimit": "2", "regulation": "Time limited", "to_time": "9pm", "rpparea1": "S", "analysis_neighborhood": "Castro/Upper Market", "days": "M-F", "from_time": "8am", "exceptions": "Yes. RPP holders are exempt from time limits.", "hours": "800-2100"}}, {"type": "Feature", "geometry": {"type": "LineString", "coordinates": [[-122.454814912, 37.774680503], [-122.458289116, 37.774236758]]}, "properties": {"hrlimit": "0", "regulation": "No oversized vehicles", "to_time": "6am", "rpparea1": null, "analysis_neighborhood": "Golden Gate Park", "days": "M-Su", "from_time": "12am", "exceptions": "Yes. Typical passenger vehicles are exempt.", "hours": "2400-600", "nearMeter": false}}, {"type": "Feature", "geometry": {"type": "MultiLineString", "coordinates": [[[-122.455030317, 37.776217326], [-122.454937862, 37.775770036]]]}, "properties": {"hrlimit": "2", "regulation": "Time limited", "to_time": "6pm", "rpparea1": "L", "analysis_neighborhood": "Lone Mountain/USF", "days": "M-F", "from_time": "8am", "exceptions": "Yes. RPP holders are exempt from time limits.", "hours": "800-1800"}}, {"type": "Feature", "geometry": {"type": "MultiLineString", "coordinates": [[[-122.44760403, 37.780903728], [-122.447474086, 37.780262853]]]}, "properties": {"hrlimit": "2", "regulation": "Time limited", "to_time": "6pm", "rpparea1": "L", "analysis_neighborhood": "Lone Mountain/USF", "days": "M-F", "from_time": "8am", "exceptions": "Yes. RPP holders are exempt from time limits.", "hours": "800-1800"}}, {"type": "Feature", "geometry": {"type": "MultiLineString", "coordinates": [[[-122.4585545, 37.779451586], [-122.457866567, 37.779536939]]]}, "properties": {"hrlimit": "2", "regulation": "Time limited", "to_time": "6pm", "rpparea1": "L", "analysis_neighborhood": "Lone Mountain/USF", "days": "M-F", "from_time": "8am", "exceptions": "Yes. RPP holders are exempt from time limits.", "hours": "800-1800"}}, {"type": "Feature", "geometry": {"type": "MultiLineString", "coordinates": [[[-122.444540102, 37.782839761], [-122.444605103, 37.783148372]]]}, "properties": {"hrlimit": "2", "regulation": "Time limited", "to_time": "6pm", "rpparea1": "G", "analysis_neighborhood": "Presidio Heights", "days": "M-F", "from_time": "8am", "exceptions": "Yes. RPP holders are exempt from time limits.", "hours": "800-1800"}}, {"type": "Feature", "geometry": {"type": "MultiLineString", "coordinates": [[[-122.441334731, 37.776522303], [-122.439982751, 37.776694146]]]}, "properties": {"hrlimit": "4", "regulation": "Time limited", "to_time": "6pm", "rpparea1": "P", "analysis_neighborhood": "Western Addition", "days": "M-F", "from_time": "8am", "exceptions": "Yes. RPP holders are exempt from time limits.", "hours": "800-1800"}}, {"type": "Feature", "geometry": {"type": "MultiLineString", "coordinates": [[[-122.437327184, 37.781809562], [-122.435936225, 37.781986896]]]}, "properties": {"hrlimit": "2", "regulation": "Time limited", "to_time": "6pm", "rpparea1": "P", "analysis_neighborhood": "Western Addition", "days": "M-F", "from_time": "8am", "exceptions": "Yes. RPP holders are exempt from time limits.", "hours": "800-1800"}}, {"type": "Feature", "geometry": {"type": "MultiLineString", "coordinates": [[[-122.441142569, 37.775470768], [-122.439770257, 37.775645194]]]}, "properties": {"hrlimit": "2", "regulation": "Time limited", "to_time": "6pm", "rpparea1": "Q", "analysis_neighborhood": "Hayes Valley", "days": "M-F", "from_time": "8am", "exceptions": "Yes. RPP holders are exempt from time limits.", "hours": "800-1800"}}, {"type": "Feature", "geometry": {"type": "LineString", "coordinates": [[-122.452140097, 37.77135529], [-122.450622501, 37.771547759]]}, "properties": {"hrlimit": "0", "regulation": "No oversized vehicles", "to_time": "6am", "rpparea1": null, "analysis_neighborhood": "Golden Gate Park", "days": "M-Su", "from_time": "12am", "exceptions": "Yes. Typical passenger vehicles are exempt.", "hours": "2400-600", "nearMeter": false}}, {"type": "Feature", "geometry": {"type": "MultiLineString", "coordinates": [[[-122.438283009, 37.777919948], [-122.438426009, 37.778634948]]]}, "properties": {"hrlimit": "2", "regulation": "Time limited", "to_time": "8pm", "rpparea1": "Q", "analysis_neighborhood": "Western Addition", "days": "M-F", "from_time": "9am", "exceptions": "Yes. RPP holders are exempt from time limits.", "hours": "900-2000"}}, {"type": "Feature", "geometry": {"type": "MultiLineString", "coordinates": [[[-122.452102674, 37.770209699], [-122.451985012, 37.769631208]]]}, "properties": {"hrlimit": "2", "regulation": "Time limited", "to_time": "9pm", "rpparea1": "J", "analysis_neighborhood": "Haight Ashbury", "days": "M-Su", "from_time": "7am", "exceptions": "Yes. RPP holders are exempt from time limits.", "hours": "700-2100"}}, {"type": "Feature", "geometry": {"type": "MultiLineString", "coordinates": [[[-122.429357264, 37.774627609], [-122.429285663, 37.774272528]]]}, "properties": {"hrlimit": "2", "regulation": "Time limited", "to_time": "8pm", "rpparea1": "Q", "analysis_neighborhood": "Hayes Valley", "days": "M-F", "from_time": "9am", "exceptions": "Yes. RPP holders are exempt from time limits.", "hours": "0900-2000"}}, {"type": "Feature", "geometry": {"type": "MultiLineString", "coordinates": [[[-122.436071008, 37.769793822], [-122.435164069, 37.769912244]]]}, "properties": {"hrlimit": "2", "regulation": "Time limited", "to_time": "9pm", "rpparea1": "S", "analysis_neighborhood": "Haight Ashbury", "days": "M-F", "from_time": "8am", "exceptions": "Yes. RPP holders are exempt from time limits.", "hours": "800-2100"}}, {"type": "Feature", "geometry": {"type": "MultiLineString", "coordinates": [[[-122.443137121, 37.764550807], [-122.443118192, 37.764619456], [-122.44306201, 37.764695797], [-122.442743582, 37.765028498], [-122.442683737, 37.76506939], [-122.442516408, 37.765139108], [-122.442330137, 37.76518896], [-122.442155729, 37.765212018]]]}, "properties": {"hrlimit": "2", "regulation": "Time limited", "to_time": "9pm", "rpparea1": "S", "analysis_neighborhood": "Castro/Upper Market", "days": "M-F", "from_time": "8am", "exceptions": "Yes. RPP holders are exempt from time limits.", "hours": "800-2100"}}, {"type": "Feature", "geometry": {"type": "MultiLineString", "coordinates": [[[-122.445562922, 37.780767116], [-122.445542196, 37.78068735], [-122.445504858, 37.780239121], [-122.445510771, 37.780209407]]]}, "properties": {"hrlimit": "2", "regulation": "Time limited", "to_time": "6pm", "rpparea1": "P", "analysis_neighborhood": "Lone Mountain/USF", "days": "M-F", "from_time": "8am", "exceptions": "Yes. RPP holders are exempt from time limits.", "hours": "800-1800"}}, {"type": "Feature", "geometry": {"type": "MultiLineString", "coordinates": [[[-122.437300797, 37.781688451], [-122.436289483, 37.781817386]]]}, "properties": {"hrlimit": "2", "regulation": "Time limited", "to_time": "6pm", "rpparea1": "P", "analysis_neighborhood": "Western Addition", "days": "M-F", "from_time": "8am", "exceptions": "Yes. RPP holders are exempt from time limits.", "hours": "800-1800"}}, {"type": "Feature", "geometry": {"type": "MultiLineString", "coordinates": [[[-122.450399853, 37.768662121], [-122.449573444, 37.768767514]]]}, "properties": {"hrlimit": "2", "regulation": "Time limited", "to_time": "5pm", "rpparea1": "J", "analysis_neighborhood": "Haight Ashbury", "days": "M-F", "from_time": "8am", "exceptions": "Yes. RPP holders are exempt from time limits.", "hours": "800-1700"}}, {"type": "Feature", "geometry": {"type": "MultiLineString", "coordinates": [[[-122.449169817, 37.76155747], [-122.449042484, 37.760925297]]]}, "properties": {"hrlimit": "2", "regulation": "Time limited", "to_time": "6pm", "rpparea1": "J", "analysis_neighborhood": "Inner Sunset", "days": "M-F", "from_time": "8am", "exceptions": "Yes. RPP holders are exempt from time limits.", "hours": "800-1800"}}, {"type": "Feature", "geometry": {"type": "MultiLineString", "coordinates": [[[-122.444374065, 37.760696505], [-122.444566147, 37.761234628], [-122.444516582, 37.761545177], [-122.444185867, 37.761886917]]]}, "properties": {"hrlimit": "2", "regulation": "Time limited", "to_time": "9pm", "rpparea1": "S", "analysis_neighborhood": "Castro/Upper Market", "days": "M-F", "from_time": "8am", "exceptions": "Yes. RPP holders are exempt from time limits.", "hours": "800-2100"}}, {"type": "Feature", "geometry": {"type": "MultiLineString", "coordinates": [[[-122.44935167, 37.765931215], [-122.447923473, 37.766117105]]]}, "properties": {"hrlimit": "2", "regulation": "Time limited", "to_time": "7pm", "rpparea1": "J", "analysis_neighborhood": "Haight Ashbury", "days": "M-F", "from_time": "7am", "exceptions": "Yes. RPP holders are exempt from time limits.", "hours": "700-1900"}}, {"type": "Feature", "geometry": {"type": "MultiLineString", "coordinates": [[[-122.454812727, 37.76305592], [-122.454078769, 37.762651981]]]}, "properties": {"hrlimit": "2", "regulation": "Time limited", "to_time": "5pm", "rpparea1": "J", "analysis_neighborhood": "Inner Sunset", "days": "M-F", "from_time": "8am", "exceptions": "Yes. RPP holders are exempt from time limits.", "hours": "800-1700"}}, {"type": "Feature", "geometry": {"type": "LineString", "coordinates": [[-122.443065692, 37.770454517], [-122.443202167, 37.770436586]]}, "properties": {"hrlimit": null, "regulation": "Limited No Parking", "to_time": null, "rpparea1": null, "analysis_neighborhood": "Haight Ashbury", "days": "M-F", "from_time": null, "exceptions": "Yes. SF Public Works vehicles are exempt.", "hours": "1100-2000", "nearMeter": false}}, {"type": "Feature", "geometry": {"type": "MultiLineString", "coordinates": [[[-122.449337324, 37.763245443], [-122.44820509, 37.763389803]]]}, "properties": {"hrlimit": "2", "regulation": "Time limited", "to_time": "5pm", "rpparea1": "J", "analysis_neighborhood": "Haight Ashbury", "days": "M-F", "from_time": "8am", "exceptions": "Yes. RPP holders are exempt from time limits.", "hours": "800-1700"}}, {"type": "Feature", "geometry": {"type": "MultiLineString", "coordinates": [[[-122.451360644, 37.767480063], [-122.450446967, 37.767596596]]]}, "properties": {"hrlimit": "2", "regulation": "Time limited", "to_time": "9pm", "rpparea1": "J", "analysis_neighborhood": "Haight Ashbury", "days": "M-Su", "from_time": "7am", "exceptions": "Yes. RPP holders are exempt from time limits.", "hours": "700-2100"}}, {"type": "Feature", "geometry": {"type": "LineString", "coordinates": [[-122.43055577, 37.762852906], [-122.428701368, 37.762965075]]}, "properties": {"hrlimit": null, "regulation": "No parking any time", "to_time": null, "rpparea1": null, "analysis_neighborhood": "Castro/Upper Market", "days": null, "from_time": null, "exceptions": null, "hours": null, "nearMeter": false}}, {"type": "Feature", "geometry": {"type": "MultiLineString", "coordinates": [[[-122.449588736, 37.775475614], [-122.448954292, 37.775556303]]]}, "properties": {"hrlimit": "2", "regulation": "Time limited", "to_time": "6pm", "rpparea1": "L", "analysis_neighborhood": "Lone Mountain/USF", "days": "M-F", "from_time": "8am", "exceptions": "Yes. RPP holders are exempt from time limits.", "hours": "800-1800"}}, {"type": "Feature", "geometry": {"type": "MultiLineString", "coordinates": [[[-122.445254462, 37.778719456], [-122.445108363, 37.777989733]]]}, "properties": {"hrlimit": "2", "regulation": "Time limited", "to_time": "6pm", "rpparea1": "P", "analysis_neighborhood": "Lone Mountain/USF", "days": "M-F", "from_time": "8am", "exceptions": "Yes. RPP holders are exempt from time limits.", "hours": "800-1800"}}, {"type": "Feature", "geometry": {"type": "MultiLineString", "coordinates": [[[-122.440643018, 37.780280186], [-122.440496314, 37.77955037]]]}, "properties": {"hrlimit": "2", "regulation": "Time limited", "to_time": "6pm", "rpparea1": "P", "analysis_neighborhood": "Western Addition", "days": "M-F", "from_time": "8am", "exceptions": "Yes. RPP holders are exempt from time limits.", "hours": "800-1800"}}, {"type": "Feature", "geometry": {"type": "MultiLineString", "coordinates": [[[-122.443368983, 37.779659464], [-122.443332311, 37.779653361], [-122.442731851, 37.779728248], [-122.442688163, 37.779745086]]]}, "properties": {"hrlimit": "2", "regulation": "Time limited", "to_time": "6pm", "rpparea1": "P", "analysis_neighborhood": "Lone Mountain/USF", "days": "M-F", "from_time": "8am", "exceptions": "Yes. RPP holders are exempt from time limits.", "hours": "800-1800"}}, {"type": "Feature", "geometry": {"type": "MultiLineString", "coordinates": [[[-122.440076972, 37.777480513], [-122.439928083, 37.776735424]]]}, "properties": {"hrlimit": "2", "regulation": "Time limited", "to_time": "6pm", "rpparea1": "P", "analysis_neighborhood": "Western Addition", "days": "M-F", "from_time": "8am", "exceptions": "Yes. RPP holders are exempt from time limits.", "hours": "800-1800"}}, {"type": "Feature", "geometry": {"type": "MultiLineString", "coordinates": [[[-122.42940836, 37.775942332], [-122.429260712, 37.775213018]]]}, "properties": {"hrlimit": "2", "regulation": "Time limited", "to_time": "8pm", "rpparea1": "HV", "analysis_neighborhood": "Hayes Valley", "days": "M-Sa", "from_time": "9am", "exceptions": "Yes. RPP holders are exempt from time limits.", "hours": "900-2100"}}, {"type": "Feature", "geometry": {"type": "MultiLineString", "coordinates": [[[-122.43178514, 37.770925022], [-122.430385145, 37.771103912]]]}, "properties": {"hrlimit": "2", "regulation": "Time limited", "to_time": "9pm", "rpparea1": "S", "analysis_neighborhood": "Hayes Valley", "days": "M-F", "from_time": "8am", "exceptions": "Yes. RPP holders are exempt from time limits.", "hours": "800-2100"}}, {"type": "Feature", "geometry": {"type": "MultiLineString", "coordinates": [[[-122.440012981, 37.760529654], [-122.43944347, 37.760564964]]]}, "properties": {"hrlimit": "2", "regulation": "Time limited", "to_time": "9pm", "rpparea1": "S", "analysis_neighborhood": "Castro/Upper Market", "days": "M-F", "from_time": "8am", "exceptions": "Yes. RPP holders are exempt from time limits.", "hours": "800-2100"}}, {"type": "Feature", "geometry": {"type": "MultiLineString", "coordinates": [[[-122.436370296, 37.761966298], [-122.437157651, 37.76180982]]]}, "properties": {"hrlimit": "2", "regulation": "Time limited", "to_time": "9pm", "rpparea1": "S", "analysis_neighborhood": "Castro/Upper Market", "days": "M-F", "from_time": "8am", "exceptions": "Yes. RPP holders are exempt from time limits.", "hours": "800-2100"}}, {"type": "Feature", "geometry": {"type": "MultiLineString", "coordinates": [[[-122.434300008, 37.770605131], [-122.433654956, 37.770687563]]]}, "properties": {"hrlimit": "2", "regulation": "Time limited", "to_time": "9pm", "rpparea1": "S", "analysis_neighborhood": "Haight Ashbury", "days": "M-F", "from_time": "8am", "exceptions": "Yes. RPP holders are exempt from time limits.", "hours": "800-2100"}}, {"type": "Feature", "geometry": {"type": "MultiLineString", "coordinates": [[[-122.433990358, 37.762615727], [-122.433116014, 37.762668644]]]}, "properties": {"hrlimit": "2", "regulation": "Time limited", "to_time": "9pm", "rpparea1": "S", "analysis_neighborhood": "Castro/Upper Market", "days": "M-F", "from_time": "8am", "exceptions": "Yes. RPP holders are exempt from time limits.", "hours": "800-2100"}}, {"type": "Feature", "geometry": {"type": "LineString", "coordinates": [[-122.457912684, 37.766112577], [-122.458276272, 37.766231723], [-122.458565823, 37.766276987], [-122.458764927, 37.766309445], [-122.458962615, 37.766288277]]}, "properties": {"hrlimit": "0", "regulation": "No oversized vehicles", "to_time": "6am", "rpparea1": null, "analysis_neighborhood": "Golden Gate Park", "days": "M-Su", "from_time": "12am", "exceptions": "Yes. Typical passenger vehicles are exempt.", "hours": "2400-600", "nearMeter": false}}, {"type": "Feature", "geometry": {"type": "MultiLineString", "coordinates": [[[-122.444452004, 37.774047437], [-122.444304237, 37.773312222]]]}, "properties": {"hrlimit": "2", "regulation": "Time limited", "to_time": "6pm", "rpparea1": "Q", "analysis_neighborhood": "Lone Mountain/USF", "days": "M-F", "from_time": "8am", "exceptions": "Yes. RPP holders are exempt from time limits.", "hours": "800-1800"}}, {"type": "Feature", "geometry": {"type": "MultiLineString", "coordinates": [[[-122.430494088, 37.773002532], [-122.429124482, 37.773176761], [-122.429106516, 37.773178124]]]}, "properties": {"hrlimit": "2", "regulation": "Time limited", "to_time": "8pm", "rpparea1": "Q", "analysis_neighborhood": "Hayes Valley", "days": "M-F", "from_time": "9am", "exceptions": "Yes. RPP holders are exempt from time limits.", "hours": "0900-2000"}}, {"type": "Feature", "geometry": {"type": "MultiLineString", "coordinates": [[[-122.430620031, 37.7826645], [-122.430141891, 37.782727106]]]}, "properties": {"hrlimit": "2", "regulation": "Time limited", "to_time": "6pm", "rpparea1": "R", "analysis_neighborhood": "Western Addition", "days": "M-Sa", "from_time": "9am", "exceptions": "Yes. RPP holders are exempt from time limits.", "hours": "900-1800"}}, {"type": "Feature", "geometry": {"type": "MultiLineString", "coordinates": [[[-122.441302386, 37.776390825], [-122.439950433, 37.776562664]]]}, "properties": {"hrlimit": "2", "regulation": "Time limited", "to_time": "6pm", "rpparea1": "P", "analysis_neighborhood": "Hayes Valley", "days": "M-F", "from_time": "8am", "exceptions": "Yes. RPP holders are exempt from time limits.", "hours": "800-1800"}}, {"type": "Feature", "geometry": {"type": "MultiLineString", "coordinates": [[[-122.450779142, 37.762278742], [-122.450647566, 37.761643057]]]}, "properties": {"hrlimit": "2", "regulation": "Time limited", "to_time": "5pm", "rpparea1": "J", "analysis_neighborhood": "Haight Ashbury", "days": "M-F", "from_time": "8am", "exceptions": "Yes. RPP holders are exempt from time limits.", "hours": "800-1700"}}, {"type": "Feature", "geometry": {"type": "MultiLineString", "coordinates": [[[-122.435385562, 37.765657627], [-122.435326825, 37.765012799]]]}, "properties": {"hrlimit": "2", "regulation": "Time limited", "to_time": "9pm", "rpparea1": "S", "analysis_neighborhood": "Castro/Upper Market", "days": "M-F", "from_time": "8am", "exceptions": "Yes. RPP holders are exempt from time limits.", "hours": "800-2100"}}, {"type": "Feature", "geometry": {"type": "MultiLineString", "coordinates": [[[-122.43172129, 37.764203714], [-122.431587412, 37.762807782]]]}, "properties": {"hrlimit": "2", "regulation": "Time limited", "to_time": "9pm", "rpparea1": "S", "analysis_neighborhood": "Castro/Upper Market", "days": "M-F", "from_time": "8am", "exceptions": "Yes. RPP holders are exempt from time limits.", "hours": "800-2100"}}, {"type": "Feature", "geometry": {"type": "MultiLineString", "coordinates": [[[-122.448058237, 37.766894007], [-122.447906723, 37.766142391]]]}, "properties": {"hrlimit": "2", "regulation": "Time limited", "to_time": "7pm", "rpparea1": "J", "analysis_neighborhood": "Haight Ashbury", "days": "M-F", "from_time": "7am", "exceptions": "Yes. RPP holders are exempt from time limits.", "hours": "700-1900"}}, {"type": "Feature", "geometry": {"type": "MultiLineString", "coordinates": [[[-122.447690698, 37.761780269], [-122.446929229, 37.761822006]]]}, "properties": {"hrlimit": "2", "regulation": "Time limited", "to_time": "6pm", "rpparea1": "J", "analysis_neighborhood": "Haight Ashbury", "days": "M-F", "from_time": "8am", "exceptions": "Yes. RPP holders are exempt from time limits.", "hours": "800-1800"}}, {"type": "Feature", "geometry": {"type": "MultiLineString", "coordinates": [[[-122.433461231, 37.779303906], [-122.432066797, 37.779481641]]]}, "properties": {"hrlimit": "4", "regulation": "Time limited", "to_time": "8pm", "rpparea1": "Q", "analysis_neighborhood": "Western Addition", "days": "M-F", "from_time": "9am", "exceptions": "Yes. RPP holders are exempt from time limits.", "hours": "900-2000"}}, {"type": "Feature", "geometry": {"type": "MultiLineString", "coordinates": [[[-122.450507444, 37.761470943], [-122.450381357, 37.760850892]]]}, "properties": {"hrlimit": "2", "regulation": "Time limited", "to_time": "6pm", "rpparea1": "J", "analysis_neighborhood": "Inner Sunset", "days": "M-F", "from_time": "8am", "exceptions": "Yes. RPP holders are exempt from time limits.", "hours": "800-1800"}}, {"type": "Feature", "geometry": {"type": "MultiLineString", "coordinates": [[[-122.430008123, 37.769527589], [-122.430131899, 37.770142976]]]}, "properties": {"hrlimit": "2", "regulation": "Time limited", "to_time": "9pm", "rpparea1": "S", "analysis_neighborhood": "Hayes Valley", "days": "M-F", "from_time": "8am", "exceptions": "Yes. RPP holders are exempt from time limits.", "hours": "800-2100"}}, {"type": "Feature", "geometry": {"type": "MultiLineString", "coordinates": [[[-122.440828592, 37.781203867], [-122.440678845, 37.780458704]]]}, "properties": {"hrlimit": "2", "regulation": "Time limited", "to_time": "6pm", "rpparea1": "P", "analysis_neighborhood": "Western Addition", "days": "M-F", "from_time": "8am", "exceptions": "Yes. RPP holders are exempt from time limits.", "hours": "800-1800"}}, {"type": "Feature", "geometry": {"type": "MultiLineString", "coordinates": [[[-122.451778575, 37.780582012], [-122.45092806, 37.780696379]]]}, "properties": {"hrlimit": "2", "regulation": "Time limited", "to_time": "6pm", "rpparea1": "L", "analysis_neighborhood": "Lone Mountain/USF", "days": "M-F", "from_time": "8am", "exceptions": "Yes. RPP holders are exempt from time limits.", "hours": "800-1800"}}, {"type": "Feature", "geometry": {"type": "MultiLineString", "coordinates": [[[-122.440716375, 37.77169231], [-122.442075057, 37.771525371]]]}, "properties": {"hrlimit": "2", "regulation": "Time limited", "to_time": "6pm", "rpparea1": "Q", "analysis_neighborhood": "Haight Ashbury", "days": "M-F", "from_time": "8am", "exceptions": "Yes. RPP holders are exempt from time limits.", "hours": "800-1800"}}, {"type": "Feature", "geometry": {"type": "MultiLineString", "coordinates": [[[-122.43408079, 37.775414233], [-122.432965022, 37.775556465]]]}, "properties": {"hrlimit": "2", "regulation": "Time limited", "to_time": "8pm", "rpparea1": "Q", "analysis_neighborhood": "Hayes Valley", "days": "M-F", "from_time": "9am", "exceptions": "Yes. RPP holders are exempt from time limits.", "hours": "900-2000"}}, {"type": "Feature", "geometry": {"type": "MultiLineString", "coordinates": [[[-122.453956719, 37.772038306], [-122.45255668, 37.772216514]]]}, "properties": {"hrlimit": "2", "regulation": "Time limited", "to_time": "6pm", "rpparea1": "L", "analysis_neighborhood": "Lone Mountain/USF", "days": "M-F", "from_time": "8am", "exceptions": "Yes. RPP holders are exempt from time limits.", "hours": "800-1800"}}, {"type": "Feature", "geometry": {"type": "MultiLineString", "coordinates": [[[-122.440970986, 37.761645146], [-122.440696258, 37.761739689], [-122.440224467, 37.76176942]]]}, "properties": {"hrlimit": "2", "regulation": "Time limited", "to_time": "5pm", "rpparea1": "S", "analysis_neighborhood": "Castro/Upper Market", "days": "M-F", "from_time": "8am", "exceptions": "Yes. RPP holders are exempt from time limits.", "hours": "800-1700"}}, {"type": "Feature", "geometry": {"type": "MultiLineString", "coordinates": [[[-122.453198141, 37.762382599], [-122.453675502, 37.762013364]]]}, "properties": {"hrlimit": "2", "regulation": "Time limited", "to_time": "5pm", "rpparea1": "J", "analysis_neighborhood": "Inner Sunset", "days": "M-F", "from_time": "8am", "exceptions": "Yes. RPP holders are exempt from time limits.", "hours": "800-1700"}}, {"type": "Feature", "geometry": {"type": "MultiLineString", "coordinates": [[[-122.443209959, 37.765261952], [-122.443213627, 37.76517328], [-122.443218406, 37.765057609], [-122.443223591, 37.764932099], [-122.443225916, 37.764802295]]]}, "properties": {"hrlimit": "2", "regulation": "Time limited", "to_time": "9pm", "rpparea1": "S", "analysis_neighborhood": "Castro/Upper Market", "days": "M-F", "from_time": "8am", "exceptions": "Yes. RPP holders are exempt from time limits.", "hours": "800-2100"}}, {"type": "Feature", "geometry": {"type": "MultiLineString", "coordinates": [[[-122.439966646, 37.761285923], [-122.439913962, 37.761310885], [-122.439798233, 37.761369783], [-122.439705286, 37.761414104], [-122.439610954, 37.761456456], [-122.43952581, 37.76149252]]]}, "properties": {"hrlimit": "2", "regulation": "Time limited", "to_time": "9pm", "rpparea1": "S", "analysis_neighborhood": "Castro/Upper Market", "days": "M-F", "from_time": "8am", "exceptions": "Yes. RPP holders are exempt from time limits.", "hours": "800-2100"}}, {"type": "Feature", "geometry": {"type": "MultiLineString", "coordinates": [[[-122.449432658, 37.774379229], [-122.449284181, 37.773652799], [-122.449281974, 37.773642024]]]}, "properties": {"hrlimit": "2", "regulation": "Time limited", "to_time": "6pm", "rpparea1": "L", "analysis_neighborhood": "Lone Mountain/USF", "days": "M-F", "from_time": "8am", "exceptions": "Yes. RPP holders are exempt from time limits.", "hours": "800-1800"}}, {"type": "Feature", "geometry": {"type": "MultiLineString", "coordinates": [[[-122.430184633, 37.778725871], [-122.430038183, 37.777998019]]]}, "properties": {"hrlimit": "2", "regulation": "Time limited", "to_time": "8pm", "rpparea1": "Q", "analysis_neighborhood": "Western Addition", "days": "M-F", "from_time": "9am", "exceptions": "Yes. RPP holders are exempt from time limits.", "hours": "900-2000"}}, {"type": "Feature", "geometry": {"type": "MultiLineString", "coordinates": [[[-122.430902562, 37.774983396], [-122.429495914, 37.775166498]]]}, "properties": {"hrlimit": "2", "regulation": "Time limited", "to_time": "8pm", "rpparea1": "Q", "analysis_neighborhood": "Hayes Valley", "days": "M-F", "from_time": "9am", "exceptions": "Yes. RPP holders are exempt from time limits.", "hours": "0900-2000"}}, {"type": "Feature", "geometry": {"type": "MultiLineString", "coordinates": [[[-122.431255676, 37.767463286], [-122.431199968, 37.766882406]]]}, "properties": {"hrlimit": "2", "regulation": "Time limited", "to_time": "9pm", "rpparea1": "S", "analysis_neighborhood": "Castro/Upper Market", "days": "M-F", "from_time": "8am", "exceptions": "Yes. RPP holders are exempt from time limits.", "hours": "800-2100"}}, {"type": "Feature", "geometry": {"type": "MultiLineString", "coordinates": [[[-122.437607666, 37.768970299], [-122.437467716, 37.768364696], [-122.437364444, 37.767307809]]]}, "properties": {"hrlimit": "2", "regulation": "Time limited", "to_time": "9pm", "rpparea1": "S", "analysis_neighborhood": "Castro/Upper Market", "days": "M-F", "from_time": "8am", "exceptions": "Yes. RPP holders are exempt from time limits.", "hours": "800-2100"}}, {"type": "Feature", "geometry": {"type": "MultiLineString", "coordinates": [[[-122.451200736, 37.766653695], [-122.450276298, 37.7667716]]]}, "properties": {"hrlimit": "2", "regulation": "Time limited", "to_time": "5pm", "rpparea1": "J", "analysis_neighborhood": "Haight Ashbury", "days": "M-F", "from_time": "8am", "exceptions": "Yes. RPP holders are exempt from time limits.", "hours": "800-1700"}}, {"type": "Feature", "geometry": {"type": "MultiLineString", "coordinates": [[[-122.443022804, 37.763764721], [-122.443013824, 37.764044559], [-122.443033186, 37.764110822], [-122.443240775, 37.764406217], [-122.443287201, 37.764539772]]]}, "properties": {"hrlimit": "2", "regulation": "Time limited", "to_time": "9pm", "rpparea1": "S", "analysis_neighborhood": "Castro/Upper Market", "days": "M-F", "from_time": "8am", "exceptions": "Yes. RPP holders are exempt from time limits.", "hours": "800-2100"}}, {"type": "Feature", "geometry": {"type": "MultiLineString", "coordinates": [[[-122.432501699, 37.769096389], [-122.432362107, 37.76764113]]]}, "properties": {"hrlimit": "2", "regulation": "Time limited", "to_time": "9pm", "rpparea1": "S", "analysis_neighborhood": "Castro/Upper Market", "days": "M-F", "from_time": "8am", "exceptions": "Yes. RPP holders are exempt from time limits.", "hours": "800-2100"}}, {"type": "Feature", "geometry": {"type": "MultiLineString", "coordinates": [[[-122.436565639, 37.777965905], [-122.435454129, 37.778107613]]]}, "properties": {"hrlimit": "2", "regulation": "Time limited", "to_time": "8pm", "rpparea1": "Q", "analysis_neighborhood": "Western Addition", "days": "M-F", "from_time": "9am", "exceptions": "Yes. RPP holders are exempt from time limits.", "hours": "900-2000"}}, {"type": "Feature", "geometry": {"type": "MultiLineString", "coordinates": [[[-122.449196889, 37.762565262], [-122.448077387, 37.762704927]]]}, "properties": {"hrlimit": "2", "regulation": "Time limited", "to_time": "5pm", "rpparea1": "J", "analysis_neighborhood": "Haight Ashbury", "days": "M-F", "from_time": "8am", "exceptions": "Yes. RPP holders are exempt from time limits.", "hours": "800-1700"}}, {"type": "Feature", "geometry": {"type": "MultiLineString", "coordinates": [[[-122.447817642, 37.761633995], [-122.44769005, 37.761010557]]]}, "properties": {"hrlimit": "2", "regulation": "Time limited", "to_time": "7pm", "rpparea1": "J", "analysis_neighborhood": "Inner Sunset", "days": "M-F", "from_time": "7am", "exceptions": "Yes. RPP holders are exempt from time limits.", "hours": "700-1900"}}, {"type": "Feature", "geometry": {"type": "MultiLineString", "coordinates": [[[-122.458353725, 37.776262936], [-122.456795727, 37.776457287]]]}, "properties": {"hrlimit": "2", "regulation": "Time limited", "to_time": "6pm", "rpparea1": "L", "analysis_neighborhood": "Lone Mountain/USF", "days": "M-F", "from_time": "8am", "exceptions": "Yes. RPP holders are exempt from time limits.", "hours": "800-1800"}}, {"type": "Feature", "geometry": {"type": "MultiLineString", "coordinates": [[[-122.433971322, 37.772525782], [-122.433820329, 37.771776575]]]}, "properties": {"hrlimit": "2", "regulation": "Time limited", "to_time": "8pm", "rpparea1": "Q", "analysis_neighborhood": "Haight Ashbury", "days": "M-F", "from_time": "9am", "exceptions": "Yes. RPP holders are exempt from time limits.", "hours": "900-2000"}}, {"type": "Feature", "geometry": {"type": "MultiLineString", "coordinates": [[[-122.436593445, 37.778070455], [-122.43518855, 37.778249255]]]}, "properties": {"hrlimit": "2", "regulation": "Time limited", "to_time": "8pm", "rpparea1": "Q", "analysis_neighborhood": "Western Addition", "days": "M-F", "from_time": "9am", "exceptions": "Yes. RPP holders are exempt from time limits.", "hours": "900-2000"}}, {"type": "Feature", "geometry": {"type": "MultiLineString", "coordinates": [[[-122.434186652, 37.77456425], [-122.432789404, 37.774742459]]]}, "properties": {"hrlimit": "2", "regulation": "Time limited", "to_time": "8pm", "rpparea1": "Q", "analysis_neighborhood": "Hayes Valley", "days": "M-F", "from_time": "9am", "exceptions": "Yes. RPP holders are exempt from time limits.", "hours": "900-2000"}}, {"type": "Feature", "geometry": {"type": "MultiLineString", "coordinates": [[[-122.438986411, 37.781441051], [-122.43883919, 37.78069948]]]}, "properties": {"hrlimit": "2", "regulation": "Time limited", "to_time": "6pm", "rpparea1": "P", "analysis_neighborhood": "Western Addition", "days": "M-F", "from_time": "8am", "exceptions": "Yes. RPP holders are exempt from time limits.", "hours": "800-1800"}}, {"type": "Feature", "geometry": {"type": "MultiLineString", "coordinates": [[[-122.430101521, 37.770772081], [-122.430166272, 37.771097421]]]}, "properties": {"hrlimit": "2", "regulation": "Time limited", "to_time": "9pm", "rpparea1": "S", "analysis_neighborhood": "Hayes Valley", "days": "M-F", "from_time": "8am", "exceptions": "Yes. RPP holders are exempt from time limits.", "hours": "800-2100"}}, {"type": "Feature", "geometry": {"type": "MultiLineString", "coordinates": [[[-122.432724469, 37.759521009], [-122.432792272, 37.760227908]]]}, "properties": {"hrlimit": "2", "regulation": "Time limited", "to_time": "9pm", "rpparea1": "S", "analysis_neighborhood": "Castro/Upper Market", "days": "M-F", "from_time": "8am", "exceptions": "Yes. RPP holders are exempt from time limits.", "hours": "800-2100"}}, {"type": "Feature", "geometry": {"type": "MultiLineString", "coordinates": [[[-122.430638752, 37.762640143], [-122.430590499, 37.762136925]]]}, "properties": {"hrlimit": "2", "regulation": "Time limited", "to_time": "9pm", "rpparea1": "S", "analysis_neighborhood": "Castro/Upper Market", "days": "M-F", "from_time": "8am", "exceptions": "Yes. RPP holders are exempt from time limits.", "hours": "800-2100"}}, {"type": "Feature", "geometry": {"type": "MultiLineString", "coordinates": [[[-122.431182287, 37.766698043], [-122.431123772, 37.766087899]]]}, "properties": {"hrlimit": "2", "regulation": "Time limited", "to_time": "9pm", "rpparea1": "S", "analysis_neighborhood": "Castro/Upper Market", "days": "M-F", "from_time": "8am", "exceptions": "Yes. RPP holders are exempt from time limits.", "hours": "800-2100"}}, {"type": "Feature", "geometry": {"type": "MultiLineString", "coordinates": [[[-122.450912681, 37.762946322], [-122.450801788, 37.762401441]]]}, "properties": {"hrlimit": "2", "regulation": "Time limited", "to_time": "5pm", "rpparea1": "J", "analysis_neighborhood": "Haight Ashbury", "days": "M-F", "from_time": "8am", "exceptions": "Yes. RPP holders are exempt from time limits.", "hours": "800-1700"}}, {"type": "Feature", "geometry": {"type": "MultiLineString", "coordinates": [[[-122.453757897, 37.780115661], [-122.45377433, 37.779919578], [-122.45375738, 37.779770296], [-122.453403313, 37.778087016], [-122.453325588, 37.777992268]]]}, "properties": {"hrlimit": "4", "regulation": "Time limited", "to_time": "6pm", "rpparea1": "L", "analysis_neighborhood": "Lone Mountain/USF", "days": "M-F", "from_time": "8am", "exceptions": "Yes. RPP holders are exempt from time limits.", "hours": "800-1800"}}, {"type": "Feature", "geometry": {"type": "MultiLineString", "coordinates": [[[-122.429513233, 37.7764725], [-122.429449917, 37.776159942]]]}, "properties": {"hrlimit": "2", "regulation": "Time limited", "to_time": "9pm", "rpparea1": "HV", "analysis_neighborhood": "Hayes Valley", "days": "M-Sa", "from_time": "8am", "exceptions": "Yes. RPP holders are exempt from time limits.", "hours": "900-2100"}}, {"type": "Feature", "geometry": {"type": "MultiLineString", "coordinates": [[[-122.440696564, 37.781222551], [-122.440547896, 37.780482728]]]}, "properties": {"hrlimit": "2", "regulation": "Time limited", "to_time": "6pm", "rpparea1": "P", "analysis_neighborhood": "Western Addition", "days": "M-F", "from_time": "8am", "exceptions": "Yes. RPP holders are exempt from time limits.", "hours": "800-1800"}}, {"type": "Feature", "geometry": {"type": "MultiLineString", "coordinates": [[[-122.45245244, 37.764578117], [-122.451307514, 37.764728196]]]}, "properties": {"hrlimit": "2", "regulation": "Time limited", "to_time": "5pm", "rpparea1": "J", "analysis_neighborhood": "Haight Ashbury", "days": "M-F", "from_time": "8am", "exceptions": "Yes. RPP holders are exempt from time limits.", "hours": "800-1700"}}, {"type": "Feature", "geometry": {"type": "MultiLineString", "coordinates": [[[-122.435857136, 37.768956864], [-122.435711745, 37.767433113]]]}, "properties": {"hrlimit": "2", "regulation": "Time limited", "to_time": "9pm", "rpparea1": "S", "analysis_neighborhood": "Castro/Upper Market", "days": "M-F", "from_time": "8am", "exceptions": "Yes. RPP holders are exempt from time limits.", "hours": "800-2100"}}, {"type": "Feature", "geometry": {"type": "MultiLineString", "coordinates": [[[-122.432635956, 37.760975638], [-122.430695838, 37.761093029]]]}, "properties": {"hrlimit": "2", "regulation": "Time limited", "to_time": "9pm", "rpparea1": "S", "analysis_neighborhood": "Castro/Upper Market", "days": "M-F", "from_time": "8am", "exceptions": "Yes. RPP holders are exempt from time limits.", "hours": "800-2100"}}, {"type": "Feature", "geometry": {"type": "MultiLineString", "coordinates": [[[-122.450019626, 37.766696549], [-122.448124303, 37.766938255]]]}, "properties": {"hrlimit": "2", "regulation": "Time limited", "to_time": "5pm", "rpparea1": "J", "analysis_neighborhood": "Haight Ashbury", "days": "M-F", "from_time": "8am", "exceptions": "Yes. RPP holders are exempt from time limits.", "hours": "800-1700"}}, {"type": "Feature", "geometry": {"type": "MultiLineString", "coordinates": [[[-122.436436095, 37.767385825], [-122.436569586, 37.768917573]]]}, "properties": {"hrlimit": "2", "regulation": "Time limited", "to_time": "9pm", "rpparea1": "S", "analysis_neighborhood": "Castro/Upper Market", "days": "M-F", "from_time": "8am", "exceptions": "Yes. RPP holders are exempt from time limits.", "hours": "800-2100"}}, {"type": "Feature", "geometry": {"type": "MultiLineString", "coordinates": [[[-122.429076581, 37.769592639], [-122.429140045, 37.770273387]]]}, "properties": {"hrlimit": "2", "regulation": "Time limited", "to_time": "9pm", "rpparea1": "S", "analysis_neighborhood": "Hayes Valley", "days": "M-F", "from_time": "8am", "exceptions": "Yes. RPP holders are exempt from time limits.", "hours": "800-2100"}}, {"type": "Feature", "geometry": {"type": "MultiLineString", "coordinates": [[[-122.433323368, 37.767373936], [-122.433263657, 37.766751504]]]}, "properties": {"hrlimit": "2", "regulation": "Time limited", "to_time": "9pm", "rpparea1": "S", "analysis_neighborhood": "Castro/Upper Market", "days": "M-F", "from_time": "8am", "exceptions": "Yes. RPP holders are exempt from time limits.", "hours": "800-2100"}}, {"type": "Feature", "geometry": {"type": "MultiLineString", "coordinates": [[[-122.448740796, 37.778318256], [-122.448100511, 37.778400171]]]}, "properties": {"hrlimit": "2", "regulation": "Time limited", "to_time": "8pm", "rpparea1": "BB", "analysis_neighborhood": "Lone Mountain/USF", "days": "M-F", "from_time": "8am", "exceptions": "Yes. RPP holders are exempt from time limits.", "hours": "800-2000"}}, {"type": "Feature", "geometry": {"type": "MultiLineString", "coordinates": [[[-122.449242839, 37.783670176], [-122.448085332, 37.783944342]]]}, "properties": {"hrlimit": "2", "regulation": "Time limited", "to_time": "6pm", "rpparea1": "L", "analysis_neighborhood": "Presidio Heights", "days": "M-F", "from_time": "8am", "exceptions": "Yes. RPP holders are exempt from time limits.", "hours": "800-1800"}}, {"type": "Feature", "geometry": {"type": "MultiLineString", "coordinates": [[[-122.450782755, 37.780710213], [-122.449915319, 37.780818466]]]}, "properties": {"hrlimit": "2", "regulation": "Time limited", "to_time": "6pm", "rpparea1": "L", "analysis_neighborhood": "Lone Mountain/USF", "days": "M-F", "from_time": "8am", "exceptions": "Yes. RPP holders are exempt from time limits.", "hours": "800-1800"}}, {"type": "Feature", "geometry": {"type": "MultiLineString", "coordinates": [[[-122.453740918, 37.780334016], [-122.453002555, 37.780427338]]]}, "properties": {"hrlimit": "2", "regulation": "Time limited", "to_time": "6pm", "rpparea1": "L", "analysis_neighborhood": "Lone Mountain/USF", "days": "M-F", "from_time": "8am", "exceptions": "Yes. RPP holders are exempt from time limits.", "hours": "800-1800"}}, {"type": "Feature", "geometry": {"type": "MultiLineString", "coordinates": [[[-122.453684354, 37.783926646], [-122.453268487, 37.781891039]]]}, "properties": {"hrlimit": "2", "regulation": "Time limited", "to_time": "4pm", "rpparea1": "F", "analysis_neighborhood": "Presidio Heights", "days": "M-F", "from_time": "9am", "exceptions": "Yes. RPP holders are exempt from time limits.", "hours": "900-1600"}}, {"type": "Feature", "geometry": {"type": "MultiLineString", "coordinates": [[[-122.441752703, 37.777256501], [-122.441605014, 37.776525086]]]}, "properties": {"hrlimit": "2", "regulation": "Time limited", "to_time": "6pm", "rpparea1": "P", "analysis_neighborhood": "Lone Mountain/USF", "days": "M-F", "from_time": "8am", "exceptions": "Yes. RPP holders are exempt from time limits.", "hours": "800-1800"}}, {"type": "Feature", "geometry": {"type": "MultiLineString", "coordinates": [[[-122.433505165, 37.770885045], [-122.433648382, 37.77160442]]]}, "properties": {"hrlimit": "2", "regulation": "Time limited", "to_time": "9pm", "rpparea1": "S", "analysis_neighborhood": "Haight Ashbury", "days": "M-F", "from_time": "8am", "exceptions": "Yes. RPP holders are exempt from time limits.", "hours": "800-2100"}}, {"type": "Feature", "geometry": {"type": "MultiLineString", "coordinates": [[[-122.430295804, 37.78086918], [-122.430438237, 37.781573236]]]}, "properties": {"hrlimit": "2", "regulation": "Time limited", "to_time": "6pm", "rpparea1": "R", "analysis_neighborhood": "Western Addition", "days": "M-Sa", "from_time": "9am", "exceptions": "Yes. RPP holders are exempt from time limits.", "hours": "900-1800"}}, {"type": "Feature", "geometry": {"type": "MultiLineString", "coordinates": [[[-122.435462766, 37.766440042], [-122.435403467, 37.765817976]]]}, "properties": {"hrlimit": "2", "regulation": "Time limited", "to_time": "9pm", "rpparea1": "S", "analysis_neighborhood": "Castro/Upper Market", "days": "M-F", "from_time": "8am", "exceptions": "Yes. RPP holders are exempt from time limits.", "hours": "800-2100"}}, {"type": "Feature", "geometry": {"type": "MultiLineString", "coordinates": [[[-122.449620892, 37.778205657], [-122.448970481, 37.778288872]]]}, "properties": {"hrlimit": "2", "regulation": "Time limited", "to_time": "8pm", "rpparea1": "BB", "analysis_neighborhood": "Lone Mountain/USF", "days": "M-F", "from_time": "8am", "exceptions": "Yes. RPP holders are exempt from time limits.", "hours": "800-2000"}}, {"type": "Feature", "geometry": {"type": "MultiLineString", "coordinates": [[[-122.430873565, 37.774851065], [-122.429477465, 37.775027884]]]}, "properties": {"hrlimit": "2", "regulation": "Time limited", "to_time": "8pm", "rpparea1": "Q", "analysis_neighborhood": "Hayes Valley", "days": "M-F", "from_time": "9am", "exceptions": "Yes. RPP holders are exempt from time limits.", "hours": "0900-2000"}}, {"type": "Feature", "geometry": {"type": "MultiLineString", "coordinates": [[[-122.431755791, 37.770564165], [-122.431819826, 37.770889633]]]}, "properties": {"hrlimit": "2", "regulation": "Time limited", "to_time": "9pm", "rpparea1": "S", "analysis_neighborhood": "Hayes Valley", "days": "M-F", "from_time": "8am", "exceptions": "Yes. RPP holders are exempt from time limits.", "hours": "800-2100"}}, {"type": "Feature", "geometry": {"type": "MultiLineString", "coordinates": [[[-122.432727733, 37.770913418], [-122.432019746, 37.771004903]]]}, "properties": {"hrlimit": "2", "regulation": "Time limited", "to_time": "9pm", "rpparea1": "S", "analysis_neighborhood": "Haight Ashbury", "days": "M-F", "from_time": "8am", "exceptions": "Yes. RPP holders are exempt from time limits.", "hours": "800-2100"}}, {"type": "Feature", "geometry": {"type": "MultiLineString", "coordinates": [[[-122.435164877, 37.78112073], [-122.434094294, 37.781257597]]]}, "properties": {"hrlimit": "2", "regulation": "Time limited", "to_time": "6pm", "rpparea1": "P", "analysis_neighborhood": "Western Addition", "days": "M-F", "from_time": "8am", "exceptions": "Yes. RPP holders are exempt from time limits.", "hours": "800-1800"}}, {"type": "Feature", "geometry": {"type": "MultiLineString", "coordinates": [[[-122.449370175, 37.768650569], [-122.449028337, 37.766981169]]]}, "properties": {"hrlimit": "2", "regulation": "Time limited", "to_time": "7pm", "rpparea1": "J", "analysis_neighborhood": "Haight Ashbury", "days": "M-F", "from_time": "7am", "exceptions": "Yes. RPP holders are exempt from time limits.", "hours": "700-1900"}}, {"type": "Feature", "geometry": {"type": "MultiLineString", "coordinates": [[[-122.444427569, 37.760543262], [-122.444650446, 37.76116727], [-122.444657697, 37.761283182], [-122.444587434, 37.761589791], [-122.444353246, 37.761838895]]]}, "properties": {"hrlimit": "2", "regulation": "Time limited", "to_time": "9pm", "rpparea1": "S", "analysis_neighborhood": "Castro/Upper Market", "days": "M-F", "from_time": "8am", "exceptions": "Yes. RPP holders are exempt from time limits.", "hours": "800-2100"}}, {"type": "Feature", "geometry": {"type": "MultiLineString", "coordinates": [[[-122.449541705, 37.76882852], [-122.449638008, 37.769298918]]]}, "properties": {"hrlimit": "2", "regulation": "Time limited", "to_time": "5pm", "rpparea1": "J", "analysis_neighborhood": "Haight Ashbury", "days": "M-F", "from_time": "8am", "exceptions": "Yes. RPP holders are exempt from time limits.", "hours": "800-1700"}}, {"type": "Feature", "geometry": {"type": "MultiLineString", "coordinates": [[[-122.454807217, 37.777575361], [-122.453784151, 37.777706298]]]}, "properties": {"hrlimit": "4", "regulation": "Time limited", "to_time": "6pm", "rpparea1": "L", "analysis_neighborhood": "Lone Mountain/USF", "days": "M-F", "from_time": "8am", "exceptions": "Yes. RPP holders are exempt from time limits.", "hours": "800-1800"}}, {"type": "Feature", "geometry": {"type": "MultiLineString", "coordinates": [[[-122.447991434, 37.778603286], [-122.447235436, 37.778699997]]]}, "properties": {"hrlimit": "4", "regulation": "Time limited", "to_time": "6pm", "rpparea1": "L", "analysis_neighborhood": "Lone Mountain/USF", "days": "M-F", "from_time": "8am", "exceptions": "Yes. RPP holders are exempt from time limits.", "hours": "800-1800"}}, {"type": "Feature", "geometry": {"type": "MultiLineString", "coordinates": [[[-122.442846026, 37.775362004], [-122.441473815, 37.775536439]]]}, "properties": {"hrlimit": "2", "regulation": "Time limited", "to_time": "6pm", "rpparea1": "Q", "analysis_neighborhood": "Lone Mountain/USF", "days": "M-F", "from_time": "8am", "exceptions": "Yes. RPP holders are exempt from time limits.", "hours": "800-1800"}}, {"type": "Feature", "geometry": {"type": "MultiLineString", "coordinates": [[[-122.437688273, 37.778767667], [-122.436991905, 37.778856155]]]}, "properties": {"hrlimit": "2", "regulation": "Time limited", "to_time": "8pm", "rpparea1": "Q", "analysis_neighborhood": "Western Addition", "days": "M-F", "from_time": "9am", "exceptions": "Yes. RPP holders are exempt from time limits.", "hours": "900-2000"}}, {"type": "Feature", "geometry": {"type": "MultiLineString", "coordinates": [[[-122.44571373, 37.772937816], [-122.444197636, 37.773138261]]]}, "properties": {"hrlimit": "2", "regulation": "Time limited", "to_time": "6pm", "rpparea1": "Q", "analysis_neighborhood": "Golden Gate Park", "days": "M-F", "from_time": "8am", "exceptions": "Yes. RPP holders are exempt from time limits.", "hours": "800-1800"}}, {"type": "Feature", "geometry": {"type": "MultiLineString", "coordinates": [[[-122.429152709, 37.774651337], [-122.42773872, 37.774829408]]]}, "properties": {"hrlimit": "2", "regulation": "Time limited", "to_time": "9pm", "rpparea1": "HV", "analysis_neighborhood": "Hayes Valley", "days": "M-Sa", "from_time": "8am", "exceptions": "Yes. RPP holders are exempt from time limits.", "hours": "900-2100"}}, {"type": "Feature", "geometry": {"type": "MultiLineString", "coordinates": [[[-122.455852174, 37.764166488], [-122.455881256, 37.764531411]]]}, "properties": {"hrlimit": "2", "regulation": "Time limited", "to_time": "5pm", "rpparea1": "J", "analysis_neighborhood": "Inner Sunset", "days": "M-F", "from_time": "8am", "exceptions": "Yes. RPP holders are exempt from time limits.", "hours": "800-1700"}}, {"type": "Feature", "geometry": {"type": "MultiLineString", "coordinates": [[[-122.450996343, 37.76392677], [-122.451132021, 37.764593935]]]}, "properties": {"hrlimit": "2", "regulation": "Time limited", "to_time": "5pm", "rpparea1": "J", "analysis_neighborhood": "Haight Ashbury", "days": "M-F", "from_time": "8am", "exceptions": "Yes. RPP holders are exempt from time limits.", "hours": "800-1700"}}, {"type": "Feature", "geometry": {"type": "MultiLineString", "coordinates": [[[-122.433301751, 37.769872286], [-122.433462298, 37.770671761]]]}, "properties": {"hrlimit": "2", "regulation": "Time limited", "to_time": "9pm", "rpparea1": "S", "analysis_neighborhood": "Haight Ashbury", "days": "M-F", "from_time": "8am", "exceptions": "Yes. RPP holders are exempt from time limits.", "hours": "800-2100"}}, {"type": "Feature", "geometry": {"type": "MultiLineString", "coordinates": [[[-122.432731453, 37.77075737], [-122.432572389, 37.76996803]]]}, "properties": {"hrlimit": "2", "regulation": "Time limited", "to_time": "9pm", "rpparea1": "S", "analysis_neighborhood": "Haight Ashbury", "days": "M-F", "from_time": "8am", "exceptions": "Yes. RPP holders are exempt from time limits.", "hours": "800-2100"}}, {"type": "Feature", "geometry": {"type": "MultiLineString", "coordinates": [[[-122.449348217, 37.762441481], [-122.449204223, 37.761727959]]]}, "properties": {"hrlimit": "2", "regulation": "Time limited", "to_time": "5pm", "rpparea1": "J", "analysis_neighborhood": "Haight Ashbury", "days": "M-F", "from_time": "8am", "exceptions": "Yes. RPP holders are exempt from time limits.", "hours": "800-1700"}}, {"type": "Feature", "geometry": {"type": "MultiLineString", "coordinates": [[[-122.44407035, 37.772183841], [-122.444003381, 37.77181407]]]}, "properties": {"hrlimit": "2", "regulation": "Time limited", "to_time": "6pm", "rpparea1": "Q", "analysis_neighborhood": "Haight Ashbury", "days": "M-F", "from_time": "8am", "exceptions": "Yes. RPP holders are exempt from time limits.", "hours": "800-1800"}}, {"type": "Feature", "geometry": {"type": "MultiLineString", "coordinates": [[[-122.440646802, 37.781270192], [-122.439252724, 37.781447963]]]}, "properties": {"hrlimit": "2", "regulation": "Time limited", "to_time": "6pm", "rpparea1": "P", "analysis_neighborhood": "Western Addition", "days": "M-F", "from_time": "8am", "exceptions": "Yes. RPP holders are exempt from time limits.", "hours": "800-1800"}}, {"type": "Feature", "geometry": {"type": "MultiLineString", "coordinates": [[[-122.448884979, 37.77363591], [-122.447820244, 37.773771319]]]}, "properties": {"hrlimit": "2", "regulation": "Time limited", "to_time": "6pm", "rpparea1": "L", "analysis_neighborhood": "Lone Mountain/USF", "days": "M-F", "from_time": "8am", "exceptions": "Yes. RPP holders are exempt from time limits.", "hours": "800-1800"}}, {"type": "Feature", "geometry": {"type": "MultiLineString", "coordinates": [[[-122.430137569, 37.771243213], [-122.428745818, 37.771422822]]]}, "properties": {"hrlimit": "2", "regulation": "Time limited", "to_time": "9pm", "rpparea1": "S", "analysis_neighborhood": "Hayes Valley", "days": "M-F", "from_time": "8am", "exceptions": "Yes. RPP holders are exempt from time limits.", "hours": "800-2100"}}, {"type": "Feature", "geometry": {"type": "MultiLineString", "coordinates": [[[-122.430430748, 37.760470913], [-122.430487978, 37.76106776]]]}, "properties": {"hrlimit": "2", "regulation": "Time limited", "to_time": "9pm", "rpparea1": "S", "analysis_neighborhood": "Castro/Upper Market", "days": "M-F", "from_time": "8am", "exceptions": "Yes. RPP holders are exempt from time limits.", "hours": "800-2100"}}, {"type": "Feature", "geometry": {"type": "MultiLineString", "coordinates": [[[-122.452829716, 37.766338128], [-122.450261052, 37.766665759]]]}, "properties": {"hrlimit": "2", "regulation": "Time limited", "to_time": "5pm", "rpparea1": "J", "analysis_neighborhood": "Haight Ashbury", "days": "M-F", "from_time": "8am", "exceptions": "Yes. RPP holders are exempt from time limits.", "hours": "800-1700"}}, {"type": "Feature", "geometry": {"type": "MultiLineString", "coordinates": [[[-122.456615532, 37.764896824], [-122.454528652, 37.765163083]]]}, "properties": {"hrlimit": "2", "regulation": "Time limited", "to_time": "5pm", "rpparea1": "J", "analysis_neighborhood": "Inner Sunset", "days": "M-F", "from_time": "8am", "exceptions": "Yes. RPP holders are exempt from time limits.", "hours": "800-1700"}}, {"type": "Feature", "geometry": {"type": "MultiLineString", "coordinates": [[[-122.42935698, 37.764534576], [-122.428824435, 37.764566784]]]}, "properties": {"hrlimit": "2", "regulation": "Time limited", "to_time": "9pm", "rpparea1": "S", "analysis_neighborhood": "Castro/Upper Market", "days": "M-F", "from_time": "8am", "exceptions": "Yes. RPP holders are exempt from time limits.", "hours": "800-2100"}}, {"type": "Feature", "geometry": {"type": "MultiLineString", "coordinates": [[[-122.457601388, 37.765721003], [-122.454713712, 37.766089444]]]}, "properties": {"hrlimit": "2", "regulation": "Time limited", "to_time": "5pm", "rpparea1": "J", "analysis_neighborhood": "Inner Sunset", "days": "M-F", "from_time": "8am", "exceptions": "Yes. RPP holders are exempt from time limits.", "hours": "800-1700"}}, {"type": "Feature", "geometry": {"type": "MultiLineString", "coordinates": [[[-122.458754528, 37.764491191], [-122.458804856, 37.765212697]]]}, "properties": {"hrlimit": "2", "regulation": "Time limited", "to_time": "6pm", "rpparea1": "J", "analysis_neighborhood": "Inner Sunset", "days": "M-F", "from_time": "8am", "exceptions": "Yes. RPP holders are exempt from time limits.", "hours": "800-1800"}}, {"type": "Feature", "geometry": {"type": "MultiLineString", "coordinates": [[[-122.449681988, 37.764768034], [-122.449546444, 37.764101316]]]}, "properties": {"hrlimit": "2", "regulation": "Time limited", "to_time": "5pm", "rpparea1": "J", "analysis_neighborhood": "Haight Ashbury", "days": "M-F", "from_time": "8am", "exceptions": "Yes. RPP holders are exempt from time limits.", "hours": "800-1700"}}, {"type": "Feature", "geometry": {"type": "MultiLineString", "coordinates": [[[-122.434302369, 37.769888881], [-122.434435066, 37.770549013]]]}, "properties": {"hrlimit": "2", "regulation": "Time limited", "to_time": "9pm", "rpparea1": "S", "analysis_neighborhood": "Haight Ashbury", "days": "M-F", "from_time": "8am", "exceptions": "Yes. RPP holders are exempt from time limits.", "hours": "800-2100"}}, {"type": "Feature", "geometry": {"type": "MultiLineString", "coordinates": [[[-122.458708643, 37.777620696], [-122.45882298, 37.779198638]]]}, "properties": {"hrlimit": "2", "regulation": "Time limited", "to_time": "6pm", "rpparea1": "L", "analysis_neighborhood": "Inner Richmond", "days": "M-F", "from_time": "8am", "exceptions": "Yes. RPP holders are exempt from time limits.", "hours": "800-1800"}}, {"type": "Feature", "geometry": {"type": "MultiLineString", "coordinates": [[[-122.449156586, 37.782428598], [-122.449403584, 37.783660481]]]}, "properties": {"hrlimit": "2", "regulation": "Time limited", "to_time": "6pm", "rpparea1": "L", "analysis_neighborhood": "Presidio Heights", "days": "M-F", "from_time": "8am", "exceptions": "Yes. RPP holders are exempt from time limits.", "hours": "800-1800"}}, {"type": "Feature", "geometry": {"type": "MultiLineString", "coordinates": [[[-122.44192565, 37.779411241], [-122.441915393, 37.779443826], [-122.441832635, 37.779565195], [-122.441777688, 37.779634326], [-122.441738355, 37.779679534], [-122.441697862, 37.779746952], [-122.441680336, 37.779791951], [-122.441663888, 37.779856849]]]}, "properties": {"hrlimit": "2", "regulation": "Time limited", "to_time": "6pm", "rpparea1": "P", "analysis_neighborhood": "Lone Mountain/USF", "days": "M-F", "from_time": "8am", "exceptions": "Yes. RPP holders are exempt from time limits.", "hours": "800-1800"}}, {"type": "Feature", "geometry": {"type": "LineString", "coordinates": [[-122.435476557, 37.779961968], [-122.435414536, 37.779666203]]}, "properties": {"hrlimit": null, "regulation": null, "to_time": null, "rpparea1": null, "analysis_neighborhood": "Western Addition", "days": null, "from_time": null, "exceptions": null, "hours": "-", "nearMeter": false}}, {"type": "Feature", "geometry": {"type": "MultiLineString", "coordinates": [[[-122.429813399, 37.776882163], [-122.429735752, 37.776504195]]]}, "properties": {"hrlimit": "2", "regulation": "Time limited", "to_time": "8pm", "rpparea1": "Q", "analysis_neighborhood": "Hayes Valley", "days": "M-F", "from_time": "9am", "exceptions": "Yes. RPP holders are exempt from time limits.", "hours": "0900-2000"}}, {"type": "Feature", "geometry": {"type": "MultiLineString", "coordinates": [[[-122.43206821, 37.771440733], [-122.432142097, 37.771798003]]]}, "properties": {"hrlimit": "2", "regulation": "Time limited", "to_time": "9pm", "rpparea1": "S", "analysis_neighborhood": "Haight Ashbury", "days": "M-F", "from_time": "8am", "exceptions": "Yes. RPP holders are exempt from time limits.", "hours": "800-2100"}}, {"type": "Feature", "geometry": {"type": "MultiLineString", "coordinates": [[[-122.442312661, 37.771505608], [-122.443712212, 37.77132747]]]}, "properties": {"hrlimit": "2", "regulation": "Time limited", "to_time": "6pm", "rpparea1": "Q", "analysis_neighborhood": "Haight Ashbury", "days": "M-F", "from_time": "8am", "exceptions": "Yes. RPP holders are exempt from time limits.", "hours": "800-1800"}}, {"type": "Feature", "geometry": {"type": "MultiLineString", "coordinates": [[[-122.448836467, 37.765039314], [-122.447749937, 37.765177938]]]}, "properties": {"hrlimit": "2", "regulation": "Time limited", "to_time": "7pm", "rpparea1": "J", "analysis_neighborhood": "Haight Ashbury", "days": "M-F", "from_time": "7am", "exceptions": "Yes. RPP holders are exempt from time limits.", "hours": "700-1900"}}, {"type": "Feature", "geometry": {"type": "MultiLineString", "coordinates": [[[-122.444664437, 37.776099015], [-122.443264892, 37.776276944]]]}, "properties": {"hrlimit": "2", "regulation": "Time limited", "to_time": "6pm", "rpparea1": "P", "analysis_neighborhood": "Lone Mountain/USF", "days": "M-F", "from_time": "8am", "exceptions": "Yes. RPP holders are exempt from time limits.", "hours": "800-1800"}}, {"type": "Feature", "geometry": {"type": "MultiLineString", "coordinates": [[[-122.43785315, 37.775997004], [-122.436452225, 37.776174636]]]}, "properties": {"hrlimit": "2", "regulation": "Time limited", "to_time": "8pm", "rpparea1": "Q", "analysis_neighborhood": "Hayes Valley", "days": "M-F", "from_time": "9am", "exceptions": "Yes. RPP holders are exempt from time limits.", "hours": "900-2000"}}, {"type": "Feature", "geometry": {"type": "MultiLineString", "coordinates": [[[-122.447736166, 37.773635308], [-122.447586242, 37.772894799]]]}, "properties": {"hrlimit": "2", "regulation": "Time limited", "to_time": "6pm", "rpparea1": "L", "analysis_neighborhood": "Lone Mountain/USF", "days": "M-F", "from_time": "8am", "exceptions": "Yes. RPP holders are exempt from time limits.", "hours": "800-1800"}}, {"type": "Feature", "geometry": {"type": "MultiLineString", "coordinates": [[[-122.4455379, 37.77202454], [-122.444128399, 37.772203421]]]}, "properties": {"hrlimit": "2", "regulation": "Time limited", "to_time": "6pm", "rpparea1": "Q", "analysis_neighborhood": "Haight Ashbury", "days": "M-F", "from_time": "8am", "exceptions": "Yes. RPP holders are exempt from time limits.", "hours": "800-1800"}}, {"type": "Feature", "geometry": {"type": "MultiLineString", "coordinates": [[[-122.440975522, 37.774638623], [-122.439853611, 37.774782431]]]}, "properties": {"hrlimit": "2", "regulation": "Time limited", "to_time": "6pm", "rpparea1": "Q", "analysis_neighborhood": "Hayes Valley", "days": "M-F", "from_time": "8am", "exceptions": "Yes. RPP holders are exempt from time limits.", "hours": "800-1800"}}, {"type": "Feature", "geometry": {"type": "MultiLineString", "coordinates": [[[-122.434208629, 37.782046804], [-122.434060488, 37.78131472]]]}, "properties": {"hrlimit": "2", "regulation": "Time limited", "to_time": "6pm", "rpparea1": "P", "analysis_neighborhood": "Western Addition", "days": "M-F", "from_time": "8am", "exceptions": "Yes. RPP holders are exempt from time limits.", "hours": "800-1800"}}, {"type": "Feature", "geometry": {"type": "MultiLineString", "coordinates": [[[-122.437867921, 37.783481369], [-122.437724975, 37.782775144]]]}, "properties": {"hrlimit": "2", "regulation": "Time limited", "to_time": "6pm", "rpparea1": "P", "analysis_neighborhood": "Western Addition", "days": "M-F", "from_time": "8am", "exceptions": "Yes. RPP holders are exempt from time limits.", "hours": "800-1800"}}, {"type": "Feature", "geometry": {"type": "MultiLineString", "coordinates": [[[-122.433262658, 37.767533659], [-122.432421025, 37.767584398]]]}, "properties": {"hrlimit": "2", "regulation": "Time limited", "to_time": "9pm", "rpparea1": "S", "analysis_neighborhood": "Castro/Upper Market", "days": "M-F", "from_time": "8am", "exceptions": "Yes. RPP holders are exempt from time limits.", "hours": "800-2100"}}, {"type": "Feature", "geometry": {"type": "LineString", "coordinates": [[-122.430548233, 37.76267234], [-122.428693834, 37.762784509]]}, "properties": {"hrlimit": null, "regulation": "No parking any time", "to_time": null, "rpparea1": null, "analysis_neighborhood": "Castro/Upper Market", "days": null, "from_time": null, "exceptions": null, "hours": null, "nearMeter": false}}, {"type": "Feature", "geometry": {"type": "MultiLineString", "coordinates": [[[-122.449213216, 37.762445243], [-122.449069816, 37.761734655]]]}, "properties": {"hrlimit": "2", "regulation": "Time limited", "to_time": "5pm", "rpparea1": "J", "analysis_neighborhood": "Haight Ashbury", "days": "M-F", "from_time": "8am", "exceptions": "Yes. RPP holders are exempt from time limits.", "hours": "800-1700"}}, {"type": "Feature", "geometry": {"type": "MultiLineString", "coordinates": [[[-122.438795229, 37.772057585], [-122.437395054, 37.772237284]]]}, "properties": {"hrlimit": "2", "regulation": "Time limited", "to_time": "8pm", "rpparea1": "Q", "analysis_neighborhood": "Haight Ashbury", "days": "M-F", "from_time": "9am", "exceptions": "Yes. RPP holders are exempt from time limits.", "hours": "900-2000"}}, {"type": "Feature", "geometry": {"type": "MultiLineString", "coordinates": [[[-122.431101994, 37.767470748], [-122.431037016, 37.766793188]]]}, "properties": {"hrlimit": "2", "regulation": "Time limited", "to_time": "9pm", "rpparea1": "S", "analysis_neighborhood": "Castro/Upper Market", "days": "M-F", "from_time": "8am", "exceptions": "Yes. RPP holders are exempt from time limits.", "hours": "800-2100"}}, {"type": "Feature", "geometry": {"type": "MultiLineString", "coordinates": [[[-122.430742605, 37.764313043], [-122.43019865, 37.764345949]]]}, "properties": {"hrlimit": "2", "regulation": "Time limited", "to_time": "9pm", "rpparea1": "S", "analysis_neighborhood": "Castro/Upper Market", "days": "M-F", "from_time": "8am", "exceptions": "Yes. RPP holders are exempt from time limits.", "hours": "800-2100"}}, {"type": "Feature", "geometry": {"type": "MultiLineString", "coordinates": [[[-122.454612817, 37.775494676], [-122.453088961, 37.775677833]]]}, "properties": {"hrlimit": "2", "regulation": "Time limited", "to_time": "6pm", "rpparea1": "L", "analysis_neighborhood": "Lone Mountain/USF", "days": "M-F", "from_time": "8am", "exceptions": "Yes. RPP holders are exempt from time limits.", "hours": "800-1800"}}, {"type": "Feature", "geometry": {"type": "MultiLineString", "coordinates": [[[-122.452459359, 37.777775744], [-122.452320559, 37.777098144]]]}, "properties": {"hrlimit": "2", "regulation": "Time limited", "to_time": "8pm", "rpparea1": "BB", "analysis_neighborhood": "Lone Mountain/USF", "days": "M-F", "from_time": "8am", "exceptions": "Yes. RPP holders are exempt from time limits.", "hours": "800-2000"}}, {"type": "Feature", "geometry": {"type": "MultiLineString", "coordinates": [[[-122.440860771, 37.779456689], [-122.440540543, 37.779497635]]]}, "properties": {"hrlimit": "2", "regulation": "Time limited", "to_time": "6pm", "rpparea1": "P", "analysis_neighborhood": "Western Addition", "days": "M-F", "from_time": "8am", "exceptions": "Yes. RPP holders are exempt from time limits.", "hours": "800-1800"}}, {"type": "Feature", "geometry": {"type": "MultiLineString", "coordinates": [[[-122.432944922, 37.776472525], [-122.432796079, 37.775736859]]]}, "properties": {"hrlimit": "2", "regulation": "Time limited", "to_time": "8pm", "rpparea1": "Q", "analysis_neighborhood": "Hayes Valley", "days": "M-F", "from_time": "9am", "exceptions": "Yes. RPP holders are exempt from time limits.", "hours": "900-2000"}}, {"type": "Feature", "geometry": {"type": "MultiLineString", "coordinates": [[[-122.437286328, 37.773218327], [-122.435898796, 37.77339614]]]}, "properties": {"hrlimit": "2", "regulation": "Time limited", "to_time": "8pm", "rpparea1": "Q", "analysis_neighborhood": "Hayes Valley", "days": "M-F", "from_time": "9am", "exceptions": "Yes. RPP holders are exempt from time limits.", "hours": "900-2000"}}, {"type": "Feature", "geometry": {"type": "LineString", "coordinates": [[-122.446808138, 37.761687761], [-122.446682846, 37.761485878], [-122.446587741, 37.761350117], [-122.446551383, 37.761231531], [-122.446529958, 37.761070653]]}, "properties": {"hrlimit": "0", "regulation": "No oversized vehicles", "to_time": null, "rpparea1": null, "analysis_neighborhood": "Inner Sunset", "days": null, "from_time": null, "exceptions": "Yes. Typical passenger vehicles are exempt.", "hours": "0-0", "nearMeter": false}}, {"type": "Feature", "geometry": {"type": "MultiLineString", "coordinates": [[[-122.45671578, 37.779701909], [-122.456217251, 37.779890991], [-122.456119858, 37.779982663], [-122.456095843, 37.780088504]]]}, "properties": {"hrlimit": "2", "regulation": "Time limited", "to_time": "6pm", "rpparea1": "L", "analysis_neighborhood": "Lone Mountain/USF", "days": "M-F", "from_time": "8am", "exceptions": "Yes. RPP holders are exempt from time limits.", "hours": "800-1800"}}, {"type": "Feature", "geometry": {"type": "MultiLineString", "coordinates": [[[-122.430540561, 37.772954125], [-122.430391884, 37.772215352]]]}, "properties": {"hrlimit": "2", "regulation": "Time limited", "to_time": "8pm", "rpparea1": "Q", "analysis_neighborhood": "Hayes Valley", "days": "M-F", "from_time": "9am", "exceptions": "Yes. RPP holders are exempt from time limits.", "hours": "0900-2000"}}, {"type": "Feature", "geometry": {"type": "MultiLineString", "coordinates": [[[-122.436437256, 37.762463503], [-122.437363913, 37.762407752]]]}, "properties": {"hrlimit": "2", "regulation": "Time limited", "to_time": "9pm", "rpparea1": "S", "analysis_neighborhood": "Castro/Upper Market", "days": "M-F", "from_time": "8am", "exceptions": "Yes. RPP holders are exempt from time limits.", "hours": "800-2100"}}, {"type": "Feature", "geometry": {"type": "MultiLineString", "coordinates": [[[-122.44152199, 37.760400454], [-122.441461724, 37.759737815]]]}, "properties": {"hrlimit": "2", "regulation": "Time limited", "to_time": "9pm", "rpparea1": "S", "analysis_neighborhood": "Castro/Upper Market", "days": "M-F", "from_time": "8am", "exceptions": "Yes. RPP holders are exempt from time limits.", "hours": "800-2100"}}, {"type": "Feature", "geometry": {"type": "MultiLineString", "coordinates": [[[-122.450810001, 37.762959084], [-122.450698567, 37.762410817]]]}, "properties": {"hrlimit": "2", "regulation": "Time limited", "to_time": "5pm", "rpparea1": "J", "analysis_neighborhood": "Haight Ashbury", "days": "M-F", "from_time": "8am", "exceptions": "Yes. RPP holders are exempt from time limits.", "hours": "800-1700"}}, {"type": "Feature", "geometry": {"type": "MultiLineString", "coordinates": [[[-122.448578753, 37.777527171], [-122.447908931, 37.77761622]]]}, "properties": {"hrlimit": "2", "regulation": "Time limited", "to_time": "8pm", "rpparea1": "BB", "analysis_neighborhood": "Lone Mountain/USF", "days": "M-F", "from_time": "8am", "exceptions": "Yes. RPP holders are exempt from time limits.", "hours": "800-2000"}}, {"type": "Feature", "geometry": {"type": "MultiLineString", "coordinates": [[[-122.453061142, 37.776957094], [-122.452355079, 37.777047326]]]}, "properties": {"hrlimit": "2", "regulation": "Time limited", "to_time": "8pm", "rpparea1": "BB", "analysis_neighborhood": "Lone Mountain/USF", "days": "M-F", "from_time": "8am", "exceptions": "Yes. RPP holders are exempt from time limits.", "hours": "800-2000"}}, {"type": "Feature", "geometry": {"type": "MultiLineString", "coordinates": [[[-122.456191964, 37.774634744], [-122.45535864, 37.774740505]]]}, "properties": {"hrlimit": "2", "regulation": "Time limited", "to_time": "6pm", "rpparea1": "L", "analysis_neighborhood": "Lone Mountain/USF", "days": "M-F", "from_time": "8am", "exceptions": "Yes. RPP holders are exempt from time limits.", "hours": "800-1800"}}, {"type": "Feature", "geometry": {"type": "MultiLineString", "coordinates": [[[-122.450004221, 37.781928549], [-122.449785766, 37.780859985]]]}, "properties": {"hrlimit": "2", "regulation": "Time limited", "to_time": "6pm", "rpparea1": "L", "analysis_neighborhood": "Lone Mountain/USF", "days": "M-F", "from_time": "8am", "exceptions": "Yes. RPP holders are exempt from time limits.", "hours": "800-1800"}}, {"type": "Feature", "geometry": {"type": "MultiLineString", "coordinates": [[[-122.439174589, 37.782540892], [-122.438471583, 37.782630627]]]}, "properties": {"hrlimit": "2", "regulation": "Time limited", "to_time": "6pm", "rpparea1": "P", "analysis_neighborhood": "Western Addition", "days": "M-F", "from_time": "8am", "exceptions": "Yes. RPP holders are exempt from time limits.", "hours": "800-1800"}}, {"type": "Feature", "geometry": {"type": "MultiLineString", "coordinates": [[[-122.433252992, 37.767407545], [-122.431325576, 37.767523737]]]}, "properties": {"hrlimit": "2", "regulation": "Time limited", "to_time": "9pm", "rpparea1": "S", "analysis_neighborhood": "Castro/Upper Market", "days": "M-F", "from_time": "8am", "exceptions": "Yes. RPP holders are exempt from time limits.", "hours": "800-2100"}}, {"type": "Feature", "geometry": {"type": "MultiLineString", "coordinates": [[[-122.453561019, 37.76426896], [-122.453193011, 37.762401322]]]}, "properties": {"hrlimit": "2", "regulation": "Time limited", "to_time": "5pm", "rpparea1": "J", "analysis_neighborhood": "Inner Sunset", "days": "M-F", "from_time": "8am", "exceptions": "Yes. RPP holders are exempt from time limits.", "hours": "800-1700"}}, {"type": "Feature", "geometry": {"type": "MultiLineString", "coordinates": [[[-122.457787772, 37.783951655], [-122.456958668, 37.783987194]]]}, "properties": {"hrlimit": "2", "regulation": "Time limited", "to_time": "4pm", "rpparea1": "F", "analysis_neighborhood": "Presidio Heights", "days": "M-F", "from_time": "9am", "exceptions": "Yes. RPP holders are exempt from time limits.", "hours": "900-1600"}}, {"type": "Feature", "geometry": {"type": "MultiLineString", "coordinates": [[[-122.437764908, 37.776844017], [-122.436622569, 37.776989148]]]}, "properties": {"hrlimit": "2", "regulation": "Time limited", "to_time": "8pm", "rpparea1": "Q", "analysis_neighborhood": "Hayes Valley", "days": "M-F", "from_time": "9am", "exceptions": "Yes. RPP holders are exempt from time limits.", "hours": "900-2000"}}, {"type": "Feature", "geometry": {"type": "MultiLineString", "coordinates": [[[-122.44432162, 37.774074217], [-122.444171157, 37.773325587]]]}, "properties": {"hrlimit": "2", "regulation": "Time limited", "to_time": "6pm", "rpparea1": "Q", "analysis_neighborhood": "Lone Mountain/USF", "days": "M-F", "from_time": "8am", "exceptions": "Yes. RPP holders are exempt from time limits.", "hours": "800-1800"}}, {"type": "Feature", "geometry": {"type": "LineString", "coordinates": [[-122.43216903999999, 37.78003458], [-122.432204962, 37.780213226]]}, "properties": {"hrlimit": null, "regulation": "Government permit", "to_time": null, "rpparea1": null, "analysis_neighborhood": "Western Addition", "days": null, "from_time": null, "exceptions": "SFPD vehicles with a permit from the SFMTA allowed", "hours": "0-0", "nearMeter": false}}, {"type": "Feature", "geometry": {"type": "MultiLineString", "coordinates": [[[-122.431168678, 37.776076602], [-122.431290932, 37.776684309]]]}, "properties": {"hrlimit": "2", "regulation": "Time limited", "to_time": "8pm", "rpparea1": "Q", "analysis_neighborhood": "Hayes Valley", "days": "M-F", "from_time": "9am", "exceptions": "Yes. RPP holders are exempt from time limits.", "hours": "0900-2000"}}, {"type": "Feature", "geometry": {"type": "MultiLineString", "coordinates": [[[-122.444458304, 37.775049255], [-122.443055637, 37.77522758]]]}, "properties": {"hrlimit": "2", "regulation": "Time limited", "to_time": "6pm", "rpparea1": "Q", "analysis_neighborhood": "Lone Mountain/USF", "days": "M-F", "from_time": "8am", "exceptions": "Yes. RPP holders are exempt from time limits.", "hours": "800-1800"}}, {"type": "Feature", "geometry": {"type": "MultiLineString", "coordinates": [[[-122.430665369, 37.782695943], [-122.430815218, 37.78343662]]]}, "properties": {"hrlimit": "2", "regulation": "Time limited", "to_time": "6pm", "rpparea1": "R", "analysis_neighborhood": "Western Addition", "days": "M-Sa", "from_time": "9am", "exceptions": "Yes. RPP holders are exempt from time limits.", "hours": "900-1800"}}, {"type": "Feature", "geometry": {"type": "MultiLineString", "coordinates": [[[-122.450381741, 37.767562412], [-122.450232243, 37.766821722]]]}, "properties": {"hrlimit": "2", "regulation": "Time limited", "to_time": "5pm", "rpparea1": "J", "analysis_neighborhood": "Haight Ashbury", "days": "M-F", "from_time": "8am", "exceptions": "Yes. RPP holders are exempt from time limits.", "hours": "800-1700"}}, {"type": "Feature", "geometry": {"type": "MultiLineString", "coordinates": [[[-122.439526277, 37.76206205], [-122.439478492, 37.761562639]]]}, "properties": {"hrlimit": "2", "regulation": "Time limited", "to_time": "9pm", "rpparea1": "S", "analysis_neighborhood": "Castro/Upper Market", "days": "M-F", "from_time": "8am", "exceptions": "Yes. RPP holders are exempt from time limits.", "hours": "800-2100"}}, {"type": "Feature", "geometry": {"type": "MultiLineString", "coordinates": [[[-122.445944888, 37.774012123], [-122.444535485, 37.774191326]]]}, "properties": {"hrlimit": "2", "regulation": "Time limited", "to_time": "6pm", "rpparea1": "Q", "analysis_neighborhood": "Lone Mountain/USF", "days": "M-F", "from_time": "8am", "exceptions": "Yes. RPP holders are exempt from time limits.", "hours": "800-1800"}}, {"type": "Feature", "geometry": {"type": "MultiLineString", "coordinates": [[[-122.439366977, 37.774844805], [-122.438207862, 37.774993364]]]}, "properties": {"hrlimit": "2", "regulation": "Time limited", "to_time": "8pm", "rpparea1": "Q", "analysis_neighborhood": "Hayes Valley", "days": "M-F", "from_time": "9am", "exceptions": "Yes. RPP holders are exempt from time limits.", "hours": "900-2000"}}, {"type": "Feature", "geometry": {"type": "MultiLineString", "coordinates": [[[-122.447925087, 37.766906992], [-122.447533216, 37.764973206], [-122.447505135, 37.764834632], [-122.447230798, 37.764224106], [-122.446978168, 37.763011284]]]}, "properties": {"hrlimit": "2", "regulation": "Time limited", "to_time": "7pm", "rpparea1": "J", "analysis_neighborhood": "Haight Ashbury", "days": "M-F", "from_time": "7am", "exceptions": "Yes. RPP holders are exempt from time limits.", "hours": "700-1900"}}, {"type": "Feature", "geometry": {"type": "MultiLineString", "coordinates": [[[-122.42921445, 37.769297791], [-122.429124513, 37.768350516]]]}, "properties": {"hrlimit": "2", "regulation": "Time limited", "to_time": "9pm", "rpparea1": "S", "analysis_neighborhood": "Castro/Upper Market", "days": "M-F", "from_time": "8am", "exceptions": "Yes. RPP holders are exempt from time limits.", "hours": "800-2100"}}, {"type": "Feature", "geometry": {"type": "MultiLineString", "coordinates": [[[-122.435644721, 37.768982595], [-122.434910174, 37.769028129], [-122.434867561, 37.769028886]]]}, "properties": {"hrlimit": "2", "regulation": "Time limited", "to_time": "9pm", "rpparea1": "S", "analysis_neighborhood": "Castro/Upper Market", "days": "M-F", "from_time": "8am", "exceptions": "Yes. RPP holders are exempt from time limits.", "hours": "800-2100"}}, {"type": "Feature", "geometry": {"type": "MultiLineString", "coordinates": [[[-122.447528077, 37.77633926], [-122.447418187, 37.775778484]]]}, "properties": {"hrlimit": "2", "regulation": "Time limited", "to_time": "6pm", "rpparea1": "L", "analysis_neighborhood": "Lone Mountain/USF", "days": "M-F", "from_time": "8am", "exceptions": "Yes. RPP holders are exempt from time limits.", "hours": "800-1800"}}, {"type": "Feature", "geometry": {"type": "MultiLineString", "coordinates": [[[-122.44769619, 37.777639405], [-122.446989116, 37.777731865]]]}, "properties": {"hrlimit": "2", "regulation": "Time limited", "to_time": "8pm", "rpparea1": "BB", "analysis_neighborhood": "Lone Mountain/USF", "days": "M-F", "from_time": "8am", "exceptions": "Yes. RPP holders are exempt from time limits.", "hours": "800-2000"}}, {"type": "Feature", "geometry": {"type": "MultiLineString", "coordinates": [[[-122.458138933, 37.785691883], [-122.458016549, 37.78398408]]]}, "properties": {"hrlimit": "2", "regulation": "Time limited", "to_time": "6pm", "rpparea1": "F", "analysis_neighborhood": "Presidio Heights", "days": "M-F", "from_time": "8am", "exceptions": "Yes. RPP holders are exempt from time limits.", "hours": "800-1800"}}, {"type": "Feature", "geometry": {"type": "MultiLineString", "coordinates": [[[-122.453079869, 37.781530678], [-122.452869616, 37.780494371]]]}, "properties": {"hrlimit": "2", "regulation": "Time limited", "to_time": "6pm", "rpparea1": "L", "analysis_neighborhood": "Lone Mountain/USF", "days": "M-F", "from_time": "8am", "exceptions": "Yes. RPP holders are exempt from time limits.", "hours": "800-1800"}}, {"type": "Feature", "geometry": {"type": "MultiLineString", "coordinates": [[[-122.454526906, 37.783915333], [-122.454499777, 37.783628603], [-122.454493923, 37.783568229], [-122.454456266, 37.783387188], [-122.454135882, 37.781781247]]]}, "properties": {"hrlimit": "2", "regulation": "Time limited", "to_time": "6pm", "rpparea1": "F", "analysis_neighborhood": "Presidio Heights", "days": "M-F", "from_time": "8am", "exceptions": "Yes. RPP holders are exempt from time limits.", "hours": "800-1800"}}, {"type": "Feature", "geometry": {"type": "MultiLineString", "coordinates": [[[-122.454679593, 37.783911348], [-122.454645911, 37.783560189], [-122.454603551, 37.78335339], [-122.454287428, 37.781768198]]]}, "properties": {"hrlimit": "2", "regulation": "Time limited", "to_time": "6pm", "rpparea1": "F", "analysis_neighborhood": "Presidio Heights", "days": "M-F", "from_time": "8am", "exceptions": "Yes. RPP holders are exempt from time limits.", "hours": "800-1800"}}, {"type": "Feature", "geometry": {"type": "MultiLineString", "coordinates": [[[-122.45529434, 37.78126854], [-122.455079513, 37.780221742]]]}, "properties": {"hrlimit": "2", "regulation": "Time limited", "to_time": "6pm", "rpparea1": "L", "analysis_neighborhood": "Lone Mountain/USF", "days": "M-F", "from_time": "8am", "exceptions": "Yes. RPP holders are exempt from time limits.", "hours": "800-1800"}}, {"type": "Feature", "geometry": {"type": "MultiLineString", "coordinates": [[[-122.440955235, 37.774533424], [-122.439809585, 37.774680275]]]}, "properties": {"hrlimit": "2", "regulation": "Time limited", "to_time": "6pm", "rpparea1": "Q", "analysis_neighborhood": "Hayes Valley", "days": "M-F", "from_time": "8am", "exceptions": "Yes. RPP holders are exempt from time limits.", "hours": "800-1800"}}, {"type": "Feature", "geometry": {"type": "MultiLineString", "coordinates": [[[-122.435482691, 37.780972431], [-122.434079896, 37.781151254]]]}, "properties": {"hrlimit": "2", "regulation": "Time limited", "to_time": "6pm", "rpparea1": "P", "analysis_neighborhood": "Western Addition", "days": "M-F", "from_time": "8am", "exceptions": "Yes. RPP holders are exempt from time limits.", "hours": "800-1800"}}, {"type": "Feature", "geometry": {"type": "MultiLineString", "coordinates": [[[-122.443907103, 37.771257827], [-122.443756258, 37.770518255]]]}, "properties": {"hrlimit": "2", "regulation": "Time limited", "to_time": "6pm", "rpparea1": "Q", "analysis_neighborhood": "Haight Ashbury", "days": "M-F", "from_time": "8am", "exceptions": "Yes. RPP holders are exempt from time limits.", "hours": "800-1800"}}, {"type": "Feature", "geometry": {"type": "MultiLineString", "coordinates": [[[-122.437460846, 37.761760282], [-122.438001462, 37.761668047]]]}, "properties": {"hrlimit": "2", "regulation": "Time limited", "to_time": "9pm", "rpparea1": "S", "analysis_neighborhood": "Castro/Upper Market", "days": "M-F", "from_time": "8am", "exceptions": "Yes. RPP holders are exempt from time limits.", "hours": "800-2100"}}, {"type": "Feature", "geometry": {"type": "MultiLineString", "coordinates": [[[-122.44932644, 37.763179385], [-122.448201894, 37.763323278]]]}, "properties": {"hrlimit": "2", "regulation": "Time limited", "to_time": "5pm", "rpparea1": "J", "analysis_neighborhood": "Haight Ashbury", "days": "M-F", "from_time": "8am", "exceptions": "Yes. RPP holders are exempt from time limits.", "hours": "800-1700"}}, {"type": "Feature", "geometry": {"type": "MultiLineString", "coordinates": [[[-122.440244973, 37.763525492], [-122.440171854, 37.762764723]]]}, "properties": {"hrlimit": "2", "regulation": "Time limited", "to_time": "9pm", "rpparea1": "S", "analysis_neighborhood": "Castro/Upper Market", "days": "M-F", "from_time": "8am", "exceptions": "Yes. RPP holders are exempt from time limits.", "hours": "800-2100"}}, {"type": "Feature", "geometry": {"type": "MultiLineString", "coordinates": [[[-122.43232655, 37.772722727], [-122.432178992, 37.771990492]]]}, "properties": {"hrlimit": "2", "regulation": "Time limited", "to_time": "8pm", "rpparea1": "Q", "analysis_neighborhood": "Haight Ashbury", "days": "M-F", "from_time": "9am", "exceptions": "Yes. RPP holders are exempt from time limits.", "hours": "900-2000"}}, {"type": "Feature", "geometry": {"type": "MultiLineString", "coordinates": [[[-122.443044199, 37.776143145], [-122.443042256, 37.776114922], [-122.442898811, 37.775401169]]]}, "properties": {"hrlimit": "2", "regulation": "Time limited", "to_time": "6pm", "rpparea1": "P", "analysis_neighborhood": "Lone Mountain/USF", "days": "M-F", "from_time": "8am", "exceptions": "Yes. RPP holders are exempt from time limits.", "hours": "800-1800"}}, {"type": "Feature", "geometry": {"type": "MultiLineString", "coordinates": [[[-122.440248972, 37.779388178], [-122.439288052, 37.779511038]]]}, "properties": {"hrlimit": "2", "regulation": "Time limited", "to_time": "6pm", "rpparea1": "P", "analysis_neighborhood": "Western Addition", "days": "M-F", "from_time": "8am", "exceptions": "Yes. RPP holders are exempt from time limits.", "hours": "800-1800"}}, {"type": "Feature", "geometry": {"type": "MultiLineString", "coordinates": [[[-122.438970215, 37.781600775], [-122.438386292, 37.781675336]]]}, "properties": {"hrlimit": "2", "regulation": "Time limited", "to_time": "6pm", "rpparea1": "P", "analysis_neighborhood": "Western Addition", "days": "M-F", "from_time": "8am", "exceptions": "Yes. RPP holders are exempt from time limits.", "hours": "800-1800"}}, {"type": "Feature", "geometry": {"type": "MultiLineString", "coordinates": [[[-122.443247519, 37.765391854], [-122.442448135, 37.765368751]]]}, "properties": {"hrlimit": "2", "regulation": "Time limited", "to_time": "9pm", "rpparea1": "S", "analysis_neighborhood": "Castro/Upper Market", "days": "M-F", "from_time": "8am", "exceptions": "Yes. RPP holders are exempt from time limits.", "hours": "800-2100"}}, {"type": "Feature", "geometry": {"type": "MultiLineString", "coordinates": [[[-122.448310592, 37.764110082], [-122.44817474, 37.763416896]]]}, "properties": {"hrlimit": "2", "regulation": "Time limited", "to_time": "7pm", "rpparea1": "J", "analysis_neighborhood": "Haight Ashbury", "days": "M-F", "from_time": "7am", "exceptions": "Yes. RPP holders are exempt from time limits.", "hours": "700-1900"}}, {"type": "Feature", "geometry": {"type": "MultiLineString", "coordinates": [[[-122.438344582, 37.760794772], [-122.438421983, 37.761573998]]]}, "properties": {"hrlimit": "2", "regulation": "Time limited", "to_time": "9pm", "rpparea1": "S", "analysis_neighborhood": "Castro/Upper Market", "days": "M-F", "from_time": "8am", "exceptions": "Yes. RPP holders are exempt from time limits.", "hours": "800-2100"}}, {"type": "Feature", "geometry": {"type": "MultiLineString", "coordinates": [[[-122.45463937, 37.766059524], [-122.454488285, 37.765295888]]]}, "properties": {"hrlimit": "2", "regulation": "Time limited", "to_time": "5pm", "rpparea1": "J", "analysis_neighborhood": "Inner Sunset", "days": "M-F", "from_time": "8am", "exceptions": "Yes. RPP holders are exempt from time limits.", "hours": "800-1700"}}, {"type": "Feature", "geometry": {"type": "MultiLineString", "coordinates": [[[-122.45107536, 37.774144152], [-122.450920354, 37.773399168]]]}, "properties": {"hrlimit": "2", "regulation": "Time limited", "to_time": "6pm", "rpparea1": "L", "analysis_neighborhood": "Lone Mountain/USF", "days": "M-F", "from_time": "8am", "exceptions": "Yes. RPP holders are exempt from time limits.", "hours": "800-1800"}}, {"type": "Feature", "geometry": {"type": "MultiLineString", "coordinates": [[[-122.429448492, 37.776960804], [-122.42822502, 37.777116712]]]}, "properties": {"hrlimit": "2", "regulation": "Time limited", "to_time": "6pm", "rpparea1": "HV", "analysis_neighborhood": "Hayes Valley", "days": "M-Sa", "from_time": "9am", "exceptions": "Yes. RPP holders are exempt from time limits.", "hours": "900-2100"}}, {"type": "Feature", "geometry": {"type": "MultiLineString", "coordinates": [[[-122.45094279, 37.763897015], [-122.449705873, 37.764055764]]]}, "properties": {"hrlimit": "2", "regulation": "Time limited", "to_time": "5pm", "rpparea1": "J", "analysis_neighborhood": "Haight Ashbury", "days": "M-F", "from_time": "8am", "exceptions": "Yes. RPP holders are exempt from time limits.", "hours": "800-1700"}}, {"type": "Feature", "geometry": {"type": "LineString", "coordinates": [[-122.458632432, 37.779247505], [-122.458548079, 37.778098363]]}, "properties": {"hrlimit": "2", "regulation": "Time limited", "to_time": "6pm", "rpparea1": null, "analysis_neighborhood": "Lone Mountain/USF", "days": "M-Sa", "from_time": "8am", "exceptions": "None. Regulation applies to all vehicles.", "hours": "800-1800", "nearMeter": false}}, {"type": "Feature", "geometry": {"type": "MultiLineString", "coordinates": [[[-122.459610858, 37.777366401], [-122.459033619, 37.777387291], [-122.458683015, 37.777259827]]]}, "properties": {"hrlimit": "2", "regulation": "Time limited", "to_time": "6pm", "rpparea1": "L", "analysis_neighborhood": "Inner Richmond", "days": "M-F", "from_time": "8am", "exceptions": "Yes. RPP holders are exempt from time limits.", "hours": "800-1800"}}, {"type": "Feature", "geometry": {"type": "MultiLineString", "coordinates": [[[-122.455173499, 37.776910029], [-122.455068528, 37.776402189]]]}, "properties": {"hrlimit": "2", "regulation": "Time limited", "to_time": "6pm", "rpparea1": "L", "analysis_neighborhood": "Lone Mountain/USF", "days": "M-F", "from_time": "8am", "exceptions": "Yes. RPP holders are exempt from time limits.", "hours": "800-1800"}}, {"type": "Feature", "geometry": {"type": "MultiLineString", "coordinates": [[[-122.443855418, 37.781419241], [-122.444037555, 37.781370708], [-122.444168604, 37.781327306], [-122.444443676, 37.781207968], [-122.444635288, 37.781113631]]]}, "properties": {"hrlimit": "2", "regulation": "Time limited", "to_time": "6pm", "rpparea1": "P", "analysis_neighborhood": "Lone Mountain/USF", "days": "M-F", "from_time": "8am", "exceptions": "Yes. RPP holders are exempt from time limits.", "hours": "800-1800"}}, {"type": "Feature", "geometry": {"type": "MultiLineString", "coordinates": [[[-122.429544016, 37.775553557], [-122.429473576, 37.775203235]]]}, "properties": {"hrlimit": "2", "regulation": "Time limited", "to_time": "8pm", "rpparea1": "Q", "analysis_neighborhood": "Hayes Valley", "days": "M-F", "from_time": "9am", "exceptions": "Yes. RPP holders are exempt from time limits.", "hours": "0900-2000"}}, {"type": "Feature", "geometry": {"type": "MultiLineString", "coordinates": [[[-122.43057734, 37.761999703], [-122.430506008, 37.761255789]]]}, "properties": {"hrlimit": "2", "regulation": "Time limited", "to_time": "9pm", "rpparea1": "S", "analysis_neighborhood": "Castro/Upper Market", "days": "M-F", "from_time": "8am", "exceptions": "Yes. RPP holders are exempt from time limits.", "hours": "800-2100"}}, {"type": "Feature", "geometry": {"type": "MultiLineString", "coordinates": [[[-122.44899159, 37.761606323], [-122.447877658, 37.76167187]]]}, "properties": {"hrlimit": "2", "regulation": "Time limited", "to_time": "5pm", "rpparea1": "J", "analysis_neighborhood": "Inner Sunset", "days": "M-F", "from_time": "8am", "exceptions": "Yes. RPP holders are exempt from time limits.", "hours": "800-1700"}}, {"type": "Feature", "geometry": {"type": "MultiLineString", "coordinates": [[[-122.454548563, 37.774977833], [-122.454645476, 37.775446713]]]}, "properties": {"hrlimit": "2", "regulation": "Time limited", "to_time": "6pm", "rpparea1": "L", "analysis_neighborhood": "Lone Mountain/USF", "days": "M-F", "from_time": "8am", "exceptions": "Yes. RPP holders are exempt from time limits.", "hours": "800-1800"}}, {"type": "Feature", "geometry": {"type": "MultiLineString", "coordinates": [[[-122.443555176, 37.777990932], [-122.443405397, 37.77724453]]]}, "properties": {"hrlimit": "2", "regulation": "Time limited", "to_time": "6pm", "rpparea1": "P", "analysis_neighborhood": "Lone Mountain/USF", "days": "M-F", "from_time": "8am", "exceptions": "Yes. RPP holders are exempt from time limits.", "hours": "800-1800"}}, {"type": "Feature", "geometry": {"type": "MultiLineString", "coordinates": [[[-122.44048788, 37.780439729], [-122.439079415, 37.780620013]]]}, "properties": {"hrlimit": "2", "regulation": "Time limited", "to_time": "6pm", "rpparea1": "P", "analysis_neighborhood": "Western Addition", "days": "M-F", "from_time": "8am", "exceptions": "Yes. RPP holders are exempt from time limits.", "hours": "800-1800"}}, {"type": "Feature", "geometry": {"type": "MultiLineString", "coordinates": [[[-122.436022221, 37.759328224], [-122.436154173, 37.760716891]]]}, "properties": {"hrlimit": "2", "regulation": "Time limited", "to_time": "9pm", "rpparea1": "S", "analysis_neighborhood": "Castro/Upper Market", "days": "M-F", "from_time": "8am", "exceptions": "Yes. RPP holders are exempt from time limits.", "hours": "800-2100"}}, {"type": "Feature", "geometry": {"type": "MultiLineString", "coordinates": [[[-122.450627148, 37.762320049], [-122.449393236, 37.76247391]]]}, "properties": {"hrlimit": "2", "regulation": "Time limited", "to_time": "5pm", "rpparea1": "J", "analysis_neighborhood": "Haight Ashbury", "days": "M-F", "from_time": "8am", "exceptions": "Yes. RPP holders are exempt from time limits.", "hours": "800-1700"}}, {"type": "Feature", "geometry": {"type": "MultiLineString", "coordinates": [[[-122.432890858, 37.775522908], [-122.432743311, 37.774790778]]]}, "properties": {"hrlimit": "2", "regulation": "Time limited", "to_time": "8pm", "rpparea1": "Q", "analysis_neighborhood": "Hayes Valley", "days": "M-F", "from_time": "9am", "exceptions": "Yes. RPP holders are exempt from time limits.", "hours": "900-2000"}}, {"type": "Feature", "geometry": {"type": "MultiLineString", "coordinates": [[[-122.438104942, 37.767218883], [-122.437409484, 37.767266232]]]}, "properties": {"hrlimit": "2", "regulation": "Time limited", "to_time": "9pm", "rpparea1": "S", "analysis_neighborhood": "Castro/Upper Market", "days": "M-F", "from_time": "8am", "exceptions": "Yes. RPP holders are exempt from time limits.", "hours": "800-2100"}}, {"type": "Feature", "geometry": {"type": "MultiLineString", "coordinates": [[[-122.440150826, 37.760631295], [-122.440688346, 37.760597965]]]}, "properties": {"hrlimit": "2", "regulation": "Time limited", "to_time": "9pm", "rpparea1": "S", "analysis_neighborhood": "Castro/Upper Market", "days": "M-F", "from_time": "8am", "exceptions": "Yes. RPP holders are exempt from time limits.", "hours": "800-2100"}}, {"type": "Feature", "geometry": {"type": "MultiLineString", "coordinates": [[[-122.453080719, 37.775836468], [-122.453157295, 37.776218547]]]}, "properties": {"hrlimit": "4", "regulation": "Time limited", "to_time": "6pm", "rpparea1": "L", "analysis_neighborhood": "Lone Mountain/USF", "days": "M-F", "from_time": "8am", "exceptions": "Yes. RPP holders are exempt from time limits.", "hours": "800-1800"}}, {"type": "Feature", "geometry": {"type": "MultiLineString", "coordinates": [[[-122.448901312, 37.780343095], [-122.448338709, 37.780405837], [-122.448203553, 37.77972825], [-122.448757353, 37.779650743], [-122.448908621, 37.780332653]]]}, "properties": {"hrlimit": "2", "regulation": "Time limited", "to_time": "6pm", "rpparea1": "L", "analysis_neighborhood": "Lone Mountain/USF", "days": "M-F", "from_time": "8am", "exceptions": "Yes. RPP holders are exempt from time limits.", "hours": "800-1800"}}, {"type": "Feature", "geometry": {"type": "MultiLineString", "coordinates": [[[-122.455599456, 37.779766402], [-122.455489318, 37.779519311], [-122.455125906, 37.777756131]]]}, "properties": {"hrlimit": "2", "regulation": "Time limited", "to_time": "6pm", "rpparea1": "L", "analysis_neighborhood": "Lone Mountain/USF", "days": "M-F", "from_time": "8am", "exceptions": "Yes. RPP holders are exempt from time limits.", "hours": "800-1800"}}, {"type": "Feature", "geometry": {"type": "MultiLineString", "coordinates": [[[-122.452159336, 37.781660702], [-122.451952045, 37.780567855]]]}, "properties": {"hrlimit": "2", "regulation": "Time limited", "to_time": "6pm", "rpparea1": "L", "analysis_neighborhood": "Lone Mountain/USF", "days": "M-F", "from_time": "8am", "exceptions": "Yes. RPP holders are exempt from time limits.", "hours": "800-1800"}}, {"type": "Feature", "geometry": {"type": "MultiLineString", "coordinates": [[[-122.454184638, 37.781125847], [-122.453996926, 37.780336945]]]}, "properties": {"hrlimit": "2", "regulation": "Time limited", "to_time": "6pm", "rpparea1": "L", "analysis_neighborhood": "Lone Mountain/USF", "days": "M-F", "from_time": "8am", "exceptions": "Yes. RPP holders are exempt from time limits.", "hours": "800-1800"}}, {"type": "Feature", "geometry": {"type": "MultiLineString", "coordinates": [[[-122.45685732, 37.779778446], [-122.456929459, 37.780129857]]]}, "properties": {"hrlimit": "2", "regulation": "Time limited", "to_time": "6pm", "rpparea1": "L", "analysis_neighborhood": "Lone Mountain/USF", "days": "M-F", "from_time": "8am", "exceptions": "Yes. RPP holders are exempt from time limits.", "hours": "800-1800"}}, {"type": "Feature", "geometry": {"type": "MultiLineString", "coordinates": [[[-122.441186366, 37.780166257], [-122.441055604, 37.779519337]]]}, "properties": {"hrlimit": "2", "regulation": "Time limited", "to_time": "6pm", "rpparea1": "P", "analysis_neighborhood": "Lone Mountain/USF", "days": "M-F", "from_time": "8am", "exceptions": "Yes. RPP holders are exempt from time limits.", "hours": "800-1800"}}, {"type": "Feature", "geometry": {"type": "MultiLineString", "coordinates": [[[-122.438808404, 37.771892876], [-122.438658725, 37.771150304]]]}, "properties": {"hrlimit": "2", "regulation": "Time limited", "to_time": "6pm", "rpparea1": "Q", "analysis_neighborhood": "Haight Ashbury", "days": "M-F", "from_time": "8am", "exceptions": "Yes. RPP holders are exempt from time limits.", "hours": "800-1800"}}, {"type": "Feature", "geometry": {"type": "MultiLineString", "coordinates": [[[-122.438182962, 37.78170133], [-122.437577539, 37.781778724]]]}, "properties": {"hrlimit": "2", "regulation": "Time limited", "to_time": "6pm", "rpparea1": "P", "analysis_neighborhood": "Western Addition", "days": "M-F", "from_time": "8am", "exceptions": "Yes. RPP holders are exempt from time limits.", "hours": "800-1800"}}, {"type": "Feature", "geometry": {"type": "MultiLineString", "coordinates": [[[-122.434918958, 37.778175839], [-122.433517909, 37.778354438]]]}, "properties": {"hrlimit": "4", "regulation": "Time limited", "to_time": "8pm", "rpparea1": "Q", "analysis_neighborhood": "Western Addition", "days": "M-F", "from_time": "9am", "exceptions": "Yes. RPP holders are exempt from time limits.", "hours": "900-2000"}}, {"type": "Feature", "geometry": {"type": "MultiLineString", "coordinates": [[[-122.439013349, 37.780475455], [-122.438868509, 37.779742037]]]}, "properties": {"hrlimit": "2", "regulation": "Time limited", "to_time": "6pm", "rpparea1": "P", "analysis_neighborhood": "Western Addition", "days": "M-F", "from_time": "8am", "exceptions": "Yes. RPP holders are exempt from time limits.", "hours": "800-1800"}}, {"type": "Feature", "geometry": {"type": "MultiLineString", "coordinates": [[[-122.453210015, 37.76830369], [-122.451807675, 37.768482565]]]}, "properties": {"hrlimit": "2", "regulation": "Time limited", "to_time": "9pm", "rpparea1": "J", "analysis_neighborhood": "Haight Ashbury", "days": "M-Su", "from_time": "7am", "exceptions": "Yes. RPP holders are exempt from time limits.", "hours": "700-2100"}}, {"type": "Feature", "geometry": {"type": "MultiLineString", "coordinates": [[[-122.440105612, 37.762095824], [-122.44009045, 37.761948617]]]}, "properties": {"hrlimit": "2", "regulation": "Time limited", "to_time": "9pm", "rpparea1": "S", "analysis_neighborhood": "Castro/Upper Market", "days": "M-F", "from_time": "8am", "exceptions": "Yes. RPP holders are exempt from time limits.", "hours": "800-2100"}}, {"type": "Feature", "geometry": {"type": "MultiLineString", "coordinates": [[[-122.439400394, 37.76074639], [-122.439448204, 37.761246081]]]}, "properties": {"hrlimit": "2", "regulation": "Time limited", "to_time": "9pm", "rpparea1": "S", "analysis_neighborhood": "Castro/Upper Market", "days": "M-F", "from_time": "8am", "exceptions": "Yes. RPP holders are exempt from time limits.", "hours": "800-2100"}}, {"type": "Feature", "geometry": {"type": "MultiLineString", "coordinates": [[[-122.437109135, 37.760521021], [-122.436989914, 37.759266483]]]}, "properties": {"hrlimit": "2", "regulation": "Time limited", "to_time": "9pm", "rpparea1": "S", "analysis_neighborhood": "Castro/Upper Market", "days": "M-F", "from_time": "8am", "exceptions": "Yes. RPP holders are exempt from time limits.", "hours": "800-2100"}}, {"type": "Feature", "geometry": {"type": "MultiLineString", "coordinates": [[[-122.450324806, 37.760814223], [-122.449074528, 37.760891481]]]}, "properties": {"hrlimit": "2", "regulation": "Time limited", "to_time": "6pm", "rpparea1": "J", "analysis_neighborhood": "Inner Sunset", "days": "M-F", "from_time": "8am", "exceptions": "Yes. RPP holders are exempt from time limits.", "hours": "800-1800"}}, {"type": "Feature", "geometry": {"type": "MultiLineString", "coordinates": [[[-122.44101462, 37.760969056], [-122.440981165, 37.760625347]]]}, "properties": {"hrlimit": "2", "regulation": "Time limited", "to_time": "9pm", "rpparea1": "S", "analysis_neighborhood": "Castro/Upper Market", "days": "M-F", "from_time": "8am", "exceptions": "Yes. RPP holders are exempt from time limits.", "hours": "800-2100"}}, {"type": "Feature", "geometry": {"type": "MultiLineString", "coordinates": [[[-122.456718822, 37.783826307], [-122.456553974, 37.781556693]]]}, "properties": {"hrlimit": "2", "regulation": "Time limited", "to_time": "6pm", "rpparea1": "F", "analysis_neighborhood": "Presidio Heights", "days": "M-F", "from_time": "8am", "exceptions": "Yes. RPP holders are exempt from time limits.", "hours": "800-1800"}}, {"type": "Feature", "geometry": {"type": "MultiLineString", "coordinates": [[[-122.439704457, 37.775615422], [-122.439553866, 37.774875188]]]}, "properties": {"hrlimit": "2", "regulation": "Time limited", "to_time": "6pm", "rpparea1": "Q", "analysis_neighborhood": "Hayes Valley", "days": "M-F", "from_time": "8am", "exceptions": "Yes. RPP holders are exempt from time limits.", "hours": "800-1800"}}, {"type": "Feature", "geometry": {"type": "MultiLineString", "coordinates": [[[-122.447904833, 37.767074027], [-122.447257949, 37.767161829]]]}, "properties": {"hrlimit": "2", "regulation": "Time limited", "to_time": "5pm", "rpparea1": "J", "analysis_neighborhood": "Haight Ashbury", "days": "M-F", "from_time": "8am", "exceptions": "Yes. RPP holders are exempt from time limits.", "hours": "800-1700"}}, {"type": "Feature", "geometry": {"type": "MultiLineString", "coordinates": [[[-122.436907137, 37.771347657], [-122.435512839, 37.771525447]]]}, "properties": {"hrlimit": "2", "regulation": "Time limited", "to_time": "9pm", "rpparea1": "S", "analysis_neighborhood": "Haight Ashbury", "days": "M-F", "from_time": "8am", "exceptions": "Yes. RPP holders are exempt from time limits.", "hours": "800-2100"}}, {"type": "Feature", "geometry": {"type": "MultiLineString", "coordinates": [[[-122.447763845, 37.774736718], [-122.446424018, 37.774909734]]]}, "properties": {"hrlimit": "2", "regulation": "Time limited", "to_time": "6pm", "rpparea1": "L", "analysis_neighborhood": "Lone Mountain/USF", "days": "M-F", "from_time": "8am", "exceptions": "Yes. RPP holders are exempt from time limits.", "hours": "800-1800"}}, {"type": "Feature", "geometry": {"type": "MultiLineString", "coordinates": [[[-122.435354278, 37.765685883], [-122.433370537, 37.76580779]]]}, "properties": {"hrlimit": "2", "regulation": "Time limited", "to_time": "9pm", "rpparea1": "S", "analysis_neighborhood": "Castro/Upper Market", "days": "M-F", "from_time": "8am", "exceptions": "Yes. RPP holders are exempt from time limits.", "hours": "800-2100"}}, {"type": "Feature", "geometry": {"type": "MultiLineString", "coordinates": [[[-122.431197428, 37.769248497], [-122.430343354, 37.769303369], [-122.430349075, 37.769303002], [-122.430356475, 37.769302526]]]}, "properties": {"hrlimit": "2", "regulation": "Time limited", "to_time": "9pm", "rpparea1": "S", "analysis_neighborhood": "Castro/Upper Market", "days": "M-F", "from_time": "8am", "exceptions": "Yes. RPP holders are exempt from time limits.", "hours": "800-2100"}}, {"type": "Feature", "geometry": {"type": "MultiLineString", "coordinates": [[[-122.429969842, 37.767732143], [-122.42911615, 37.767783586]]]}, "properties": {"hrlimit": "2", "regulation": "Time limited", "to_time": "9pm", "rpparea1": "S", "analysis_neighborhood": "Castro/Upper Market", "days": "M-F", "from_time": "8am", "exceptions": "Yes. RPP holders are exempt from time limits.", "hours": "800-2100"}}, {"type": "Feature", "geometry": {"type": "MultiLineString", "coordinates": [[[-122.448704159, 37.780970485], [-122.447693008, 37.781101178]]]}, "properties": {"hrlimit": "2", "regulation": "Time limited", "to_time": "6pm", "rpparea1": "L", "analysis_neighborhood": "Lone Mountain/USF", "days": "M-F", "from_time": "8am", "exceptions": "Yes. RPP holders are exempt from time limits.", "hours": "800-1800"}}, {"type": "Feature", "geometry": {"type": "LineString", "coordinates": [[-122.458440538, 37.76738065], [-122.455617145, 37.768177968]]}, "properties": {"hrlimit": "3", "regulation": "Time limited", "to_time": "6pm", "rpparea1": null, "analysis_neighborhood": "Golden Gate Park", "days": "M-F", "from_time": "7am", "exceptions": "None. Regulation applies to all vehicles.", "hours": "700-1800", "nearMeter": false}}, {"type": "Feature", "geometry": {"type": "MultiLineString", "coordinates": [[[-122.43012489, 37.764488126], [-122.429866862, 37.764505255]]]}, "properties": {"hrlimit": "2", "regulation": "Time limited", "to_time": "9pm", "rpparea1": "S", "analysis_neighborhood": "Castro/Upper Market", "days": "M-F", "from_time": "8am", "exceptions": "Yes. RPP holders are exempt from time limits.", "hours": "800-2100"}}, {"type": "Feature", "geometry": {"type": "MultiLineString", "coordinates": [[[-122.431070887, 37.765536441], [-122.430970642, 37.764491133]]]}, "properties": {"hrlimit": "2", "regulation": "Time limited", "to_time": "9pm", "rpparea1": "S", "analysis_neighborhood": "Castro/Upper Market", "days": "M-F", "from_time": "8am", "exceptions": "Yes. RPP holders are exempt from time limits.", "hours": "800-2100"}}, {"type": "Feature", "geometry": {"type": "MultiLineString", "coordinates": [[[-122.452286135, 37.777864624], [-122.451639953, 37.777947313]]]}, "properties": {"hrlimit": "2", "regulation": "Time limited", "to_time": "8pm", "rpparea1": "BB", "analysis_neighborhood": "Lone Mountain/USF", "days": "M-F", "from_time": "8am", "exceptions": "Yes. RPP holders are exempt from time limits.", "hours": "800-2000"}}, {"type": "Feature", "geometry": {"type": "MultiLineString", "coordinates": [[[-122.458388122, 37.777305922], [-122.457016492, 37.77745392]]]}, "properties": {"hrlimit": "2", "regulation": "Time limited", "to_time": "6pm", "rpparea1": "L", "analysis_neighborhood": "Lone Mountain/USF", "days": "M-F", "from_time": "8am", "exceptions": "Yes. RPP holders are exempt from time limits.", "hours": "800-1800"}}, {"type": "Feature", "geometry": {"type": "MultiLineString", "coordinates": [[[-122.456371953, 37.774654838], [-122.45651636, 37.775364372]]]}, "properties": {"hrlimit": "2", "regulation": "Time limited", "to_time": "6pm", "rpparea1": "L", "analysis_neighborhood": "Lone Mountain/USF", "days": "M-F", "from_time": "8am", "exceptions": "Yes. RPP holders are exempt from time limits.", "hours": "800-1800"}}, {"type": "Feature", "geometry": {"type": "MultiLineString", "coordinates": [[[-122.448909926, 37.778237547], [-122.448768228, 37.777531009]]]}, "properties": {"hrlimit": "2", "regulation": "Time limited", "to_time": "8pm", "rpparea1": "BB", "analysis_neighborhood": "Lone Mountain/USF", "days": "M-F", "from_time": "8am", "exceptions": "Yes. RPP holders are exempt from time limits.", "hours": "800-2000"}}, {"type": "Feature", "geometry": {"type": "MultiLineString", "coordinates": [[[-122.444495981, 37.779400395], [-122.443453594, 37.77953168]]]}, "properties": {"hrlimit": "2", "regulation": "Time limited", "to_time": "6pm", "rpparea1": "P", "analysis_neighborhood": "Lone Mountain/USF", "days": "M-F", "from_time": "8am", "exceptions": "Yes. RPP holders are exempt from time limits.", "hours": "800-1800"}}, {"type": "Feature", "geometry": {"type": "MultiLineString", "coordinates": [[[-122.443965227, 37.781281334], [-122.443994929, 37.781277634], [-122.444043686, 37.781262447], [-122.444366826, 37.781130005], [-122.444464262, 37.781078785], [-122.444535478, 37.781039781]]]}, "properties": {"hrlimit": "2", "regulation": "Time limited", "to_time": "6pm", "rpparea1": "P", "analysis_neighborhood": "Lone Mountain/USF", "days": "M-F", "from_time": "8am", "exceptions": "Yes. RPP holders are exempt from time limits.", "hours": "800-1800"}}, {"type": "Feature", "geometry": {"type": "MultiLineString", "coordinates": [[[-122.441858096, 37.779723409], [-122.441865267, 37.779708134], [-122.442009919, 37.779514804], [-122.442059062, 37.77943311], [-122.442081049, 37.7793937]]]}, "properties": {"hrlimit": "2", "regulation": "Time limited", "to_time": "6pm", "rpparea1": "P", "analysis_neighborhood": "Lone Mountain/USF", "days": "M-F", "from_time": "8am", "exceptions": "Yes. RPP holders are exempt from time limits.", "hours": "800-1800"}}, {"type": "Feature", "geometry": {"type": "MultiLineString", "coordinates": [[[-122.437630878, 37.778910549], [-122.43702206, 37.778987912]]]}, "properties": {"hrlimit": "2", "regulation": "Time limited", "to_time": "8pm", "rpparea1": "Q", "analysis_neighborhood": "Western Addition", "days": "M-F", "from_time": "9am", "exceptions": "Yes. RPP holders are exempt from time limits.", "hours": "900-2000"}}, {"type": "Feature", "geometry": {"type": "MultiLineString", "coordinates": [[[-122.430884121, 37.77386672], [-122.430731897, 37.773125861]]]}, "properties": {"hrlimit": "2", "regulation": "Time limited", "to_time": "8pm", "rpparea1": "Q", "analysis_neighborhood": "Hayes Valley", "days": "M-F", "from_time": "9am", "exceptions": "Yes. RPP holders are exempt from time limits.", "hours": "900-2000"}}, {"type": "Feature", "geometry": {"type": "MultiLineString", "coordinates": [[[-122.435432888, 37.77237381], [-122.435386591, 37.77238002], [-122.434030841, 37.772552544]]]}, "properties": {"hrlimit": "2", "regulation": "Time limited", "to_time": "8pm", "rpparea1": "Q", "analysis_neighborhood": "Haight Ashbury", "days": "M-F", "from_time": "9am", "exceptions": "Yes. RPP holders are exempt from time limits.", "hours": "900-2000"}}, {"type": "Feature", "geometry": {"type": "MultiLineString", "coordinates": [[[-122.429849591, 37.766114461], [-122.428975454, 37.766167332]]]}, "properties": {"hrlimit": "2", "regulation": "Time limited", "to_time": "9pm", "rpparea1": "S", "analysis_neighborhood": "Castro/Upper Market", "days": "M-F", "from_time": "8am", "exceptions": "Yes. RPP holders are exempt from time limits.", "hours": "800-2100"}}, {"type": "Feature", "geometry": {"type": "MultiLineString", "coordinates": [[[-122.429258109, 37.775018289], [-122.42919651, 37.77471965]]]}, "properties": {"hrlimit": "2", "regulation": "Time limited", "to_time": "9pm", "rpparea1": "HV", "analysis_neighborhood": "Hayes Valley", "days": "M-Sa", "from_time": "8am", "exceptions": "Yes. RPP holders are exempt from time limits.", "hours": "900-2100"}}, {"type": "Feature", "geometry": {"type": "MultiLineString", "coordinates": [[[-122.453236832, 37.767163264], [-122.453125769, 37.766656917], [-122.453121688, 37.766541383], [-122.453123991, 37.766525427]]]}, "properties": {"hrlimit": "2", "regulation": "Time limited", "to_time": "9pm", "rpparea1": "J", "analysis_neighborhood": "Golden Gate Park", "days": "M-F", "from_time": "8am", "exceptions": "Yes. RPP holders are exempt from time limits.", "hours": "800-2100"}}, {"type": "Feature", "geometry": {"type": "LineString", "coordinates": [[-122.440989805, 37.773508171], [-122.440855091, 37.772826399]]}, "properties": {"hrlimit": "0", "regulation": "No oversized vehicles", "to_time": "6am", "rpparea1": null, "analysis_neighborhood": "Golden Gate Park", "days": "M-Su", "from_time": "12am", "exceptions": "Yes. Typical passenger vehicles are exempt.", "hours": "2400-600", "nearMeter": false}}, {"type": "Feature", "geometry": {"type": "MultiLineString", "coordinates": [[[-122.440138524, 37.761003221], [-122.439992256, 37.761050353], [-122.43988474, 37.761086831], [-122.439775078, 37.761146746], [-122.439695752, 37.761187544], [-122.439603135, 37.761232377], [-122.439507473, 37.761275968]]]}, "properties": {"hrlimit": "2", "regulation": "Time limited", "to_time": "9pm", "rpparea1": "S", "analysis_neighborhood": "Castro/Upper Market", "days": "M-F", "from_time": "8am", "exceptions": "Yes. RPP holders are exempt from time limits.", "hours": "800-2100"}}, {"type": "Feature", "geometry": {"type": "MultiLineString", "coordinates": [[[-122.440576954, 37.760494684], [-122.440020249, 37.760529203]]]}, "properties": {"hrlimit": "2", "regulation": "Time limited", "to_time": "9pm", "rpparea1": "S", "analysis_neighborhood": "Castro/Upper Market", "days": "M-F", "from_time": "8am", "exceptions": "Yes. RPP holders are exempt from time limits.", "hours": "800-2100"}}, {"type": "Feature", "geometry": {"type": "MultiLineString", "coordinates": [[[-122.449502266, 37.768632355], [-122.449157631, 37.766949307]]]}, "properties": {"hrlimit": "2", "regulation": "Time limited", "to_time": "7pm", "rpparea1": "J", "analysis_neighborhood": "Haight Ashbury", "days": "M-F", "from_time": "7am", "exceptions": "Yes. RPP holders are exempt from time limits.", "hours": "700-1900"}}, {"type": "Feature", "geometry": {"type": "MultiLineString", "coordinates": [[[-122.454252684, 37.765198289], [-122.452868088, 37.765374922]]]}, "properties": {"hrlimit": "2", "regulation": "Time limited", "to_time": "5pm", "rpparea1": "J", "analysis_neighborhood": "Inner Sunset", "days": "M-F", "from_time": "8am", "exceptions": "Yes. RPP holders are exempt from time limits.", "hours": "800-1700"}}, {"type": "Feature", "geometry": {"type": "MultiLineString", "coordinates": [[[-122.448369083, 37.764933175], [-122.448063694, 37.763396313]]]}, "properties": {"hrlimit": "2", "regulation": "Time limited", "to_time": "7pm", "rpparea1": "J", "analysis_neighborhood": "Haight Ashbury", "days": "M-F", "from_time": "7am", "exceptions": "Yes. RPP holders are exempt from time limits.", "hours": "700-1900"}}, {"type": "Feature", "geometry": {"type": "MultiLineString", "coordinates": [[[-122.452112792, 37.762891229], [-122.450972324, 37.763036706]]]}, "properties": {"hrlimit": "2", "regulation": "Time limited", "to_time": "5pm", "rpparea1": "J", "analysis_neighborhood": "Haight Ashbury", "days": "M-F", "from_time": "8am", "exceptions": "Yes. RPP holders are exempt from time limits.", "hours": "800-1700"}}, {"type": "Feature", "geometry": {"type": "MultiLineString", "coordinates": [[[-122.435311367, 37.764851756], [-122.435251702, 37.764223989]]]}, "properties": {"hrlimit": "2", "regulation": "Time limited", "to_time": "9pm", "rpparea1": "S", "analysis_neighborhood": "Castro/Upper Market", "days": "M-F", "from_time": "8am", "exceptions": "Yes. RPP holders are exempt from time limits.", "hours": "800-2100"}}, {"type": "Feature", "geometry": {"type": "MultiLineString", "coordinates": [[[-122.435093297, 37.770464518], [-122.434996342, 37.769991419]]]}, "properties": {"hrlimit": "2", "regulation": "Time limited", "to_time": "9pm", "rpparea1": "S", "analysis_neighborhood": "Haight Ashbury", "days": "M-F", "from_time": "8am", "exceptions": "Yes. RPP holders are exempt from time limits.", "hours": "800-2100"}}, {"type": "Feature", "geometry": {"type": "MultiLineString", "coordinates": [[[-122.453423804, 37.7642834], [-122.45304527, 37.762363701]]]}, "properties": {"hrlimit": "2", "regulation": "Time limited", "to_time": "5pm", "rpparea1": "J", "analysis_neighborhood": "Inner Sunset", "days": "M-F", "from_time": "8am", "exceptions": "Yes. RPP holders are exempt from time limits.", "hours": "800-1700"}}, {"type": "Feature", "geometry": {"type": "MultiLineString", "coordinates": [[[-122.440352559, 37.763553657], [-122.440278505, 37.7627911]]]}, "properties": {"hrlimit": "2", "regulation": "Time limited", "to_time": "9pm", "rpparea1": "S", "analysis_neighborhood": "Castro/Upper Market", "days": "M-F", "from_time": "8am", "exceptions": "Yes. RPP holders are exempt from time limits.", "hours": "800-2100"}}, {"type": "Feature", "geometry": {"type": "MultiLineString", "coordinates": [[[-122.453384257, 37.764351464], [-122.452672344, 37.764442166]]]}, "properties": {"hrlimit": "2", "regulation": "Time limited", "to_time": "5pm", "rpparea1": "J", "analysis_neighborhood": "Inner Sunset", "days": "M-F", "from_time": "8am", "exceptions": "Yes. RPP holders are exempt from time limits.", "hours": "800-1700"}}, {"type": "Feature", "geometry": {"type": "MultiLineString", "coordinates": [[[-122.435043463, 37.770510733], [-122.434498197, 37.770580176]]]}, "properties": {"hrlimit": "2", "regulation": "Time limited", "to_time": "9pm", "rpparea1": "S", "analysis_neighborhood": "Haight Ashbury", "days": "M-F", "from_time": "8am", "exceptions": "Yes. RPP holders are exempt from time limits.", "hours": "800-2100"}}, {"type": "Feature", "geometry": {"type": "MultiLineString", "coordinates": [[[-122.452353157, 37.77804521], [-122.45150434, 37.778153828]]]}, "properties": {"hrlimit": "4", "regulation": "Time limited", "to_time": "6pm", "rpparea1": "L", "analysis_neighborhood": "Lone Mountain/USF", "days": "M-F", "from_time": "8am", "exceptions": "Yes. RPP holders are exempt from time limits.", "hours": "800-1800"}}, {"type": "Feature", "geometry": {"type": "MultiLineString", "coordinates": [[[-122.456565535, 37.775605981], [-122.456710788, 37.776319389]]]}, "properties": {"hrlimit": "2", "regulation": "Time limited", "to_time": "6pm", "rpparea1": "L", "analysis_neighborhood": "Lone Mountain/USF", "days": "M-F", "from_time": "8am", "exceptions": "Yes. RPP holders are exempt from time limits.", "hours": "800-1800"}}, {"type": "Feature", "geometry": {"type": "MultiLineString", "coordinates": [[[-122.445942274, 37.778665651], [-122.445448094, 37.77872886]]]}, "properties": {"hrlimit": "2", "regulation": "Time limited", "to_time": "6pm", "rpparea1": "P", "analysis_neighborhood": "Lone Mountain/USF", "days": "M-F", "from_time": "8am", "exceptions": "Yes. RPP holders are exempt from time limits.", "hours": "800-1800"}}, {"type": "Feature", "geometry": {"type": "MultiLineString", "coordinates": [[[-122.445856878, 37.783462913], [-122.444798531, 37.783598822]]]}, "properties": {"hrlimit": "2", "regulation": "Time limited", "to_time": "6pm", "rpparea1": "G", "analysis_neighborhood": "Presidio Heights", "days": "M-F", "from_time": "8am", "exceptions": "Yes. RPP holders are exempt from time limits.", "hours": "800-1800"}}, {"type": "Feature", "geometry": {"type": "MultiLineString", "coordinates": [[[-122.449051984, 37.782432341], [-122.449290567, 37.783621467]]]}, "properties": {"hrlimit": "2", "regulation": "Time limited", "to_time": "6pm", "rpparea1": "L", "analysis_neighborhood": "Presidio Heights", "days": "M-F", "from_time": "8am", "exceptions": "Yes. RPP holders are exempt from time limits.", "hours": "800-1800"}}, {"type": "Feature", "geometry": {"type": "MultiLineString", "coordinates": [[[-122.459067166, 37.785322625], [-122.458967891, 37.783953247]]]}, "properties": {"hrlimit": "2", "regulation": "Time limited", "to_time": "4pm", "rpparea1": "F", "analysis_neighborhood": "Presidio Heights", "days": "M-F", "from_time": "9am", "exceptions": "Yes. RPP holders are exempt from time limits.", "hours": "900-1600"}}, {"type": "Feature", "geometry": {"type": "MultiLineString", "coordinates": [[[-122.438421294, 37.77019295], [-122.437817208, 37.770270376]]]}, "properties": {"hrlimit": "2", "regulation": "Time limited", "to_time": "9pm", "rpparea1": "S", "analysis_neighborhood": "Haight Ashbury", "days": "M-F", "from_time": "8am", "exceptions": "Yes. RPP holders are exempt from time limits.", "hours": "800-2100"}}, {"type": "Feature", "geometry": {"type": "MultiLineString", "coordinates": [[[-122.458893593, 37.76447263], [-122.458943627, 37.765215266], [-122.458943627, 37.765215257]]]}, "properties": {"hrlimit": "2", "regulation": "Time limited", "to_time": "6pm", "rpparea1": "J", "analysis_neighborhood": "Inner Sunset", "days": "M-F", "from_time": "8am", "exceptions": "Yes. RPP holders are exempt from time limits.", "hours": "800-1800"}}, {"type": "Feature", "geometry": {"type": "MultiLineString", "coordinates": [[[-122.459754655, 37.764250259], [-122.457840948, 37.764344086]]]}, "properties": {"hrlimit": "2", "regulation": "Time limited", "to_time": "5pm", "rpparea1": "J", "analysis_neighborhood": "Inner Sunset", "days": "M-F", "from_time": "8am", "exceptions": "Yes. RPP holders are exempt from time limits.", "hours": "800-1700"}}, {"type": "Feature", "geometry": {"type": "MultiLineString", "coordinates": [[[-122.441085556, 37.764502313], [-122.439152813, 37.763533157]]]}, "properties": {"hrlimit": "2", "regulation": "Time limited", "to_time": "9pm", "rpparea1": "S", "analysis_neighborhood": "Castro/Upper Market", "days": "M-F", "from_time": "8am", "exceptions": "Yes. RPP holders are exempt from time limits.", "hours": "800-2100"}}, {"type": "Feature", "geometry": {"type": "MultiLineString", "coordinates": [[[-122.442432448, 37.773501764], [-122.441090684, 37.773672075]]]}, "properties": {"hrlimit": "2", "regulation": "Time limited", "to_time": "6pm", "rpparea1": "Q", "analysis_neighborhood": "Lone Mountain/USF", "days": "M-F", "from_time": "8am", "exceptions": "Yes. RPP holders are exempt from time limits.", "hours": "800-1800"}}, {"type": "Feature", "geometry": {"type": "MultiLineString", "coordinates": [[[-122.445572294, 37.7721854], [-122.444014579, 37.772385396]]]}, "properties": {"hrlimit": "2", "regulation": "Time limited", "to_time": "6pm", "rpparea1": "Q", "analysis_neighborhood": "Golden Gate Park", "days": "M-F", "from_time": "8am", "exceptions": "Yes. RPP holders are exempt from time limits.", "hours": "800-1800"}}, {"type": "Feature", "geometry": {"type": "MultiLineString", "coordinates": [[[-122.440580038, 37.772800342], [-122.439228388, 37.772973596]]]}, "properties": {"hrlimit": "2", "regulation": "Time limited", "to_time": "6pm", "rpparea1": "Q", "analysis_neighborhood": "Hayes Valley", "days": "M-F", "from_time": "8am", "exceptions": "Yes. RPP holders are exempt from time limits.", "hours": "800-1800"}}, {"type": "Feature", "geometry": {"type": "MultiLineString", "coordinates": [[[-122.433274134, 37.778385512], [-122.431875498, 37.778563603]]]}, "properties": {"hrlimit": "4", "regulation": "Time limited", "to_time": "8pm", "rpparea1": "Q", "analysis_neighborhood": "Western Addition", "days": "M-F", "from_time": "9am", "exceptions": "Yes. RPP holders are exempt from time limits.", "hours": "900-2000"}}, {"type": "Feature", "geometry": {"type": "MultiLineString", "coordinates": [[[-122.430723021, 37.773890625], [-122.430722445, 37.773858328], [-122.430579581, 37.773148102]]]}, "properties": {"hrlimit": "2", "regulation": "Time limited", "to_time": "8pm", "rpparea1": "Q", "analysis_neighborhood": "Hayes Valley", "days": "M-F", "from_time": "9am", "exceptions": "Yes. RPP holders are exempt from time limits.", "hours": "0900-2000"}}, {"type": "Feature", "geometry": {"type": "MultiLineString", "coordinates": [[[-122.436460041, 37.769068325], [-122.436008109, 37.769099926]]]}, "properties": {"hrlimit": "2", "regulation": "Time limited", "to_time": "9pm", "rpparea1": "S", "analysis_neighborhood": "Haight Ashbury", "days": "M-F", "from_time": "8am", "exceptions": "Yes. RPP holders are exempt from time limits.", "hours": "800-2100"}}, {"type": "Feature", "geometry": {"type": "MultiLineString", "coordinates": [[[-122.430546476, 37.762823696], [-122.428692075, 37.762935865]]]}, "properties": {"hrlimit": "2", "regulation": "Time limited", "to_time": "9pm", "rpparea1": "S", "analysis_neighborhood": "Castro/Upper Market", "days": "M-F", "from_time": "8am", "exceptions": "Yes. RPP holders are exempt from time limits.", "hours": "800-2100"}}, {"type": "Feature", "geometry": {"type": "MultiLineString", "coordinates": [[[-122.445156112, 37.761975614], [-122.444884945, 37.762294824], [-122.444603159, 37.762453646]]]}, "properties": {"hrlimit": "2", "regulation": "Time limited", "to_time": "9pm", "rpparea1": "S", "analysis_neighborhood": "Castro/Upper Market", "days": "M-F", "from_time": "8am", "exceptions": "Yes. RPP holders are exempt from time limits.", "hours": "800-2100"}}, {"type": "Feature", "geometry": {"type": "MultiLineString", "coordinates": [[[-122.438205882, 37.7607955], [-122.438282674, 37.76160408]]]}, "properties": {"hrlimit": "2", "regulation": "Time limited", "to_time": "9pm", "rpparea1": "S", "analysis_neighborhood": "Castro/Upper Market", "days": "M-F", "from_time": "8am", "exceptions": "Yes. RPP holders are exempt from time limits.", "hours": "800-2100"}}, {"type": "Feature", "geometry": {"type": "MultiLineString", "coordinates": [[[-122.458239833, 37.774374427], [-122.456425782, 37.774603692]]]}, "properties": {"hrlimit": "2", "regulation": "Time limited", "to_time": "6pm", "rpparea1": "L", "analysis_neighborhood": "Lone Mountain/USF", "days": "M-F", "from_time": "8am", "exceptions": "Yes. RPP holders are exempt from time limits.", "hours": "800-1800"}}, {"type": "Feature", "geometry": {"type": "MultiLineString", "coordinates": [[[-122.457773086, 37.783814761], [-122.456940402, 37.783850241]]]}, "properties": {"hrlimit": "2", "regulation": "Time limited", "to_time": "4pm", "rpparea1": "F", "analysis_neighborhood": "Presidio Heights", "days": "M-F", "from_time": "9am", "exceptions": "Yes. RPP holders are exempt from time limits.", "hours": "900-1600"}}, {"type": "Feature", "geometry": {"type": "MultiLineString", "coordinates": [[[-122.445294548, 37.779299811], [-122.444539451, 37.779394919]]]}, "properties": {"hrlimit": "2", "regulation": "Time limited", "to_time": "6pm", "rpparea1": "P", "analysis_neighborhood": "Lone Mountain/USF", "days": "M-F", "from_time": "8am", "exceptions": "Yes. RPP holders are exempt from time limits.", "hours": "800-1800"}}, {"type": "Feature", "geometry": {"type": "MultiLineString", "coordinates": [[[-122.452057211, 37.781675585], [-122.451837954, 37.780601809]]]}, "properties": {"hrlimit": "2", "regulation": "Time limited", "to_time": "6pm", "rpparea1": "L", "analysis_neighborhood": "Lone Mountain/USF", "days": "M-F", "from_time": "8am", "exceptions": "Yes. RPP holders are exempt from time limits.", "hours": "800-1800"}}, {"type": "Feature", "geometry": {"type": "MultiLineString", "coordinates": [[[-122.458876091, 37.783752576], [-122.458062798, 37.783787453]]]}, "properties": {"hrlimit": "2", "regulation": "Time limited", "to_time": "4pm", "rpparea1": "F", "analysis_neighborhood": "Presidio Heights", "days": "M-F", "from_time": "9am", "exceptions": "Yes. RPP holders are exempt from time limits.", "hours": "900-1600"}}, {"type": "Feature", "geometry": {"type": "MultiLineString", "coordinates": [[[-122.444108969, 37.773288937], [-122.44269619, 37.773468284]]]}, "properties": {"hrlimit": "2", "regulation": "Time limited", "to_time": "6pm", "rpparea1": "Q", "analysis_neighborhood": "Lone Mountain/USF", "days": "M-F", "from_time": "8am", "exceptions": "Yes. RPP holders are exempt from time limits.", "hours": "800-1800"}}, {"type": "Feature", "geometry": {"type": "MultiLineString", "coordinates": [[[-122.430017276, 37.770352582], [-122.430078568, 37.770657307]]]}, "properties": {"hrlimit": "2", "regulation": "Time limited", "to_time": "9pm", "rpparea1": "S", "analysis_neighborhood": "Hayes Valley", "days": "M-F", "from_time": "8am", "exceptions": "Yes. RPP holders are exempt from time limits.", "hours": "800-2100"}}, {"type": "Feature", "geometry": {"type": "MultiLineString", "coordinates": [[[-122.438419418, 37.778810345], [-122.437794807, 37.778890051]]]}, "properties": {"hrlimit": "2", "regulation": "Time limited", "to_time": "8pm", "rpparea1": "Q", "analysis_neighborhood": "Western Addition", "days": "M-F", "from_time": "9am", "exceptions": "Yes. RPP holders are exempt from time limits.", "hours": "900-2000"}}, {"type": "Feature", "geometry": {"type": "MultiLineString", "coordinates": [[[-122.43016903, 37.770312624], [-122.430229652, 37.770628974]]]}, "properties": {"hrlimit": "2", "regulation": "Time limited", "to_time": "9pm", "rpparea1": "S", "analysis_neighborhood": "Hayes Valley", "days": "M-F", "from_time": "8am", "exceptions": "Yes. RPP holders are exempt from time limits.", "hours": "800-2100"}}, {"type": "Feature", "geometry": {"type": "MultiLineString", "coordinates": [[[-122.430115827, 37.771138201], [-122.428742229, 37.771313071]]]}, "properties": {"hrlimit": "2", "regulation": "Time limited", "to_time": "9pm", "rpparea1": "S", "analysis_neighborhood": "Hayes Valley", "days": "M-F", "from_time": "8am", "exceptions": "Yes. RPP holders are exempt from time limits.", "hours": "800-2100"}}, {"type": "Feature", "geometry": {"type": "MultiLineString", "coordinates": [[[-122.436609646, 37.777925663], [-122.436454754, 37.777172142]]]}, "properties": {"hrlimit": "2", "regulation": "Time limited", "to_time": "8pm", "rpparea1": "Q", "analysis_neighborhood": "Western Addition", "days": "M-F", "from_time": "9am", "exceptions": "Yes. RPP holders are exempt from time limits.", "hours": "900-2000"}}, {"type": "Feature", "geometry": {"type": "MultiLineString", "coordinates": [[[-122.448060878, 37.763382139], [-122.447923787, 37.762692209]]]}, "properties": {"hrlimit": "2", "regulation": "Time limited", "to_time": "7pm", "rpparea1": "J", "analysis_neighborhood": "Haight Ashbury", "days": "M-F", "from_time": "7am", "exceptions": "Yes. RPP holders are exempt from time limits.", "hours": "700-1900"}}, {"type": "Feature", "geometry": {"type": "MultiLineString", "coordinates": [[[-122.443175131, 37.765288064], [-122.442932665, 37.765281071], [-122.442806543, 37.765277426], [-122.442647083, 37.765272818]]]}, "properties": {"hrlimit": "2", "regulation": "Time limited", "to_time": "9pm", "rpparea1": "S", "analysis_neighborhood": "Castro/Upper Market", "days": "M-F", "from_time": "8am", "exceptions": "Yes. RPP holders are exempt from time limits.", "hours": "800-2100"}}, {"type": "Feature", "geometry": {"type": "MultiLineString", "coordinates": [[[-122.438186891, 37.759193025], [-122.438321027, 37.760594753]]]}, "properties": {"hrlimit": "2", "regulation": "Time limited", "to_time": "9pm", "rpparea1": "S", "analysis_neighborhood": "Castro/Upper Market", "days": "M-F", "from_time": "8am", "exceptions": "Yes. RPP holders are exempt from time limits.", "hours": "800-2100"}}, {"type": "Feature", "geometry": {"type": "MultiLineString", "coordinates": [[[-122.435355985, 37.763370101], [-122.435316464, 37.762955135]]]}, "properties": {"hrlimit": "2", "regulation": "Time limited", "to_time": "9pm", "rpparea1": "S", "analysis_neighborhood": "Castro/Upper Market", "days": "M-F", "from_time": "8am", "exceptions": "Yes. RPP holders are exempt from time limits.", "hours": "800-2100"}}, {"type": "Feature", "geometry": {"type": "MultiLineString", "coordinates": [[[-122.443987795, 37.771276325], [-122.445387231, 37.771098179]]]}, "properties": {"hrlimit": "2", "regulation": "Time limited", "to_time": "6pm", "rpparea1": "Q", "analysis_neighborhood": "Haight Ashbury", "days": "M-F", "from_time": "8am", "exceptions": "Yes. RPP holders are exempt from time limits.", "hours": "800-1800"}}, {"type": "Feature", "geometry": {"type": "MultiLineString", "coordinates": [[[-122.439944962, 37.777499239], [-122.43979517, 37.776755266]]]}, "properties": {"hrlimit": "2", "regulation": "Time limited", "to_time": "6pm", "rpparea1": "P", "analysis_neighborhood": "Western Addition", "days": "M-F", "from_time": "8am", "exceptions": "Yes. RPP holders are exempt from time limits.", "hours": "800-1800"}}, {"type": "Feature", "geometry": {"type": "MultiLineString", "coordinates": [[[-122.435717619, 37.781861392], [-122.435566611, 37.781115223]]]}, "properties": {"hrlimit": "2", "regulation": "Time limited", "to_time": "6pm", "rpparea1": "P", "analysis_neighborhood": "Western Addition", "days": "M-F", "from_time": "8am", "exceptions": "Yes. RPP holders are exempt from time limits.", "hours": "800-1800"}}, {"type": "Feature", "geometry": {"type": "MultiLineString", "coordinates": [[[-122.442804612, 37.774269189], [-122.442651782, 37.773518093]]]}, "properties": {"hrlimit": "2", "regulation": "Time limited", "to_time": "6pm", "rpparea1": "Q", "analysis_neighborhood": "Lone Mountain/USF", "days": "M-F", "from_time": "8am", "exceptions": "Yes. RPP holders are exempt from time limits.", "hours": "800-1800"}}, {"type": "Feature", "geometry": {"type": "MultiLineString", "coordinates": [[[-122.435230263, 37.764000165], [-122.435180578, 37.763477211]]]}, "properties": {"hrlimit": "2", "regulation": "Time limited", "to_time": "9pm", "rpparea1": "S", "analysis_neighborhood": "Castro/Upper Market", "days": "M-F", "from_time": "8am", "exceptions": "Yes. RPP holders are exempt from time limits.", "hours": "800-2100"}}, {"type": "Feature", "geometry": {"type": "MultiLineString", "coordinates": [[[-122.430854857, 37.783632547], [-122.431001532, 37.784357522]]]}, "properties": {"hrlimit": "2", "regulation": "Time limited", "to_time": "6pm", "rpparea1": "R", "analysis_neighborhood": "Western Addition", "days": "M-Sa", "from_time": "9am", "exceptions": "Yes. RPP holders are exempt from time limits.", "hours": "900-1800"}}, {"type": "Feature", "geometry": {"type": "MultiLineString", "coordinates": [[[-122.434961546, 37.769821735], [-122.43483544, 37.769207388]]]}, "properties": {"hrlimit": "2", "regulation": "Time limited", "to_time": "9pm", "rpparea1": "S", "analysis_neighborhood": "Haight Ashbury", "days": "M-F", "from_time": "8am", "exceptions": "Yes. RPP holders are exempt from time limits.", "hours": "800-2100"}}, {"type": "Feature", "geometry": {"type": "MultiLineString", "coordinates": [[[-122.447375975, 37.775757019], [-122.446634983, 37.775851245]]]}, "properties": {"hrlimit": "2", "regulation": "Time limited", "to_time": "6pm", "rpparea1": "L", "analysis_neighborhood": "Lone Mountain/USF", "days": "M-F", "from_time": "8am", "exceptions": "Yes. RPP holders are exempt from time limits.", "hours": "800-1800"}}, {"type": "Feature", "geometry": {"type": "MultiLineString", "coordinates": [[[-122.454416807, 37.777865386], [-122.454850018, 37.779992813]]]}, "properties": {"hrlimit": "2", "regulation": "Time limited", "to_time": "6pm", "rpparea1": "L", "analysis_neighborhood": "Lone Mountain/USF", "days": "M-F", "from_time": "8am", "exceptions": "Yes. RPP holders are exempt from time limits.", "hours": "800-1800"}}, {"type": "Feature", "geometry": {"type": "MultiLineString", "coordinates": [[[-122.457825289, 37.783767635], [-122.457680476, 37.781781746]]]}, "properties": {"hrlimit": "2", "regulation": "Time limited", "to_time": "6pm", "rpparea1": "F", "analysis_neighborhood": "Presidio Heights", "days": "M-F", "from_time": "8am", "exceptions": "Yes. RPP holders are exempt from time limits.", "hours": "800-1800"}}, {"type": "Feature", "geometry": {"type": "MultiLineString", "coordinates": [[[-122.441189517, 37.774473395], [-122.441039691, 37.773732951]]]}, "properties": {"hrlimit": "2", "regulation": "Time limited", "to_time": "6pm", "rpparea1": "Q", "analysis_neighborhood": "Lone Mountain/USF", "days": "M-F", "from_time": "8am", "exceptions": "Yes. RPP holders are exempt from time limits.", "hours": "800-1800"}}, {"type": "Feature", "geometry": {"type": "MultiLineString", "coordinates": [[[-122.431863793, 37.779479844], [-122.431861438, 37.779453011], [-122.431716156, 37.778736859]]]}, "properties": {"hrlimit": "2", "regulation": "Time limited", "to_time": "8pm", "rpparea1": "Q", "analysis_neighborhood": "Western Addition", "days": "M-F", "from_time": "9am", "exceptions": "Yes. RPP holders are exempt from time limits.", "hours": "900-2000"}}, {"type": "Feature", "geometry": {"type": "MultiLineString", "coordinates": [[[-122.451562386, 37.76851385], [-122.450660305, 37.768629658]]]}, "properties": {"hrlimit": "2", "regulation": "Time limited", "to_time": "9pm", "rpparea1": "J", "analysis_neighborhood": "Haight Ashbury", "days": "M-Su", "from_time": "7am", "exceptions": "Yes. RPP holders are exempt from time limits.", "hours": "700-2100"}}, {"type": "Feature", "geometry": {"type": "MultiLineString", "coordinates": [[[-122.431214243, 37.775523672], [-122.431108925, 37.775000129]]]}, "properties": {"hrlimit": "2", "regulation": "Time limited", "to_time": "8pm", "rpparea1": "Q", "analysis_neighborhood": "Hayes Valley", "days": "M-F", "from_time": "9am", "exceptions": "Yes. RPP holders are exempt from time limits.", "hours": "900-2000"}}, {"type": "Feature", "geometry": {"type": "MultiLineString", "coordinates": [[[-122.435621278, 37.772302025], [-122.435473933, 37.771572506]]]}, "properties": {"hrlimit": "2", "regulation": "Time limited", "to_time": "8pm", "rpparea1": "Q", "analysis_neighborhood": "Haight Ashbury", "days": "M-F", "from_time": "9am", "exceptions": "Yes. RPP holders are exempt from time limits.", "hours": "900-2000"}}, {"type": "Feature", "geometry": {"type": "MultiLineString", "coordinates": [[[-122.435234443, 37.771435146], [-122.433850142, 37.771611308]]]}, "properties": {"hrlimit": "2", "regulation": "Time limited", "to_time": "9pm", "rpparea1": "S", "analysis_neighborhood": "Haight Ashbury", "days": "M-F", "from_time": "8am", "exceptions": "Yes. RPP holders are exempt from time limits.", "hours": "800-2100"}}, {"type": "Feature", "geometry": {"type": "MultiLineString", "coordinates": [[[-122.447680873, 37.765031823], [-122.447639655, 37.764828417], [-122.447361849, 37.764200792], [-122.44691376, 37.761868235], [-122.446914179, 37.761861631]]]}, "properties": {"hrlimit": "2", "regulation": "Time limited", "to_time": "7pm", "rpparea1": "J", "analysis_neighborhood": "Haight Ashbury", "days": "M-F", "from_time": "7am", "exceptions": "Yes. RPP holders are exempt from time limits.", "hours": "700-1900"}}, {"type": "Feature", "geometry": {"type": "MultiLineString", "coordinates": [[[-122.438388355, 37.782465635], [-122.438239673, 37.7817275]]]}, "properties": {"hrlimit": "2", "regulation": "Time limited", "to_time": "6pm", "rpparea1": "P", "analysis_neighborhood": "Western Addition", "days": "M-F", "from_time": "8am", "exceptions": "Yes. RPP holders are exempt from time limits.", "hours": "800-1800"}}, {"type": "Feature", "geometry": {"type": "MultiLineString", "coordinates": [[[-122.430008816, 37.767603099], [-122.429167319, 37.767653807]]]}, "properties": {"hrlimit": "2", "regulation": "Time limited", "to_time": "9pm", "rpparea1": "S", "analysis_neighborhood": "Castro/Upper Market", "days": "M-F", "from_time": "8am", "exceptions": "Yes. RPP holders are exempt from time limits.", "hours": "800-2100"}}, {"type": "Feature", "geometry": {"type": "MultiLineString", "coordinates": [[[-122.432810582, 37.76418792], [-122.432352273, 37.764215654]]]}, "properties": {"hrlimit": "2", "regulation": "Time limited", "to_time": "9pm", "rpparea1": "S", "analysis_neighborhood": "Castro/Upper Market", "days": "M-F", "from_time": "8am", "exceptions": "Yes. RPP holders are exempt from time limits.", "hours": "800-2100"}}, {"type": "Feature", "geometry": {"type": "MultiLineString", "coordinates": [[[-122.454452439, 37.765136703], [-122.454303928, 37.764401141]]]}, "properties": {"hrlimit": "2", "regulation": "Time limited", "to_time": "5pm", "rpparea1": "J", "analysis_neighborhood": "Inner Sunset", "days": "M-F", "from_time": "8am", "exceptions": "Yes. RPP holders are exempt from time limits.", "hours": "800-1700"}}, {"type": "Feature", "geometry": {"type": "MultiLineString", "coordinates": [[[-122.43549121, 37.767272577], [-122.433548823, 37.767389709]]]}, "properties": {"hrlimit": "2", "regulation": "Time limited", "to_time": "9pm", "rpparea1": "S", "analysis_neighborhood": "Castro/Upper Market", "days": "M-F", "from_time": "8am", "exceptions": "Yes. RPP holders are exempt from time limits.", "hours": "800-2100"}}, {"type": "Feature", "geometry": {"type": "MultiLineString", "coordinates": [[[-122.431043717, 37.767667422], [-122.430190027, 37.767718873]]]}, "properties": {"hrlimit": "2", "regulation": "Time limited", "to_time": "9pm", "rpparea1": "S", "analysis_neighborhood": "Castro/Upper Market", "days": "M-F", "from_time": "8am", "exceptions": "Yes. RPP holders are exempt from time limits.", "hours": "800-2100"}}, {"type": "Feature", "geometry": {"type": "MultiLineString", "coordinates": [[[-122.433434189, 37.769855764], [-122.433594022, 37.77065154]]]}, "properties": {"hrlimit": "2", "regulation": "Time limited", "to_time": "9pm", "rpparea1": "S", "analysis_neighborhood": "Haight Ashbury", "days": "M-F", "from_time": "8am", "exceptions": "Yes. RPP holders are exempt from time limits.", "hours": "800-2100"}}, {"type": "Feature", "geometry": {"type": "MultiLineString", "coordinates": [[[-122.439134917, 37.772813607], [-122.438983085, 37.772069377]]]}, "properties": {"hrlimit": "2", "regulation": "Time limited", "to_time": "6pm", "rpparea1": "Q", "analysis_neighborhood": "Haight Ashbury", "days": "M-F", "from_time": "8am", "exceptions": "Yes. RPP holders are exempt from time limits.", "hours": "800-1800"}}, {"type": "Feature", "geometry": {"type": "MultiLineString", "coordinates": [[[-122.449814117, 37.764750026], [-122.449681175, 37.764091305]]]}, "properties": {"hrlimit": "2", "regulation": "Time limited", "to_time": "5pm", "rpparea1": "J", "analysis_neighborhood": "Haight Ashbury", "days": "M-F", "from_time": "8am", "exceptions": "Yes. RPP holders are exempt from time limits.", "hours": "800-1700"}}, {"type": "Feature", "geometry": {"type": "MultiLineString", "coordinates": [[[-122.431033494, 37.767541342], [-122.430082117, 37.767598681]]]}, "properties": {"hrlimit": "2", "regulation": "Time limited", "to_time": "9pm", "rpparea1": "S", "analysis_neighborhood": "Castro/Upper Market", "days": "M-F", "from_time": "8am", "exceptions": "Yes. RPP holders are exempt from time limits.", "hours": "800-2100"}}, {"type": "Feature", "geometry": {"type": "MultiLineString", "coordinates": [[[-122.443747983, 37.778928003], [-122.443741312, 37.778916701], [-122.443593957, 37.7781775]]]}, "properties": {"hrlimit": "2", "regulation": "Time limited", "to_time": "6pm", "rpparea1": "P", "analysis_neighborhood": "Lone Mountain/USF", "days": "M-F", "from_time": "8am", "exceptions": "Yes. RPP holders are exempt from time limits.", "hours": "800-1800"}}, {"type": "Feature", "geometry": {"type": "MultiLineString", "coordinates": [[[-122.451032728, 37.781808501], [-122.450815232, 37.78073994]]]}, "properties": {"hrlimit": "2", "regulation": "Time limited", "to_time": "6pm", "rpparea1": "L", "analysis_neighborhood": "Lone Mountain/USF", "days": "M-F", "from_time": "8am", "exceptions": "Yes. RPP holders are exempt from time limits.", "hours": "800-1800"}}, {"type": "Feature", "geometry": {"type": "MultiLineString", "coordinates": [[[-122.441089526, 37.779476159], [-122.441875709, 37.779375632]]]}, "properties": {"hrlimit": "2", "regulation": "Time limited", "to_time": "6pm", "rpparea1": "P", "analysis_neighborhood": "Lone Mountain/USF", "days": "M-F", "from_time": "8am", "exceptions": "Yes. RPP holders are exempt from time limits.", "hours": "800-1800"}}, {"type": "Feature", "geometry": {"type": "MultiLineString", "coordinates": [[[-122.449743481, 37.780839248], [-122.448891977, 37.780949878]]]}, "properties": {"hrlimit": "2", "regulation": "Time limited", "to_time": "6pm", "rpparea1": "L", "analysis_neighborhood": "Lone Mountain/USF", "days": "M-F", "from_time": "8am", "exceptions": "Yes. RPP holders are exempt from time limits.", "hours": "800-1800"}}, {"type": "Feature", "geometry": {"type": "LineString", "coordinates": [[-122.447485646, 37.772717302], [-122.446074214, 37.77288583]]}, "properties": {"hrlimit": "0", "regulation": "No oversized vehicles", "to_time": "6am", "rpparea1": null, "analysis_neighborhood": "Golden Gate Park", "days": "M-Su", "from_time": "12am", "exceptions": "Yes. Typical passenger vehicles are exempt.", "hours": "2400-600", "nearMeter": false}}, {"type": "Feature", "geometry": {"type": "MultiLineString", "coordinates": [[[-122.438480423, 37.782457737], [-122.438332236, 37.781718489]]]}, "properties": {"hrlimit": "2", "regulation": "Time limited", "to_time": "6pm", "rpparea1": "P", "analysis_neighborhood": "Western Addition", "days": "M-F", "from_time": "8am", "exceptions": "Yes. RPP holders are exempt from time limits.", "hours": "800-1800"}}, {"type": "Feature", "geometry": {"type": "MultiLineString", "coordinates": [[[-122.43162509, 37.778336763], [-122.431514853, 37.777804282]]]}, "properties": {"hrlimit": "2", "regulation": "Time limited", "to_time": "8pm", "rpparea1": "Q", "analysis_neighborhood": "Western Addition", "days": "M-F", "from_time": "9am", "exceptions": "Yes. RPP holders are exempt from time limits.", "hours": "900-2000"}}, {"type": "Feature", "geometry": {"type": "MultiLineString", "coordinates": [[[-122.441576616, 37.776338409], [-122.441561918, 37.776313713], [-122.441416453, 37.775594872]]]}, "properties": {"hrlimit": "2", "regulation": "Time limited", "to_time": "6pm", "rpparea1": "Q", "analysis_neighborhood": "Lone Mountain/USF", "days": "M-F", "from_time": "8am", "exceptions": "Yes. RPP holders are exempt from time limits.", "hours": "800-1800"}}, {"type": "Feature", "geometry": {"type": "MultiLineString", "coordinates": [[[-122.431664242, 37.770123655], [-122.431733723, 37.770454708]]]}, "properties": {"hrlimit": "2", "regulation": "Time limited", "to_time": "9pm", "rpparea1": "S", "analysis_neighborhood": "Hayes Valley", "days": "M-F", "from_time": "8am", "exceptions": "Yes. RPP holders are exempt from time limits.", "hours": "800-2100"}}, {"type": "Feature", "geometry": {"type": "MultiLineString", "coordinates": [[[-122.435487717, 37.765078789], [-122.435540134, 37.765631398]]]}, "properties": {"hrlimit": "2", "regulation": "Time limited", "to_time": "9pm", "rpparea1": "S", "analysis_neighborhood": "Castro/Upper Market", "days": "M-F", "from_time": "8am", "exceptions": "Yes. RPP holders are exempt from time limits.", "hours": "800-2100"}}, {"type": "Feature", "geometry": {"type": "MultiLineString", "coordinates": [[[-122.436918775, 37.770222324], [-122.436894704, 37.770162901], [-122.436678584, 37.76910028]]]}, "properties": {"hrlimit": "2", "regulation": "Time limited", "to_time": "9pm", "rpparea1": "S", "analysis_neighborhood": "Haight Ashbury", "days": "M-F", "from_time": "8am", "exceptions": "Yes. RPP holders are exempt from time limits.", "hours": "800-2100"}}, {"type": "Feature", "geometry": {"type": "MultiLineString", "coordinates": [[[-122.446679615, 37.777624736], [-122.445273296, 37.777803547]]]}, "properties": {"hrlimit": "2", "regulation": "Time limited", "to_time": "6pm", "rpparea1": "P", "analysis_neighborhood": "Lone Mountain/USF", "days": "M-F", "from_time": "8am", "exceptions": "Yes. RPP holders are exempt from time limits.", "hours": "800-1800"}}, {"type": "Feature", "geometry": {"type": "MultiLineString", "coordinates": [[[-122.434006911, 37.773630691], [-122.432600692, 37.773809802]]]}, "properties": {"hrlimit": "2", "regulation": "Time limited", "to_time": "8pm", "rpparea1": "Q", "analysis_neighborhood": "Hayes Valley", "days": "M-F", "from_time": "9am", "exceptions": "Yes. RPP holders are exempt from time limits.", "hours": "900-2000"}}, {"type": "Feature", "geometry": {"type": "MultiLineString", "coordinates": [[[-122.431990768, 37.771056426], [-122.432065222, 37.771425905]]]}, "properties": {"hrlimit": "2", "regulation": "Time limited", "to_time": "9pm", "rpparea1": "S", "analysis_neighborhood": "Haight Ashbury", "days": "M-F", "from_time": "8am", "exceptions": "Yes. RPP holders are exempt from time limits.", "hours": "800-2100"}}, {"type": "Feature", "geometry": {"type": "MultiLineString", "coordinates": [[[-122.450784321, 37.76306068], [-122.449535445, 37.763221402]]]}, "properties": {"hrlimit": "2", "regulation": "Time limited", "to_time": "5pm", "rpparea1": "J", "analysis_neighborhood": "Haight Ashbury", "days": "M-F", "from_time": "8am", "exceptions": "Yes. RPP holders are exempt from time limits.", "hours": "800-1700"}}, {"type": "Feature", "geometry": {"type": "MultiLineString", "coordinates": [[[-122.442675039, 37.765224941], [-122.442766454, 37.765184289], [-122.442860859, 37.765121848], [-122.442947762, 37.76503686], [-122.44303459, 37.764944326], [-122.443098444, 37.764876276], [-122.443162296, 37.764808225]]]}, "properties": {"hrlimit": "2", "regulation": "Time limited", "to_time": "9pm", "rpparea1": "S", "analysis_neighborhood": "Castro/Upper Market", "days": "M-F", "from_time": "8am", "exceptions": "Yes. RPP holders are exempt from time limits.", "hours": "800-2100"}}, {"type": "Feature", "geometry": {"type": "MultiLineString", "coordinates": [[[-122.440075285, 37.761780093], [-122.44002794, 37.761311877]]]}, "properties": {"hrlimit": "2", "regulation": "Time limited", "to_time": "9pm", "rpparea1": "S", "analysis_neighborhood": "Castro/Upper Market", "days": "M-F", "from_time": "8am", "exceptions": "Yes. RPP holders are exempt from time limits.", "hours": "800-2100"}}, {"type": "Feature", "geometry": {"type": "MultiLineString", "coordinates": [[[-122.433836731, 37.772535804], [-122.433830848, 37.772506499], [-122.433687503, 37.771794129]]]}, "properties": {"hrlimit": "2", "regulation": "Time limited", "to_time": "8pm", "rpparea1": "Q", "analysis_neighborhood": "Haight Ashbury", "days": "M-F", "from_time": "9am", "exceptions": "Yes. RPP holders are exempt from time limits.", "hours": "900-2000"}}, {"type": "Feature", "geometry": {"type": "MultiLineString", "coordinates": [[[-122.457655933, 37.765656072], [-122.457594617, 37.764901994]]]}, "properties": {"hrlimit": "2", "regulation": "Time limited", "to_time": "5pm", "rpparea1": "J", "analysis_neighborhood": "Inner Sunset", "days": "M-F", "from_time": "8am", "exceptions": "Yes. RPP holders are exempt from time limits.", "hours": "800-1700"}}, {"type": "Feature", "geometry": {"type": "MultiLineString", "coordinates": [[[-122.456702948, 37.77733271], [-122.45538237, 37.777501745]]]}, "properties": {"hrlimit": "2", "regulation": "Time limited", "to_time": "6pm", "rpparea1": "L", "analysis_neighborhood": "Lone Mountain/USF", "days": "M-F", "from_time": "8am", "exceptions": "Yes. RPP holders are exempt from time limits.", "hours": "800-1800"}}, {"type": "Feature", "geometry": {"type": "MultiLineString", "coordinates": [[[-122.454663796, 37.780054974], [-122.454001444, 37.780141226]]]}, "properties": {"hrlimit": "2", "regulation": "Time limited", "to_time": "6pm", "rpparea1": "L", "analysis_neighborhood": "Lone Mountain/USF", "days": "M-F", "from_time": "8am", "exceptions": "Yes. RPP holders are exempt from time limits.", "hours": "800-1800"}}, {"type": "Feature", "geometry": {"type": "MultiLineString", "coordinates": [[[-122.447874625, 37.778428782], [-122.447168297, 37.778519425]]]}, "properties": {"hrlimit": "2", "regulation": "Time limited", "to_time": "8pm", "rpparea1": "BB", "analysis_neighborhood": "Lone Mountain/USF", "days": "M-F", "from_time": "8am", "exceptions": "Yes. RPP holders are exempt from time limits.", "hours": "800-2000"}}, {"type": "Feature", "geometry": {"type": "MultiLineString", "coordinates": [[[-122.453259707, 37.777686375], [-122.453108451, 37.776973166]]]}, "properties": {"hrlimit": "2", "regulation": "Time limited", "to_time": "8pm", "rpparea1": "BB", "analysis_neighborhood": "Lone Mountain/USF", "days": "M-F", "from_time": "8am", "exceptions": "Yes. RPP holders are exempt from time limits.", "hours": "800-2000"}}, {"type": "Feature", "geometry": {"type": "MultiLineString", "coordinates": [[[-122.431444097, 37.776666102], [-122.431318798, 37.776043404]]]}, "properties": {"hrlimit": "2", "regulation": "Time limited", "to_time": "8pm", "rpparea1": "Q", "analysis_neighborhood": "Hayes Valley", "days": "M-F", "from_time": "9am", "exceptions": "Yes. RPP holders are exempt from time limits.", "hours": "900-2000"}}, {"type": "Feature", "geometry": {"type": "MultiLineString", "coordinates": [[[-122.450059047, 37.766636278], [-122.44997222, 37.766206076]]]}, "properties": {"hrlimit": "2", "regulation": "Time limited", "to_time": "5pm", "rpparea1": "J", "analysis_neighborhood": "Haight Ashbury", "days": "M-F", "from_time": "8am", "exceptions": "Yes. RPP holders are exempt from time limits.", "hours": "800-1700"}}, {"type": "Feature", "geometry": {"type": "MultiLineString", "coordinates": [[[-122.432604428, 37.760278509], [-122.430603909, 37.76040354]]]}, "properties": {"hrlimit": "2", "regulation": "Time limited", "to_time": "9pm", "rpparea1": "S", "analysis_neighborhood": "Castro/Upper Market", "days": "M-F", "from_time": "8am", "exceptions": "Yes. RPP holders are exempt from time limits.", "hours": "800-2100"}}, {"type": "Feature", "geometry": {"type": "MultiLineString", "coordinates": [[[-122.443422065, 37.778004696], [-122.443272313, 37.777259604]]]}, "properties": {"hrlimit": "2", "regulation": "Time limited", "to_time": "6pm", "rpparea1": "P", "analysis_neighborhood": "Lone Mountain/USF", "days": "M-F", "from_time": "8am", "exceptions": "Yes. RPP holders are exempt from time limits.", "hours": "800-1800"}}, {"type": "Feature", "geometry": {"type": "MultiLineString", "coordinates": [[[-122.440262586, 37.778404236], [-122.440113574, 37.777662673]]]}, "properties": {"hrlimit": "2", "regulation": "Time limited", "to_time": "6pm", "rpparea1": "P", "analysis_neighborhood": "Western Addition", "days": "M-F", "from_time": "8am", "exceptions": "Yes. RPP holders are exempt from time limits.", "hours": "800-1800"}}, {"type": "Feature", "geometry": {"type": "MultiLineString", "coordinates": [[[-122.44072833, 37.771823124], [-122.442087014, 37.771656184]]]}, "properties": {"hrlimit": "2", "regulation": "Time limited", "to_time": "6pm", "rpparea1": "Q", "analysis_neighborhood": "Haight Ashbury", "days": "M-F", "from_time": "8am", "exceptions": "Yes. RPP holders are exempt from time limits.", "hours": "800-1800"}}, {"type": "Feature", "geometry": {"type": "MultiLineString", "coordinates": [[[-122.429734496, 37.776497965], [-122.429662138, 37.776139214]]]}, "properties": {"hrlimit": "2", "regulation": "Time limited", "to_time": "8pm", "rpparea1": "Q", "analysis_neighborhood": "Hayes Valley", "days": "M-F", "from_time": "9am", "exceptions": "Yes. RPP holders are exempt from time limits.", "hours": "0900-2000"}}, {"type": "Feature", "geometry": {"type": "MultiLineString", "coordinates": [[[-122.434531229, 37.775317024], [-122.43438275, 37.774577042]]]}, "properties": {"hrlimit": "2", "regulation": "Time limited", "to_time": "8pm", "rpparea1": "Q", "analysis_neighborhood": "Hayes Valley", "days": "M-F", "from_time": "9am", "exceptions": "Yes. RPP holders are exempt from time limits.", "hours": "900-2000"}}, {"type": "Feature", "geometry": {"type": "MultiLineString", "coordinates": [[[-122.435419602, 37.764038066], [-122.435373701, 37.763556122]]]}, "properties": {"hrlimit": "2", "regulation": "Time limited", "to_time": "9pm", "rpparea1": "S", "analysis_neighborhood": "Castro/Upper Market", "days": "M-F", "from_time": "8am", "exceptions": "Yes. RPP holders are exempt from time limits.", "hours": "800-2100"}}, {"type": "Feature", "geometry": {"type": "MultiLineString", "coordinates": [[[-122.435176161, 37.764041907], [-122.433573942, 37.764138883]]]}, "properties": {"hrlimit": "2", "regulation": "Time limited", "to_time": "9pm", "rpparea1": "S", "analysis_neighborhood": "Castro/Upper Market", "days": "M-F", "from_time": "8am", "exceptions": "Yes. RPP holders are exempt from time limits.", "hours": "800-2100"}}, {"type": "Feature", "geometry": {"type": "MultiLineString", "coordinates": [[[-122.429453888, 37.764334821], [-122.429434417, 37.764131748]]]}, "properties": {"hrlimit": "2", "regulation": "Time limited", "to_time": "9pm", "rpparea1": "S", "analysis_neighborhood": "Castro/Upper Market", "days": "M-F", "from_time": "8am", "exceptions": "Yes. RPP holders are exempt from time limits.", "hours": "800-2100"}}, {"type": "Feature", "geometry": {"type": "MultiLineString", "coordinates": [[[-122.4504339, 37.767760378], [-122.450578679, 37.76847767]]]}, "properties": {"hrlimit": "2", "regulation": "Time limited", "to_time": "5pm", "rpparea1": "J", "analysis_neighborhood": "Haight Ashbury", "days": "M-F", "from_time": "8am", "exceptions": "Yes. RPP holders are exempt from time limits.", "hours": "800-1700"}}, {"type": "Feature", "geometry": {"type": "MultiLineString", "coordinates": [[[-122.441261705, 37.784013219], [-122.44119241, 37.783679972]]]}, "properties": {"hrlimit": "2", "regulation": "Time limited", "to_time": "6pm", "rpparea1": "G", "analysis_neighborhood": "Japantown", "days": "M-F", "from_time": "8am", "exceptions": "Yes. RPP holders are exempt from time limits.", "hours": "800-1800"}}, {"type": "Feature", "geometry": {"type": "MultiLineString", "coordinates": [[[-122.441378415, 37.775406895], [-122.441228053, 37.77466383]]]}, "properties": {"hrlimit": "2", "regulation": "Time limited", "to_time": "6pm", "rpparea1": "Q", "analysis_neighborhood": "Lone Mountain/USF", "days": "M-F", "from_time": "8am", "exceptions": "Yes. RPP holders are exempt from time limits.", "hours": "800-1800"}}, {"type": "Feature", "geometry": {"type": "MultiLineString", "coordinates": [[[-122.453275173, 37.776797836], [-122.453157587, 37.776219982]]]}, "properties": {"hrlimit": "4", "regulation": "Time limited", "to_time": "6pm", "rpparea1": "L", "analysis_neighborhood": "Lone Mountain/USF", "days": "M-F", "from_time": "8am", "exceptions": "Yes. RPP holders are exempt from time limits.", "hours": "800-1800"}}, {"type": "Feature", "geometry": {"type": "MultiLineString", "coordinates": [[[-122.451452465, 37.777911054], [-122.451310393, 37.777218186]]]}, "properties": {"hrlimit": "2", "regulation": "Time limited", "to_time": "8pm", "rpparea1": "BB", "analysis_neighborhood": "Lone Mountain/USF", "days": "M-F", "from_time": "8am", "exceptions": "Yes. RPP holders are exempt from time limits.", "hours": "800-2000"}}, {"type": "Feature", "geometry": {"type": "MultiLineString", "coordinates": [[[-122.44686411, 37.778547733], [-122.446002305, 37.778657972]]]}, "properties": {"hrlimit": "2", "regulation": "Time limited", "to_time": "6pm", "rpparea1": "P", "analysis_neighborhood": "Lone Mountain/USF", "days": "M-F", "from_time": "8am", "exceptions": "Yes. RPP holders are exempt from time limits.", "hours": "800-1800"}}, {"type": "Feature", "geometry": {"type": "MultiLineString", "coordinates": [[[-122.440077168, 37.778464073], [-122.438692114, 37.778640099]]]}, "properties": {"hrlimit": "2", "regulation": "Time limited", "to_time": "6pm", "rpparea1": "P", "analysis_neighborhood": "Western Addition", "days": "M-F", "from_time": "8am", "exceptions": "Yes. RPP holders are exempt from time limits.", "hours": "800-1800"}}, {"type": "Feature", "geometry": {"type": "MultiLineString", "coordinates": [[[-122.439336556, 37.774740904], [-122.438238377, 37.774881654]]]}, "properties": {"hrlimit": "2", "regulation": "Time limited", "to_time": "8pm", "rpparea1": "Q", "analysis_neighborhood": "Hayes Valley", "days": "M-F", "from_time": "9am", "exceptions": "Yes. RPP holders are exempt from time limits.", "hours": "900-2000"}}, {"type": "Feature", "geometry": {"type": "MultiLineString", "coordinates": [[[-122.452593633, 37.772630083], [-122.45251621, 37.772274231]]]}, "properties": {"hrlimit": "2", "regulation": "Time limited", "to_time": "6pm", "rpparea1": "L", "analysis_neighborhood": "Lone Mountain/USF", "days": "M-F", "from_time": "8am", "exceptions": "Yes. RPP holders are exempt from time limits.", "hours": "800-1800"}}, {"type": "Feature", "geometry": {"type": "MultiLineString", "coordinates": [[[-122.43546205, 37.772479758], [-122.434060466, 37.772656554]]]}, "properties": {"hrlimit": "2", "regulation": "Time limited", "to_time": "8pm", "rpparea1": "Q", "analysis_neighborhood": "Haight Ashbury", "days": "M-F", "from_time": "9am", "exceptions": "Yes. RPP holders are exempt from time limits.", "hours": "900-2000"}}, {"type": "Feature", "geometry": {"type": "MultiLineString", "coordinates": [[[-122.450669181, 37.762266293], [-122.450545032, 37.761655787]]]}, "properties": {"hrlimit": "2", "regulation": "Time limited", "to_time": "5pm", "rpparea1": "J", "analysis_neighborhood": "Haight Ashbury", "days": "M-F", "from_time": "8am", "exceptions": "Yes. RPP holders are exempt from time limits.", "hours": "800-1700"}}, {"type": "Feature", "geometry": {"type": "MultiLineString", "coordinates": [[[-122.453495515, 37.783975699], [-122.452902315, 37.783978028]]]}, "properties": {"hrlimit": "2", "regulation": "Time limited", "to_time": "4pm", "rpparea1": "F", "analysis_neighborhood": "Presidio Heights", "days": "M-F", "from_time": "9am", "exceptions": "Yes. RPP holders are exempt from time limits.", "hours": "900-1600"}}, {"type": "Feature", "geometry": {"type": "MultiLineString", "coordinates": [[[-122.452726082, 37.773948711], [-122.452566391, 37.773187235]]]}, "properties": {"hrlimit": "2", "regulation": "Time limited", "to_time": "6pm", "rpparea1": "L", "analysis_neighborhood": "Lone Mountain/USF", "days": "M-F", "from_time": "8am", "exceptions": "Yes. RPP holders are exempt from time limits.", "hours": "800-1800"}}, {"type": "Feature", "geometry": {"type": "MultiLineString", "coordinates": [[[-122.437793927, 37.770273359], [-122.437012913, 37.770374053]]]}, "properties": {"hrlimit": "2", "regulation": "Time limited", "to_time": "9pm", "rpparea1": "S", "analysis_neighborhood": "Haight Ashbury", "days": "M-F", "from_time": "8am", "exceptions": "Yes. RPP holders are exempt from time limits.", "hours": "800-2100"}}, {"type": "Feature", "geometry": {"type": "MultiLineString", "coordinates": [[[-122.431610801, 37.775835561], [-122.432735643, 37.775691958]]]}, "properties": {"hrlimit": "2", "regulation": "Time limited", "to_time": "8pm", "rpparea1": "Q", "analysis_neighborhood": "Hayes Valley", "days": "M-F", "from_time": "9am", "exceptions": "Yes. RPP holders are exempt from time limits.", "hours": "900-2000"}}, {"type": "Feature", "geometry": {"type": "MultiLineString", "coordinates": [[[-122.454481184, 37.766243584], [-122.453180858, 37.766411333]]]}, "properties": {"hrlimit": "2", "regulation": "Time limited", "to_time": "5pm", "rpparea1": "J", "analysis_neighborhood": "Golden Gate Park", "days": "M-F", "from_time": "8am", "exceptions": "Yes. RPP holders are exempt from time limits.", "hours": "800-1700"}}, {"type": "Feature", "geometry": {"type": "LineString", "coordinates": [[-122.460327468, 37.76757281], [-122.459925903, 37.767595102], [-122.459648241, 37.767571449], [-122.459309072, 37.767519958], [-122.458998602, 37.76745906], [-122.458799978, 37.767438832]]}, "properties": {"hrlimit": "3", "regulation": "Time limited", "to_time": "6pm", "rpparea1": null, "analysis_neighborhood": "Golden Gate Park", "days": "M-F", "from_time": "7am", "exceptions": "None. Regulation applies to all vehicles.", "hours": "700-1800", "nearMeter": false}}, {"type": "Feature", "geometry": {"type": "MultiLineString", "coordinates": [[[-122.440005402, 37.761948471], [-122.439692303, 37.762121387]]]}, "properties": {"hrlimit": "2", "regulation": "Time limited", "to_time": "9pm", "rpparea1": "S", "analysis_neighborhood": "Castro/Upper Market", "days": "M-F", "from_time": "8am", "exceptions": "Yes. RPP holders are exempt from time limits.", "hours": "800-2100"}}, {"type": "Feature", "geometry": {"type": "MultiLineString", "coordinates": [[[-122.449017816, 37.761698412], [-122.447891904, 37.761764664]]]}, "properties": {"hrlimit": "2", "regulation": "Time limited", "to_time": "5pm", "rpparea1": "J", "analysis_neighborhood": "Haight Ashbury", "days": "M-F", "from_time": "8am", "exceptions": "Yes. RPP holders are exempt from time limits.", "hours": "800-1700"}}, {"type": "Feature", "geometry": {"type": "MultiLineString", "coordinates": [[[-122.454267936, 37.765304131], [-122.452887814, 37.76548019]]]}, "properties": {"hrlimit": "2", "regulation": "Time limited", "to_time": "5pm", "rpparea1": "J", "analysis_neighborhood": "Inner Sunset", "days": "M-F", "from_time": "8am", "exceptions": "Yes. RPP holders are exempt from time limits.", "hours": "800-1700"}}, {"type": "Feature", "geometry": {"type": "MultiLineString", "coordinates": [[[-122.43145187, 37.777644795], [-122.431430159, 37.777650489], [-122.430049505, 37.777826202], [-122.430043186, 37.777826149]]]}, "properties": {"hrlimit": "2", "regulation": "Time limited", "to_time": "8pm", "rpparea1": "Q", "analysis_neighborhood": "Hayes Valley", "days": "M-F", "from_time": "9am", "exceptions": "Yes. RPP holders are exempt from time limits.", "hours": "900-2000"}}, {"type": "Feature", "geometry": {"type": "MultiLineString", "coordinates": [[[-122.437974508, 37.777897843], [-122.436826292, 37.77804375]]]}, "properties": {"hrlimit": "2", "regulation": "Time limited", "to_time": "8pm", "rpparea1": "Q", "analysis_neighborhood": "Western Addition", "days": "M-F", "from_time": "9am", "exceptions": "Yes. RPP holders are exempt from time limits.", "hours": "900-2000"}}, {"type": "Feature", "geometry": {"type": "MultiLineString", "coordinates": [[[-122.433047894, 37.769292311], [-122.432489148, 37.769329885]]]}, "properties": {"hrlimit": "2", "regulation": "Time limited", "to_time": "9pm", "rpparea1": "S", "analysis_neighborhood": "Haight Ashbury", "days": "M-F", "from_time": "8am", "exceptions": "Yes. RPP holders are exempt from time limits.", "hours": "800-2100"}}, {"type": "Feature", "geometry": {"type": "MultiLineString", "coordinates": [[[-122.437437305, 37.76196679], [-122.438070257, 37.761856722]]]}, "properties": {"hrlimit": "2", "regulation": "Time limited", "to_time": "9pm", "rpparea1": "S", "analysis_neighborhood": "Castro/Upper Market", "days": "M-F", "from_time": "8am", "exceptions": "Yes. RPP holders are exempt from time limits.", "hours": "800-2100"}}, {"type": "Feature", "geometry": {"type": "MultiLineString", "coordinates": [[[-122.453049493, 37.767215017], [-122.452902048, 37.766487058]]]}, "properties": {"hrlimit": "2", "regulation": "Time limited", "to_time": "5pm", "rpparea1": "J", "analysis_neighborhood": "Haight Ashbury", "days": "M-F", "from_time": "8am", "exceptions": "Yes. RPP holders are exempt from time limits.", "hours": "800-1700"}}, {"type": "Feature", "geometry": {"type": "MultiLineString", "coordinates": [[[-122.445069291, 37.777794004], [-122.444922181, 37.777062139]]]}, "properties": {"hrlimit": "2", "regulation": "Time limited", "to_time": "6pm", "rpparea1": "P", "analysis_neighborhood": "Lone Mountain/USF", "days": "M-F", "from_time": "8am", "exceptions": "Yes. RPP holders are exempt from time limits.", "hours": "800-1800"}}, {"type": "Feature", "geometry": {"type": "MultiLineString", "coordinates": [[[-122.440509485, 37.780291585], [-122.440362306, 37.77955967]]]}, "properties": {"hrlimit": "2", "regulation": "Time limited", "to_time": "6pm", "rpparea1": "P", "analysis_neighborhood": "Western Addition", "days": "M-F", "from_time": "8am", "exceptions": "Yes. RPP holders are exempt from time limits.", "hours": "800-1800"}}, {"type": "Feature", "geometry": {"type": "MultiLineString", "coordinates": [[[-122.438943182, 37.781479657], [-122.438269758, 37.781565751]]]}, "properties": {"hrlimit": "2", "regulation": "Time limited", "to_time": "6pm", "rpparea1": "P", "analysis_neighborhood": "Western Addition", "days": "M-F", "from_time": "8am", "exceptions": "Yes. RPP holders are exempt from time limits.", "hours": "800-1800"}}, {"type": "Feature", "geometry": {"type": "LineString", "coordinates": [[-122.433093756, 37.776536983], [-122.432926413, 37.775709781]]}, "properties": {"hrlimit": "2", "regulation": "Time limited", "to_time": "8pm", "rpparea1": null, "analysis_neighborhood": "Hayes Valley", "days": "M-F", "from_time": "9am", "exceptions": "None. Regulation applies to all vehicles.", "hours": "900-2000", "nearMeter": false}}, {"type": "Feature", "geometry": {"type": "MultiLineString", "coordinates": [[[-122.433927131, 37.762498364], [-122.433077824, 37.762549766]]]}, "properties": {"hrlimit": "2", "regulation": "Time limited", "to_time": "9pm", "rpparea1": "S", "analysis_neighborhood": "Castro/Upper Market", "days": "M-F", "from_time": "8am", "exceptions": "Yes. RPP holders are exempt from time limits.", "hours": "800-2100"}}, {"type": "Feature", "geometry": {"type": "MultiLineString", "coordinates": [[[-122.441018614, 37.761725324], [-122.440703952, 37.761831149], [-122.440215095, 37.761862797]]]}, "properties": {"hrlimit": "2", "regulation": "Time limited", "to_time": "5pm", "rpparea1": "S", "analysis_neighborhood": "Castro/Upper Market", "days": "M-F", "from_time": "8am", "exceptions": "Yes. RPP holders are exempt from time limits.", "hours": "800-1700"}}, {"type": "Feature", "geometry": {"type": "MultiLineString", "coordinates": [[[-122.444436089, 37.762601187], [-122.443754111, 37.76323296]]]}, "properties": {"hrlimit": "2", "regulation": "Time limited", "to_time": "9pm", "rpparea1": "S", "analysis_neighborhood": "Castro/Upper Market", "days": "M-F", "from_time": "8am", "exceptions": "Yes. RPP holders are exempt from time limits.", "hours": "800-2100"}}, {"type": "Feature", "geometry": {"type": "MultiLineString", "coordinates": [[[-122.434334014, 37.77433556], [-122.434199464, 37.77368761]]]}, "properties": {"hrlimit": "2", "regulation": "Time limited", "to_time": "8pm", "rpparea1": "Q", "analysis_neighborhood": "Hayes Valley", "days": "M-F", "from_time": "9am", "exceptions": "Yes. RPP holders are exempt from time limits.", "hours": "900-2000"}}, {"type": "Feature", "geometry": {"type": "MultiLineString", "coordinates": [[[-122.438546894, 37.762336569], [-122.43931504, 37.76229034]]]}, "properties": {"hrlimit": "2", "regulation": "Time limited", "to_time": "9pm", "rpparea1": "S", "analysis_neighborhood": "Castro/Upper Market", "days": "M-F", "from_time": "8am", "exceptions": "Yes. RPP holders are exempt from time limits.", "hours": "800-2100"}}, {"type": "Feature", "geometry": {"type": "MultiLineString", "coordinates": [[[-122.455327169, 37.774803783], [-122.455482458, 37.775531687]]]}, "properties": {"hrlimit": "2", "regulation": "Time limited", "to_time": "6pm", "rpparea1": "L", "analysis_neighborhood": "Lone Mountain/USF", "days": "M-F", "from_time": "8am", "exceptions": "Yes. RPP holders are exempt from time limits.", "hours": "800-1800"}}, {"type": "Feature", "geometry": {"type": "MultiLineString", "coordinates": [[[-122.456131438, 37.777637817], [-122.456519298, 37.779514197]]]}, "properties": {"hrlimit": "2", "regulation": "Time limited", "to_time": "6pm", "rpparea1": "L", "analysis_neighborhood": "Lone Mountain/USF", "days": "M-F", "from_time": "8am", "exceptions": "Yes. RPP holders are exempt from time limits.", "hours": "800-1800"}}, {"type": "Feature", "geometry": {"type": "MultiLineString", "coordinates": [[[-122.448752449, 37.775581973], [-122.448239612, 37.775647874]]]}, "properties": {"hrlimit": "2", "regulation": "Time limited", "to_time": "6pm", "rpparea1": "L", "analysis_neighborhood": "Lone Mountain/USF", "days": "M-F", "from_time": "8am", "exceptions": "Yes. RPP holders are exempt from time limits.", "hours": "800-1800"}}, {"type": "Feature", "geometry": {"type": "MultiLineString", "coordinates": [[[-122.4413944, 37.783997732], [-122.441320933, 37.783635876]]]}, "properties": {"hrlimit": "2", "regulation": "Time limited", "to_time": "6pm", "rpparea1": "G", "analysis_neighborhood": "Japantown", "days": "M-F", "from_time": "8am", "exceptions": "Yes. RPP holders are exempt from time limits.", "hours": "800-1800"}}, {"type": "Feature", "geometry": {"type": "MultiLineString", "coordinates": [[[-122.457967631, 37.785719473], [-122.457839842, 37.783982126]]]}, "properties": {"hrlimit": "2", "regulation": "Time limited", "to_time": "6pm", "rpparea1": "F", "analysis_neighborhood": "Presidio Heights", "days": "M-F", "from_time": "8am", "exceptions": "Yes. RPP holders are exempt from time limits.", "hours": "800-1800"}}, {"type": "Feature", "geometry": {"type": "MultiLineString", "coordinates": [[[-122.442906821, 37.783799096], [-122.44275823, 37.783064813]]]}, "properties": {"hrlimit": "2", "regulation": "Time limited", "to_time": "6pm", "rpparea1": "G", "analysis_neighborhood": "Japantown", "days": "M-F", "from_time": "8am", "exceptions": "Yes. RPP holders are exempt from time limits.", "hours": "800-1800"}}, {"type": "Feature", "geometry": {"type": "MultiLineString", "coordinates": [[[-122.440866064, 37.782340274], [-122.440680904, 37.78235479], [-122.439480873, 37.782501795]]]}, "properties": {"hrlimit": "2", "regulation": "Time limited", "to_time": "6pm", "rpparea1": "P", "analysis_neighborhood": "Western Addition", "days": "M-F", "from_time": "8am", "exceptions": "Yes. RPP holders are exempt from time limits.", "hours": "800-1800"}}, {"type": "Feature", "geometry": {"type": "MultiLineString", "coordinates": [[[-122.435655945, 37.773259392], [-122.435508645, 37.772520717]]]}, "properties": {"hrlimit": "2", "regulation": "Time limited", "to_time": "8pm", "rpparea1": "Q", "analysis_neighborhood": "Haight Ashbury", "days": "M-F", "from_time": "9am", "exceptions": "Yes. RPP holders are exempt from time limits.", "hours": "900-2000"}}, {"type": "Feature", "geometry": {"type": "MultiLineString", "coordinates": [[[-122.442426848, 37.77239345], [-122.442416569, 37.772362095], [-122.442273605, 37.771659458]]]}, "properties": {"hrlimit": "2", "regulation": "Time limited", "to_time": "6pm", "rpparea1": "Q", "analysis_neighborhood": "Haight Ashbury", "days": "M-F", "from_time": "8am", "exceptions": "Yes. RPP holders are exempt from time limits.", "hours": "800-1800"}}, {"type": "Feature", "geometry": {"type": "MultiLineString", "coordinates": [[[-122.447566794, 37.773695773], [-122.446219925, 37.773866662]]]}, "properties": {"hrlimit": "2", "regulation": "Time limited", "to_time": "6pm", "rpparea1": "L", "analysis_neighborhood": "Lone Mountain/USF", "days": "M-F", "from_time": "8am", "exceptions": "Yes. RPP holders are exempt from time limits.", "hours": "800-1800"}}, {"type": "Feature", "geometry": {"type": "MultiLineString", "coordinates": [[[-122.458733839, 37.76535203], [-122.457911455, 37.765391835]]]}, "properties": {"hrlimit": "2", "regulation": "Time limited", "to_time": "6pm", "rpparea1": "J", "analysis_neighborhood": "Inner Sunset", "days": "M-F", "from_time": "8am", "exceptions": "Yes. RPP holders are exempt from time limits.", "hours": "800-1800"}}, {"type": "Feature", "geometry": {"type": "MultiLineString", "coordinates": [[[-122.43630477, 37.762207096], [-122.436611183, 37.762122959], [-122.43715758, 37.762012738]]]}, "properties": {"hrlimit": "2", "regulation": "Time limited", "to_time": "9pm", "rpparea1": "S", "analysis_neighborhood": "Castro/Upper Market", "days": "M-F", "from_time": "8am", "exceptions": "Yes. RPP holders are exempt from time limits.", "hours": "800-2100"}}, {"type": "Feature", "geometry": {"type": "MultiLineString", "coordinates": [[[-122.444466337, 37.783148547], [-122.444556732, 37.783595785]]]}, "properties": {"hrlimit": "2", "regulation": "Time limited", "to_time": "6pm", "rpparea1": "G", "analysis_neighborhood": "Presidio Heights", "days": "M-F", "from_time": "8am", "exceptions": "Yes. RPP holders are exempt from time limits.", "hours": "800-1800"}}, {"type": "Feature", "geometry": {"type": "MultiLineString", "coordinates": [[[-122.456161081, 37.781200792], [-122.45594747, 37.780221546], [-122.455884856, 37.780149669], [-122.455825424, 37.780115114]]]}, "properties": {"hrlimit": "2", "regulation": "Time limited", "to_time": "6pm", "rpparea1": "L", "analysis_neighborhood": "Lone Mountain/USF", "days": "M-F", "from_time": "8am", "exceptions": "Yes. RPP holders are exempt from time limits.", "hours": "800-1800"}}, {"type": "Feature", "geometry": {"type": "MultiLineString", "coordinates": [[[-122.449245027, 37.773419815], [-122.449099473, 37.772701681]]]}, "properties": {"hrlimit": "2", "regulation": "Time limited", "to_time": "6pm", "rpparea1": "L", "analysis_neighborhood": "Lone Mountain/USF", "days": "M-F", "from_time": "8am", "exceptions": "Yes. RPP holders are exempt from time limits.", "hours": "800-1800"}}, {"type": "Feature", "geometry": {"type": "MultiLineString", "coordinates": [[[-122.437745554, 37.776978467], [-122.436643467, 37.777118513]]]}, "properties": {"hrlimit": "2", "regulation": "Time limited", "to_time": "8pm", "rpparea1": "Q", "analysis_neighborhood": "Western Addition", "days": "M-F", "from_time": "9am", "exceptions": "Yes. RPP holders are exempt from time limits.", "hours": "900-2000"}}, {"type": "Feature", "geometry": {"type": "MultiLineString", "coordinates": [[[-122.43838487, 37.778679144], [-122.437688405, 37.77876765]]]}, "properties": {"hrlimit": "2", "regulation": "Time limited", "to_time": "8pm", "rpparea1": "Q", "analysis_neighborhood": "Western Addition", "days": "M-F", "from_time": "9am", "exceptions": "Yes. RPP holders are exempt from time limits.", "hours": "900-2000"}}, {"type": "Feature", "geometry": {"type": "MultiLineString", "coordinates": [[[-122.442875468, 37.763661442], [-122.442864996, 37.763878097], [-122.442859031, 37.764012598], [-122.442874178, 37.764109726], [-122.442917085, 37.764201884], [-122.443128443, 37.764500425], [-122.443137182, 37.764548407]]]}, "properties": {"hrlimit": "2", "regulation": "Time limited", "to_time": "9pm", "rpparea1": "S", "analysis_neighborhood": "Castro/Upper Market", "days": "M-F", "from_time": "8am", "exceptions": "Yes. RPP holders are exempt from time limits.", "hours": "800-2100"}}, {"type": "Feature", "geometry": {"type": "MultiLineString", "coordinates": [[[-122.432570826, 37.759528717], [-122.432629256, 37.760137888]]]}, "properties": {"hrlimit": "2", "regulation": "Time limited", "to_time": "9pm", "rpparea1": "S", "analysis_neighborhood": "Castro/Upper Market", "days": "M-F", "from_time": "8am", "exceptions": "Yes. RPP holders are exempt from time limits.", "hours": "800-2100"}}, {"type": "Feature", "geometry": {"type": "MultiLineString", "coordinates": [[[-122.448845821, 37.760905166], [-122.447750131, 37.760972527]]]}, "properties": {"hrlimit": "2", "regulation": "Time limited", "to_time": "6pm", "rpparea1": "J", "analysis_neighborhood": "Inner Sunset", "days": "M-F", "from_time": "8am", "exceptions": "Yes. RPP holders are exempt from time limits.", "hours": "800-1800"}}, {"type": "Feature", "geometry": {"type": "MultiLineString", "coordinates": [[[-122.457930799, 37.782837989], [-122.457857565, 37.781833733]]]}, "properties": {"hrlimit": "2", "regulation": "Time limited", "to_time": "6pm", "rpparea1": "F", "analysis_neighborhood": "Presidio Heights", "days": "M-F", "from_time": "9am", "exceptions": "Yes. RPP holders are exempt from time limits.", "hours": "900-1800"}}, {"type": "Feature", "geometry": {"type": "MultiLineString", "coordinates": [[[-122.441060451, 37.78036763], [-122.440724246, 37.780409493]]]}, "properties": {"hrlimit": "2", "regulation": "Time limited", "to_time": "6pm", "rpparea1": "P", "analysis_neighborhood": "Western Addition", "days": "M-F", "from_time": "8am", "exceptions": "Yes. RPP holders are exempt from time limits.", "hours": "800-1800"}}, {"type": "Feature", "geometry": {"type": "MultiLineString", "coordinates": [[[-122.44504832, 37.777967741], [-122.443632065, 37.778147795]]]}, "properties": {"hrlimit": "2", "regulation": "Time limited", "to_time": "6pm", "rpparea1": "P", "analysis_neighborhood": "Lone Mountain/USF", "days": "M-F", "from_time": "8am", "exceptions": "Yes. RPP holders are exempt from time limits.", "hours": "800-1800"}}, {"type": "Feature", "geometry": {"type": "MultiLineString", "coordinates": [[[-122.440618532, 37.772625603], [-122.440466249, 37.771871436]]]}, "properties": {"hrlimit": "2", "regulation": "Time limited", "to_time": "6pm", "rpparea1": "Q", "analysis_neighborhood": "Haight Ashbury", "days": "M-F", "from_time": "8am", "exceptions": "Yes. RPP holders are exempt from time limits.", "hours": "800-1800"}}, {"type": "Feature", "geometry": {"type": "MultiLineString", "coordinates": [[[-122.444491932, 37.774246087], [-122.444640088, 37.774983205]]]}, "properties": {"hrlimit": "2", "regulation": "Time limited", "to_time": "6pm", "rpparea1": "P", "analysis_neighborhood": "Lone Mountain/USF", "days": "M-F", "from_time": "8am", "exceptions": "Yes. RPP holders are exempt from time limits.", "hours": "800-1800"}}, {"type": "Feature", "geometry": {"type": "MultiLineString", "coordinates": [[[-122.433635114, 37.770856121], [-122.433781508, 37.771583163]]]}, "properties": {"hrlimit": "2", "regulation": "Time limited", "to_time": "9pm", "rpparea1": "S", "analysis_neighborhood": "Haight Ashbury", "days": "M-F", "from_time": "8am", "exceptions": "Yes. RPP holders are exempt from time limits.", "hours": "800-2100"}}, {"type": "Feature", "geometry": {"type": "MultiLineString", "coordinates": [[[-122.450256034, 37.767612268], [-122.450097908, 37.766828823]]]}, "properties": {"hrlimit": "2", "regulation": "Time limited", "to_time": "5pm", "rpparea1": "J", "analysis_neighborhood": "Haight Ashbury", "days": "M-F", "from_time": "8am", "exceptions": "Yes. RPP holders are exempt from time limits.", "hours": "800-1700"}}, {"type": "Feature", "geometry": {"type": "MultiLineString", "coordinates": [[[-122.435618469, 37.766442672], [-122.435559229, 37.765831884]]]}, "properties": {"hrlimit": "2", "regulation": "Time limited", "to_time": "9pm", "rpparea1": "S", "analysis_neighborhood": "Castro/Upper Market", "days": "M-F", "from_time": "8am", "exceptions": "Yes. RPP holders are exempt from time limits.", "hours": "800-2100"}}, {"type": "Feature", "geometry": {"type": "MultiLineString", "coordinates": [[[-122.433444459, 37.76911087], [-122.432585851, 37.769169037]]]}, "properties": {"hrlimit": "2", "regulation": "Time limited", "to_time": "9pm", "rpparea1": "S", "analysis_neighborhood": "Castro/Upper Market", "days": "M-F", "from_time": "8am", "exceptions": "Yes. RPP holders are exempt from time limits.", "hours": "800-2100"}}, {"type": "Feature", "geometry": {"type": "MultiLineString", "coordinates": [[[-122.434365767, 37.770704822], [-122.433667175, 37.770794278]]]}, "properties": {"hrlimit": "2", "regulation": "Time limited", "to_time": "9pm", "rpparea1": "S", "analysis_neighborhood": "Haight Ashbury", "days": "M-F", "from_time": "8am", "exceptions": "Yes. RPP holders are exempt from time limits.", "hours": "800-2100"}}, {"type": "Feature", "geometry": {"type": "LineString", "coordinates": [[-122.457772694, 37.766039067], [-122.45777718, 37.766437204], [-122.457825798, 37.766572313], [-122.457965004, 37.76683945]]}, "properties": {"hrlimit": "0", "regulation": "No oversized vehicles", "to_time": "6am", "rpparea1": null, "analysis_neighborhood": "Golden Gate Park", "days": "M-Su", "from_time": "12am", "exceptions": "Yes. Typical passenger vehicles are exempt.", "hours": "2400-600", "nearMeter": false}}, {"type": "Feature", "geometry": {"type": "MultiLineString", "coordinates": [[[-122.435655218, 37.77342767], [-122.435630989, 37.773428786], [-122.434243152, 37.773605577]]]}, "properties": {"hrlimit": "2", "regulation": "Time limited", "to_time": "8pm", "rpparea1": "Q", "analysis_neighborhood": "Hayes Valley", "days": "M-F", "from_time": "9am", "exceptions": "Yes. RPP holders are exempt from time limits.", "hours": "900-2000"}}, {"type": "Feature", "geometry": {"type": "MultiLineString", "coordinates": [[[-122.45138037, 37.767585334], [-122.450447339, 37.767704583]]]}, "properties": {"hrlimit": "2", "regulation": "Time limited", "to_time": "9pm", "rpparea1": "J", "analysis_neighborhood": "Haight Ashbury", "days": "M-Su", "from_time": "7am", "exceptions": "Yes. RPP holders are exempt from time limits.", "hours": "700-2100"}}, {"type": "Feature", "geometry": {"type": "MultiLineString", "coordinates": [[[-122.452860127, 37.766280086], [-122.45270501, 37.765525871]]]}, "properties": {"hrlimit": "2", "regulation": "Time limited", "to_time": "5pm", "rpparea1": "J", "analysis_neighborhood": "Haight Ashbury", "days": "M-F", "from_time": "8am", "exceptions": "Yes. RPP holders are exempt from time limits.", "hours": "800-1700"}}, {"type": "Feature", "geometry": {"type": "MultiLineString", "coordinates": [[[-122.451112051, 37.764749089], [-122.44986732, 37.764912607]]]}, "properties": {"hrlimit": "2", "regulation": "Time limited", "to_time": "5pm", "rpparea1": "J", "analysis_neighborhood": "Haight Ashbury", "days": "M-F", "from_time": "8am", "exceptions": "Yes. RPP holders are exempt from time limits.", "hours": "800-1700"}}, {"type": "Feature", "geometry": {"type": "MultiLineString", "coordinates": [[[-122.438142829, 37.760642369], [-122.437581828, 37.760677143]]]}, "properties": {"hrlimit": "2", "regulation": "Time limited", "to_time": "9pm", "rpparea1": "S", "analysis_neighborhood": "Castro/Upper Market", "days": "M-F", "from_time": "8am", "exceptions": "Yes. RPP holders are exempt from time limits.", "hours": "800-2100"}}, {"type": "Feature", "geometry": {"type": "MultiLineString", "coordinates": [[[-122.432266854, 37.764358538], [-122.431712868, 37.764392057]]]}, "properties": {"hrlimit": "2", "regulation": "Time limited", "to_time": "9pm", "rpparea1": "S", "analysis_neighborhood": "Castro/Upper Market", "days": "M-F", "from_time": "8am", "exceptions": "Yes. RPP holders are exempt from time limits.", "hours": "800-2100"}}, {"type": "Feature", "geometry": {"type": "MultiLineString", "coordinates": [[[-122.438469746, 37.766343275], [-122.43832917, 37.766644133]]]}, "properties": {"hrlimit": "2", "regulation": "Time limited", "to_time": "9pm", "rpparea1": "S", "analysis_neighborhood": "Castro/Upper Market", "days": "M-F", "from_time": "8am", "exceptions": "Yes. RPP holders are exempt from time limits.", "hours": "800-2100"}}, {"type": "Feature", "geometry": {"type": "MultiLineString", "coordinates": [[[-122.430789585, 37.762603075], [-122.430735925, 37.76202733]]]}, "properties": {"hrlimit": "2", "regulation": "Time limited", "to_time": "9pm", "rpparea1": "S", "analysis_neighborhood": "Castro/Upper Market", "days": "M-F", "from_time": "8am", "exceptions": "Yes. RPP holders are exempt from time limits.", "hours": "800-2100"}}, {"type": "Feature", "geometry": {"type": "MultiLineString", "coordinates": [[[-122.448028038, 37.782566824], [-122.448245313, 37.783656375]]]}, "properties": {"hrlimit": "2", "regulation": "Time limited", "to_time": "6pm", "rpparea1": "L", "analysis_neighborhood": "Presidio Heights", "days": "M-F", "from_time": "8am", "exceptions": "Yes. RPP holders are exempt from time limits.", "hours": "800-1800"}}, {"type": "Feature", "geometry": {"type": "MultiLineString", "coordinates": [[[-122.448963333, 37.782051379], [-122.448751394, 37.780998884]]]}, "properties": {"hrlimit": "2", "regulation": "Time limited", "to_time": "6pm", "rpparea1": "L", "analysis_neighborhood": "Lone Mountain/USF", "days": "M-F", "from_time": "8am", "exceptions": "Yes. RPP holders are exempt from time limits.", "hours": "800-1800"}}, {"type": "Feature", "geometry": {"type": "MultiLineString", "coordinates": [[[-122.456664111, 37.783867773], [-122.45584871, 37.783902724]]]}, "properties": {"hrlimit": "2", "regulation": "Time limited", "to_time": "4pm", "rpparea1": "F", "analysis_neighborhood": "Presidio Heights", "days": "M-F", "from_time": "9am", "exceptions": "Yes. RPP holders are exempt from time limits.", "hours": "900-1600"}}, {"type": "Feature", "geometry": {"type": "MultiLineString", "coordinates": [[[-122.443061005, 37.781399011], [-122.443098116, 37.781403154], [-122.443667544, 37.781353551], [-122.443698465, 37.781345813], [-122.443726434, 37.781329634]]]}, "properties": {"hrlimit": "2", "regulation": "Time limited", "to_time": "6pm", "rpparea1": "P", "analysis_neighborhood": "Lone Mountain/USF", "days": "M-F", "from_time": "8am", "exceptions": "Yes. RPP holders are exempt from time limits.", "hours": "800-1800"}}, {"type": "Feature", "geometry": {"type": "MultiLineString", "coordinates": [[[-122.441561155, 37.777279721], [-122.441413349, 37.776550327]]]}, "properties": {"hrlimit": "2", "regulation": "Time limited", "to_time": "6pm", "rpparea1": "P", "analysis_neighborhood": "Western Addition", "days": "M-F", "from_time": "8am", "exceptions": "Yes. RPP holders are exempt from time limits.", "hours": "800-1800"}}, {"type": "Feature", "geometry": {"type": "MultiLineString", "coordinates": [[[-122.436418302, 37.776989058], [-122.436416357, 37.776959185], [-122.436253419, 37.776154042]]]}, "properties": {"hrlimit": "2", "regulation": "Time limited", "to_time": "8pm", "rpparea1": "Q", "analysis_neighborhood": "Hayes Valley", "days": "M-F", "from_time": "9am", "exceptions": "Yes. RPP holders are exempt from time limits.", "hours": "900-2000"}}, {"type": "Feature", "geometry": {"type": "MultiLineString", "coordinates": [[[-122.444197636, 37.773138261], [-122.442547507, 37.77334395]]]}, "properties": {"hrlimit": "2", "regulation": "Time limited", "to_time": "6pm", "rpparea1": "Q", "analysis_neighborhood": "Golden Gate Park", "days": "M-F", "from_time": "8am", "exceptions": "Yes. RPP holders are exempt from time limits.", "hours": "800-1800"}}, {"type": "Feature", "geometry": {"type": "MultiLineString", "coordinates": [[[-122.442102278, 37.771484912], [-122.441951152, 37.770742085]]]}, "properties": {"hrlimit": "2", "regulation": "Time limited", "to_time": "6pm", "rpparea1": "Q", "analysis_neighborhood": "Haight Ashbury", "days": "M-F", "from_time": "8am", "exceptions": "Yes. RPP holders are exempt from time limits.", "hours": "800-1800"}}, {"type": "Feature", "geometry": {"type": "MultiLineString", "coordinates": [[[-122.435434067, 37.766576886], [-122.433461101, 37.766695575]]]}, "properties": {"hrlimit": "2", "regulation": "Time limited", "to_time": "9pm", "rpparea1": "S", "analysis_neighborhood": "Castro/Upper Market", "days": "M-F", "from_time": "8am", "exceptions": "Yes. RPP holders are exempt from time limits.", "hours": "800-2100"}}, {"type": "Feature", "geometry": {"type": "MultiLineString", "coordinates": [[[-122.454085852, 37.764369747], [-122.452690501, 37.76454775]]]}, "properties": {"hrlimit": "2", "regulation": "Time limited", "to_time": "5pm", "rpparea1": "J", "analysis_neighborhood": "Inner Sunset", "days": "M-F", "from_time": "8am", "exceptions": "Yes. RPP holders are exempt from time limits.", "hours": "800-1700"}}, {"type": "Feature", "geometry": {"type": "MultiLineString", "coordinates": [[[-122.456097291, 37.780097478], [-122.456142916, 37.780196193], [-122.456362463, 37.781213547]]]}, "properties": {"hrlimit": "2", "regulation": "Time limited", "to_time": "6pm", "rpparea1": "L", "analysis_neighborhood": "Lone Mountain/USF", "days": "M-F", "from_time": "8am", "exceptions": "Yes. RPP holders are exempt from time limits.", "hours": "800-1800"}}, {"type": "Feature", "geometry": {"type": "MultiLineString", "coordinates": [[[-122.441169611, 37.775575107], [-122.439790681, 37.775750374]]]}, "properties": {"hrlimit": "2", "regulation": "Time limited", "to_time": "6pm", "rpparea1": "Q", "analysis_neighborhood": "Hayes Valley", "days": "M-F", "from_time": "8am", "exceptions": "Yes. RPP holders are exempt from time limits.", "hours": "800-1800"}}, {"type": "Feature", "geometry": {"type": "MultiLineString", "coordinates": [[[-122.435997329, 37.774163817], [-122.435852403, 37.773446312]]]}, "properties": {"hrlimit": "2", "regulation": "Time limited", "to_time": "8pm", "rpparea1": "Q", "analysis_neighborhood": "Hayes Valley", "days": "M-F", "from_time": "9am", "exceptions": "Yes. RPP holders are exempt from time limits.", "hours": "900-2000"}}, {"type": "Feature", "geometry": {"type": "MultiLineString", "coordinates": [[[-122.438343882, 37.782511322], [-122.437756426, 37.782586304]]]}, "properties": {"hrlimit": "2", "regulation": "Time limited", "to_time": "6pm", "rpparea1": "P", "analysis_neighborhood": "Western Addition", "days": "M-F", "from_time": "8am", "exceptions": "Yes. RPP holders are exempt from time limits.", "hours": "800-1800"}}, {"type": "Feature", "geometry": {"type": "MultiLineString", "coordinates": [[[-122.429059713, 37.773149407], [-122.428909478, 37.772407308]]]}, "properties": {"hrlimit": "2", "regulation": "Time limited", "to_time": "9pm", "rpparea1": "S", "analysis_neighborhood": "Hayes Valley", "days": "M-F", "from_time": "8am", "exceptions": "Yes. RPP holders are exempt from time limits.", "hours": "0900-2000"}}, {"type": "Feature", "geometry": {"type": "MultiLineString", "coordinates": [[[-122.44281417, 37.761782053], [-122.442667323, 37.761802397], [-122.44223799, 37.761730191], [-122.441254329, 37.76166821], [-122.441181092, 37.761669646], [-122.441027007, 37.761722426]]]}, "properties": {"hrlimit": "2", "regulation": "Time limited", "to_time": "5pm", "rpparea1": "S", "analysis_neighborhood": "Castro/Upper Market", "days": "M-F", "from_time": "8am", "exceptions": "Yes. RPP holders are exempt from time limits.", "hours": "800-1700"}}, {"type": "Feature", "geometry": {"type": "MultiLineString", "coordinates": [[[-122.432149569, 37.772791916], [-122.430761628, 37.772968496]]]}, "properties": {"hrlimit": "2", "regulation": "Time limited", "to_time": "8pm", "rpparea1": "Q", "analysis_neighborhood": "Hayes Valley", "days": "M-F", "from_time": "9am", "exceptions": "Yes. RPP holders are exempt from time limits.", "hours": "900-2000"}}, {"type": "Feature", "geometry": {"type": "MultiLineString", "coordinates": [[[-122.436689715, 37.770261435], [-122.436555585, 37.770195042], [-122.436401249, 37.770113156], [-122.436309725, 37.770042383], [-122.436216465, 37.769940195], [-122.436124665, 37.769809564]]]}, "properties": {"hrlimit": "2", "regulation": "Time limited", "to_time": "9pm", "rpparea1": "S", "analysis_neighborhood": "Haight Ashbury", "days": "M-F", "from_time": "8am", "exceptions": "Yes. RPP holders are exempt from time limits.", "hours": "800-2100"}}, {"type": "Feature", "geometry": {"type": "MultiLineString", "coordinates": [[[-122.452670584, 37.765344264], [-122.452520582, 37.764603652]]]}, "properties": {"hrlimit": "2", "regulation": "Time limited", "to_time": "5pm", "rpparea1": "J", "analysis_neighborhood": "Haight Ashbury", "days": "M-F", "from_time": "8am", "exceptions": "Yes. RPP holders are exempt from time limits.", "hours": "800-1700"}}, {"type": "Feature", "geometry": {"type": "MultiLineString", "coordinates": [[[-122.435694258, 37.767229732], [-122.435633789, 37.766609621]]]}, "properties": {"hrlimit": "2", "regulation": "Time limited", "to_time": "9pm", "rpparea1": "S", "analysis_neighborhood": "Castro/Upper Market", "days": "M-F", "from_time": "8am", "exceptions": "Yes. RPP holders are exempt from time limits.", "hours": "800-2100"}}, {"type": "Feature", "geometry": {"type": "MultiLineString", "coordinates": [[[-122.452220744, 37.773211615], [-122.451112182, 37.773352631]]]}, "properties": {"hrlimit": "2", "regulation": "Time limited", "to_time": "6pm", "rpparea1": "L", "analysis_neighborhood": "Lone Mountain/USF", "days": "M-F", "from_time": "8am", "exceptions": "Yes. RPP holders are exempt from time limits.", "hours": "800-1800"}}, {"type": "Feature", "geometry": {"type": "MultiLineString", "coordinates": [[[-122.455141451, 37.77746742], [-122.454787233, 37.775753744], [-122.45477505, 37.775694802]]]}, "properties": {"hrlimit": "4", "regulation": "Time limited", "to_time": "6pm", "rpparea1": "L", "analysis_neighborhood": "Lone Mountain/USF", "days": "M-F", "from_time": "8am", "exceptions": "Yes. RPP holders are exempt from time limits.", "hours": "800-1800"}}, {"type": "Feature", "geometry": {"type": "MultiLineString", "coordinates": [[[-122.448062103, 37.775669767], [-122.447507944, 37.775749393]]]}, "properties": {"hrlimit": "2", "regulation": "Time limited", "to_time": "6pm", "rpparea1": "L", "analysis_neighborhood": "Lone Mountain/USF", "days": "M-F", "from_time": "8am", "exceptions": "Yes. RPP holders are exempt from time limits.", "hours": "800-1800"}}, {"type": "Feature", "geometry": {"type": "MultiLineString", "coordinates": [[[-122.455807311, 37.779733329], [-122.455692487, 37.779513998], [-122.455318213, 37.777736632]]]}, "properties": {"hrlimit": "2", "regulation": "Time limited", "to_time": "6pm", "rpparea1": "L", "analysis_neighborhood": "Lone Mountain/USF", "days": "M-F", "from_time": "8am", "exceptions": "Yes. RPP holders are exempt from time limits.", "hours": "800-1800"}}, {"type": "Feature", "geometry": {"type": "MultiLineString", "coordinates": [[[-122.451341858, 37.774782122], [-122.451252039, 37.774343587]]]}, "properties": {"hrlimit": "2", "regulation": "Time limited", "to_time": "6pm", "rpparea1": "L", "analysis_neighborhood": "Lone Mountain/USF", "days": "M-F", "from_time": "8am", "exceptions": "Yes. RPP holders are exempt from time limits.", "hours": "800-1800"}}, {"type": "Feature", "geometry": {"type": "MultiLineString", "coordinates": [[[-122.445016354, 37.776855182], [-122.444868192, 37.776118064]]]}, "properties": {"hrlimit": "2", "regulation": "Time limited", "to_time": "6pm", "rpparea1": "P", "analysis_neighborhood": "Lone Mountain/USF", "days": "M-F", "from_time": "8am", "exceptions": "Yes. RPP holders are exempt from time limits.", "hours": "800-1800"}}, {"type": "Feature", "geometry": {"type": "MultiLineString", "coordinates": [[[-122.445389057, 37.778707442], [-122.445241297, 37.777973164]]]}, "properties": {"hrlimit": "2", "regulation": "Time limited", "to_time": "6pm", "rpparea1": "P", "analysis_neighborhood": "Lone Mountain/USF", "days": "M-F", "from_time": "8am", "exceptions": "Yes. RPP holders are exempt from time limits.", "hours": "800-1800"}}, {"type": "Feature", "geometry": {"type": "MultiLineString", "coordinates": [[[-122.457617773, 37.779567807], [-122.456968182, 37.779653456]]]}, "properties": {"hrlimit": "2", "regulation": "Time limited", "to_time": "6pm", "rpparea1": "L", "analysis_neighborhood": "Lone Mountain/USF", "days": "M-F", "from_time": "8am", "exceptions": "Yes. RPP holders are exempt from time limits.", "hours": "800-1800"}}, {"type": "Feature", "geometry": {"type": "MultiLineString", "coordinates": [[[-122.434020475, 37.781116987], [-122.43386996, 37.780373152]]]}, "properties": {"hrlimit": "2", "regulation": "Time limited", "to_time": "6pm", "rpparea1": "P", "analysis_neighborhood": "Western Addition", "days": "M-F", "from_time": "8am", "exceptions": "Yes. RPP holders are exempt from time limits.", "hours": "800-1800"}}, {"type": "Feature", "geometry": {"type": "MultiLineString", "coordinates": [[[-122.45500714, 37.760734853], [-122.454886644, 37.762197118], [-122.454876775, 37.763042317]]]}, "properties": {"hrlimit": "2", "regulation": "Time limited", "to_time": "5pm", "rpparea1": "J", "analysis_neighborhood": "Inner Sunset", "days": "M-F", "from_time": "8am", "exceptions": "Yes. RPP holders are exempt from time limits.", "hours": "800-1700"}}, {"type": "Feature", "geometry": {"type": "MultiLineString", "coordinates": [[[-122.433171612, 37.766712994], [-122.431228891, 37.76683321]]]}, "properties": {"hrlimit": "2", "regulation": "Time limited", "to_time": "9pm", "rpparea1": "S", "analysis_neighborhood": "Castro/Upper Market", "days": "M-F", "from_time": "8am", "exceptions": "Yes. RPP holders are exempt from time limits.", "hours": "800-2100"}}, {"type": "Feature", "geometry": {"type": "MultiLineString", "coordinates": [[[-122.451095684, 37.764643392], [-122.449863927, 37.764800437]]]}, "properties": {"hrlimit": "2", "regulation": "Time limited", "to_time": "5pm", "rpparea1": "J", "analysis_neighborhood": "Haight Ashbury", "days": "M-F", "from_time": "8am", "exceptions": "Yes. RPP holders are exempt from time limits.", "hours": "800-1700"}}, {"type": "Feature", "geometry": {"type": "MultiLineString", "coordinates": [[[-122.437441699, 37.76909595], [-122.43714479, 37.769115441], [-122.437023749, 37.769028906], [-122.436735166, 37.769049086]]]}, "properties": {"hrlimit": "2", "regulation": "Time limited", "to_time": "9pm", "rpparea1": "S", "analysis_neighborhood": "Haight Ashbury", "days": "M-F", "from_time": "8am", "exceptions": "Yes. RPP holders are exempt from time limits.", "hours": "800-2100"}}, {"type": "Feature", "geometry": {"type": "MultiLineString", "coordinates": [[[-122.456954256, 37.779720985], [-122.457036501, 37.780121883], [-122.457099243, 37.780196532], [-122.457103492, 37.780288677], [-122.45701896, 37.78033474], [-122.456931089, 37.780291522], [-122.456911527, 37.780214109]]]}, "properties": {"hrlimit": "2", "regulation": "Time limited", "to_time": "6pm", "rpparea1": "L", "analysis_neighborhood": "Lone Mountain/USF", "days": "M-F", "from_time": "8am", "exceptions": "Yes. RPP holders are exempt from time limits.", "hours": "800-1800"}}, {"type": "Feature", "geometry": {"type": "MultiLineString", "coordinates": [[[-122.444689539, 37.775939255], [-122.444692706, 37.775928203], [-122.444545918, 37.775190179]]]}, "properties": {"hrlimit": "2", "regulation": "Time limited", "to_time": "6pm", "rpparea1": "P", "analysis_neighborhood": "Lone Mountain/USF", "days": "M-F", "from_time": "8am", "exceptions": "Yes. RPP holders are exempt from time limits.", "hours": "800-1800"}}, {"type": "Feature", "geometry": {"type": "MultiLineString", "coordinates": [[[-122.442988246, 37.775164992], [-122.442849362, 37.774473311]]]}, "properties": {"hrlimit": "4", "regulation": "Time limited", "to_time": "6pm", "rpparea1": "Q", "analysis_neighborhood": "Lone Mountain/USF", "days": "M-F", "from_time": "8am", "exceptions": "Yes. RPP holders are exempt from time limits.", "hours": "800-1800"}}, {"type": "Feature", "geometry": {"type": "MultiLineString", "coordinates": [[[-122.440847378, 37.760701015], [-122.440494971, 37.760946484]]]}, "properties": {"hrlimit": "2", "regulation": "Time limited", "to_time": "9pm", "rpparea1": "S", "analysis_neighborhood": "Castro/Upper Market", "days": "M-F", "from_time": "8am", "exceptions": "Yes. RPP holders are exempt from time limits.", "hours": "800-2100"}}, {"type": "Feature", "geometry": {"type": "MultiLineString", "coordinates": [[[-122.437207825, 37.767297269], [-122.436561823, 37.767335221]]]}, "properties": {"hrlimit": "2", "regulation": "Time limited", "to_time": "9pm", "rpparea1": "S", "analysis_neighborhood": "Castro/Upper Market", "days": "M-F", "from_time": "8am", "exceptions": "Yes. RPP holders are exempt from time limits.", "hours": "800-2100"}}, {"type": "Feature", "geometry": {"type": "MultiLineString", "coordinates": [[[-122.429799529, 37.766023843], [-122.428967902, 37.766074142]]]}, "properties": {"hrlimit": "2", "regulation": "Time limited", "to_time": "9pm", "rpparea1": "S", "analysis_neighborhood": "Castro/Upper Market", "days": "M-F", "from_time": "8am", "exceptions": "Yes. RPP holders are exempt from time limits.", "hours": "800-2100"}}, {"type": "Feature", "geometry": {"type": "MultiLineString", "coordinates": [[[-122.438550685, 37.766255393], [-122.437133883, 37.765844025]]]}, "properties": {"hrlimit": "2", "regulation": "Time limited", "to_time": "9pm", "rpparea1": "S", "analysis_neighborhood": "Castro/Upper Market", "days": "M-F", "from_time": "8am", "exceptions": "Yes. RPP holders are exempt from time limits.", "hours": "800-2100"}}, {"type": "Feature", "geometry": {"type": "MultiLineString", "coordinates": [[[-122.451500611, 37.783626459], [-122.451204719, 37.782153039]]]}, "properties": {"hrlimit": "2", "regulation": "Time limited", "to_time": "6pm", "rpparea1": "L", "analysis_neighborhood": "Presidio Heights", "days": "M-F", "from_time": "8am", "exceptions": "Yes. RPP holders are exempt from time limits.", "hours": "800-1800"}}, {"type": "Feature", "geometry": {"type": "MultiLineString", "coordinates": [[[-122.454508433, 37.766083605], [-122.454349633, 37.765314582]]]}, "properties": {"hrlimit": "2", "regulation": "Time limited", "to_time": "5pm", "rpparea1": "J", "analysis_neighborhood": "Inner Sunset", "days": "M-F", "from_time": "8am", "exceptions": "Yes. RPP holders are exempt from time limits.", "hours": "800-1700"}}, {"type": "Feature", "geometry": {"type": "MultiLineString", "coordinates": [[[-122.441881115, 37.779185043], [-122.440945932, 37.779299064]]]}, "properties": {"hrlimit": "2", "regulation": "Time limited", "to_time": "6pm", "rpparea1": "P", "analysis_neighborhood": "Western Addition", "days": "M-F", "from_time": "8am", "exceptions": "Yes. RPP holders are exempt from time limits.", "hours": "800-1800"}}, {"type": "Feature", "geometry": {"type": "MultiLineString", "coordinates": [[[-122.444879162, 37.784517653], [-122.444729484, 37.783777653]]]}, "properties": {"hrlimit": "2", "regulation": "Time limited", "to_time": "6pm", "rpparea1": "G", "analysis_neighborhood": "Presidio Heights", "days": "M-F", "from_time": "8am", "exceptions": "Yes. RPP holders are exempt from time limits.", "hours": "800-1800"}}, {"type": "Feature", "geometry": {"type": "MultiLineString", "coordinates": [[[-122.454145566, 37.764207043], [-122.453937166, 37.762665282], [-122.453715807, 37.762014636]]]}, "properties": {"hrlimit": "2", "regulation": "Time limited", "to_time": "5pm", "rpparea1": "J", "analysis_neighborhood": "Inner Sunset", "days": "M-F", "from_time": "8am", "exceptions": "Yes. RPP holders are exempt from time limits.", "hours": "800-1700"}}, {"type": "Feature", "geometry": {"type": "MultiLineString", "coordinates": [[[-122.430356819, 37.760412525], [-122.428454661, 37.760527147]]]}, "properties": {"hrlimit": "2", "regulation": "Time limited", "to_time": "9pm", "rpparea1": "S", "analysis_neighborhood": "Castro/Upper Market", "days": "M-F", "from_time": "8am", "exceptions": "Yes. RPP holders are exempt from time limits.", "hours": "800-2100"}}, {"type": "Feature", "geometry": {"type": "MultiLineString", "coordinates": [[[-122.439253758, 37.766573122], [-122.438617023, 37.766691279], [-122.438512799, 37.766701319], [-122.438479114, 37.766699542]]]}, "properties": {"hrlimit": "2", "regulation": "Time limited", "to_time": "9pm", "rpparea1": "S", "analysis_neighborhood": "Castro/Upper Market", "days": "M-F", "from_time": "8am", "exceptions": "Yes. RPP holders are exempt from time limits.", "hours": "800-2100"}}, {"type": "Feature", "geometry": {"type": "MultiLineString", "coordinates": [[[-122.430408324, 37.761110422], [-122.428531644, 37.761223939]]]}, "properties": {"hrlimit": "2", "regulation": "Time limited", "to_time": "9pm", "rpparea1": "S", "analysis_neighborhood": "Castro/Upper Market", "days": "M-F", "from_time": "8am", "exceptions": "Yes. RPP holders are exempt from time limits.", "hours": "800-2100"}}, {"type": "Feature", "geometry": {"type": "MultiLineString", "coordinates": [[[-122.448011831, 37.762606546], [-122.447855325, 37.761818901]]]}, "properties": {"hrlimit": "2", "regulation": "Time limited", "to_time": "7pm", "rpparea1": "J", "analysis_neighborhood": "Haight Ashbury", "days": "M-F", "from_time": "7am", "exceptions": "Yes. RPP holders are exempt from time limits.", "hours": "700-1900"}}, {"type": "Feature", "geometry": {"type": "MultiLineString", "coordinates": [[[-122.436392664, 37.767345005], [-122.435791136, 37.767380917]]]}, "properties": {"hrlimit": "2", "regulation": "Time limited", "to_time": "9pm", "rpparea1": "S", "analysis_neighborhood": "Castro/Upper Market", "days": "M-F", "from_time": "8am", "exceptions": "Yes. RPP holders are exempt from time limits.", "hours": "800-2100"}}, {"type": "Feature", "geometry": {"type": "MultiLineString", "coordinates": [[[-122.44649259, 37.776707275], [-122.445069612, 37.776888205]]]}, "properties": {"hrlimit": "2", "regulation": "Time limited", "to_time": "6pm", "rpparea1": "P", "analysis_neighborhood": "Lone Mountain/USF", "days": "M-F", "from_time": "8am", "exceptions": "Yes. RPP holders are exempt from time limits.", "hours": "800-1800"}}, {"type": "Feature", "geometry": {"type": "MultiLineString", "coordinates": [[[-122.433791106, 37.772583049], [-122.43239395, 37.772760823]]]}, "properties": {"hrlimit": "4", "regulation": "Time limited", "to_time": "8pm", "rpparea1": "Q", "analysis_neighborhood": "Haight Ashbury", "days": "M-F", "from_time": "9am", "exceptions": "Yes. RPP holders are exempt from time limits.", "hours": "900-2000"}}, {"type": "Feature", "geometry": {"type": "MultiLineString", "coordinates": [[[-122.428996637, 37.781965675], [-122.429053415, 37.782246357]]]}, "properties": {"hrlimit": "2", "regulation": "Time limited", "to_time": "6pm", "rpparea1": "R", "analysis_neighborhood": "Western Addition", "days": "M-Sa", "from_time": "9am", "exceptions": "Yes. RPP holders are exempt from time limits.", "hours": "900-1800"}}, {"type": "Feature", "geometry": {"type": "MultiLineString", "coordinates": [[[-122.449617138, 37.775278656], [-122.449469404, 37.7745581]]]}, "properties": {"hrlimit": "2", "regulation": "Time limited", "to_time": "6pm", "rpparea1": "L", "analysis_neighborhood": "Lone Mountain/USF", "days": "M-F", "from_time": "8am", "exceptions": "Yes. RPP holders are exempt from time limits.", "hours": "800-1800"}}, {"type": "Feature", "geometry": {"type": "MultiLineString", "coordinates": [[[-122.433427026, 37.770716063], [-122.432779727, 37.770797825]]]}, "properties": {"hrlimit": "2", "regulation": "Time limited", "to_time": "9pm", "rpparea1": "S", "analysis_neighborhood": "Haight Ashbury", "days": "M-F", "from_time": "8am", "exceptions": "Yes. RPP holders are exempt from time limits.", "hours": "800-2100"}}, {"type": "Feature", "geometry": {"type": "MultiLineString", "coordinates": [[[-122.43951299, 37.766659683], [-122.439288194, 37.767139588], [-122.439273776, 37.76718494], [-122.43935334, 37.768018314]]]}, "properties": {"hrlimit": "2", "regulation": "Time limited", "to_time": "9pm", "rpparea1": "S", "analysis_neighborhood": "Castro/Upper Market", "days": "M-F", "from_time": "8am", "exceptions": "Yes. RPP holders are exempt from time limits.", "hours": "800-2100"}}, {"type": "Feature", "geometry": {"type": "MultiLineString", "coordinates": [[[-122.448117739, 37.780143485], [-122.44819632, 37.780546878], [-122.449094006, 37.780442456], [-122.448883044, 37.779509232], [-122.448031242, 37.779610282], [-122.448080565, 37.779974161], [-122.447985544, 37.780016345], [-122.447529071, 37.780073646]]]}, "properties": {"hrlimit": "2", "regulation": "Time limited", "to_time": "6pm", "rpparea1": "L", "analysis_neighborhood": "Lone Mountain/USF", "days": "M-F", "from_time": "8am", "exceptions": "Yes. RPP holders are exempt from time limits.", "hours": "800-1800"}}, {"type": "Feature", "geometry": {"type": "MultiLineString", "coordinates": [[[-122.4398972, 37.776549027], [-122.439883408, 37.776517207], [-122.439740007, 37.775803521]]]}, "properties": {"hrlimit": "2", "regulation": "Time limited", "to_time": "6pm", "rpparea1": "Q", "analysis_neighborhood": "Hayes Valley", "days": "M-F", "from_time": "8am", "exceptions": "Yes. RPP holders are exempt from time limits.", "hours": "800-1800"}}, {"type": "Feature", "geometry": {"type": "MultiLineString", "coordinates": [[[-122.439904056, 37.777544845], [-122.438734544, 37.77769348]]]}, "properties": {"hrlimit": "4", "regulation": "Time limited", "to_time": "6pm", "rpparea1": "P", "analysis_neighborhood": "Western Addition", "days": "M-F", "from_time": "8am", "exceptions": "Yes. RPP holders are exempt from time limits.", "hours": "800-1800"}}, {"type": "Feature", "geometry": {"type": "LineString", "coordinates": [[-122.445572294, 37.7721854], [-122.444014579, 37.772385396]]}, "properties": {"hrlimit": "0", "regulation": "No oversized vehicles", "to_time": "6am", "rpparea1": null, "analysis_neighborhood": "Golden Gate Park", "days": "M-Su", "from_time": "12am", "exceptions": "Yes. Typical passenger vehicles are exempt.", "hours": "2400-600", "nearMeter": false}}, {"type": "Feature", "geometry": {"type": "MultiLineString", "coordinates": [[[-122.444747182, 37.784536572], [-122.444597477, 37.783796687]]]}, "properties": {"hrlimit": "2", "regulation": "Time limited", "to_time": "6pm", "rpparea1": "G", "analysis_neighborhood": "Presidio Heights", "days": "M-F", "from_time": "8am", "exceptions": "Yes. RPP holders are exempt from time limits.", "hours": "800-1800"}}, {"type": "Feature", "geometry": {"type": "MultiLineString", "coordinates": [[[-122.433490089, 37.779435826], [-122.432095731, 37.779613554]]]}, "properties": {"hrlimit": "4", "regulation": "Time limited", "to_time": "8pm", "rpparea1": "Q", "analysis_neighborhood": "Western Addition", "days": "M-F", "from_time": "9am", "exceptions": "Yes. RPP holders are exempt from time limits.", "hours": "900-2000"}}, {"type": "Feature", "geometry": {"type": "MultiLineString", "coordinates": [[[-122.43165791, 37.778707644], [-122.430527305, 37.778851738]]]}, "properties": {"hrlimit": "2", "regulation": "Time limited", "to_time": "8pm", "rpparea1": "Q", "analysis_neighborhood": "Western Addition", "days": "M-F", "from_time": "9am", "exceptions": "Yes. RPP holders are exempt from time limits.", "hours": "900-2000"}}, {"type": "Feature", "geometry": {"type": "MultiLineString", "coordinates": [[[-122.445748255, 37.773080813], [-122.44434337, 37.773259236]]]}, "properties": {"hrlimit": "2", "regulation": "Time limited", "to_time": "6pm", "rpparea1": "Q", "analysis_neighborhood": "Lone Mountain/USF", "days": "M-F", "from_time": "8am", "exceptions": "Yes. RPP holders are exempt from time limits.", "hours": "800-1800"}}, {"type": "Feature", "geometry": {"type": "MultiLineString", "coordinates": [[[-122.429702177, 37.764520219], [-122.429431841, 37.764530047]]]}, "properties": {"hrlimit": "2", "regulation": "Time limited", "to_time": "9pm", "rpparea1": "S", "analysis_neighborhood": "Castro/Upper Market", "days": "M-F", "from_time": "8am", "exceptions": "Yes. RPP holders are exempt from time limits.", "hours": "800-2100"}}, {"type": "Feature", "geometry": {"type": "MultiLineString", "coordinates": [[[-122.430284358, 37.769235187], [-122.430145553, 37.767787694]]]}, "properties": {"hrlimit": "2", "regulation": "Time limited", "to_time": "9pm", "rpparea1": "S", "analysis_neighborhood": "Castro/Upper Market", "days": "M-F", "from_time": "8am", "exceptions": "Yes. RPP holders are exempt from time limits.", "hours": "800-2100"}}, {"type": "Feature", "geometry": {"type": "MultiLineString", "coordinates": [[[-122.452616642, 37.764407558], [-122.451634973, 37.759522812]]]}, "properties": {"hrlimit": "2", "regulation": "Time limited", "to_time": "5pm", "rpparea1": "J", "analysis_neighborhood": "Inner Sunset", "days": "M-F", "from_time": "8am", "exceptions": "Yes. RPP holders are exempt from time limits.", "hours": "800-1700"}}, {"type": "Feature", "geometry": {"type": "MultiLineString", "coordinates": [[[-122.430179111, 37.76922313], [-122.430041988, 37.767793153]]]}, "properties": {"hrlimit": "2", "regulation": "Time limited", "to_time": "9pm", "rpparea1": "S", "analysis_neighborhood": "Castro/Upper Market", "days": "M-F", "from_time": "8am", "exceptions": "Yes. RPP holders are exempt from time limits.", "hours": "800-2100"}}, {"type": "Feature", "geometry": {"type": "MultiLineString", "coordinates": [[[-122.451628398, 37.768545531], [-122.451726589, 37.769028314]]]}, "properties": {"hrlimit": "2", "regulation": "Time limited", "to_time": "9pm", "rpparea1": "J", "analysis_neighborhood": "Haight Ashbury", "days": "M-Su", "from_time": "7am", "exceptions": "Yes. RPP holders are exempt from time limits.", "hours": "700-2100"}}, {"type": "Feature", "geometry": {"type": "MultiLineString", "coordinates": [[[-122.439552039, 37.763426582], [-122.439448465, 37.762324375]]]}, "properties": {"hrlimit": "2", "regulation": "Time limited", "to_time": "9pm", "rpparea1": "S", "analysis_neighborhood": "Castro/Upper Market", "days": "M-F", "from_time": "8am", "exceptions": "Yes. RPP holders are exempt from time limits.", "hours": "800-2100"}}, {"type": "Feature", "geometry": {"type": "MultiLineString", "coordinates": [[[-122.43826642, 37.768945202], [-122.437659059, 37.768987783]]]}, "properties": {"hrlimit": "2", "regulation": "Time limited", "to_time": "9pm", "rpparea1": "S", "analysis_neighborhood": "Castro/Upper Market", "days": "M-F", "from_time": "8am", "exceptions": "Yes. RPP holders are exempt from time limits.", "hours": "800-2100"}}, {"type": "Feature", "geometry": {"type": "MultiLineString", "coordinates": [[[-122.439303201, 37.766693683], [-122.43869747, 37.766806089], [-122.438558214, 37.766826609], [-122.438472949, 37.766826008], [-122.438292383, 37.76679279]]]}, "properties": {"hrlimit": "2", "regulation": "Time limited", "to_time": "9pm", "rpparea1": "S", "analysis_neighborhood": "Castro/Upper Market", "days": "M-F", "from_time": "8am", "exceptions": "Yes. RPP holders are exempt from time limits.", "hours": "800-2100"}}, {"type": "Feature", "geometry": {"type": "MultiLineString", "coordinates": [[[-122.448753624, 37.778505777], [-122.44801002, 37.778600908]]]}, "properties": {"hrlimit": "4", "regulation": "Time limited", "to_time": "6pm", "rpparea1": "L", "analysis_neighborhood": "Lone Mountain/USF", "days": "M-F", "from_time": "8am", "exceptions": "Yes. RPP holders are exempt from time limits.", "hours": "800-1800"}}, {"type": "Feature", "geometry": {"type": "MultiLineString", "coordinates": [[[-122.451243192, 37.777188299], [-122.450570173, 37.777276197]]]}, "properties": {"hrlimit": "2", "regulation": "Time limited", "to_time": "8pm", "rpparea1": "BB", "analysis_neighborhood": "Lone Mountain/USF", "days": "M-F", "from_time": "8am", "exceptions": "Yes. RPP holders are exempt from time limits.", "hours": "800-2000"}}, {"type": "Feature", "geometry": {"type": "MultiLineString", "coordinates": [[[-122.442132027, 37.781587896], [-122.442050841, 37.781585735], [-122.441974406, 37.781572929], [-122.441898063, 37.781546948], [-122.441776719, 37.78148162], [-122.441499215, 37.781334152]]]}, "properties": {"hrlimit": "2", "regulation": "Time limited", "to_time": "6pm", "rpparea1": "P", "analysis_neighborhood": "Lone Mountain/USF", "days": "M-F", "from_time": "8am", "exceptions": "Yes. RPP holders are exempt from time limits.", "hours": "800-1800"}}, {"type": "Feature", "geometry": {"type": "MultiLineString", "coordinates": [[[-122.448132537, 37.782563805], [-122.448350251, 37.783655549]]]}, "properties": {"hrlimit": "2", "regulation": "Time limited", "to_time": "6pm", "rpparea1": "L", "analysis_neighborhood": "Presidio Heights", "days": "M-F", "from_time": "8am", "exceptions": "Yes. RPP holders are exempt from time limits.", "hours": "800-1800"}}, {"type": "Feature", "geometry": {"type": "MultiLineString", "coordinates": [[[-122.441939009, 37.779148807], [-122.441791316, 37.778417061]]]}, "properties": {"hrlimit": "2", "regulation": "Time limited", "to_time": "6pm", "rpparea1": "P", "analysis_neighborhood": "Western Addition", "days": "M-F", "from_time": "8am", "exceptions": "Yes. RPP holders are exempt from time limits.", "hours": "800-1800"}}, {"type": "Feature", "geometry": {"type": "MultiLineString", "coordinates": [[[-122.435902926, 37.78277703], [-122.435756206, 37.782052064]]]}, "properties": {"hrlimit": "2", "regulation": "Time limited", "to_time": "6pm", "rpparea1": "P", "analysis_neighborhood": "Western Addition", "days": "M-F", "from_time": "8am", "exceptions": "Yes. RPP holders are exempt from time limits.", "hours": "800-1800"}}, {"type": "Feature", "geometry": {"type": "MultiLineString", "coordinates": [[[-122.431241397, 37.769177518], [-122.431113142, 37.767840221]]]}, "properties": {"hrlimit": "2", "regulation": "Time limited", "to_time": "9pm", "rpparea1": "S", "analysis_neighborhood": "Castro/Upper Market", "days": "M-F", "from_time": "8am", "exceptions": "Yes. RPP holders are exempt from time limits.", "hours": "800-2100"}}, {"type": "Feature", "geometry": {"type": "MultiLineString", "coordinates": [[[-122.438130556, 37.767070782], [-122.438100639, 37.766762349]]]}, "properties": {"hrlimit": "2", "regulation": "Time limited", "to_time": "9pm", "rpparea1": "S", "analysis_neighborhood": "Castro/Upper Market", "days": "M-F", "from_time": "8am", "exceptions": "Yes. RPP holders are exempt from time limits.", "hours": "800-2100"}}, {"type": "Feature", "geometry": {"type": "MultiLineString", "coordinates": [[[-122.437432982, 37.769003594], [-122.437245403, 37.769016712], [-122.437104512, 37.768937935], [-122.4370044, 37.768914466], [-122.436721091, 37.768934278]]]}, "properties": {"hrlimit": "2", "regulation": "Time limited", "to_time": "9pm", "rpparea1": "S", "analysis_neighborhood": "Castro/Upper Market", "days": "M-F", "from_time": "8am", "exceptions": "Yes. RPP holders are exempt from time limits.", "hours": "800-2100"}}, {"type": "Feature", "geometry": {"type": "MultiLineString", "coordinates": [[[-122.439380757, 37.761628946], [-122.439428542, 37.762128357]]]}, "properties": {"hrlimit": "2", "regulation": "Time limited", "to_time": "9pm", "rpparea1": "S", "analysis_neighborhood": "Castro/Upper Market", "days": "M-F", "from_time": "8am", "exceptions": "Yes. RPP holders are exempt from time limits.", "hours": "800-2100"}}, {"type": "Feature", "geometry": {"type": "MultiLineString", "coordinates": [[[-122.451208289, 37.77412998], [-122.451056865, 37.773386267]]]}, "properties": {"hrlimit": "2", "regulation": "Time limited", "to_time": "6pm", "rpparea1": "L", "analysis_neighborhood": "Lone Mountain/USF", "days": "M-F", "from_time": "8am", "exceptions": "Yes. RPP holders are exempt from time limits.", "hours": "800-1800"}}, {"type": "Feature", "geometry": {"type": "MultiLineString", "coordinates": [[[-122.442844987, 37.775185616], [-122.442706223, 37.774498498]]]}, "properties": {"hrlimit": "2", "regulation": "Time limited", "to_time": "6pm", "rpparea1": "Q", "analysis_neighborhood": "Lone Mountain/USF", "days": "M-F", "from_time": "8am", "exceptions": "Yes. RPP holders are exempt from time limits.", "hours": "800-1800"}}, {"type": "Feature", "geometry": {"type": "MultiLineString", "coordinates": [[[-122.442853247, 37.761684621], [-122.442664753, 37.761712998], [-122.442234449, 37.761639429], [-122.441974323, 37.761630685], [-122.441140804, 37.761571799]]]}, "properties": {"hrlimit": "2", "regulation": "Time limited", "to_time": "5pm", "rpparea1": "S", "analysis_neighborhood": "Castro/Upper Market", "days": "M-F", "from_time": "8am", "exceptions": "Yes. RPP holders are exempt from time limits.", "hours": "800-1700"}}, {"type": "Feature", "geometry": {"type": "MultiLineString", "coordinates": [[[-122.451830957, 37.76153283], [-122.450675512, 37.761601657]]]}, "properties": {"hrlimit": "2", "regulation": "Time limited", "to_time": "5pm", "rpparea1": "J", "analysis_neighborhood": "Haight Ashbury", "days": "M-F", "from_time": "8am", "exceptions": "Yes. RPP holders are exempt from time limits.", "hours": "800-1700"}}, {"type": "Feature", "geometry": {"type": "MultiLineString", "coordinates": [[[-122.45063782, 37.76238544], [-122.449416452, 37.762537848]]]}, "properties": {"hrlimit": "2", "regulation": "Time limited", "to_time": "5pm", "rpparea1": "J", "analysis_neighborhood": "Haight Ashbury", "days": "M-F", "from_time": "8am", "exceptions": "Yes. RPP holders are exempt from time limits.", "hours": "800-1700"}}, {"type": "Feature", "geometry": {"type": "MultiLineString", "coordinates": [[[-122.436477182, 37.764982288], [-122.435536036, 37.765038331]]]}, "properties": {"hrlimit": "2", "regulation": "Time limited", "to_time": "9pm", "rpparea1": "S", "analysis_neighborhood": "Castro/Upper Market", "days": "M-F", "from_time": "8am", "exceptions": "Yes. RPP holders are exempt from time limits.", "hours": "800-2100"}}, {"type": "Feature", "geometry": {"type": "MultiLineString", "coordinates": [[[-122.438446798, 37.766301204], [-122.43707442, 37.765902899]]]}, "properties": {"hrlimit": "2", "regulation": "Time limited", "to_time": "9pm", "rpparea1": "S", "analysis_neighborhood": "Castro/Upper Market", "days": "M-F", "from_time": "8am", "exceptions": "Yes. RPP holders are exempt from time limits.", "hours": "800-2100"}}, {"type": "Feature", "geometry": {"type": "MultiLineString", "coordinates": [[[-122.449516638, 37.764081207], [-122.448357199, 37.764230477], [-122.448358043, 37.764229997]]]}, "properties": {"hrlimit": "2", "regulation": "Time limited", "to_time": "5pm", "rpparea1": "J", "analysis_neighborhood": "Haight Ashbury", "days": "M-F", "from_time": "8am", "exceptions": "Yes. RPP holders are exempt from time limits.", "hours": "800-1700"}}, {"type": "Feature", "geometry": {"type": "MultiLineString", "coordinates": [[[-122.442670448, 37.77427727], [-122.442519802, 37.773536903]]]}, "properties": {"hrlimit": "2", "regulation": "Time limited", "to_time": "6pm", "rpparea1": "Q", "analysis_neighborhood": "Lone Mountain/USF", "days": "M-F", "from_time": "8am", "exceptions": "Yes. RPP holders are exempt from time limits.", "hours": "800-1800"}}, {"type": "Feature", "geometry": {"type": "MultiLineString", "coordinates": [[[-122.443188007, 37.776130091], [-122.44317587, 37.776104189], [-122.443031349, 37.775385088]]]}, "properties": {"hrlimit": "2", "regulation": "Time limited", "to_time": "6pm", "rpparea1": "P", "analysis_neighborhood": "Lone Mountain/USF", "days": "M-F", "from_time": "8am", "exceptions": "Yes. RPP holders are exempt from time limits.", "hours": "800-1800"}}, {"type": "Feature", "geometry": {"type": "MultiLineString", "coordinates": [[[-122.430805603, 37.783602559], [-122.430195534, 37.783680246]]]}, "properties": {"hrlimit": "2", "regulation": "Time limited", "to_time": "6pm", "rpparea1": "R", "analysis_neighborhood": "Western Addition", "days": "M-Sa", "from_time": "9am", "exceptions": "Yes. RPP holders are exempt from time limits.", "hours": "900-1800"}}, {"type": "Feature", "geometry": {"type": "MultiLineString", "coordinates": [[[-122.430508476, 37.75967147], [-122.430565756, 37.760267678]]]}, "properties": {"hrlimit": "2", "regulation": "Time limited", "to_time": "9pm", "rpparea1": "S", "analysis_neighborhood": "Castro/Upper Market", "days": "M-F", "from_time": "8am", "exceptions": "Yes. RPP holders are exempt from time limits.", "hours": "800-2100"}}, {"type": "Feature", "geometry": {"type": "MultiLineString", "coordinates": [[[-122.442632704, 37.774325455], [-122.441527414, 37.77446596]]]}, "properties": {"hrlimit": "2", "regulation": "Time limited", "to_time": "6pm", "rpparea1": "Q", "analysis_neighborhood": "Lone Mountain/USF", "days": "M-F", "from_time": "8am", "exceptions": "Yes. RPP holders are exempt from time limits.", "hours": "800-1800"}}, {"type": "Feature", "geometry": {"type": "MultiLineString", "coordinates": [[[-122.44791678, 37.775547093], [-122.446898706, 37.775676555]]]}, "properties": {"hrlimit": "2", "regulation": "Time limited", "to_time": "6pm", "rpparea1": "L", "analysis_neighborhood": "Lone Mountain/USF", "days": "M-F", "from_time": "8am", "exceptions": "Yes. RPP holders are exempt from time limits.", "hours": "800-1800"}}, {"type": "Feature", "geometry": {"type": "MultiLineString", "coordinates": [[[-122.439001679, 37.772833772], [-122.438998471, 37.772812621], [-122.438850578, 37.772085591]]]}, "properties": {"hrlimit": "2", "regulation": "Time limited", "to_time": "6pm", "rpparea1": "Q", "analysis_neighborhood": "Haight Ashbury", "days": "M-F", "from_time": "8am", "exceptions": "Yes. RPP holders are exempt from time limits.", "hours": "800-1800"}}, {"type": "Feature", "geometry": {"type": "MultiLineString", "coordinates": [[[-122.437518648, 37.78274687], [-122.436148351, 37.78292157]]]}, "properties": {"hrlimit": "2", "regulation": "Time limited", "to_time": "6pm", "rpparea1": "P", "analysis_neighborhood": "Western Addition", "days": "M-F", "from_time": "8am", "exceptions": "Yes. RPP holders are exempt from time limits.", "hours": "800-1800"}}, {"type": "Feature", "geometry": {"type": "MultiLineString", "coordinates": [[[-122.430608323, 37.780820239], [-122.430752546, 37.781533131]]]}, "properties": {"hrlimit": "2", "regulation": "Time limited", "to_time": "6pm", "rpparea1": "R", "analysis_neighborhood": "Western Addition", "days": "M-Sa", "from_time": "9am", "exceptions": "Yes. RPP holders are exempt from time limits.", "hours": "900-1800"}}, {"type": "Feature", "geometry": {"type": "MultiLineString", "coordinates": [[[-122.430051402, 37.770694625], [-122.428641138, 37.7708723]]]}, "properties": {"hrlimit": "2", "regulation": "Time limited", "to_time": "9pm", "rpparea1": "S", "analysis_neighborhood": "Hayes Valley", "days": "M-F", "from_time": "8am", "exceptions": "Yes. RPP holders are exempt from time limits.", "hours": "800-2100"}}, {"type": "Feature", "geometry": {"type": "MultiLineString", "coordinates": [[[-122.44614149, 37.77494302], [-122.444718503, 37.77512395]]]}, "properties": {"hrlimit": "2", "regulation": "Time limited", "to_time": "6pm", "rpparea1": "Q", "analysis_neighborhood": "Lone Mountain/USF", "days": "M-F", "from_time": "8am", "exceptions": "Yes. RPP holders are exempt from time limits.", "hours": "800-1800"}}, {"type": "Feature", "geometry": {"type": "MultiLineString", "coordinates": [[[-122.4482981, 37.768747625], [-122.447963761, 37.767098124]]]}, "properties": {"hrlimit": "2", "regulation": "Time limited", "to_time": "7pm", "rpparea1": "J", "analysis_neighborhood": "Haight Ashbury", "days": "M-F", "from_time": "7am", "exceptions": "Yes. RPP holders are exempt from time limits.", "hours": "700-1900"}}, {"type": "Feature", "geometry": {"type": "MultiLineString", "coordinates": [[[-122.458955814, 37.765375299], [-122.4590073, 37.766128011]]]}, "properties": {"hrlimit": "2", "regulation": "Time limited", "to_time": "6pm", "rpparea1": "J", "analysis_neighborhood": "Inner Sunset", "days": "M-F", "from_time": "8am", "exceptions": "Yes. RPP holders are exempt from time limits.", "hours": "800-1800"}}, {"type": "Feature", "geometry": {"type": "MultiLineString", "coordinates": [[[-122.44089172, 37.760993571], [-122.440520592, 37.760990615]]]}, "properties": {"hrlimit": "2", "regulation": "Time limited", "to_time": "9pm", "rpparea1": "S", "analysis_neighborhood": "Castro/Upper Market", "days": "M-F", "from_time": "8am", "exceptions": "Yes. RPP holders are exempt from time limits.", "hours": "800-2100"}}, {"type": "Feature", "geometry": {"type": "MultiLineString", "coordinates": [[[-122.435351612, 37.765781631], [-122.433372297, 37.765901659]]]}, "properties": {"hrlimit": "2", "regulation": "Time limited", "to_time": "9pm", "rpparea1": "S", "analysis_neighborhood": "Castro/Upper Market", "days": "M-F", "from_time": "8am", "exceptions": "Yes. RPP holders are exempt from time limits.", "hours": "800-2100"}}, {"type": "Feature", "geometry": {"type": "MultiLineString", "coordinates": [[[-122.452110812, 37.762824724], [-122.450978439, 37.762969164]]]}, "properties": {"hrlimit": "2", "regulation": "Time limited", "to_time": "5pm", "rpparea1": "J", "analysis_neighborhood": "Haight Ashbury", "days": "M-F", "from_time": "8am", "exceptions": "Yes. RPP holders are exempt from time limits.", "hours": "800-1700"}}, {"type": "Feature", "geometry": {"type": "MultiLineString", "coordinates": [[[-122.449341093, 37.768689107], [-122.448509658, 37.768795387]]]}, "properties": {"hrlimit": "2", "regulation": "Time limited", "to_time": "5pm", "rpparea1": "J", "analysis_neighborhood": "Haight Ashbury", "days": "M-F", "from_time": "8am", "exceptions": "Yes. RPP holders are exempt from time limits.", "hours": "800-1700"}}, {"type": "Feature", "geometry": {"type": "MultiLineString", "coordinates": [[[-122.439206611, 37.76057965], [-122.43840852, 37.760629126]]]}, "properties": {"hrlimit": "2", "regulation": "Time limited", "to_time": "9pm", "rpparea1": "S", "analysis_neighborhood": "Castro/Upper Market", "days": "M-F", "from_time": "8am", "exceptions": "Yes. RPP holders are exempt from time limits.", "hours": "800-2100"}}, {"type": "Feature", "geometry": {"type": "MultiLineString", "coordinates": [[[-122.432942516, 37.76179427], [-122.432876973, 37.761110959]]]}, "properties": {"hrlimit": "2", "regulation": "Time limited", "to_time": "9pm", "rpparea1": "S", "analysis_neighborhood": "Castro/Upper Market", "days": "M-F", "from_time": "8am", "exceptions": "Yes. RPP holders are exempt from time limits.", "hours": "800-2100"}}, {"type": "Feature", "geometry": {"type": "MultiLineString", "coordinates": [[[-122.451534911, 37.767418192], [-122.451382202, 37.766667336]]]}, "properties": {"hrlimit": "2", "regulation": "Time limited", "to_time": "5pm", "rpparea1": "J", "analysis_neighborhood": "Haight Ashbury", "days": "M-F", "from_time": "8am", "exceptions": "Yes. RPP holders are exempt from time limits.", "hours": "800-1700"}}, {"type": "Feature", "geometry": {"type": "MultiLineString", "coordinates": [[[-122.458942996, 37.780854865], [-122.458841835, 37.779458855]]]}, "properties": {"hrlimit": "2", "regulation": "Time limited", "to_time": "6pm", "rpparea1": "L", "analysis_neighborhood": "Inner Richmond", "days": "M-F", "from_time": "8am", "exceptions": "Yes. RPP holders are exempt from time limits.", "hours": "800-1800"}}, {"type": "Feature", "geometry": {"type": "MultiLineString", "coordinates": [[[-122.455285101, 37.777449935], [-122.455216499, 37.777118045]]]}, "properties": {"hrlimit": "2", "regulation": "Time limited", "to_time": "6pm", "rpparea1": "L", "analysis_neighborhood": "Lone Mountain/USF", "days": "M-F", "from_time": "8am", "exceptions": "Yes. RPP holders are exempt from time limits.", "hours": "800-1800"}}, {"type": "Feature", "geometry": {"type": "MultiLineString", "coordinates": [[[-122.445405899, 37.781261833], [-122.445257468, 37.781288566], [-122.44513686, 37.781318644], [-122.444986286, 37.78136752], [-122.444854543, 37.781421764], [-122.444723238, 37.781486503], [-122.444572977, 37.781557165], [-122.444418819, 37.78162186], [-122.444270002, 37.781677459], [-122.444139929, 37.781719484], [-122.443983479, 37.78175737], [-122.44387799, 37.781779094], [-122.443757678, 37.781800294]]]}, "properties": {"hrlimit": "2", "regulation": "Time limited", "to_time": "6pm", "rpparea1": "P", "analysis_neighborhood": "Lone Mountain/USF", "days": "M-F", "from_time": "8am", "exceptions": "Yes. RPP holders are exempt from time limits.", "hours": "800-1800"}}, {"type": "Feature", "geometry": {"type": "MultiLineString", "coordinates": [[[-122.444637084, 37.78111286], [-122.444760276, 37.781063223], [-122.444875793, 37.781023558], [-122.444977358, 37.780993747], [-122.445118031, 37.78096278], [-122.445214736, 37.780947664], [-122.445359161, 37.780933547], [-122.44537889, 37.780933901]]]}, "properties": {"hrlimit": "2", "regulation": "Time limited", "to_time": "6pm", "rpparea1": "P", "analysis_neighborhood": "Lone Mountain/USF", "days": "M-F", "from_time": "8am", "exceptions": "Yes. RPP holders are exempt from time limits.", "hours": "800-1800"}}, {"type": "Feature", "geometry": {"type": "LineString", "coordinates": [[-122.447367797, 37.781144701], [-122.446709728, 37.781228277], [-122.44637567, 37.781270701], [-122.445948083, 37.781325003], [-122.445774331, 37.781346852], [-122.445590803, 37.78137095]]}, "properties": {"hrlimit": "2", "regulation": "Time limited", "to_time": "6pm", "rpparea1": null, "analysis_neighborhood": "Lone Mountain/USF", "days": "M-Sa", "from_time": "7am", "exceptions": "None. Regulation applies to all vehicles.", "hours": "700-1800", "nearMeter": false}}, {"type": "Feature", "geometry": {"type": "MultiLineString", "coordinates": [[[-122.430782578, 37.783469895], [-122.430321902, 37.783528602]]]}, "properties": {"hrlimit": "2", "regulation": "Time limited", "to_time": "6pm", "rpparea1": "R", "analysis_neighborhood": "Western Addition", "days": "M-Sa", "from_time": "9am", "exceptions": "Yes. RPP holders are exempt from time limits.", "hours": "900-1800"}}, {"type": "Feature", "geometry": {"type": "LineString", "coordinates": [[-122.445720427, 37.772936771], [-122.441079571, 37.77352356]]}, "properties": {"hrlimit": "0", "regulation": "No oversized vehicles", "to_time": "6am", "rpparea1": null, "analysis_neighborhood": "Golden Gate Park", "days": "M-Su", "from_time": "12am", "exceptions": "Yes. Typical passenger vehicles are exempt.", "hours": "2400-600", "nearMeter": false}}, {"type": "Feature", "geometry": {"type": "MultiLineString", "coordinates": [[[-122.432910006, 37.776519114], [-122.431498933, 37.776699335]]]}, "properties": {"hrlimit": "2", "regulation": "Time limited", "to_time": "8pm", "rpparea1": "Q", "analysis_neighborhood": "Hayes Valley", "days": "M-F", "from_time": "9am", "exceptions": "Yes. RPP holders are exempt from time limits.", "hours": "900-2000"}}, {"type": "Feature", "geometry": {"type": "MultiLineString", "coordinates": [[[-122.437090101, 37.77227636], [-122.435719105, 37.772451814]]]}, "properties": {"hrlimit": "2", "regulation": "Time limited", "to_time": "8pm", "rpparea1": "Q", "analysis_neighborhood": "Haight Ashbury", "days": "M-F", "from_time": "9am", "exceptions": "Yes. RPP holders are exempt from time limits.", "hours": "900-2000"}}, {"type": "Feature", "geometry": {"type": "MultiLineString", "coordinates": [[[-122.430131648, 37.782790521], [-122.43027134, 37.783481022]]]}, "properties": {"hrlimit": "2", "regulation": "Time limited", "to_time": "6pm", "rpparea1": "R", "analysis_neighborhood": "Western Addition", "days": "M-Sa", "from_time": "9am", "exceptions": "Yes. RPP holders are exempt from time limits.", "hours": "900-1800"}}, {"type": "Feature", "geometry": {"type": "MultiLineString", "coordinates": [[[-122.451869782, 37.761390245], [-122.451489101, 37.759526489]]]}, "properties": {"hrlimit": "2", "regulation": "Time limited", "to_time": "5pm", "rpparea1": "J", "analysis_neighborhood": "Inner Sunset", "days": "M-F", "from_time": "8am", "exceptions": "Yes. RPP holders are exempt from time limits.", "hours": "800-1700"}}, {"type": "Feature", "geometry": {"type": "MultiLineString", "coordinates": [[[-122.439347065, 37.766722774], [-122.439201069, 37.767040652], [-122.4391476, 37.767170893], [-122.439152699, 37.767248949], [-122.439232916, 37.768101245]]]}, "properties": {"hrlimit": "2", "regulation": "Time limited", "to_time": "9pm", "rpparea1": "S", "analysis_neighborhood": "Castro/Upper Market", "days": "M-F", "from_time": "8am", "exceptions": "Yes. RPP holders are exempt from time limits.", "hours": "800-2100"}}, {"type": "Feature", "geometry": {"type": "MultiLineString", "coordinates": [[[-122.454741127, 37.779992896], [-122.454298394, 37.777837698]]]}, "properties": {"hrlimit": "2", "regulation": "Time limited", "to_time": "6pm", "rpparea1": "L", "analysis_neighborhood": "Lone Mountain/USF", "days": "M-F", "from_time": "8am", "exceptions": "Yes. RPP holders are exempt from time limits.", "hours": "800-1800"}}, {"type": "Feature", "geometry": {"type": "MultiLineString", "coordinates": [[[-122.445207668, 37.778759612], [-122.4438116, 37.778938166]]]}, "properties": {"hrlimit": "2", "regulation": "Time limited", "to_time": "6pm", "rpparea1": "P", "analysis_neighborhood": "Lone Mountain/USF", "days": "M-F", "from_time": "8am", "exceptions": "Yes. RPP holders are exempt from time limits.", "hours": "800-1800"}}, {"type": "Feature", "geometry": {"type": "MultiLineString", "coordinates": [[[-122.443394774, 37.778177961], [-122.44205543, 37.778348217]]]}, "properties": {"hrlimit": "2", "regulation": "Time limited", "to_time": "6pm", "rpparea1": "P", "analysis_neighborhood": "Lone Mountain/USF", "days": "M-F", "from_time": "8am", "exceptions": "Yes. RPP holders are exempt from time limits.", "hours": "800-1800"}}, {"type": "Feature", "geometry": {"type": "MultiLineString", "coordinates": [[[-122.434202967, 37.774358562], [-122.434073678, 37.773714768]]]}, "properties": {"hrlimit": "2", "regulation": "Time limited", "to_time": "8pm", "rpparea1": "Q", "analysis_neighborhood": "Hayes Valley", "days": "M-F", "from_time": "9am", "exceptions": "Yes. RPP holders are exempt from time limits.", "hours": "900-2000"}}, {"type": "Feature", "geometry": {"type": "MultiLineString", "coordinates": [[[-122.433454815, 37.778321427], [-122.433306266, 37.777577125]]]}, "properties": {"hrlimit": "2", "regulation": "Time limited", "to_time": "8pm", "rpparea1": "Q", "analysis_neighborhood": "Western Addition", "days": "M-F", "from_time": "9am", "exceptions": "Yes. RPP holders are exempt from time limits.", "hours": "900-2000"}}, {"type": "Feature", "geometry": {"type": "MultiLineString", "coordinates": [[[-122.440741068, 37.760623212], [-122.440274024, 37.760959351]]]}, "properties": {"hrlimit": "2", "regulation": "Time limited", "to_time": "9pm", "rpparea1": "S", "analysis_neighborhood": "Castro/Upper Market", "days": "M-F", "from_time": "8am", "exceptions": "Yes. RPP holders are exempt from time limits.", "hours": "800-2100"}}, {"type": "Feature", "geometry": {"type": "MultiLineString", "coordinates": [[[-122.438079356, 37.766738357], [-122.437874203, 37.766684843], [-122.437753901, 37.766662695], [-122.43761769, 37.766675474], [-122.437513703, 37.766717238], [-122.437439143, 37.76677497], [-122.437384158, 37.766856056], [-122.437364319, 37.766950889], [-122.437372885, 37.767117822]]]}, "properties": {"hrlimit": "2", "regulation": "Time limited", "to_time": "9pm", "rpparea1": "S", "analysis_neighborhood": "Castro/Upper Market", "days": "M-F", "from_time": "8am", "exceptions": "Yes. RPP holders are exempt from time limits.", "hours": "800-2100"}}, {"type": "Feature", "geometry": {"type": "MultiLineString", "coordinates": [[[-122.435258026, 37.76489343], [-122.433299694, 37.765011959]]]}, "properties": {"hrlimit": "2", "regulation": "Time limited", "to_time": "9pm", "rpparea1": "S", "analysis_neighborhood": "Castro/Upper Market", "days": "M-F", "from_time": "8am", "exceptions": "Yes. RPP holders are exempt from time limits.", "hours": "800-2100"}}, {"type": "Feature", "geometry": {"type": "MultiLineString", "coordinates": [[[-122.436078108, 37.761096617], [-122.43616362, 37.761966441]]]}, "properties": {"hrlimit": "2", "regulation": "Time limited", "to_time": "9pm", "rpparea1": "S", "analysis_neighborhood": "Castro/Upper Market", "days": "M-F", "from_time": "8am", "exceptions": "Yes. RPP holders are exempt from time limits.", "hours": "800-2100"}}, {"type": "Feature", "geometry": {"type": "MultiLineString", "coordinates": [[[-122.447354144, 37.781034598], [-122.445780428, 37.78123367]]]}, "properties": {"hrlimit": "2", "regulation": "Time limited", "to_time": "6pm", "rpparea1": "P", "analysis_neighborhood": "Lone Mountain/USF", "days": "M-F", "from_time": "8am", "exceptions": "Yes. RPP holders are exempt from time limits.", "hours": "800-1800"}}, {"type": "Feature", "geometry": {"type": "MultiLineString", "coordinates": [[[-122.455793934, 37.783871724], [-122.455626359, 37.781591752]]]}, "properties": {"hrlimit": "2", "regulation": "Time limited", "to_time": "6pm", "rpparea1": "F", "analysis_neighborhood": "Presidio Heights", "days": "M-F", "from_time": "8am", "exceptions": "Yes. RPP holders are exempt from time limits.", "hours": "800-1800"}}, {"type": "Feature", "geometry": {"type": "MultiLineString", "coordinates": [[[-122.448810678, 37.770606794], [-122.448718302, 37.770151]]]}, "properties": {"hrlimit": "2", "regulation": "Time limited", "to_time": "7pm", "rpparea1": "J", "analysis_neighborhood": "Haight Ashbury", "days": "M-F", "from_time": "7am", "exceptions": "Yes. RPP holders are exempt from time limits.", "hours": "700-1900"}}, {"type": "Feature", "geometry": {"type": "MultiLineString", "coordinates": [[[-122.43219474, 37.772742395], [-122.432045662, 37.772003561]]]}, "properties": {"hrlimit": "2", "regulation": "Time limited", "to_time": "8pm", "rpparea1": "Q", "analysis_neighborhood": "Hayes Valley", "days": "M-F", "from_time": "9am", "exceptions": "Yes. RPP holders are exempt from time limits.", "hours": "900-2000"}}, {"type": "Feature", "geometry": {"type": "MultiLineString", "coordinates": [[[-122.451202215, 37.775129239], [-122.450004057, 37.775281635]]]}, "properties": {"hrlimit": "2", "regulation": "Time limited", "to_time": "6pm", "rpparea1": "L", "analysis_neighborhood": "Lone Mountain/USF", "days": "M-F", "from_time": "8am", "exceptions": "Yes. RPP holders are exempt from time limits.", "hours": "800-1800"}}, {"type": "Feature", "geometry": {"type": "MultiLineString", "coordinates": [[[-122.432379464, 37.773677341], [-122.432379169, 37.773657591], [-122.432233095, 37.772932729]]]}, "properties": {"hrlimit": "2", "regulation": "Time limited", "to_time": "8pm", "rpparea1": "Q", "analysis_neighborhood": "Hayes Valley", "days": "M-F", "from_time": "9am", "exceptions": "Yes. RPP holders are exempt from time limits.", "hours": "900-2000"}}, {"type": "Feature", "geometry": {"type": "MultiLineString", "coordinates": [[[-122.440129621, 37.778425444], [-122.439981502, 37.777681082]]]}, "properties": {"hrlimit": "2", "regulation": "Time limited", "to_time": "6pm", "rpparea1": "P", "analysis_neighborhood": "Western Addition", "days": "M-F", "from_time": "8am", "exceptions": "Yes. RPP holders are exempt from time limits.", "hours": "800-1800"}}, {"type": "Feature", "geometry": {"type": "MultiLineString", "coordinates": [[[-122.45787044, 37.765254159], [-122.457822661, 37.764514796]]]}, "properties": {"hrlimit": "2", "regulation": "Time limited", "to_time": "5pm", "rpparea1": "J", "analysis_neighborhood": "Inner Sunset", "days": "M-F", "from_time": "8am", "exceptions": "Yes. RPP holders are exempt from time limits.", "hours": "800-1700"}}, {"type": "Feature", "geometry": {"type": "MultiLineString", "coordinates": [[[-122.43477842, 37.769175923], [-122.433845423, 37.769238676]]]}, "properties": {"hrlimit": "2", "regulation": "Time limited", "to_time": "9pm", "rpparea1": "S", "analysis_neighborhood": "Haight Ashbury", "days": "M-F", "from_time": "8am", "exceptions": "Yes. RPP holders are exempt from time limits.", "hours": "800-2100"}}, {"type": "Feature", "geometry": {"type": "MultiLineString", "coordinates": [[[-122.429855218, 37.769546864], [-122.429977071, 37.770152703]]]}, "properties": {"hrlimit": "2", "regulation": "Time limited", "to_time": "9pm", "rpparea1": "S", "analysis_neighborhood": "Hayes Valley", "days": "M-F", "from_time": "8am", "exceptions": "Yes. RPP holders are exempt from time limits.", "hours": "800-2100"}}, {"type": "Feature", "geometry": {"type": "MultiLineString", "coordinates": [[[-122.441870471, 37.765220143], [-122.441245884, 37.765202011]]]}, "properties": {"hrlimit": "2", "regulation": "Time limited", "to_time": "9pm", "rpparea1": "S", "analysis_neighborhood": "Castro/Upper Market", "days": "M-F", "from_time": "8am", "exceptions": "Yes. RPP holders are exempt from time limits.", "hours": "800-2100"}}, {"type": "Feature", "geometry": {"type": "MultiLineString", "coordinates": [[[-122.435537838, 37.767228239], [-122.435480221, 37.766623317]]]}, "properties": {"hrlimit": "2", "regulation": "Time limited", "to_time": "9pm", "rpparea1": "S", "analysis_neighborhood": "Castro/Upper Market", "days": "M-F", "from_time": "8am", "exceptions": "Yes. RPP holders are exempt from time limits.", "hours": "800-2100"}}, {"type": "Feature", "geometry": {"type": "MultiLineString", "coordinates": [[[-122.430931034, 37.765688076], [-122.43081702, 37.764499162]]]}, "properties": {"hrlimit": "2", "regulation": "Time limited", "to_time": "9pm", "rpparea1": "S", "analysis_neighborhood": "Castro/Upper Market", "days": "M-F", "from_time": "8am", "exceptions": "Yes. RPP holders are exempt from time limits.", "hours": "800-2100"}}, {"type": "Feature", "geometry": {"type": "MultiLineString", "coordinates": [[[-122.455441185, 37.763654167], [-122.454985001, 37.763710233], [-122.45488278, 37.763682594], [-122.454876413, 37.763617779], [-122.45487322, 37.763200229]]]}, "properties": {"hrlimit": "2", "regulation": "Time limited", "to_time": "5pm", "rpparea1": "J", "analysis_neighborhood": "Inner Sunset", "days": "M-F", "from_time": "8am", "exceptions": "Yes. RPP holders are exempt from time limits.", "hours": "800-1700"}}, {"type": "Feature", "geometry": {"type": "MultiLineString", "coordinates": [[[-122.458370012, 37.775625681], [-122.458349327, 37.775345109]]]}, "properties": {"hrlimit": "2", "regulation": "Time limited", "to_time": "6pm", "rpparea1": "L", "analysis_neighborhood": "Lone Mountain/USF", "days": "M-F", "from_time": "8am", "exceptions": "Yes. RPP holders are exempt from time limits.", "hours": "800-1800"}}, {"type": "Feature", "geometry": {"type": "MultiLineString", "coordinates": [[[-122.455650785, 37.776192326], [-122.455105138, 37.776260371]]]}, "properties": {"hrlimit": "2", "regulation": "Time limited", "to_time": "6pm", "rpparea1": "L", "analysis_neighborhood": "Lone Mountain/USF", "days": "M-F", "from_time": "8am", "exceptions": "Yes. RPP holders are exempt from time limits.", "hours": "800-1800"}}, {"type": "Feature", "geometry": {"type": "MultiLineString", "coordinates": [[[-122.455655902, 37.776284472], [-122.455094416, 37.776354125]]]}, "properties": {"hrlimit": "2", "regulation": "Time limited", "to_time": "6pm", "rpparea1": "L", "analysis_neighborhood": "Lone Mountain/USF", "days": "M-F", "from_time": "8am", "exceptions": "Yes. RPP holders are exempt from time limits.", "hours": "800-1800"}}, {"type": "Feature", "geometry": {"type": "MultiLineString", "coordinates": [[[-122.448021943, 37.780122982], [-122.44753373, 37.780187947]]]}, "properties": {"hrlimit": "2", "regulation": "Time limited", "to_time": "6pm", "rpparea1": "L", "analysis_neighborhood": "Lone Mountain/USF", "days": "M-F", "from_time": "8am", "exceptions": "Yes. RPP holders are exempt from time limits.", "hours": "800-1800"}}, {"type": "Feature", "geometry": {"type": "MultiLineString", "coordinates": [[[-122.441227709, 37.781195899], [-122.44089055, 37.781239026]]]}, "properties": {"hrlimit": "2", "regulation": "Time limited", "to_time": "6pm", "rpparea1": "P", "analysis_neighborhood": "Western Addition", "days": "M-F", "from_time": "8am", "exceptions": "Yes. RPP holders are exempt from time limits.", "hours": "800-1800"}}, {"type": "Feature", "geometry": {"type": "MultiLineString", "coordinates": [[[-122.444862786, 37.777022279], [-122.443449818, 37.777201914]]]}, "properties": {"hrlimit": "2", "regulation": "Time limited", "to_time": "6pm", "rpparea1": "P", "analysis_neighborhood": "Lone Mountain/USF", "days": "M-F", "from_time": "8am", "exceptions": "Yes. RPP holders are exempt from time limits.", "hours": "800-1800"}}, {"type": "Feature", "geometry": {"type": "MultiLineString", "coordinates": [[[-122.431477231, 37.777610907], [-122.431369336, 37.777072582]]]}, "properties": {"hrlimit": "2", "regulation": "Time limited", "to_time": "8pm", "rpparea1": "Q", "analysis_neighborhood": "Hayes Valley", "days": "M-F", "from_time": "9am", "exceptions": "Yes. RPP holders are exempt from time limits.", "hours": "0900-2000"}}, {"type": "Feature", "geometry": {"type": "MultiLineString", "coordinates": [[[-122.452014217, 37.762103431], [-122.451895973, 37.761544051]]]}, "properties": {"hrlimit": "2", "regulation": "Time limited", "to_time": "5pm", "rpparea1": "J", "analysis_neighborhood": "Haight Ashbury", "days": "M-F", "from_time": "8am", "exceptions": "Yes. RPP holders are exempt from time limits.", "hours": "800-1700"}}, {"type": "Feature", "geometry": {"type": "MultiLineString", "coordinates": [[[-122.450256073, 37.767610134], [-122.45043994, 37.768484131]]]}, "properties": {"hrlimit": "2", "regulation": "Time limited", "to_time": "5pm", "rpparea1": "J", "analysis_neighborhood": "Haight Ashbury", "days": "M-F", "from_time": "8am", "exceptions": "Yes. RPP holders are exempt from time limits.", "hours": "800-1700"}}, {"type": "Feature", "geometry": {"type": "MultiLineString", "coordinates": [[[-122.436034528, 37.782756258], [-122.435888753, 37.782035963]]]}, "properties": {"hrlimit": "2", "regulation": "Time limited", "to_time": "6pm", "rpparea1": "P", "analysis_neighborhood": "Western Addition", "days": "M-F", "from_time": "8am", "exceptions": "Yes. RPP holders are exempt from time limits.", "hours": "800-1800"}}, {"type": "Feature", "geometry": {"type": "MultiLineString", "coordinates": [[[-122.435280741, 37.779031437], [-122.435133387, 37.778303377]]]}, "properties": {"hrlimit": "2", "regulation": "Time limited", "to_time": "8pm", "rpparea1": "Q", "analysis_neighborhood": "Western Addition", "days": "M-F", "from_time": "9am", "exceptions": "Yes. RPP holders are exempt from time limits.", "hours": "900-2000"}}, {"type": "Feature", "geometry": {"type": "MultiLineString", "coordinates": [[[-122.431248685, 37.776731373], [-122.429870265, 37.776907054]]]}, "properties": {"hrlimit": "2", "regulation": "Time limited", "to_time": "8pm", "rpparea1": "Q", "analysis_neighborhood": "Hayes Valley", "days": "M-F", "from_time": "9am", "exceptions": "Yes. RPP holders are exempt from time limits.", "hours": "0900-2000"}}, {"type": "Feature", "geometry": {"type": "MultiLineString", "coordinates": [[[-122.44596529, 37.783624903], [-122.446061571, 37.78407108]]]}, "properties": {"hrlimit": "2", "regulation": "Time limited", "to_time": "6pm", "rpparea1": "G", "analysis_neighborhood": "Presidio Heights", "days": "M-F", "from_time": "8am", "exceptions": "Yes. RPP holders are exempt from time limits.", "hours": "800-1800"}}, {"type": "Feature", "geometry": {"type": "MultiLineString", "coordinates": [[[-122.435247387, 37.770449324], [-122.435145822, 37.769955431]]]}, "properties": {"hrlimit": "2", "regulation": "Time limited", "to_time": "9pm", "rpparea1": "S", "analysis_neighborhood": "Haight Ashbury", "days": "M-F", "from_time": "8am", "exceptions": "Yes. RPP holders are exempt from time limits.", "hours": "800-2100"}}, {"type": "Feature", "geometry": {"type": "MultiLineString", "coordinates": [[[-122.442205804, 37.76496008], [-122.439155721, 37.763436376], [-122.43804923, 37.763251611], [-122.435435853, 37.763408345]]]}, "properties": {"hrlimit": "2", "regulation": "Time limited", "to_time": "9pm", "rpparea1": "S", "analysis_neighborhood": "Castro/Upper Market", "days": "M-F", "from_time": "8am", "exceptions": "Yes. RPP holders are exempt from time limits.", "hours": "800-2100"}}, {"type": "Feature", "geometry": {"type": "MultiLineString", "coordinates": [[[-122.435507183, 37.76739831], [-122.43356207, 37.767515606]]]}, "properties": {"hrlimit": "2", "regulation": "Time limited", "to_time": "9pm", "rpparea1": "S", "analysis_neighborhood": "Castro/Upper Market", "days": "M-Sa", "from_time": "8am", "exceptions": "Yes. RPP holders are exempt from time limits.", "hours": "800-2100"}}, {"type": "Feature", "geometry": {"type": "MultiLineString", "coordinates": [[[-122.449458973, 37.777415229], [-122.448791569, 37.777503483]]]}, "properties": {"hrlimit": "2", "regulation": "Time limited", "to_time": "8pm", "rpparea1": "BB", "analysis_neighborhood": "Lone Mountain/USF", "days": "M-F", "from_time": "8am", "exceptions": "Yes. RPP holders are exempt from time limits.", "hours": "800-2000"}}, {"type": "Feature", "geometry": {"type": "MultiLineString", "coordinates": [[[-122.458282614, 37.775204798], [-122.456605014, 37.775412942]]]}, "properties": {"hrlimit": "2", "regulation": "Time limited", "to_time": "6pm", "rpparea1": "L", "analysis_neighborhood": "Lone Mountain/USF", "days": "M-F", "from_time": "8am", "exceptions": "Yes. RPP holders are exempt from time limits.", "hours": "800-1800"}}, {"type": "Feature", "geometry": {"type": "MultiLineString", "coordinates": [[[-122.454528498, 37.774848023], [-122.453300273, 37.775003506]]]}, "properties": {"hrlimit": "2", "regulation": "Time limited", "to_time": "6pm", "rpparea1": "L", "analysis_neighborhood": "Lone Mountain/USF", "days": "M-F", "from_time": "8am", "exceptions": "Yes. RPP holders are exempt from time limits.", "hours": "800-1800"}}, {"type": "Feature", "geometry": {"type": "MultiLineString", "coordinates": [[[-122.456753359, 37.776528797], [-122.456901932, 37.777258756]]]}, "properties": {"hrlimit": "2", "regulation": "Time limited", "to_time": "6pm", "rpparea1": "L", "analysis_neighborhood": "Lone Mountain/USF", "days": "M-F", "from_time": "8am", "exceptions": "Yes. RPP holders are exempt from time limits.", "hours": "800-1800"}}, {"type": "Feature", "geometry": {"type": "MultiLineString", "coordinates": [[[-122.446193279, 37.779968592], [-122.446165358, 37.779980371], [-122.445596427, 37.780053969], [-122.44556003, 37.780049219]]]}, "properties": {"hrlimit": "2", "regulation": "Time limited", "to_time": "6pm", "rpparea1": "P", "analysis_neighborhood": "Lone Mountain/USF", "days": "M-F", "from_time": "8am", "exceptions": "Yes. RPP holders are exempt from time limits.", "hours": "800-1800"}}, {"type": "Feature", "geometry": {"type": "MultiLineString", "coordinates": [[[-122.444528108, 37.783768872], [-122.443126154, 37.783947647]]]}, "properties": {"hrlimit": "2", "regulation": "Time limited", "to_time": "6pm", "rpparea1": "G", "analysis_neighborhood": "Presidio Heights", "days": "M-F", "from_time": "8am", "exceptions": "Yes. RPP holders are exempt from time limits.", "hours": "800-1800"}}, {"type": "Feature", "geometry": {"type": "MultiLineString", "coordinates": [[[-122.437488776, 37.782615077], [-122.436100825, 37.782792028]]]}, "properties": {"hrlimit": "2", "regulation": "Time limited", "to_time": "6pm", "rpparea1": "P", "analysis_neighborhood": "Western Addition", "days": "M-F", "from_time": "8am", "exceptions": "Yes. RPP holders are exempt from time limits.", "hours": "800-1800"}}, {"type": "Feature", "geometry": {"type": "MultiLineString", "coordinates": [[[-122.442242433, 37.772442742], [-122.440873543, 37.77261643]]]}, "properties": {"hrlimit": "2", "regulation": "Time limited", "to_time": "6pm", "rpparea1": "Q", "analysis_neighborhood": "Haight Ashbury", "days": "M-F", "from_time": "8am", "exceptions": "Yes. RPP holders are exempt from time limits.", "hours": "800-1800"}}, {"type": "Feature", "geometry": {"type": "MultiLineString", "coordinates": [[[-122.430017708, 37.764356894], [-122.429782972, 37.764371093]]]}, "properties": {"hrlimit": "2", "regulation": "Time limited", "to_time": "9pm", "rpparea1": "S", "analysis_neighborhood": "Castro/Upper Market", "days": "M-F", "from_time": "8am", "exceptions": "Yes. RPP holders are exempt from time limits.", "hours": "800-2100"}}, {"type": "Feature", "geometry": {"type": "MultiLineString", "coordinates": [[[-122.43246934, 37.769331217], [-122.431698531, 37.769384071]]]}, "properties": {"hrlimit": "2", "regulation": "Time limited", "to_time": "9pm", "rpparea1": "S", "analysis_neighborhood": "Haight Ashbury", "days": "M-F", "from_time": "8am", "exceptions": "Yes. RPP holders are exempt from time limits.", "hours": "800-2100"}}, {"type": "Feature", "geometry": {"type": "MultiLineString", "coordinates": [[[-122.433075903, 37.76582562], [-122.431331594, 37.765931163]]]}, "properties": {"hrlimit": "2", "regulation": "Time limited", "to_time": "9pm", "rpparea1": "S", "analysis_neighborhood": "Castro/Upper Market", "days": "M-F", "from_time": "8am", "exceptions": "Yes. RPP holders are exempt from time limits.", "hours": "800-2100"}}, {"type": "Feature", "geometry": {"type": "MultiLineString", "coordinates": [[[-122.446915998, 37.778507732], [-122.446770943, 37.777794042]]]}, "properties": {"hrlimit": "2", "regulation": "Time limited", "to_time": "6pm", "rpparea1": "P", "analysis_neighborhood": "Lone Mountain/USF", "days": "M-F", "from_time": "8am", "exceptions": "Yes. RPP holders are exempt from time limits.", "hours": "800-1800"}}, {"type": "Feature", "geometry": {"type": "MultiLineString", "coordinates": [[[-122.446547224, 37.775678944], [-122.446398648, 37.774953299]]]}, "properties": {"hrlimit": "2", "regulation": "Time limited", "to_time": "6pm", "rpparea1": "L", "analysis_neighborhood": "Lone Mountain/USF", "days": "M-F", "from_time": "8am", "exceptions": "Yes. RPP holders are exempt from time limits.", "hours": "800-1800"}}, {"type": "Feature", "geometry": {"type": "MultiLineString", "coordinates": [[[-122.441574935, 37.764217254], [-122.440852579, 37.763856562], [-122.440633435, 37.76374731], [-122.440576078, 37.763725711], [-122.440434999, 37.763697299], [-122.440316246, 37.763641423], [-122.440222697, 37.763593771]]]}, "properties": {"hrlimit": "2", "regulation": "Time limited", "to_time": "9pm", "rpparea1": "S", "analysis_neighborhood": "Castro/Upper Market", "days": "M-F", "from_time": "8am", "exceptions": "Yes. RPP holders are exempt from time limits.", "hours": "800-2100"}}, {"type": "Feature", "geometry": {"type": "LineString", "coordinates": [[-122.458283065, 37.767282451], [-122.457906108, 37.766542365], [-122.457860997, 37.766426274], [-122.457854639, 37.76607109]]}, "properties": {"hrlimit": "0", "regulation": "No oversized vehicles", "to_time": "6am", "rpparea1": null, "analysis_neighborhood": "Golden Gate Park", "days": "M-Su", "from_time": "12am", "exceptions": "Yes. Typical passenger vehicles are exempt.", "hours": "2400-600", "nearMeter": false}}, {"type": "Feature", "geometry": {"type": "MultiLineString", "coordinates": [[[-122.453793855, 37.761829348], [-122.454067849, 37.762627982]]]}, "properties": {"hrlimit": "2", "regulation": "Time limited", "to_time": "5pm", "rpparea1": "J", "analysis_neighborhood": "Inner Sunset", "days": "M-F", "from_time": "8am", "exceptions": "Yes. RPP holders are exempt from time limits.", "hours": "800-1700"}}, {"type": "Feature", "geometry": {"type": "MultiLineString", "coordinates": [[[-122.458404826, 37.777120409], [-122.45697988, 37.777302824]]]}, "properties": {"hrlimit": "2", "regulation": "Time limited", "to_time": "6pm", "rpparea1": "L", "analysis_neighborhood": "Lone Mountain/USF", "days": "M-F", "from_time": "8am", "exceptions": "Yes. RPP holders are exempt from time limits.", "hours": "800-1800"}}, {"type": "Feature", "geometry": {"type": "MultiLineString", "coordinates": [[[-122.458283344, 37.774429436], [-122.45833495, 37.775141744]]]}, "properties": {"hrlimit": "2", "regulation": "Time limited", "to_time": "6pm", "rpparea1": "L", "analysis_neighborhood": "Lone Mountain/USF", "days": "M-F", "from_time": "8am", "exceptions": "Yes. RPP holders are exempt from time limits.", "hours": "800-1800"}}, {"type": "Feature", "geometry": {"type": "MultiLineString", "coordinates": [[[-122.453186824, 37.781539596], [-122.452968467, 37.780456659]]]}, "properties": {"hrlimit": "2", "regulation": "Time limited", "to_time": "6pm", "rpparea1": "L", "analysis_neighborhood": "Lone Mountain/USF", "days": "M-F", "from_time": "8am", "exceptions": "Yes. RPP holders are exempt from time limits.", "hours": "800-1800"}}, {"type": "Feature", "geometry": {"type": "MultiLineString", "coordinates": [[[-122.44299921, 37.781354816], [-122.442915458, 37.781132156], [-122.442844326, 37.780909073], [-122.44278237, 37.780676153], [-122.442723634, 37.780390116], [-122.442692996, 37.780186645], [-122.442667911, 37.779935454], [-122.442659866, 37.779792756]]]}, "properties": {"hrlimit": "2", "regulation": "Time limited", "to_time": "6pm", "rpparea1": "P", "analysis_neighborhood": "Lone Mountain/USF", "days": "M-F", "from_time": "8am", "exceptions": "Yes. RPP holders are exempt from time limits.", "hours": "800-1800"}}, {"type": "Feature", "geometry": {"type": "MultiLineString", "coordinates": [[[-122.441944174, 37.781424328], [-122.44142735, 37.781147519]]]}, "properties": {"hrlimit": "2", "regulation": "Time limited", "to_time": "6pm", "rpparea1": "P", "analysis_neighborhood": "Lone Mountain/USF", "days": "M-F", "from_time": "8am", "exceptions": "Yes. RPP holders are exempt from time limits.", "hours": "800-1800"}}, {"type": "Feature", "geometry": {"type": "MultiLineString", "coordinates": [[[-122.445504158, 37.780011738], [-122.445492647, 37.779986203], [-122.445461949, 37.779712804], [-122.445395679, 37.779338698], [-122.445367931, 37.779306157]]]}, "properties": {"hrlimit": "2", "regulation": "Time limited", "to_time": "6pm", "rpparea1": "P", "analysis_neighborhood": "Lone Mountain/USF", "days": "M-F", "from_time": "8am", "exceptions": "Yes. RPP holders are exempt from time limits.", "hours": "800-1800"}}, {"type": "Feature", "geometry": {"type": "MultiLineString", "coordinates": [[[-122.450861512, 37.773276737], [-122.449827834, 37.773408215]]]}, "properties": {"hrlimit": "2", "regulation": "Time limited", "to_time": "6pm", "rpparea1": "L", "analysis_neighborhood": "Lone Mountain/USF", "days": "M-F", "from_time": "8am", "exceptions": "Yes. RPP holders are exempt from time limits.", "hours": "800-1800"}}, {"type": "Feature", "geometry": {"type": "MultiLineString", "coordinates": [[[-122.430851205, 37.775816404], [-122.429671187, 37.775966465]]]}, "properties": {"hrlimit": "2", "regulation": "Time limited", "to_time": "8pm", "rpparea1": "Q", "analysis_neighborhood": "Hayes Valley", "days": "M-F", "from_time": "9am", "exceptions": "Yes. RPP holders are exempt from time limits.", "hours": "0900-2000"}}, {"type": "Feature", "geometry": {"type": "MultiLineString", "coordinates": [[[-122.43708293, 37.770933272], [-122.436978771, 37.770421156]]]}, "properties": {"hrlimit": "2", "regulation": "Time limited", "to_time": "9pm", "rpparea1": "S", "analysis_neighborhood": "Haight Ashbury", "days": "M-F", "from_time": "8am", "exceptions": "Yes. RPP holders are exempt from time limits.", "hours": "800-2100"}}, {"type": "Feature", "geometry": {"type": "LineString", "coordinates": [[-122.447333526, 37.771963434], [-122.445917408, 37.772143525]]}, "properties": {"hrlimit": "0", "regulation": "No oversized vehicles", "to_time": "6am", "rpparea1": null, "analysis_neighborhood": "Golden Gate Park", "days": "M-Su", "from_time": "12am", "exceptions": "Yes. Typical passenger vehicles are exempt.", "hours": "2400-600", "nearMeter": false}}, {"type": "Feature", "geometry": {"type": "MultiLineString", "coordinates": [[[-122.430282418, 37.771670777], [-122.430351997, 37.772025341]]]}, "properties": {"hrlimit": "2", "regulation": "Time limited", "to_time": "9pm", "rpparea1": "S", "analysis_neighborhood": "Hayes Valley", "days": "M-F", "from_time": "8am", "exceptions": "Yes. RPP holders are exempt from time limits.", "hours": "800-2100"}}, {"type": "Feature", "geometry": {"type": "MultiLineString", "coordinates": [[[-122.443367565, 37.777057987], [-122.44321947, 37.776317422]]]}, "properties": {"hrlimit": "2", "regulation": "Time limited", "to_time": "6pm", "rpparea1": "P", "analysis_neighborhood": "Lone Mountain/USF", "days": "M-F", "from_time": "8am", "exceptions": "Yes. RPP holders are exempt from time limits.", "hours": "800-1800"}}, {"type": "Feature", "geometry": {"type": "MultiLineString", "coordinates": [[[-122.444407739, 37.782858932], [-122.444465773, 37.783145766]]]}, "properties": {"hrlimit": "2", "regulation": "Time limited", "to_time": "6pm", "rpparea1": "G", "analysis_neighborhood": "Presidio Heights", "days": "M-F", "from_time": "8am", "exceptions": "Yes. RPP holders are exempt from time limits.", "hours": "800-1800"}}, {"type": "Feature", "geometry": {"type": "MultiLineString", "coordinates": [[[-122.431912964, 37.771471555], [-122.430460397, 37.771656902]]]}, "properties": {"hrlimit": "2", "regulation": "Time limited", "to_time": "9pm", "rpparea1": "S", "analysis_neighborhood": "Hayes Valley", "days": "M-F", "from_time": "8am", "exceptions": "Yes. RPP holders are exempt from time limits.", "hours": "800-2100"}}, {"type": "Feature", "geometry": {"type": "MultiLineString", "coordinates": [[[-122.450938688, 37.763063678], [-122.45108034, 37.763768257]]]}, "properties": {"hrlimit": "2", "regulation": "Time limited", "to_time": "5pm", "rpparea1": "J", "analysis_neighborhood": "Haight Ashbury", "days": "M-F", "from_time": "8am", "exceptions": "Yes. RPP holders are exempt from time limits.", "hours": "800-1700"}}, {"type": "Feature", "geometry": {"type": "MultiLineString", "coordinates": [[[-122.431845209, 37.779645483], [-122.430451607, 37.779823539]]]}, "properties": {"hrlimit": "4", "regulation": "Time limited", "to_time": "8pm", "rpparea1": "Q", "analysis_neighborhood": "Western Addition", "days": "M-F", "from_time": "9am", "exceptions": "Yes. RPP holders are exempt from time limits.", "hours": "900-2000"}}, {"type": "Feature", "geometry": {"type": "MultiLineString", "coordinates": [[[-122.437091576, 37.774194054], [-122.436077218, 37.774324042]]]}, "properties": {"hrlimit": "2", "regulation": "Time limited", "to_time": "8pm", "rpparea1": "Q", "analysis_neighborhood": "Hayes Valley", "days": "M-F", "from_time": "9am", "exceptions": "Yes. RPP holders are exempt from time limits.", "hours": "900-2000"}}, {"type": "Feature", "geometry": {"type": "MultiLineString", "coordinates": [[[-122.450512291, 37.778091605], [-122.449872009, 37.778173528]]]}, "properties": {"hrlimit": "2", "regulation": "Time limited", "to_time": "8pm", "rpparea1": "BB", "analysis_neighborhood": "Lone Mountain/USF", "days": "M-F", "from_time": "8am", "exceptions": "Yes. RPP holders are exempt from time limits.", "hours": "800-2000"}}, {"type": "Feature", "geometry": {"type": "MultiLineString", "coordinates": [[[-122.445205044, 37.779413583], [-122.44462845, 37.779483815], [-122.444587437, 37.779495415]]]}, "properties": {"hrlimit": "2", "regulation": "Time limited", "to_time": "6pm", "rpparea1": "P", "analysis_neighborhood": "Lone Mountain/USF", "days": "M-F", "from_time": "8am", "exceptions": "Yes. RPP holders are exempt from time limits.", "hours": "800-1800"}}, {"type": "Feature", "geometry": {"type": "MultiLineString", "coordinates": [[[-122.443722695, 37.771257827], [-122.44357185, 37.770518255]]]}, "properties": {"hrlimit": "2", "regulation": "Time limited", "to_time": "6pm", "rpparea1": "Q", "analysis_neighborhood": "Haight Ashbury", "days": "M-F", "from_time": "8am", "exceptions": "Yes. RPP holders are exempt from time limits.", "hours": "800-1800"}}, {"type": "Feature", "geometry": {"type": "MultiLineString", "coordinates": [[[-122.438758045, 37.770957108], [-122.438606077, 37.77021599]]]}, "properties": {"hrlimit": "2", "regulation": "Time limited", "to_time": "9pm", "rpparea1": "S", "analysis_neighborhood": "Haight Ashbury", "days": "M-F", "from_time": "8am", "exceptions": "Yes. RPP holders are exempt from time limits.", "hours": "800-2100"}}, {"type": "Feature", "geometry": {"type": "MultiLineString", "coordinates": [[[-122.433431028, 37.77082386], [-122.432732512, 37.77091281]]]}, "properties": {"hrlimit": "2", "regulation": "Time limited", "to_time": "9pm", "rpparea1": "S", "analysis_neighborhood": "Haight Ashbury", "days": "M-F", "from_time": "8am", "exceptions": "Yes. RPP holders are exempt from time limits.", "hours": "800-2100"}}, {"type": "Feature", "geometry": {"type": "MultiLineString", "coordinates": [[[-122.439141379, 37.782408264], [-122.438548574, 37.782485195]]]}, "properties": {"hrlimit": "2", "regulation": "Time limited", "to_time": "6pm", "rpparea1": "P", "analysis_neighborhood": "Western Addition", "days": "M-F", "from_time": "8am", "exceptions": "Yes. RPP holders are exempt from time limits.", "hours": "800-1800"}}, {"type": "Feature", "geometry": {"type": "MultiLineString", "coordinates": [[[-122.434962324, 37.77812914], [-122.434812687, 37.777391565]]]}, "properties": {"hrlimit": "2", "regulation": "Time limited", "to_time": "8pm", "rpparea1": "Q", "analysis_neighborhood": "Western Addition", "days": "M-F", "from_time": "9am", "exceptions": "Yes. RPP holders are exempt from time limits.", "hours": "900-2000"}}, {"type": "Feature", "geometry": {"type": "MultiLineString", "coordinates": [[[-122.447505891, 37.768871637], [-122.447166231, 37.767195532]]]}, "properties": {"hrlimit": "2", "regulation": "Time limited", "to_time": "7pm", "rpparea1": "J", "analysis_neighborhood": "Haight Ashbury", "days": "M-F", "from_time": "7am", "exceptions": "Yes. RPP holders are exempt from time limits.", "hours": "700-1900"}}, {"type": "Feature", "geometry": {"type": "MultiLineString", "coordinates": [[[-122.433475925, 37.767354756], [-122.433416868, 37.766733529]]]}, "properties": {"hrlimit": "2", "regulation": "Time limited", "to_time": "9pm", "rpparea1": "S", "analysis_neighborhood": "Castro/Upper Market", "days": "M-F", "from_time": "8am", "exceptions": "Yes. RPP holders are exempt from time limits.", "hours": "800-2100"}}, {"type": "Feature", "geometry": {"type": "MultiLineString", "coordinates": [[[-122.435839106, 37.774354687], [-122.435805066, 37.774357809], [-122.43444482, 37.774531319]]]}, "properties": {"hrlimit": "2", "regulation": "Time limited", "to_time": "8pm", "rpparea1": "Q", "analysis_neighborhood": "Hayes Valley", "days": "M-F", "from_time": "9am", "exceptions": "Yes. RPP holders are exempt from time limits.", "hours": "900-2000"}}, {"type": "Feature", "geometry": {"type": "MultiLineString", "coordinates": [[[-122.443885055, 37.772234302], [-122.442473778, 37.772413143]]]}, "properties": {"hrlimit": "2", "regulation": "Time limited", "to_time": "6pm", "rpparea1": "Q", "analysis_neighborhood": "Haight Ashbury", "days": "M-F", "from_time": "8am", "exceptions": "Yes. RPP holders are exempt from time limits.", "hours": "800-1800"}}, {"type": "Feature", "geometry": {"type": "MultiLineString", "coordinates": [[[-122.430020425, 37.782803758], [-122.430162333, 37.783505216]]]}, "properties": {"hrlimit": "2", "regulation": "Time limited", "to_time": "6pm", "rpparea1": "R", "analysis_neighborhood": "Western Addition", "days": "M-Sa", "from_time": "9am", "exceptions": "Yes. RPP holders are exempt from time limits.", "hours": "900-1800"}}, {"type": "Feature", "geometry": {"type": "MultiLineString", "coordinates": [[[-122.445914412, 37.77390822], [-122.444782266, 37.774052173]]]}, "properties": {"hrlimit": "2", "regulation": "Time limited", "to_time": "6pm", "rpparea1": "Q", "analysis_neighborhood": "Lone Mountain/USF", "days": "M-F", "from_time": "8am", "exceptions": "Yes. RPP holders are exempt from time limits.", "hours": "800-1800"}}, {"type": "Feature", "geometry": {"type": "MultiLineString", "coordinates": [[[-122.434852404, 37.777214263], [-122.433335345, 37.777407653]]]}, "properties": {"hrlimit": "2", "regulation": "Time limited", "to_time": "8pm", "rpparea1": "Q", "analysis_neighborhood": "Hayes Valley", "days": "M-F", "from_time": "9am", "exceptions": "Yes. RPP holders are exempt from time limits.", "hours": "900-2000"}}, {"type": "Feature", "geometry": {"type": "MultiLineString", "coordinates": [[[-122.452843848, 37.76644411], [-122.451412368, 37.76662683]]]}, "properties": {"hrlimit": "2", "regulation": "Time limited", "to_time": "5pm", "rpparea1": "J", "analysis_neighborhood": "Haight Ashbury", "days": "M-F", "from_time": "8am", "exceptions": "Yes. RPP holders are exempt from time limits.", "hours": "800-1700"}}, {"type": "Feature", "geometry": {"type": "MultiLineString", "coordinates": [[[-122.43517888, 37.76345937], [-122.435126699, 37.762911575]]]}, "properties": {"hrlimit": "2", "regulation": "Time limited", "to_time": "9pm", "rpparea1": "S", "analysis_neighborhood": "Castro/Upper Market", "days": "M-F", "from_time": "8am", "exceptions": "Yes. RPP holders are exempt from time limits.", "hours": "800-2100"}}, {"type": "Feature", "geometry": {"type": "MultiLineString", "coordinates": [[[-122.430763893, 37.76444947], [-122.430146333, 37.764486829]]]}, "properties": {"hrlimit": "2", "regulation": "Time limited", "to_time": "9pm", "rpparea1": "S", "analysis_neighborhood": "Castro/Upper Market", "days": "M-F", "from_time": "8am", "exceptions": "Yes. RPP holders are exempt from time limits.", "hours": "800-2100"}}, {"type": "Feature", "geometry": {"type": "MultiLineString", "coordinates": [[[-122.442787041, 37.765860476], [-122.443472326, 37.765427414]]]}, "properties": {"hrlimit": "2", "regulation": "Time limited", "to_time": "9pm", "rpparea1": "S", "analysis_neighborhood": "Haight Ashbury", "days": "M-F", "from_time": "8am", "exceptions": "Yes. RPP holders are exempt from time limits.", "hours": "800-2100"}}, {"type": "Feature", "geometry": {"type": "MultiLineString", "coordinates": [[[-122.451118508, 37.763898383], [-122.451255779, 37.764582157]]]}, "properties": {"hrlimit": "2", "regulation": "Time limited", "to_time": "5pm", "rpparea1": "J", "analysis_neighborhood": "Haight Ashbury", "days": "M-F", "from_time": "8am", "exceptions": "Yes. RPP holders are exempt from time limits.", "hours": "800-1700"}}, {"type": "Feature", "geometry": {"type": "MultiLineString", "coordinates": [[[-122.43285682, 37.762533844], [-122.432798567, 37.761903435]]]}, "properties": {"hrlimit": "2", "regulation": "Time limited", "to_time": "9pm", "rpparea1": "S", "analysis_neighborhood": "Castro/Upper Market", "days": "M-F", "from_time": "8am", "exceptions": "Yes. RPP holders are exempt from time limits.", "hours": "800-2100"}}, {"type": "Feature", "geometry": {"type": "MultiLineString", "coordinates": [[[-122.437425428, 37.762404051], [-122.438437571, 37.762343148]]]}, "properties": {"hrlimit": "2", "regulation": "Time limited", "to_time": "9pm", "rpparea1": "S", "analysis_neighborhood": "Castro/Upper Market", "days": "M-F", "from_time": "8am", "exceptions": "Yes. RPP holders are exempt from time limits.", "hours": "800-2100"}}, {"type": "Feature", "geometry": {"type": "MultiLineString", "coordinates": [[[-122.441679116, 37.778260462], [-122.440322971, 37.778432833]]]}, "properties": {"hrlimit": "2", "regulation": "Time limited", "to_time": "6pm", "rpparea1": "P", "analysis_neighborhood": "Western Addition", "days": "M-F", "from_time": "8am", "exceptions": "Yes. RPP holders are exempt from time limits.", "hours": "800-1800"}}, {"type": "Feature", "geometry": {"type": "MultiLineString", "coordinates": [[[-122.429863898, 37.765956753], [-122.429730834, 37.764568983]]]}, "properties": {"hrlimit": "2", "regulation": "Time limited", "to_time": "9pm", "rpparea1": "S", "analysis_neighborhood": "Castro/Upper Market", "days": "M-F", "from_time": "8am", "exceptions": "Yes. RPP holders are exempt from time limits.", "hours": "800-2100"}}, {"type": "Feature", "geometry": {"type": "MultiLineString", "coordinates": [[[-122.436710053, 37.770021788], [-122.436516297, 37.769087642], [-122.436512849, 37.769083643]]]}, "properties": {"hrlimit": "2", "regulation": "Time limited", "to_time": "9pm", "rpparea1": "S", "analysis_neighborhood": "Haight Ashbury", "days": "M-F", "from_time": "8am", "exceptions": "Yes. RPP holders are exempt from time limits.", "hours": "800-2100"}}, {"type": "Feature", "geometry": {"type": "MultiLineString", "coordinates": [[[-122.459098613, 37.783077835], [-122.458979745, 37.781437871]]]}, "properties": {"hrlimit": "2", "regulation": "Time limited", "to_time": "6pm", "rpparea1": "F", "analysis_neighborhood": "Inner Richmond", "days": "M-F", "from_time": "9am", "exceptions": "Yes. RPP holders are exempt from time limits.", "hours": "900-1800"}}, {"type": "Feature", "geometry": {"type": "MultiLineString", "coordinates": [[[-122.442866274, 37.781365274], [-122.442862328, 37.781322052], [-122.442794512, 37.78113543], [-122.442714787, 37.780878137], [-122.442665543, 37.780687693], [-122.442612801, 37.780436045], [-122.442579057, 37.780220071], [-122.442560862, 37.780062494], [-122.442546831, 37.779885393], [-122.442538429, 37.779809501]]]}, "properties": {"hrlimit": "2", "regulation": "Time limited", "to_time": "6pm", "rpparea1": "P", "analysis_neighborhood": "Lone Mountain/USF", "days": "M-F", "from_time": "8am", "exceptions": "Yes. RPP holders are exempt from time limits.", "hours": "800-1800"}}, {"type": "Feature", "geometry": {"type": "LineString", "coordinates": [[-122.450619118, 37.771548169], [-122.448979192, 37.771752716]]}, "properties": {"hrlimit": "0", "regulation": "No oversized vehicles", "to_time": "6am", "rpparea1": null, "analysis_neighborhood": "Golden Gate Park", "days": "M-Su", "from_time": "12am", "exceptions": "Yes. Typical passenger vehicles are exempt.", "hours": "2400-600", "nearMeter": false}}, {"type": "Feature", "geometry": {"type": "MultiLineString", "coordinates": [[[-122.43584828, 37.781835987], [-122.435699655, 37.781101586]]]}, "properties": {"hrlimit": "2", "regulation": "Time limited", "to_time": "6pm", "rpparea1": "P", "analysis_neighborhood": "Western Addition", "days": "M-F", "from_time": "8am", "exceptions": "Yes. RPP holders are exempt from time limits.", "hours": "800-1800"}}, {"type": "Feature", "geometry": {"type": "MultiLineString", "coordinates": [[[-122.43526441, 37.771555878], [-122.433854507, 37.771735959]]]}, "properties": {"hrlimit": "2", "regulation": "Time limited", "to_time": "9pm", "rpparea1": "S", "analysis_neighborhood": "Haight Ashbury", "days": "M-F", "from_time": "8am", "exceptions": "Yes. RPP holders are exempt from time limits.", "hours": "800-2100"}}, {"type": "Feature", "geometry": {"type": "MultiLineString", "coordinates": [[[-122.451764667, 37.768551424], [-122.451867908, 37.769059117]]]}, "properties": {"hrlimit": "2", "regulation": "Time limited", "to_time": "9pm", "rpparea1": "J", "analysis_neighborhood": "Haight Ashbury", "days": "M-Su", "from_time": "7am", "exceptions": "Yes. RPP holders are exempt from time limits.", "hours": "700-2100"}}, {"type": "Feature", "geometry": {"type": "MultiLineString", "coordinates": [[[-122.442494976, 37.779771183], [-122.442431841, 37.779766954], [-122.442306128, 37.779789526], [-122.441999743, 37.779859292], [-122.441818088, 37.779913524]]]}, "properties": {"hrlimit": "2", "regulation": "Time limited", "to_time": "6pm", "rpparea1": "P", "analysis_neighborhood": "Lone Mountain/USF", "days": "M-F", "from_time": "8am", "exceptions": "Yes. RPP holders are exempt from time limits.", "hours": "800-1800"}}, {"type": "Feature", "geometry": {"type": "MultiLineString", "coordinates": [[[-122.449380676, 37.773419095], [-122.449233296, 37.772691961]]]}, "properties": {"hrlimit": "2", "regulation": "Time limited", "to_time": "6pm", "rpparea1": "L", "analysis_neighborhood": "Lone Mountain/USF", "days": "M-F", "from_time": "8am", "exceptions": "Yes. RPP holders are exempt from time limits.", "hours": "800-1800"}}, {"type": "Feature", "geometry": {"type": "LineString", "coordinates": [[-122.444005927, 37.77239278], [-122.440891862, 37.772777921]]}, "properties": {"hrlimit": "0", "regulation": "No oversized vehicles", "to_time": "6am", "rpparea1": null, "analysis_neighborhood": "Golden Gate Park", "days": "M-Su", "from_time": "12am", "exceptions": "Yes. Typical passenger vehicles are exempt.", "hours": "2400-600", "nearMeter": false}}, {"type": "Feature", "geometry": {"type": "MultiLineString", "coordinates": [[[-122.451007895, 37.77421635], [-122.449624899, 37.774392256]]]}, "properties": {"hrlimit": "2", "regulation": "Time limited", "to_time": "6pm", "rpparea1": "L", "analysis_neighborhood": "Lone Mountain/USF", "days": "M-F", "from_time": "8am", "exceptions": "Yes. RPP holders are exempt from time limits.", "hours": "800-1800"}}, {"type": "Feature", "geometry": {"type": "MultiLineString", "coordinates": [[[-122.454282671, 37.764191594], [-122.454122869, 37.762848569]]]}, "properties": {"hrlimit": "2", "regulation": "Time limited", "to_time": "5pm", "rpparea1": "J", "analysis_neighborhood": "Inner Sunset", "days": "M-F", "from_time": "8am", "exceptions": "Yes. RPP holders are exempt from time limits.", "hours": "800-1700"}}, {"type": "Feature", "geometry": {"type": "MultiLineString", "coordinates": [[[-122.453048205, 37.762347175], [-122.453747145, 37.761816178]]]}, "properties": {"hrlimit": "2", "regulation": "Time limited", "to_time": "5pm", "rpparea1": "J", "analysis_neighborhood": "Inner Sunset", "days": "M-F", "from_time": "8am", "exceptions": "Yes. RPP holders are exempt from time limits.", "hours": "800-1700"}}, {"type": "Feature", "geometry": {"type": "MultiLineString", "coordinates": [[[-122.431527045, 37.769428891], [-122.431632479, 37.769960171]]]}, "properties": {"hrlimit": "2", "regulation": "Time limited", "to_time": "9pm", "rpparea1": "S", "analysis_neighborhood": "Hayes Valley", "days": "M-F", "from_time": "8am", "exceptions": "Yes. RPP holders are exempt from time limits.", "hours": "800-2100"}}, {"type": "Feature", "geometry": {"type": "MultiLineString", "coordinates": [[[-122.440546189, 37.766924096], [-122.440145873, 37.767604372], [-122.440105102, 37.767670006], [-122.440053046, 37.767722096], [-122.439423536, 37.768037855]]]}, "properties": {"hrlimit": "2", "regulation": "Time limited", "to_time": "9pm", "rpparea1": "S", "analysis_neighborhood": "Castro/Upper Market", "days": "M-F", "from_time": "8am", "exceptions": "Yes. RPP holders are exempt from time limits.", "hours": "800-2100"}}, {"type": "Feature", "geometry": {"type": "MultiLineString", "coordinates": [[[-122.43308857, 37.777439103], [-122.431682045, 37.777618011]]]}, "properties": {"hrlimit": "2", "regulation": "Time limited", "to_time": "8pm", "rpparea1": "Q", "analysis_neighborhood": "Hayes Valley", "days": "M-F", "from_time": "9am", "exceptions": "Yes. RPP holders are exempt from time limits.", "hours": "900-2000"}}, {"type": "Feature", "geometry": {"type": "MultiLineString", "coordinates": [[[-122.454279842, 37.774737728], [-122.453583818, 37.774826277]]]}, "properties": {"hrlimit": "2", "regulation": "Time limited", "to_time": "6pm", "rpparea1": "L", "analysis_neighborhood": "Lone Mountain/USF", "days": "M-F", "from_time": "8am", "exceptions": "Yes. RPP holders are exempt from time limits.", "hours": "800-1800"}}, {"type": "Feature", "geometry": {"type": "MultiLineString", "coordinates": [[[-122.442283071, 37.77241961], [-122.442287809, 37.772396962], [-122.44214161, 37.771678177]]]}, "properties": {"hrlimit": "2", "regulation": "Time limited", "to_time": "6pm", "rpparea1": "Q", "analysis_neighborhood": "Haight Ashbury", "days": "M-F", "from_time": "8am", "exceptions": "Yes. RPP holders are exempt from time limits.", "hours": "800-1800"}}, {"type": "Feature", "geometry": {"type": "MultiLineString", "coordinates": [[[-122.440377173, 37.771747015], [-122.439018869, 37.771921123]]]}, "properties": {"hrlimit": "2", "regulation": "Time limited", "to_time": "6pm", "rpparea1": "Q", "analysis_neighborhood": "Haight Ashbury", "days": "M-F", "from_time": "8am", "exceptions": "Yes. RPP holders are exempt from time limits.", "hours": "800-1800"}}, {"type": "Feature", "geometry": {"type": "MultiLineString", "coordinates": [[[-122.433811407, 37.772688246], [-122.432414147, 37.772866033]]]}, "properties": {"hrlimit": "4", "regulation": "Time limited", "to_time": "8pm", "rpparea1": "Q", "analysis_neighborhood": "Haight Ashbury", "days": "M-F", "from_time": "9am", "exceptions": "Yes. RPP holders are exempt from time limits.", "hours": "900-2000"}}, {"type": "Feature", "geometry": {"type": "MultiLineString", "coordinates": [[[-122.436187333, 37.775104477], [-122.436037268, 37.774361432]]]}, "properties": {"hrlimit": "2", "regulation": "Time limited", "to_time": "8pm", "rpparea1": "Q", "analysis_neighborhood": "Hayes Valley", "days": "M-F", "from_time": "9am", "exceptions": "Yes. RPP holders are exempt from time limits.", "hours": "900-2000"}}, {"type": "Feature", "geometry": {"type": "MultiLineString", "coordinates": [[[-122.429210427, 37.77040625], [-122.428549577, 37.770495893]]]}, "properties": {"hrlimit": "2", "regulation": "Time limited", "to_time": "9pm", "rpparea1": "S", "analysis_neighborhood": "Hayes Valley", "days": "M-F", "from_time": "8am", "exceptions": "Yes. RPP holders are exempt from time limits.", "hours": "800-2100"}}, {"type": "Feature", "geometry": {"type": "MultiLineString", "coordinates": [[[-122.457547084, 37.764885785], [-122.454514143, 37.765273333]]]}, "properties": {"hrlimit": "2", "regulation": "Time limited", "to_time": "5pm", "rpparea1": "J", "analysis_neighborhood": "Inner Sunset", "days": "M-F", "from_time": "8am", "exceptions": "Yes. RPP holders are exempt from time limits.", "hours": "800-1700"}}, {"type": "Feature", "geometry": {"type": "MultiLineString", "coordinates": [[[-122.436465448, 37.762351639], [-122.437209073, 37.762306899]]]}, "properties": {"hrlimit": "2", "regulation": "Time limited", "to_time": "9pm", "rpparea1": "S", "analysis_neighborhood": "Castro/Upper Market", "days": "M-F", "from_time": "8am", "exceptions": "Yes. RPP holders are exempt from time limits.", "hours": "800-2100"}}, {"type": "Feature", "geometry": {"type": "MultiLineString", "coordinates": [[[-122.458722245, 37.78048697], [-122.458650163, 37.77949219]]]}, "properties": {"hrlimit": "2", "regulation": "Time limited", "to_time": "6pm", "rpparea1": "L", "analysis_neighborhood": "Lone Mountain/USF", "days": "M-F", "from_time": "8am", "exceptions": "Yes. RPP holders are exempt from time limits.", "hours": "800-1800"}}, {"type": "Feature", "geometry": {"type": "MultiLineString", "coordinates": [[[-122.434161037, 37.774431915], [-122.432773156, 37.774608929]]]}, "properties": {"hrlimit": "2", "regulation": "Time limited", "to_time": "8pm", "rpparea1": "Q", "analysis_neighborhood": "Hayes Valley", "days": "M-F", "from_time": "9am", "exceptions": "Yes. RPP holders are exempt from time limits.", "hours": "900-2000"}}, {"type": "Feature", "geometry": {"type": "MultiLineString", "coordinates": [[[-122.431819737, 37.77951313], [-122.430421783, 37.779690444]]]}, "properties": {"hrlimit": "4", "regulation": "Time limited", "to_time": "8pm", "rpparea1": "Q", "analysis_neighborhood": "Western Addition", "days": "M-F", "from_time": "9am", "exceptions": "Yes. RPP holders are exempt from time limits.", "hours": "900-2000"}}, {"type": "Feature", "geometry": {"type": "MultiLineString", "coordinates": [[[-122.432629742, 37.764336579], [-122.432309865, 37.764355934]]]}, "properties": {"hrlimit": "2", "regulation": "Time limited", "to_time": "9pm", "rpparea1": "S", "analysis_neighborhood": "Castro/Upper Market", "days": "M-F", "from_time": "8am", "exceptions": "Yes. RPP holders are exempt from time limits.", "hours": "800-2100"}}, {"type": "Feature", "geometry": {"type": "LineString", "coordinates": [[-122.452849704, 37.775671472], [-122.452734116, 37.775108758]]}, "properties": {"hrlimit": "1", "regulation": "Time limited", "to_time": "6pm", "rpparea1": null, "analysis_neighborhood": "Lone Mountain/USF", "days": "M-Sa", "from_time": "7am", "exceptions": "None. Regulation applies to all vehicles.", "hours": "700-1800", "nearMeter": false}}, {"type": "Feature", "geometry": {"type": "MultiLineString", "coordinates": [[[-122.459746696, 37.779219162], [-122.45889838, 37.779258909]]]}, "properties": {"hrlimit": "2", "regulation": "Time limited", "to_time": "6pm", "rpparea1": "L", "analysis_neighborhood": "Inner Richmond", "days": "M-F", "from_time": "8am", "exceptions": "Yes. RPP holders are exempt from time limits.", "hours": "800-1800"}}, {"type": "Feature", "geometry": {"type": "MultiLineString", "coordinates": [[[-122.45643065, 37.775610537], [-122.45665622, 37.776718819]]]}, "properties": {"hrlimit": "2", "regulation": "Time limited", "to_time": "6pm", "rpparea1": "L", "analysis_neighborhood": "Lone Mountain/USF", "days": "M-F", "from_time": "8am", "exceptions": "Yes. RPP holders are exempt from time limits.", "hours": "800-1800"}}, {"type": "Feature", "geometry": {"type": "MultiLineString", "coordinates": [[[-122.443740581, 37.781802888], [-122.443489416, 37.781833998], [-122.443272586, 37.781847982], [-122.443090239, 37.781860673], [-122.442878521, 37.781878138], [-122.442680467, 37.78189727], [-122.442499519, 37.78191711], [-122.442306802, 37.781944149], [-122.442108045, 37.781977775], [-122.441861307, 37.782019516], [-122.44172181, 37.782043116], [-122.441635932, 37.782057644]]]}, "properties": {"hrlimit": "2", "regulation": "Time limited", "to_time": "6pm", "rpparea1": "P", "analysis_neighborhood": "Lone Mountain/USF", "days": "M-F", "from_time": "8am", "exceptions": "Yes. RPP holders are exempt from time limits.", "hours": "800-1800"}}, {"type": "Feature", "geometry": {"type": "MultiLineString", "coordinates": [[[-122.44175108, 37.778218258], [-122.441600877, 37.77747601]]]}, "properties": {"hrlimit": "2", "regulation": "Time limited", "to_time": "6pm", "rpparea1": "P", "analysis_neighborhood": "Western Addition", "days": "M-F", "from_time": "8am", "exceptions": "Yes. RPP holders are exempt from time limits.", "hours": "800-1800"}}, {"type": "Feature", "geometry": {"type": "MultiLineString", "coordinates": [[[-122.430374676, 37.779662102], [-122.430225725, 37.778927636]]]}, "properties": {"hrlimit": "2", "regulation": "Time limited", "to_time": "8pm", "rpparea1": "Q", "analysis_neighborhood": "Western Addition", "days": "M-F", "from_time": "9am", "exceptions": "Yes. RPP holders are exempt from time limits.", "hours": "900-2000"}}, {"type": "Feature", "geometry": {"type": "MultiLineString", "coordinates": [[[-122.431518015, 37.762644151], [-122.430889184, 37.762682196]]]}, "properties": {"hrlimit": "2", "regulation": "Time limited", "to_time": "9pm", "rpparea1": "S", "analysis_neighborhood": "Castro/Upper Market", "days": "M-F", "from_time": "8am", "exceptions": "Yes. RPP holders are exempt from time limits.", "hours": "800-2100"}}, {"type": "Feature", "geometry": {"type": "MultiLineString", "coordinates": [[[-122.433010722, 37.762505324], [-122.432943579, 37.761805352]]]}, "properties": {"hrlimit": "2", "regulation": "Time limited", "to_time": "9pm", "rpparea1": "S", "analysis_neighborhood": "Castro/Upper Market", "days": "M-F", "from_time": "8am", "exceptions": "Yes. RPP holders are exempt from time limits.", "hours": "800-2100"}}, {"type": "Feature", "geometry": {"type": "MultiLineString", "coordinates": [[[-122.433156801, 37.763883497], [-122.433044754, 37.762715429]]]}, "properties": {"hrlimit": "2", "regulation": "Time limited", "to_time": "9pm", "rpparea1": "S", "analysis_neighborhood": "Castro/Upper Market", "days": "M-F", "from_time": "8am", "exceptions": "Yes. RPP holders are exempt from time limits.", "hours": "800-2100"}}, {"type": "Feature", "geometry": {"type": "MultiLineString", "coordinates": [[[-122.429021395, 37.774135005], [-122.427642968, 37.774310515]]]}, "properties": {"hrlimit": "2", "regulation": "Time limited", "to_time": "9pm", "rpparea1": "HV", "analysis_neighborhood": "Hayes Valley", "days": "M-Sa", "from_time": "8am", "exceptions": "Yes. RPP holders are exempt from time limits.", "hours": "900-2100"}}, {"type": "Feature", "geometry": {"type": "MultiLineString", "coordinates": [[[-122.4409981, 37.774499472], [-122.440848154, 37.773756175]]]}, "properties": {"hrlimit": "2", "regulation": "Time limited", "to_time": "6pm", "rpparea1": "Q", "analysis_neighborhood": "Hayes Valley", "days": "M-F", "from_time": "8am", "exceptions": "Yes. RPP holders are exempt from time limits.", "hours": "800-1800"}}, {"type": "Feature", "geometry": {"type": "MultiLineString", "coordinates": [[[-122.432628605, 37.770817822], [-122.432018323, 37.770895969]]]}, "properties": {"hrlimit": "2", "regulation": "Time limited", "to_time": "9pm", "rpparea1": "S", "analysis_neighborhood": "Haight Ashbury", "days": "M-F", "from_time": "8am", "exceptions": "Yes. RPP holders are exempt from time limits.", "hours": "800-2100"}}, {"type": "Feature", "geometry": {"type": "MultiLineString", "coordinates": [[[-122.433930308, 37.760750416], [-122.433807378, 37.759469152]]]}, "properties": {"hrlimit": "2", "regulation": "Time limited", "to_time": "9pm", "rpparea1": "S", "analysis_neighborhood": "Castro/Upper Market", "days": "M-F", "from_time": "8am", "exceptions": "Yes. RPP holders are exempt from time limits.", "hours": "800-2100"}}, {"type": "Feature", "geometry": {"type": "MultiLineString", "coordinates": [[[-122.437226071, 37.761755033], [-122.43715591, 37.761016416]]]}, "properties": {"hrlimit": "2", "regulation": "Time limited", "to_time": "9pm", "rpparea1": "S", "analysis_neighborhood": "Castro/Upper Market", "days": "M-F", "from_time": "8am", "exceptions": "Yes. RPP holders are exempt from time limits.", "hours": "800-2100"}}, {"type": "Feature", "geometry": {"type": "MultiLineString", "coordinates": [[[-122.438400618, 37.76864473], [-122.438260924, 37.767165488]]]}, "properties": {"hrlimit": "2", "regulation": "Time limited", "to_time": "9pm", "rpparea1": "S", "analysis_neighborhood": "Castro/Upper Market", "days": "M-F", "from_time": "8am", "exceptions": "Yes. RPP holders are exempt from time limits.", "hours": "800-2100"}}, {"type": "Feature", "geometry": {"type": "MultiLineString", "coordinates": [[[-122.452434953, 37.764472561], [-122.451328149, 37.76461374]]]}, "properties": {"hrlimit": "2", "regulation": "Time limited", "to_time": "5pm", "rpparea1": "J", "analysis_neighborhood": "Haight Ashbury", "days": "M-F", "from_time": "8am", "exceptions": "Yes. RPP holders are exempt from time limits.", "hours": "800-1700"}}, {"type": "Feature", "geometry": {"type": "MultiLineString", "coordinates": [[[-122.447108085, 37.778481822], [-122.446969527, 37.777805165]]]}, "properties": {"hrlimit": "2", "regulation": "Time limited", "to_time": "8pm", "rpparea1": "BB", "analysis_neighborhood": "Lone Mountain/USF", "days": "M-F", "from_time": "8am", "exceptions": "Yes. RPP holders are exempt from time limits.", "hours": "800-2000"}}, {"type": "Feature", "geometry": {"type": "MultiLineString", "coordinates": [[[-122.456239492, 37.7746713], [-122.456383669, 37.775379705]]]}, "properties": {"hrlimit": "2", "regulation": "Time limited", "to_time": "6pm", "rpparea1": "L", "analysis_neighborhood": "Lone Mountain/USF", "days": "M-F", "from_time": "8am", "exceptions": "Yes. RPP holders are exempt from time limits.", "hours": "800-1800"}}, {"type": "Feature", "geometry": {"type": "MultiLineString", "coordinates": [[[-122.449393666, 37.783731895], [-122.448132058, 37.784030721]]]}, "properties": {"hrlimit": "2", "regulation": "Time limited", "to_time": "6pm", "rpparea1": "L", "analysis_neighborhood": "Presidio Heights", "days": "M-F", "from_time": "8am", "exceptions": "Yes. RPP holders are exempt from time limits.", "hours": "800-1800"}}, {"type": "Feature", "geometry": {"type": "MultiLineString", "coordinates": [[[-122.457997763, 37.78375302], [-122.457931804, 37.782851758]]]}, "properties": {"hrlimit": "2", "regulation": "Time limited", "to_time": "6pm", "rpparea1": "F", "analysis_neighborhood": "Presidio Heights", "days": "M-F", "from_time": "8am", "exceptions": "Yes. RPP holders are exempt from time limits.", "hours": "800-1800"}}, {"type": "Feature", "geometry": {"type": "MultiLineString", "coordinates": [[[-122.442014087, 37.781383541], [-122.441946718, 37.781229663], [-122.44185843, 37.781004182], [-122.441769486, 37.780715109], [-122.441738675, 37.780588399], [-122.441698481, 37.780378599], [-122.44167717, 37.780221824], [-122.441663547, 37.780070313], [-122.441657637, 37.779911315], [-122.441660069, 37.779882843]]]}, "properties": {"hrlimit": "2", "regulation": "Time limited", "to_time": "6pm", "rpparea1": "P", "analysis_neighborhood": "Lone Mountain/USF", "days": "M-F", "from_time": "8am", "exceptions": "Yes. RPP holders are exempt from time limits.", "hours": "800-1800"}}, {"type": "Feature", "geometry": {"type": "MultiLineString", "coordinates": [[[-122.446050743, 37.775922752], [-122.444908153, 37.776068077]]]}, "properties": {"hrlimit": "2", "regulation": "Time limited", "to_time": "6pm", "rpparea1": "P", "analysis_neighborhood": "Lone Mountain/USF", "days": "M-F", "from_time": "8am", "exceptions": "Yes. RPP holders are exempt from time limits.", "hours": "800-1800"}}, {"type": "Feature", "geometry": {"type": "MultiLineString", "coordinates": [[[-122.441561706, 37.782022144], [-122.441431467, 37.781377885]]]}, "properties": {"hrlimit": "2", "regulation": "Time limited", "to_time": "6pm", "rpparea1": "P", "analysis_neighborhood": "Lone Mountain/USF", "days": "M-F", "from_time": "8am", "exceptions": "Yes. RPP holders are exempt from time limits.", "hours": "800-1800"}}, {"type": "Feature", "geometry": {"type": "MultiLineString", "coordinates": [[[-122.439183136, 37.773925997], [-122.438132606, 37.77406066]]]}, "properties": {"hrlimit": "4", "regulation": "Time limited", "to_time": "8pm", "rpparea1": "Q", "analysis_neighborhood": "Hayes Valley", "days": "M-F", "from_time": "9am", "exceptions": "Yes. RPP holders are exempt from time limits.", "hours": "900-2000"}}, {"type": "Feature", "geometry": {"type": "MultiLineString", "coordinates": [[[-122.452673762, 37.774004442], [-122.451283745, 37.774181262]]]}, "properties": {"hrlimit": "2", "regulation": "Time limited", "to_time": "6pm", "rpparea1": "L", "analysis_neighborhood": "Lone Mountain/USF", "days": "M-F", "from_time": "8am", "exceptions": "Yes. RPP holders are exempt from time limits.", "hours": "800-1800"}}, {"type": "Feature", "geometry": {"type": "MultiLineString", "coordinates": [[[-122.445325321, 37.762017525], [-122.445011845, 37.762376549], [-122.444713628, 37.762547478], [-122.444719937, 37.762544092]]]}, "properties": {"hrlimit": "2", "regulation": "Time limited", "to_time": "9pm", "rpparea1": "S", "analysis_neighborhood": "Castro/Upper Market", "days": "M-F", "from_time": "8am", "exceptions": "Yes. RPP holders are exempt from time limits.", "hours": "800-2100"}}, {"type": "Feature", "geometry": {"type": "MultiLineString", "coordinates": [[[-122.440075063, 37.762244595], [-122.439589202, 37.762274713]]]}, "properties": {"hrlimit": "2", "regulation": "Time limited", "to_time": "9pm", "rpparea1": "S", "analysis_neighborhood": "Castro/Upper Market", "days": "M-F", "from_time": "8am", "exceptions": "Yes. RPP holders are exempt from time limits.", "hours": "800-2100"}}, {"type": "Feature", "geometry": {"type": "MultiLineString", "coordinates": [[[-122.433170496, 37.765780401], [-122.433085684, 37.764896273]]]}, "properties": {"hrlimit": "2", "regulation": "Time limited", "to_time": "9pm", "rpparea1": "S", "analysis_neighborhood": "Castro/Upper Market", "days": "M-F", "from_time": "8am", "exceptions": "Yes. RPP holders are exempt from time limits.", "hours": "800-2100"}}, {"type": "Feature", "geometry": {"type": "MultiLineString", "coordinates": [[[-122.438823073, 37.779524206], [-122.438680838, 37.778813122]]]}, "properties": {"hrlimit": "2", "regulation": "Time limited", "to_time": "6pm", "rpparea1": "P", "analysis_neighborhood": "Western Addition", "days": "M-F", "from_time": "8am", "exceptions": "Yes. RPP holders are exempt from time limits.", "hours": "800-1800"}}, {"type": "Feature", "geometry": {"type": "MultiLineString", "coordinates": [[[-122.452537012, 37.773012697], [-122.452383968, 37.77226902]]]}, "properties": {"hrlimit": "2", "regulation": "Time limited", "to_time": "6pm", "rpparea1": "L", "analysis_neighborhood": "Lone Mountain/USF", "days": "M-F", "from_time": "8am", "exceptions": "Yes. RPP holders are exempt from time limits.", "hours": "800-1800"}}, {"type": "Feature", "geometry": {"type": "MultiLineString", "coordinates": [[[-122.43512827, 37.779227], [-122.433726995, 37.779405629]]]}, "properties": {"hrlimit": "4", "regulation": "Time limited", "to_time": "8pm", "rpparea1": "Q", "analysis_neighborhood": "Western Addition", "days": "M-F", "from_time": "9am", "exceptions": "Yes. RPP holders are exempt from time limits.", "hours": "900-2000"}}, {"type": "Feature", "geometry": {"type": "MultiLineString", "coordinates": [[[-122.449182922, 37.762500259], [-122.44806187, 37.762640142]]]}, "properties": {"hrlimit": "2", "regulation": "Time limited", "to_time": "5pm", "rpparea1": "J", "analysis_neighborhood": "Haight Ashbury", "days": "M-F", "from_time": "8am", "exceptions": "Yes. RPP holders are exempt from time limits.", "hours": "800-1700"}}, {"type": "Feature", "geometry": {"type": "MultiLineString", "coordinates": [[[-122.431483669, 37.76276786], [-122.430898614, 37.762802815]]]}, "properties": {"hrlimit": "2", "regulation": "Time limited", "to_time": "9pm", "rpparea1": "S", "analysis_neighborhood": "Castro/Upper Market", "days": "M-F", "from_time": "8am", "exceptions": "Yes. RPP holders are exempt from time limits.", "hours": "800-2100"}}, {"type": "Feature", "geometry": {"type": "MultiLineString", "coordinates": [[[-122.452624399, 37.765405243], [-122.451520273, 37.765546844]]]}, "properties": {"hrlimit": "2", "regulation": "Time limited", "to_time": "5pm", "rpparea1": "J", "analysis_neighborhood": "Haight Ashbury", "days": "M-F", "from_time": "8am", "exceptions": "Yes. RPP holders are exempt from time limits.", "hours": "800-1700"}}, {"type": "Feature", "geometry": {"type": "MultiLineString", "coordinates": [[[-122.439071734, 37.769957464], [-122.438792946, 37.769740689], [-122.438726706, 37.769675232], [-122.438208189, 37.769123189]]]}, "properties": {"hrlimit": "2", "regulation": "Time limited", "to_time": "9pm", "rpparea1": "S", "analysis_neighborhood": "Haight Ashbury", "days": "M-F", "from_time": "8am", "exceptions": "Yes. RPP holders are exempt from time limits.", "hours": "800-2100"}}, {"type": "Feature", "geometry": {"type": "MultiLineString", "coordinates": [[[-122.433004791, 37.76405299], [-122.432879005, 37.762741673]]]}, "properties": {"hrlimit": "2", "regulation": "Time limited", "to_time": "9pm", "rpparea1": "S", "analysis_neighborhood": "Castro/Upper Market", "days": "M-F", "from_time": "8am", "exceptions": "Yes. RPP holders are exempt from time limits.", "hours": "800-2100"}}, {"type": "Feature", "geometry": {"type": "MultiLineString", "coordinates": [[[-122.45848546, 37.777355004], [-122.458535823, 37.777914177]]]}, "properties": {"hrlimit": "2", "regulation": "Time limited", "to_time": "6pm", "rpparea1": "L", "analysis_neighborhood": "Lone Mountain/USF", "days": "M-F", "from_time": "8am", "exceptions": "Yes. RPP holders are exempt from time limits.", "hours": "800-1800"}}, {"type": "Feature", "geometry": {"type": "MultiLineString", "coordinates": [[[-122.455529618, 37.779936315], [-122.454910927, 37.780022657]]]}, "properties": {"hrlimit": "2", "regulation": "Time limited", "to_time": "6pm", "rpparea1": "L", "analysis_neighborhood": "Lone Mountain/USF", "days": "M-F", "from_time": "8am", "exceptions": "Yes. RPP holders are exempt from time limits.", "hours": "800-1800"}}, {"type": "Feature", "geometry": {"type": "MultiLineString", "coordinates": [[[-122.442217503, 37.78146543], [-122.442257311, 37.781475057], [-122.442796906, 37.78142784], [-122.442831818, 37.781412226]]]}, "properties": {"hrlimit": "2", "regulation": "Time limited", "to_time": "6pm", "rpparea1": "P", "analysis_neighborhood": "Lone Mountain/USF", "days": "M-F", "from_time": "8am", "exceptions": "Yes. RPP holders are exempt from time limits.", "hours": "800-1800"}}, {"type": "Feature", "geometry": {"type": "MultiLineString", "coordinates": [[[-122.44194436, 37.778199754], [-122.441791864, 37.777450018]]]}, "properties": {"hrlimit": "2", "regulation": "Time limited", "to_time": "6pm", "rpparea1": "P", "analysis_neighborhood": "Lone Mountain/USF", "days": "M-F", "from_time": "8am", "exceptions": "Yes. RPP holders are exempt from time limits.", "hours": "800-1800"}}, {"type": "Feature", "geometry": {"type": "MultiLineString", "coordinates": [[[-122.444603523, 37.783153393], [-122.444688857, 37.783577092]]]}, "properties": {"hrlimit": "2", "regulation": "Time limited", "to_time": "6pm", "rpparea1": "G", "analysis_neighborhood": "Presidio Heights", "days": "M-F", "from_time": "8am", "exceptions": "Yes. RPP holders are exempt from time limits.", "hours": "800-1800"}}, {"type": "Feature", "geometry": {"type": "MultiLineString", "coordinates": [[[-122.438788644, 37.780656968], [-122.437383173, 37.780836711]]]}, "properties": {"hrlimit": "2", "regulation": "Time limited", "to_time": "6pm", "rpparea1": "P", "analysis_neighborhood": "Western Addition", "days": "M-F", "from_time": "8am", "exceptions": "Yes. RPP holders are exempt from time limits.", "hours": "800-1800"}}, {"type": "Feature", "geometry": {"type": "MultiLineString", "coordinates": [[[-122.43768731, 37.782569333], [-122.437676303, 37.782534604], [-122.437532792, 37.781822534]]]}, "properties": {"hrlimit": "2", "regulation": "Time limited", "to_time": "6pm", "rpparea1": "P", "analysis_neighborhood": "Western Addition", "days": "M-F", "from_time": "8am", "exceptions": "Yes. RPP holders are exempt from time limits.", "hours": "800-1800"}}, {"type": "Feature", "geometry": {"type": "MultiLineString", "coordinates": [[[-122.430523506, 37.773106747], [-122.429128106, 37.77328499]]]}, "properties": {"hrlimit": "2", "regulation": "Time limited", "to_time": "8pm", "rpparea1": "Q", "analysis_neighborhood": "Hayes Valley", "days": "M-F", "from_time": "9am", "exceptions": "Yes. RPP holders are exempt from time limits.", "hours": "0900-2000"}}, {"type": "Feature", "geometry": {"type": "LineString", "coordinates": [[-122.450774138, 37.772298937], [-122.449128464, 37.772509679]]}, "properties": {"hrlimit": "0", "regulation": "No oversized vehicles", "to_time": "6am", "rpparea1": null, "analysis_neighborhood": "Golden Gate Park", "days": "M-Su", "from_time": "12am", "exceptions": "Yes. Typical passenger vehicles are exempt.", "hours": "2400-600", "nearMeter": false}}, {"type": "Feature", "geometry": {"type": "MultiLineString", "coordinates": [[[-122.45884275, 37.766165084], [-122.458652372, 37.766173764], [-122.458346984, 37.766134701], [-122.457948732, 37.766004131]]]}, "properties": {"hrlimit": "2", "regulation": "Time limited", "to_time": "6pm", "rpparea1": "J", "analysis_neighborhood": "Inner Sunset", "days": "M-F", "from_time": "8am", "exceptions": "Yes. RPP holders are exempt from time limits.", "hours": "800-1800"}}, {"type": "Feature", "geometry": {"type": "MultiLineString", "coordinates": [[[-122.432560098, 37.760186075], [-122.430625851, 37.760302667]]]}, "properties": {"hrlimit": "2", "regulation": "Time limited", "to_time": "9pm", "rpparea1": "S", "analysis_neighborhood": "Castro/Upper Market", "days": "M-F", "from_time": "8am", "exceptions": "Yes. RPP holders are exempt from time limits.", "hours": "800-2100"}}, {"type": "Feature", "geometry": {"type": "MultiLineString", "coordinates": [[[-122.443209426, 37.777232474], [-122.441856596, 37.777404445]]]}, "properties": {"hrlimit": "2", "regulation": "Time limited", "to_time": "6pm", "rpparea1": "P", "analysis_neighborhood": "Lone Mountain/USF", "days": "M-F", "from_time": "8am", "exceptions": "Yes. RPP holders are exempt from time limits.", "hours": "800-1800"}}, {"type": "Feature", "geometry": {"type": "MultiLineString", "coordinates": [[[-122.442591676, 37.779640229], [-122.442451317, 37.779657905], [-122.442290402, 37.779685149], [-122.442151993, 37.779713462], [-122.44192289, 37.779769494]]]}, "properties": {"hrlimit": "2", "regulation": "Time limited", "to_time": "6pm", "rpparea1": "P", "analysis_neighborhood": "Lone Mountain/USF", "days": "M-F", "from_time": "8am", "exceptions": "Yes. RPP holders are exempt from time limits.", "hours": "800-1800"}}, {"type": "Feature", "geometry": {"type": "MultiLineString", "coordinates": [[[-122.430691405, 37.772924561], [-122.430585402, 37.772397583]]]}, "properties": {"hrlimit": "2", "regulation": "Time limited", "to_time": "8pm", "rpparea1": "Q", "analysis_neighborhood": "Hayes Valley", "days": "M-F", "from_time": "9am", "exceptions": "Yes. RPP holders are exempt from time limits.", "hours": "900-2000"}}, {"type": "Feature", "geometry": {"type": "MultiLineString", "coordinates": [[[-122.429392957, 37.775999787], [-122.428014497, 37.776175302]]]}, "properties": {"hrlimit": "2", "regulation": "Time limited", "to_time": "9pm", "rpparea1": "HV", "analysis_neighborhood": "Hayes Valley", "days": "M-Sa", "from_time": "8am", "exceptions": "Yes. RPP holders are exempt from time limits.", "hours": "900-2100"}}, {"type": "Feature", "geometry": {"type": "MultiLineString", "coordinates": [[[-122.432545032, 37.774773626], [-122.431180086, 37.774947695]]]}, "properties": {"hrlimit": "2", "regulation": "Time limited", "to_time": "8pm", "rpparea1": "Q", "analysis_neighborhood": "Hayes Valley", "days": "M-F", "from_time": "9am", "exceptions": "Yes. RPP holders are exempt from time limits.", "hours": "900-2000"}}, {"type": "Feature", "geometry": {"type": "LineString", "coordinates": [[-122.453918696, 37.771870466], [-122.45388562, 37.77189647], [-122.453861936, 37.771899345], [-122.453577729, 37.771933851]]}, "properties": {"hrlimit": "0", "regulation": "No oversized vehicles", "to_time": "6am", "rpparea1": null, "analysis_neighborhood": "Golden Gate Park", "days": "M-Su", "from_time": "12am", "exceptions": "Yes. Typical passenger vehicles are exempt.", "hours": "2400-600", "nearMeter": false}}, {"type": "Feature", "geometry": {"type": "MultiLineString", "coordinates": [[[-122.438471583, 37.782630627], [-122.437782095, 37.782718633]]]}, "properties": {"hrlimit": "2", "regulation": "Time limited", "to_time": "6pm", "rpparea1": "P", "analysis_neighborhood": "Western Addition", "days": "M-F", "from_time": "8am", "exceptions": "Yes. RPP holders are exempt from time limits.", "hours": "800-1800"}}, {"type": "Feature", "geometry": {"type": "MultiLineString", "coordinates": [[[-122.443992171, 37.761335541], [-122.443580018, 37.761480825], [-122.44300438, 37.761742471], [-122.442943918, 37.76176347]]]}, "properties": {"hrlimit": "2", "regulation": "Time limited", "to_time": "5pm", "rpparea1": "S", "analysis_neighborhood": "Castro/Upper Market", "days": "M-F", "from_time": "8am", "exceptions": "Yes. RPP holders are exempt from time limits.", "hours": "800-1700"}}, {"type": "Feature", "geometry": {"type": "MultiLineString", "coordinates": [[[-122.438258874, 37.76714378], [-122.438230341, 37.76682653]]]}, "properties": {"hrlimit": "2", "regulation": "Time limited", "to_time": "9pm", "rpparea1": "S", "analysis_neighborhood": "Castro/Upper Market", "days": "M-F", "from_time": "8am", "exceptions": "Yes. RPP holders are exempt from time limits.", "hours": "800-2100"}}, {"type": "Feature", "geometry": {"type": "MultiLineString", "coordinates": [[[-122.450338559, 37.760640426], [-122.450224846, 37.76008121], [-122.449291868, 37.759683737]]]}, "properties": {"hrlimit": "2", "regulation": "Time limited", "to_time": "6pm", "rpparea1": "J", "analysis_neighborhood": "Inner Sunset", "days": "M-F", "from_time": "8am", "exceptions": "Yes. RPP holders are exempt from time limits.", "hours": "800-1800"}}, {"type": "Feature", "geometry": {"type": "MultiLineString", "coordinates": [[[-122.440173292, 37.761717458], [-122.440128974, 37.761260993]]]}, "properties": {"hrlimit": "2", "regulation": "Time limited", "to_time": "9pm", "rpparea1": "S", "analysis_neighborhood": "Castro/Upper Market", "days": "M-F", "from_time": "8am", "exceptions": "Yes. RPP holders are exempt from time limits.", "hours": "800-2100"}}, {"type": "Feature", "geometry": {"type": "MultiLineString", "coordinates": [[[-122.43929901, 37.783187376], [-122.438934407, 37.783233996], [-122.438822941, 37.783261337], [-122.438721081, 37.783293505], [-122.438619054, 37.783332426], [-122.438488814, 37.783392826], [-122.438349642, 37.783458214], [-122.438219228, 37.783508258], [-122.43811506, 37.783542324], [-122.437983075, 37.783575489], [-122.437943791, 37.783582879]]]}, "properties": {"hrlimit": "2", "regulation": "Time limited", "to_time": "6pm", "rpparea1": "P", "analysis_neighborhood": "Western Addition", "days": "M-F", "from_time": "8am", "exceptions": "Yes. RPP holders are exempt from time limits.", "hours": "800-1800"}}, {"type": "Feature", "geometry": {"type": "MultiLineString", "coordinates": [[[-122.450037111, 37.766802106], [-122.449178178, 37.766913631]]]}, "properties": {"hrlimit": "2", "regulation": "Time limited", "to_time": "5pm", "rpparea1": "J", "analysis_neighborhood": "Haight Ashbury", "days": "M-F", "from_time": "8am", "exceptions": "Yes. RPP holders are exempt from time limits.", "hours": "800-1700"}}, {"type": "Feature", "geometry": {"type": "MultiLineString", "coordinates": [[[-122.439656391, 37.763429578], [-122.439551913, 37.762317771]]]}, "properties": {"hrlimit": "2", "regulation": "Time limited", "to_time": "9pm", "rpparea1": "S", "analysis_neighborhood": "Castro/Upper Market", "days": "M-F", "from_time": "8am", "exceptions": "Yes. RPP holders are exempt from time limits.", "hours": "800-2100"}}, {"type": "Feature", "geometry": {"type": "MultiLineString", "coordinates": [[[-122.432796917, 37.760276344], [-122.432858867, 37.760922198]]]}, "properties": {"hrlimit": "2", "regulation": "Time limited", "to_time": "9pm", "rpparea1": "S", "analysis_neighborhood": "Castro/Upper Market", "days": "M-F", "from_time": "8am", "exceptions": "Yes. RPP holders are exempt from time limits.", "hours": "800-2100"}}, {"type": "Feature", "geometry": {"type": "MultiLineString", "coordinates": [[[-122.452840034, 37.774505025], [-122.452750989, 37.774119485]]]}, "properties": {"hrlimit": "2", "regulation": "Time limited", "to_time": "6pm", "rpparea1": "L", "analysis_neighborhood": "Lone Mountain/USF", "days": "M-F", "from_time": "8am", "exceptions": "Yes. RPP holders are exempt from time limits.", "hours": "800-1800"}}, {"type": "Feature", "geometry": {"type": "MultiLineString", "coordinates": [[[-122.443233957, 37.777068756], [-122.44308623, 37.776335965]]]}, "properties": {"hrlimit": "2", "regulation": "Time limited", "to_time": "6pm", "rpparea1": "P", "analysis_neighborhood": "Lone Mountain/USF", "days": "M-F", "from_time": "8am", "exceptions": "Yes. RPP holders are exempt from time limits.", "hours": "800-1800"}}, {"type": "Feature", "geometry": {"type": "MultiLineString", "coordinates": [[[-122.441448013, 37.782084594], [-122.441298076, 37.781342448]]]}, "properties": {"hrlimit": "2", "regulation": "Time limited", "to_time": "6pm", "rpparea1": "P", "analysis_neighborhood": "Western Addition", "days": "M-F", "from_time": "8am", "exceptions": "Yes. RPP holders are exempt from time limits.", "hours": "800-1800"}}, {"type": "Feature", "geometry": {"type": "MultiLineString", "coordinates": [[[-122.429688133, 37.777804157], [-122.429540478, 37.777074844]]]}, "properties": {"hrlimit": "2", "regulation": "Time limited", "to_time": "8pm", "rpparea1": "HV", "analysis_neighborhood": "Hayes Valley", "days": "M-Sa", "from_time": "9am", "exceptions": "Yes. RPP holders are exempt from time limits.", "hours": "900-2100"}}, {"type": "Feature", "geometry": {"type": "MultiLineString", "coordinates": [[[-122.447922373, 37.774563532], [-122.447773006, 37.77383408]]]}, "properties": {"hrlimit": "2", "regulation": "Time limited", "to_time": "6pm", "rpparea1": "L", "analysis_neighborhood": "Lone Mountain/USF", "days": "M-F", "from_time": "8am", "exceptions": "Yes. RPP holders are exempt from time limits.", "hours": "800-1800"}}, {"type": "Feature", "geometry": {"type": "LineString", "coordinates": [[-122.434253254, 37.775500032], [-122.433238713, 37.775629362]]}, "properties": {"hrlimit": "2", "regulation": "Time limited", "to_time": "8pm", "rpparea1": null, "analysis_neighborhood": "Hayes Valley", "days": "M-F", "from_time": "9am", "exceptions": "None. Regulation applies to all vehicles.", "hours": "900-2000", "nearMeter": false}}, {"type": "Feature", "geometry": {"type": "MultiLineString", "coordinates": [[[-122.43059419, 37.782543321], [-122.429844546, 37.782638851]]]}, "properties": {"hrlimit": "2", "regulation": "Time limited", "to_time": "6pm", "rpparea1": "R", "analysis_neighborhood": "Western Addition", "days": "M-Sa", "from_time": "9am", "exceptions": "Yes. RPP holders are exempt from time limits.", "hours": "900-1800"}}, {"type": "Feature", "geometry": {"type": "MultiLineString", "coordinates": [[[-122.435472256, 37.764918728], [-122.435407145, 37.764214598]]]}, "properties": {"hrlimit": "2", "regulation": "Time limited", "to_time": "9pm", "rpparea1": "S", "analysis_neighborhood": "Castro/Upper Market", "days": "M-F", "from_time": "8am", "exceptions": "Yes. RPP holders are exempt from time limits.", "hours": "800-2100"}}, {"type": "Feature", "geometry": {"type": "MultiLineString", "coordinates": [[[-122.447909124, 37.778370091], [-122.447767558, 37.777678769], [-122.447767946, 37.777680667]]]}, "properties": {"hrlimit": "2", "regulation": "Time limited", "to_time": "8pm", "rpparea1": "BB", "analysis_neighborhood": "Lone Mountain/USF", "days": "M-F", "from_time": "8am", "exceptions": "Yes. RPP holders are exempt from time limits.", "hours": "800-2000"}}, {"type": "Feature", "geometry": {"type": "MultiLineString", "coordinates": [[[-122.429238394, 37.774038213], [-122.429097047, 37.773337369]]]}, "properties": {"hrlimit": "2", "regulation": "Time limited", "to_time": "8pm", "rpparea1": "Q", "analysis_neighborhood": "Hayes Valley", "days": "M-F", "from_time": "9am", "exceptions": "Yes. RPP holders are exempt from time limits.", "hours": "0900-2000"}}, {"type": "Feature", "geometry": {"type": "MultiLineString", "coordinates": [[[-122.444266484, 37.760559565], [-122.444200723, 37.760714296], [-122.444203697, 37.76085409], [-122.444218569, 37.76100578], [-122.444179903, 37.761097984], [-122.444066878, 37.761202086]]]}, "properties": {"hrlimit": "2", "regulation": "Time limited", "to_time": "5pm", "rpparea1": "S", "analysis_neighborhood": "Castro/Upper Market", "days": "M-F", "from_time": "8am", "exceptions": "Yes. RPP holders are exempt from time limits.", "hours": "800-1700"}}, {"type": "Feature", "geometry": {"type": "MultiLineString", "coordinates": [[[-122.434205218, 37.769902305], [-122.43433676, 37.770557192]]]}, "properties": {"hrlimit": "2", "regulation": "Time limited", "to_time": "9pm", "rpparea1": "S", "analysis_neighborhood": "Haight Ashbury", "days": "M-F", "from_time": "8am", "exceptions": "Yes. RPP holders are exempt from time limits.", "hours": "800-2100"}}, {"type": "Feature", "geometry": {"type": "MultiLineString", "coordinates": [[[-122.432724159, 37.761782521], [-122.430796411, 37.761898721]]]}, "properties": {"hrlimit": "2", "regulation": "Time limited", "to_time": "9pm", "rpparea1": "S", "analysis_neighborhood": "Castro/Upper Market", "days": "M-F", "from_time": "8am", "exceptions": "Yes. RPP holders are exempt from time limits.", "hours": "800-2100"}}, {"type": "Feature", "geometry": {"type": "MultiLineString", "coordinates": [[[-122.430794711, 37.764266516], [-122.430662929, 37.762892261]]]}, "properties": {"hrlimit": "2", "regulation": "Time limited", "to_time": "9pm", "rpparea1": "S", "analysis_neighborhood": "Castro/Upper Market", "days": "M-F", "from_time": "8am", "exceptions": "Yes. RPP holders are exempt from time limits.", "hours": "800-2100"}}, {"type": "Feature", "geometry": {"type": "MultiLineString", "coordinates": [[[-122.431813625, 37.771031837], [-122.430383248, 37.771214076]]]}, "properties": {"hrlimit": "2", "regulation": "Time limited", "to_time": "9pm", "rpparea1": "S", "analysis_neighborhood": "Hayes Valley", "days": "M-F", "from_time": "8am", "exceptions": "Yes. RPP holders are exempt from time limits.", "hours": "800-2100"}}, {"type": "Feature", "geometry": {"type": "MultiLineString", "coordinates": [[[-122.442547507, 37.77334395], [-122.441081116, 37.773532825]]]}, "properties": {"hrlimit": "2", "regulation": "Time limited", "to_time": "6pm", "rpparea1": "Q", "analysis_neighborhood": "Golden Gate Park", "days": "M-F", "from_time": "8am", "exceptions": "Yes. RPP holders are exempt from time limits.", "hours": "800-1800"}}, {"type": "Feature", "geometry": {"type": "MultiLineString", "coordinates": [[[-122.441590941, 37.760395503], [-122.441530675, 37.759732865]]]}, "properties": {"hrlimit": "2", "regulation": "Time limited", "to_time": "9pm", "rpparea1": "S", "analysis_neighborhood": "Castro/Upper Market", "days": "M-F", "from_time": "8am", "exceptions": "Yes. RPP holders are exempt from time limits.", "hours": "800-2100"}}, {"type": "Feature", "geometry": {"type": "MultiLineString", "coordinates": [[[-122.42974059, 37.764373657], [-122.429505979, 37.764387848]]]}, "properties": {"hrlimit": "2", "regulation": "Time limited", "to_time": "9pm", "rpparea1": "S", "analysis_neighborhood": "Castro/Upper Market", "days": "M-F", "from_time": "8am", "exceptions": "Yes. RPP holders are exempt from time limits.", "hours": "800-2100"}}, {"type": "Feature", "geometry": {"type": "MultiLineString", "coordinates": [[[-122.43159892, 37.769995065], [-122.430179306, 37.770175742]]]}, "properties": {"hrlimit": "2", "regulation": "Time limited", "to_time": "9pm", "rpparea1": "S", "analysis_neighborhood": "Hayes Valley", "days": "M-F", "from_time": "8am", "exceptions": "Yes. RPP holders are exempt from time limits.", "hours": "800-2100"}}, {"type": "Feature", "geometry": {"type": "MultiLineString", "coordinates": [[[-122.449513162, 37.763931513], [-122.449377768, 37.76326596]]]}, "properties": {"hrlimit": "2", "regulation": "Time limited", "to_time": "5pm", "rpparea1": "J", "analysis_neighborhood": "Haight Ashbury", "days": "M-F", "from_time": "8am", "exceptions": "Yes. RPP holders are exempt from time limits.", "hours": "800-1700"}}, {"type": "Feature", "geometry": {"type": "MultiLineString", "coordinates": [[[-122.452339025, 37.777791713], [-122.452186925, 37.777087869]]]}, "properties": {"hrlimit": "2", "regulation": "Time limited", "to_time": "8pm", "rpparea1": "BB", "analysis_neighborhood": "Lone Mountain/USF", "days": "M-F", "from_time": "8am", "exceptions": "Yes. RPP holders are exempt from time limits.", "hours": "800-2000"}}, {"type": "Feature", "geometry": {"type": "MultiLineString", "coordinates": [[[-122.435994001, 37.775170265], [-122.434601857, 37.775347806]]]}, "properties": {"hrlimit": "2", "regulation": "Time limited", "to_time": "8pm", "rpparea1": "Q", "analysis_neighborhood": "Hayes Valley", "days": "M-F", "from_time": "9am", "exceptions": "Yes. RPP holders are exempt from time limits.", "hours": "900-2000"}}, {"type": "Feature", "geometry": {"type": "MultiLineString", "coordinates": [[[-122.429432581, 37.774998727], [-122.429358693, 37.77463469]]]}, "properties": {"hrlimit": "2", "regulation": "Time limited", "to_time": "8pm", "rpparea1": "Q", "analysis_neighborhood": "Hayes Valley", "days": "M-F", "from_time": "9am", "exceptions": "Yes. RPP holders are exempt from time limits.", "hours": "0900-2000"}}, {"type": "Feature", "geometry": {"type": "MultiLineString", "coordinates": [[[-122.431102168, 37.775749648], [-122.430956609, 37.775022396]]]}, "properties": {"hrlimit": "2", "regulation": "Time limited", "to_time": "8pm", "rpparea1": "Q", "analysis_neighborhood": "Hayes Valley", "days": "M-F", "from_time": "9am", "exceptions": "Yes. RPP holders are exempt from time limits.", "hours": "0900-2000"}}, {"type": "Feature", "geometry": {"type": "MultiLineString", "coordinates": [[[-122.437457683, 37.775089505], [-122.43653079, 37.775208287]]]}, "properties": {"hrlimit": "2", "regulation": "Time limited", "to_time": "8pm", "rpparea1": "Q", "analysis_neighborhood": "Hayes Valley", "days": "M-F", "from_time": "9am", "exceptions": "Yes. RPP holders are exempt from time limits.", "hours": "900-2000"}}, {"type": "Feature", "geometry": {"type": "MultiLineString", "coordinates": [[[-122.450615055, 37.768686937], [-122.450689144, 37.769113975]]]}, "properties": {"hrlimit": "2", "regulation": "Time limited", "to_time": "9pm", "rpparea1": "J", "analysis_neighborhood": "Haight Ashbury", "days": "M-Su", "from_time": "7am", "exceptions": "Yes. RPP holders are exempt from time limits.", "hours": "700-2100"}}, {"type": "Feature", "geometry": {"type": "MultiLineString", "coordinates": [[[-122.457918941, 37.76594958], [-122.457884825, 37.765417028]]]}, "properties": {"hrlimit": "2", "regulation": "Time limited", "to_time": "5pm", "rpparea1": "J", "analysis_neighborhood": "Inner Sunset", "days": "M-F", "from_time": "8am", "exceptions": "Yes. RPP holders are exempt from time limits.", "hours": "800-1700"}}, {"type": "Feature", "geometry": {"type": "MultiLineString", "coordinates": [[[-122.451173561, 37.764798198], [-122.451323697, 37.765536433]]]}, "properties": {"hrlimit": "2", "regulation": "Time limited", "to_time": "5pm", "rpparea1": "J", "analysis_neighborhood": "Haight Ashbury", "days": "M-F", "from_time": "8am", "exceptions": "Yes. RPP holders are exempt from time limits.", "hours": "800-1700"}}, {"type": "Feature", "geometry": {"type": "MultiLineString", "coordinates": [[[-122.432520626, 37.773660562], [-122.432507994, 37.773623101], [-122.432365623, 37.772916618]]]}, "properties": {"hrlimit": "2", "regulation": "Time limited", "to_time": "8pm", "rpparea1": "Q", "analysis_neighborhood": "Haight Ashbury", "days": "M-F", "from_time": "9am", "exceptions": "Yes. RPP holders are exempt from time limits.", "hours": "900-2000"}}, {"type": "Feature", "geometry": {"type": "MultiLineString", "coordinates": [[[-122.451028355, 37.773219111], [-122.450875365, 37.772472112]]]}, "properties": {"hrlimit": "2", "regulation": "Time limited", "to_time": "6pm", "rpparea1": "L", "analysis_neighborhood": "Lone Mountain/USF", "days": "M-F", "from_time": "8am", "exceptions": "Yes. RPP holders are exempt from time limits.", "hours": "800-1800"}}, {"type": "Feature", "geometry": {"type": "MultiLineString", "coordinates": [[[-122.435132735, 37.770659513], [-122.435280441, 37.771393463]]]}, "properties": {"hrlimit": "2", "regulation": "Time limited", "to_time": "9pm", "rpparea1": "S", "analysis_neighborhood": "Haight Ashbury", "days": "M-F", "from_time": "8am", "exceptions": "Yes. RPP holders are exempt from time limits.", "hours": "800-2100"}}, {"type": "Feature", "geometry": {"type": "MultiLineString", "coordinates": [[[-122.432061456, 37.762611269], [-122.431549865, 37.762642224]]]}, "properties": {"hrlimit": "2", "regulation": "Time limited", "to_time": "9pm", "rpparea1": "S", "analysis_neighborhood": "Castro/Upper Market", "days": "M-F", "from_time": "8am", "exceptions": "Yes. RPP holders are exempt from time limits.", "hours": "800-2100"}}, {"type": "Feature", "geometry": {"type": "MultiLineString", "coordinates": [[[-122.435814115, 37.774219334], [-122.43577037, 37.774226633], [-122.434419239, 37.77439898]]]}, "properties": {"hrlimit": "2", "regulation": "Time limited", "to_time": "8pm", "rpparea1": "Q", "analysis_neighborhood": "Hayes Valley", "days": "M-F", "from_time": "9am", "exceptions": "Yes. RPP holders are exempt from time limits.", "hours": "900-2000"}}, {"type": "Feature", "geometry": {"type": "MultiLineString", "coordinates": [[[-122.43035021, 37.76031928], [-122.428393259, 37.760435697]]]}, "properties": {"hrlimit": "2", "regulation": "Time limited", "to_time": "9pm", "rpparea1": "S", "analysis_neighborhood": "Castro/Upper Market", "days": "M-F", "from_time": "8am", "exceptions": "Yes. RPP holders are exempt from time limits.", "hours": "800-2100"}}]}