{"type": "FeatureCollection", "features": [{"type": "Feature", "geometry": {"type": "LineString", "coordinates": [[-122.45005252143694, 37.782116603421], [-122.44977766692995, 37.780752006126]]}, "properties": {"Corridor": "Collins St", "Limits": "Geary Blvd  -  Anza St", "BlockSide": "East", "WeekDay": "Fri", "FromHour": "8", "ToHour": "10", "Week1": "1", "Week2": "1", "Week3": "1", "Week4": "1", "Week5": "1", "Holidays": "0"}}, {"type": "Feature", "geometry": {"type": "LineString", "coordinates": [[-122.4569235888526, 37.785963786834], [-122.45677343733361, 37.783928911752]]}, "properties": {"Corridor": "Jordan Ave", "Limits": "California St  -  Euclid Ave", "BlockSide": "East", "WeekDay": "Wed", "FromHour": "7", "ToHour": "9", "Week1": "1", "Week2": "1", "Week3": "1", "Week4": "1", "Week5": "1", "Holidays": "0"}}, {"type": "Feature", "geometry": {"type": "LineString", "coordinates": [[-122.445309434953, 37.761849001838875], [-122.446384044119, 37.761784985386875]]}, "properties": {"Corridor": "17th St", "Limits": "Roosevelt Way  -  Monument Way", "BlockSide": "South", "WeekDay": "Wed", "FromHour": "12", "ToHour": "14", "Week1": "1", "Week2": "1", "Week3": "1", "Week4": "1", "Week5": "1", "Holidays": "0"}}, {"type": "Feature", "geometry": {"type": "LineString", "coordinates": [[-122.449769713481, 37.76483501226287], [-122.451213061906, 37.76465092308087]]}, "properties": {"Corridor": "Parnassus Ave", "Limits": "Cole St  -  Shrader St", "BlockSide": "South", "WeekDay": "Thu", "FromHour": "9", "ToHour": "11", "Week1": "1", "Week2": "0", "Week3": "0", "Week4": "0", "Week5": "0", "Holidays": "0"}}, {"type": "Feature", "geometry": {"type": "LineString", "coordinates": [[-122.442564850432, 37.77345566626613], [-122.444216182528, 37.77324350790813]]}, "properties": {"Corridor": "Fell St", "Limits": "Lyon St  -  Central Ave", "BlockSide": "North", "WeekDay": "Tues", "FromHour": "8", "ToHour": "10", "Week1": "1", "Week2": "1", "Week3": "1", "Week4": "1", "Week5": "1", "Holidays": "0"}}, {"type": "Feature", "geometry": {"type": "LineString", "coordinates": [[-122.429824919783, 37.782735079666125], [-122.430050782252, 37.78270384359613]]}, "properties": {"Corridor": "Ellis St", "Limits": "Start: 1350-1441 Block  -  Hollis St", "BlockSide": "North", "WeekDay": "Thu", "FromHour": "12", "ToHour": "14", "Week1": "1", "Week2": "1", "Week3": "1", "Week4": "1", "Week5": "1", "Holidays": "0"}}, {"type": "Feature", "geometry": {"type": "LineString", "coordinates": [[-122.43783852464256, 37.774991947847], [-122.43790681467355, 37.775064840939], [-122.43806786133256, 37.775845795968], [-122.43802962577755, 37.775925405585]]}, "properties": {"Corridor": "Divisadero St", "Limits": "Hayes St  -  Grove St", "BlockSide": "West", "WeekDay": "Mon", "FromHour": "6", "ToHour": "8", "Week1": "1", "Week2": "1", "Week3": "1", "Week4": "1", "Week5": "1", "Holidays": "0"}}, {"type": "Feature", "geometry": {"type": "LineString", "coordinates": [[-122.45424534114522, 37.772895177828], [-122.45404344165023, 37.771930404305]]}, "properties": {"Corridor": "Stanyan St", "Limits": "Hayes St  -  Fell St", "BlockSide": "East", "WeekDay": "Thu", "FromHour": "6", "ToHour": "8", "Week1": "1", "Week2": "1", "Week3": "1", "Week4": "1", "Week5": "1", "Holidays": "0"}}, {"type": "Feature", "geometry": {"type": "LineString", "coordinates": [[-122.43571172251892, 37.773345712442], [-122.43590055192192, 37.774276678315]]}, "properties": {"Corridor": "Scott St", "Limits": "Oak St  -  Fell St", "BlockSide": "East", "WeekDay": "Wed", "FromHour": "12", "ToHour": "14", "Week1": "1", "Week2": "1", "Week3": "1", "Week4": "1", "Week5": "1", "Holidays": "0"}}, {"type": "Feature", "geometry": {"type": "LineString", "coordinates": [[-122.457700034382, 37.76451832515687], [-122.457821273797, 37.764377985311874], [-122.458815067681, 37.76433441833287]]}, "properties": {"Corridor": "Irving St", "Limits": "Arguello Blvd  -  02nd Ave", "BlockSide": "South", "WeekDay": "Tues", "FromHour": "7", "ToHour": "8", "Week1": "0", "Week2": "1", "Week3": "0", "Week4": "1", "Week5": "0", "Holidays": "0"}}, {"type": "Feature", "geometry": {"type": "LineString", "coordinates": [[-122.443461440976, 37.76952843897213], [-122.445105981882, 37.76931566964913]]}, "properties": {"Corridor": "Waller St", "Limits": "Central Ave  -  Masonic Ave", "BlockSide": "North", "WeekDay": "Tues", "FromHour": "8", "ToHour": "10", "Week1": "1", "Week2": "1", "Week3": "1", "Week4": "1", "Week5": "1", "Holidays": "0"}}, {"type": "Feature", "geometry": {"type": "LineString", "coordinates": [[-122.4516361635367, 37.768445525769], [-122.4514474911227, 37.767517857634]]}, "properties": {"Corridor": "Shrader St", "Limits": "Waller St  -  Beulah St", "BlockSide": "East", "WeekDay": "Fri", "FromHour": "8", "ToHour": "10", "Week1": "1", "Week2": "1", "Week3": "1", "Week4": "1", "Week5": "1", "Holidays": "0"}}, {"type": "Feature", "geometry": {"type": "LineString", "coordinates": [[-122.44368886134981, 37.770426370917], [-122.44387592396181, 37.771358113328]]}, "properties": {"Corridor": "Central Ave", "Limits": "Haight St  -  Page St", "BlockSide": "West", "WeekDay": "Fri", "FromHour": "8", "ToHour": "10", "Week1": "1", "Week2": "1", "Week3": "1", "Week4": "1", "Week5": "1", "Holidays": "0"}}, {"type": "Feature", "geometry": {"type": "LineString", "coordinates": [[-122.45394222969668, 37.771053837798], [-122.45376600215768, 37.770098080068]]}, "properties": {"Corridor": "Stanyan St", "Limits": "Oak St  -  Page St", "BlockSide": "West", "WeekDay": "Wed", "FromHour": "6", "ToHour": "8", "Week1": "1", "Week2": "1", "Week3": "1", "Week4": "1", "Week5": "1", "Holidays": "0"}}, {"type": "Feature", "geometry": {"type": "LineString", "coordinates": [[-122.44684646986, 37.77763766804187], [-122.44780219477, 37.77751476684687]]}, "properties": {"Corridor": "Golden Gate Ave", "Limits": "Masonic Ave  -  Annapolis Ter", "BlockSide": "South", "WeekDay": "Wed", "FromHour": "6", "ToHour": "8", "Week1": "1", "Week2": "1", "Week3": "1", "Week4": "1", "Week5": "1", "Holidays": "0"}}, {"type": "Feature", "geometry": {"type": "LineString", "coordinates": [[-122.44759485681762, 37.765138734432], [-122.44752631932663, 37.764800511707], [-122.44726543656863, 37.76425638943], [-122.44695457109862, 37.762722234963]]}, "properties": {"Corridor": "Clayton St", "Limits": "Parnassus Ave  -  Ashbury St", "BlockSide": "East", "WeekDay": "Wed", "FromHour": "9", "ToHour": "11", "Week1": "1", "Week2": "0", "Week3": "0", "Week4": "0", "Week5": "0", "Holidays": "0"}}, {"type": "Feature", "geometry": {"type": "LineString", "coordinates": [[-122.438177047864, 37.77688733009113], [-122.439844236008, 37.776675447836126]]}, "properties": {"Corridor": "Fulton St", "Limits": "Divisadero St  -  Broderick St", "BlockSide": "North", "WeekDay": "Thu", "FromHour": "9", "ToHour": "11", "Week1": "1", "Week2": "1", "Week3": "1", "Week4": "1", "Week5": "1", "Holidays": "0"}}, {"type": "Feature", "geometry": {"type": "LineString", "coordinates": [[-122.445344990017, 37.770241615667125], [-122.446933819119, 37.770039046452126]]}, "properties": {"Corridor": "Haight St", "Limits": "Masonic Ave  -  Ashbury St", "BlockSide": "North", "WeekDay": "Fri", "FromHour": "7", "ToHour": "9", "Week1": "1", "Week2": "1", "Week3": "1", "Week4": "1", "Week5": "1", "Holidays": "0"}}, {"type": "Feature", "geometry": {"type": "LineString", "coordinates": [[-122.44032497022387, 37.763493338025], [-122.44026084764187, 37.762776666883]]}, "properties": {"Corridor": "Ord St", "Limits": "Ord Ct  -  Saturn St", "BlockSide": "West", "WeekDay": "Thu", "FromHour": "9", "ToHour": "11", "Week1": "1", "Week2": "1", "Week3": "1", "Week4": "1", "Week5": "1", "Holidays": "0"}}, {"type": "Feature", "geometry": {"type": "LineString", "coordinates": [[-122.453384996309, 37.77785830408813], [-122.454331407271, 37.777744230005126]]}, "properties": {"Corridor": "Turk Blvd", "Limits": "Parker Ave  -  Beaumont Ave", "BlockSide": "North", "WeekDay": "Wed", "FromHour": "6", "ToHour": "8", "Week1": "1", "Week2": "1", "Week3": "1", "Week4": "1", "Week5": "1", "Holidays": "0"}}, {"type": "Feature", "geometry": {"type": "LineString", "coordinates": [[-122.435000701127, 37.76092037397813], [-122.436114108657, 37.760855435743125]]}, "properties": {"Corridor": "18th St", "Limits": "Castro St  -  Collingwood St", "BlockSide": "North", "WeekDay": "Tues", "FromHour": "6", "ToHour": "8", "Week1": "1", "Week2": "1", "Week3": "1", "Week4": "1", "Week5": "1", "Holidays": "0"}}, {"type": "Feature", "geometry": {"type": "LineString", "coordinates": [[-122.434294284892, 37.774444375872875], [-122.435940328612, 37.77424523742387]]}, "properties": {"Corridor": "Fell St", "Limits": "Pierce St  -  Scott St", "BlockSide": "South", "WeekDay": "Thu", "FromHour": "8", "ToHour": "10", "Week1": "1", "Week2": "1", "Week3": "1", "Week4": "1", "Week5": "1", "Holidays": "0"}}, {"type": "Feature", "geometry": {"type": "LineString", "coordinates": [[-122.45588290936321, 37.779941487488], [-122.45572410036321, 37.779725827403], [-122.45561393972521, 37.779476507331], [-122.4554818590942, 37.778827542043]]}, "properties": {"Corridor": "Stanyan Blvd", "Limits": "Anza St  -  Lone Mountain Ter", "BlockSide": "West", "WeekDay": "Fri", "FromHour": "8", "ToHour": "10", "Week1": "1", "Week2": "1", "Week3": "1", "Week4": "1", "Week5": "1", "Holidays": "0"}}, {"type": "Feature", "geometry": {"type": "LineString", "coordinates": [[-122.42964710443438, 37.776976022761], [-122.42956302992539, 37.777090786194], [-122.42970832342439, 37.777819050924], [-122.42980942100539, 37.777919295958]]}, "properties": {"Corridor": "Webster St", "Limits": "Grove St  -  Fulton St", "BlockSide": "East", "WeekDay": "Fri", "FromHour": "12", "ToHour": "14", "Week1": "1", "Week2": "1", "Week3": "1", "Week4": "1", "Week5": "1", "Holidays": "0"}}, {"type": "Feature", "geometry": {"type": "LineString", "coordinates": [[-122.430073619928, 37.770211624638875], [-122.431717012189, 37.770003418224874]]}, "properties": {"Corridor": "Hermann St", "Limits": "Fillmore St  -  Steiner St", "BlockSide": "South", "WeekDay": "Thu", "FromHour": "8", "ToHour": "10", "Week1": "1", "Week2": "1", "Week3": "1", "Week4": "1", "Week5": "1", "Holidays": "0"}}, {"type": "Feature", "geometry": {"type": "LineString", "coordinates": [[-122.429427853236, 37.76449292332613], [-122.429770567472, 37.76447219375013]]}, "properties": {"Corridor": "16th St", "Limits": "Harlow St  -  Sharon St", "BlockSide": "North", "WeekDay": "Mon", "FromHour": "9", "ToHour": "11", "Week1": "1", "Week2": "1", "Week3": "1", "Week4": "1", "Week5": "1", "Holidays": "0"}}, {"type": "Feature", "geometry": {"type": "LineString", "coordinates": [[-122.43078493661588, 37.77397252126], [-122.43097176125288, 37.774902830944]]}, "properties": {"Corridor": "Fillmore St", "Limits": "Oak St  -  Fell St", "BlockSide": "East", "WeekDay": "Wed", "FromHour": "8", "ToHour": "10", "Week1": "1", "Week2": "1", "Week3": "1", "Week4": "1", "Week5": "1", "Holidays": "0"}}, {"type": "Feature", "geometry": {"type": "LineString", "coordinates": [[-122.42843121041, 37.76205625028887], [-122.430662304109, 37.762049439715874]]}, "properties": {"Corridor": "Dorland St", "Limits": "Church St  -  Sanchez St", "BlockSide": "South", "WeekDay": "Thu", "FromHour": "12", "ToHour": "14", "Week1": "1", "Week2": "1", "Week3": "1", "Week4": "1", "Week5": "1", "Holidays": "0"}}, {"type": "Feature", "geometry": {"type": "LineString", "coordinates": [[-122.43020715077228, 37.770709188615], [-122.43030058009428, 37.77117368409]]}, "properties": {"Corridor": "Fillmore St", "Limits": "Germania St  -  Waller St", "BlockSide": "West", "WeekDay": "Fri", "FromHour": "8", "ToHour": "10", "Week1": "1", "Week2": "1", "Week3": "1", "Week4": "1", "Week5": "1", "Holidays": "0"}}, {"type": "Feature", "geometry": {"type": "LineString", "coordinates": [[-122.451543139459, 37.778020665599875], [-122.452431111538, 37.777908211361876]]}, "properties": {"Corridor": "Turk Blvd", "Limits": "Chabot Ter  -  Temescal Ter", "BlockSide": "South", "WeekDay": "Tues", "FromHour": "9", "ToHour": "11", "Week1": "1", "Week2": "1", "Week3": "1", "Week4": "1", "Week5": "1", "Holidays": "0"}}, {"type": "Feature", "geometry": {"type": "LineString", "coordinates": [[-122.435000701127, 37.76092037397813], [-122.436114108657, 37.760855435743125]]}, "properties": {"Corridor": "18th St", "Limits": "Castro St  -  Collingwood St", "BlockSide": "North", "WeekDay": "Thu", "FromHour": "6", "ToHour": "8", "Week1": "1", "Week2": "1", "Week3": "1", "Week4": "1", "Week5": "1", "Holidays": "0"}}, {"type": "Feature", "geometry": {"type": "LineString", "coordinates": [[-122.45246468491727, 37.783652472723], [-122.45210334255627, 37.78185329184]]}, "properties": {"Corridor": "Cook St", "Limits": "Start: 01-99 Block  -  Geary Blvd", "BlockSide": "East", "WeekDay": "Thu", "FromHour": "6", "ToHour": "8", "Week1": "1", "Week2": "1", "Week3": "1", "Week4": "1", "Week5": "1", "Holidays": "0"}}, {"type": "Feature", "geometry": {"type": "LineString", "coordinates": [[-122.45477844964621, 37.780116945113], [-122.45454092522822, 37.778937788885]]}, "properties": {"Corridor": "Beaumont Ave", "Limits": "Anza St  -  Lone Mountain Ter", "BlockSide": "East", "WeekDay": "Wed", "FromHour": "9", "ToHour": "11", "Week1": "1", "Week2": "1", "Week3": "1", "Week4": "1", "Week5": "1", "Holidays": "0"}}, {"type": "Feature", "geometry": {"type": "LineString", "coordinates": [[-122.44610177021002, 37.76421005428412], [-122.44612923305903, 37.76416464812512], [-122.44653282787102, 37.76373061333712]]}, "properties": {"Corridor": "Ashbury St", "Limits": "Clifford Ter  -  Downey St", "BlockSide": "NorthWest", "WeekDay": "Fri", "FromHour": "8", "ToHour": "10", "Week1": "1", "Week2": "1", "Week3": "1", "Week4": "1", "Week5": "1", "Holidays": "0"}}, {"type": "Feature", "geometry": {"type": "LineString", "coordinates": [[-122.430433918182, 37.77213969923013], [-122.432092300989, 37.77192870668713]]}, "properties": {"Corridor": "Haight St", "Limits": "Fillmore St  -  Steiner St", "BlockSide": "North", "WeekDay": "Thu", "FromHour": "8", "ToHour": "10", "Week1": "1", "Week2": "1", "Week3": "1", "Week4": "1", "Week5": "1", "Holidays": "0"}}, {"type": "Feature", "geometry": {"type": "LineString", "coordinates": [[-122.442989104409, 37.78392880867813], [-122.444643058444, 37.78371790453313]]}, "properties": {"Corridor": "Post St", "Limits": "Baker St  -  Lyon St", "BlockSide": "North", "WeekDay": "Tues", "FromHour": "8", "ToHour": "10", "Week1": "1", "Week2": "0", "Week3": "1", "Week4": "0", "Week5": "0", "Holidays": "0"}}, {"type": "Feature", "geometry": {"type": "LineString", "coordinates": [[-122.437190627228, 37.76078954866013], [-122.438265382252, 37.76072375947513]]}, "properties": {"Corridor": "18th St", "Limits": "Diamond St  -  Eureka St", "BlockSide": "North", "WeekDay": "Thu", "FromHour": "12", "ToHour": "14", "Week1": "1", "Week2": "1", "Week3": "1", "Week4": "1", "Week5": "1", "Holidays": "0"}}, {"type": "Feature", "geometry": {"type": "LineString", "coordinates": [[-122.450216975604, 37.76955750411587], [-122.450710180318, 37.76949460348787]]}, "properties": {"Corridor": "Haight St", "Limits": "Cole St  -  Cole St", "BlockSide": "South", "WeekDay": "Thu", "FromHour": "6", "ToHour": "8", "Week1": "1", "Week2": "1", "Week3": "1", "Week4": "1", "Week5": "1", "Holidays": "0"}}, {"type": "Feature", "geometry": {"type": "LineString", "coordinates": [[-122.440930034894, 37.760496494415875], [-122.441564133792, 37.76045717083987]]}, "properties": {"Corridor": "18th St", "Limits": "Hattie St  -  Clover St", "BlockSide": "South", "WeekDay": "Fri", "FromHour": "12", "ToHour": "14", "Week1": "1", "Week2": "1", "Week3": "1", "Week4": "1", "Week5": "1", "Holidays": "0"}}, {"type": "Feature", "geometry": {"type": "LineString", "coordinates": [[-122.44260336779722, 37.765950516482114], [-122.44356642874922, 37.76534496341312]]}, "properties": {"Corridor": "Upper Ter", "Limits": "Buena Vista East Ave  -  Masonic Ave", "BlockSide": "NorthWest", "WeekDay": "Thu", "FromHour": "9", "ToHour": "11", "Week1": "1", "Week2": "1", "Week3": "1", "Week4": "1", "Week5": "1", "Holidays": "0"}}, {"type": "Feature", "geometry": {"type": "LineString", "coordinates": [[-122.44385932939832, 37.78184940953588], [-122.44445960191732, 37.78254746473488]]}, "properties": {"Corridor": "Lyon St", "Limits": "O'Farrell St  -  Geary Blvd", "BlockSide": "SouthWest", "WeekDay": "Mon", "FromHour": "6", "ToHour": "8", "Week1": "0", "Week2": "1", "Week3": "0", "Week4": "1", "Week5": "0", "Holidays": "0"}}, {"type": "Feature", "geometry": {"type": "LineString", "coordinates": [[-122.431544840236, 37.762671733341875], [-122.432124056662, 37.76263668653187]]}, "properties": {"Corridor": "17th St", "Limits": "Prosper St  -  Pond St", "BlockSide": "South", "WeekDay": "Mon", "FromHour": "9", "ToHour": "11", "Week1": "1", "Week2": "1", "Week3": "1", "Week4": "1", "Week5": "1", "Holidays": "0"}}, {"type": "Feature", "geometry": {"type": "LineString", "coordinates": [[-122.43684484993908, 37.778937753497], [-122.43693873873308, 37.779403924695]]}, "properties": {"Corridor": "Scott St", "Limits": "Golden Gate Ave  -  Elm St", "BlockSide": "East", "WeekDay": "Wed", "FromHour": "12", "ToHour": "14", "Week1": "1", "Week2": "1", "Week3": "1", "Week4": "1", "Week5": "1", "Holidays": "0"}}, {"type": "Feature", "geometry": {"type": "LineString", "coordinates": [[-122.45432489302078, 37.772895177828], [-122.45412299352579, 37.771930404305]]}, "properties": {"Corridor": "Stanyan St", "Limits": "Hayes St  -  Fell St", "BlockSide": "West", "WeekDay": "Wed", "FromHour": "6", "ToHour": "8", "Week1": "1", "Week2": "1", "Week3": "1", "Week4": "1", "Week5": "1", "Holidays": "0"}}, {"type": "Feature", "geometry": {"type": "LineString", "coordinates": [[-122.440921792368, 37.77366673721113], [-122.442564850432, 37.77345566626613]]}, "properties": {"Corridor": "Fell St", "Limits": "Baker St  -  Lyon St", "BlockSide": "North", "WeekDay": "Tues", "FromHour": "8", "ToHour": "10", "Week1": "1", "Week2": "1", "Week3": "1", "Week4": "1", "Week5": "1", "Holidays": "0"}}, {"type": "Feature", "geometry": {"type": "LineString", "coordinates": [[-122.44674363347022, 37.761781413695], [-122.44648996644523, 37.761396213426], [-122.44637012583122, 37.761094344371], [-122.44639386676322, 37.76100671902]]}, "properties": {"Corridor": "Clayton St", "Limits": "17th St  -  Twin Peaks Blvd", "BlockSide": "East", "WeekDay": "Fri", "FromHour": "9", "ToHour": "11", "Week1": "1", "Week2": "1", "Week3": "1", "Week4": "1", "Week5": "1", "Holidays": "0"}}, {"type": "Feature", "geometry": {"type": "LineString", "coordinates": [[-122.43039433864195, 37.77163980695], [-122.43047369382995, 37.772108258339]]}, "properties": {"Corridor": "Fillmore St", "Limits": "Laussat St  -  Haight St", "BlockSide": "West", "WeekDay": "Fri", "FromHour": "8", "ToHour": "10", "Week1": "1", "Week2": "1", "Week3": "1", "Week4": "1", "Week5": "1", "Holidays": "0"}}, {"type": "Feature", "geometry": {"type": "LineString", "coordinates": [[-122.448067929156, 37.77556785368287], [-122.44884990033, 37.775467612240874]]}, "properties": {"Corridor": "Fulton St", "Limits": "Ashbury St  -  Loyola Ter", "BlockSide": "South", "WeekDay": "Fri", "FromHour": "9", "ToHour": "11", "Week1": "1", "Week2": "1", "Week3": "1", "Week4": "1", "Week5": "1", "Holidays": "0"}}, {"type": "Feature", "geometry": {"type": "LineString", "coordinates": [[-122.44884990033, 37.77553049402313], [-122.44970782701, 37.77542138202113]]}, "properties": {"Corridor": "Fulton St", "Limits": "Loyola Ter  -  Clayton St", "BlockSide": "North", "WeekDay": "Mon", "FromHour": "6", "ToHour": "8", "Week1": "1", "Week2": "1", "Week3": "1", "Week4": "1", "Week5": "1", "Holidays": "0"}}, {"type": "Feature", "geometry": {"type": "LineString", "coordinates": [[-122.43274596158017, 37.783292591474], [-122.43295403032516, 37.78435505664]]}, "properties": {"Corridor": "Fillmore St", "Limits": "O'Farrell St  -  Geary Blvd", "BlockSide": "West", "WeekDay": "Fri", "FromHour": "6", "ToHour": "8", "Week1": "1", "Week2": "0", "Week3": "1", "Week4": "0", "Week5": "0", "Holidays": "0"}}, {"type": "Feature", "geometry": {"type": "LineString", "coordinates": [[-122.439336813302, 37.76059528210087], [-122.440010891537, 37.76055348844787]]}, "properties": {"Corridor": "18th St", "Limits": "Douglass St  -  Ord St", "BlockSide": "South", "WeekDay": "Fri", "FromHour": "12", "ToHour": "14", "Week1": "1", "Week2": "1", "Week3": "1", "Week4": "1", "Week5": "1", "Holidays": "0"}}, {"type": "Feature", "geometry": {"type": "LineString", "coordinates": [[-122.436241805873, 37.76216906647113], [-122.43631705192, 37.76217316316113], [-122.436522713518, 37.762102091111124], [-122.437206413708, 37.76197274957213], [-122.437298719291, 37.761926915462126]]}, "properties": {"Corridor": "Market St", "Limits": "Collingwood St  -  Diamond St", "BlockSide": "North", "WeekDay": "Wed", "FromHour": "8", "ToHour": "10", "Week1": "1", "Week2": "1", "Week3": "1", "Week4": "1", "Week5": "1", "Holidays": "0"}}, {"type": "Feature", "geometry": {"type": "LineString", "coordinates": [[-122.44423562572422, 37.761946770403], [-122.44458337514322, 37.761575468275], [-122.44465061187123, 37.761245734513], [-122.44439016354922, 37.760513965232]]}, "properties": {"Corridor": "Mars St", "Limits": "17th St  -  Corbett Ave", "BlockSide": "West", "WeekDay": "Wed", "FromHour": "8", "ToHour": "10", "Week1": "1", "Week2": "1", "Week3": "1", "Week4": "1", "Week5": "1", "Holidays": "0"}}, {"type": "Feature", "geometry": {"type": "LineString", "coordinates": [[-122.438926755343, 37.78055704552887], [-122.440589318077, 37.78034128104887]]}, "properties": {"Corridor": "Eddy St", "Limits": "Divisadero St  -  Broderick St", "BlockSide": "South", "WeekDay": "Tues", "FromHour": "9", "ToHour": "11", "Week1": "1", "Week2": "1", "Week3": "1", "Week4": "1", "Week5": "1", "Holidays": "0"}}, {"type": "Feature", "geometry": {"type": "LineString", "coordinates": [[-122.45633552017642, 37.781381282491], [-122.45611890601342, 37.780270490836], [-122.45602314012342, 37.780096048371], [-122.45588290986342, 37.779941487488]]}, "properties": {"Corridor": "Stanyan Blvd", "Limits": "Geary Blvd  -  Anza St", "BlockSide": "West", "WeekDay": "Fri", "FromHour": "8", "ToHour": "10", "Week1": "1", "Week2": "1", "Week3": "1", "Week4": "1", "Week5": "1", "Holidays": "0"}}, {"type": "Feature", "geometry": {"type": "LineString", "coordinates": [[-122.43388241133468, 37.772620310801], [-122.43406923423068, 37.773549376996]]}, "properties": {"Corridor": "Pierce St", "Limits": "Page St  -  Oak St", "BlockSide": "East", "WeekDay": "Wed", "FromHour": "9", "ToHour": "11", "Week1": "1", "Week2": "1", "Week3": "1", "Week4": "1", "Week5": "1", "Holidays": "0"}}, {"type": "Feature", "geometry": {"type": "LineString", "coordinates": [[-122.430157720147, 37.764419740172], [-122.43012358493898, 37.764063745315]]}, "properties": {"Corridor": "Dehon St", "Limits": "16th St  -  End: 01-99 Block", "BlockSide": "West", "WeekDay": "Thu", "FromHour": "12", "ToHour": "14", "Week1": "1", "Week2": "1", "Week3": "1", "Week4": "1", "Week5": "1", "Holidays": "0"}}, {"type": "Feature", "geometry": {"type": "LineString", "coordinates": [[-122.43210060912097, 37.780496260511], [-122.43228920099897, 37.781428371173]]}, "properties": {"Corridor": "Fillmore St", "Limits": "Turk St  -  Eddy St", "BlockSide": "East", "WeekDay": "Tues", "FromHour": "6", "ToHour": "8", "Week1": "1", "Week2": "0", "Week3": "1", "Week4": "0", "Week5": "0", "Holidays": "0"}}, {"type": "Feature", "geometry": {"type": "LineString", "coordinates": [[-122.42921811999602, 37.774181422682], [-122.42931240697202, 37.774648924534]]}, "properties": {"Corridor": "Webster St", "Limits": "Oak St  -  Hickory St", "BlockSide": "West", "WeekDay": "Wed", "FromHour": "8", "ToHour": "10", "Week1": "1", "Week2": "1", "Week3": "1", "Week4": "1", "Week5": "1", "Holidays": "0"}}, {"type": "Feature", "geometry": {"type": "LineString", "coordinates": [[-122.44669968989086, 37.776741636204], [-122.44651060773286, 37.775801591574]]}, "properties": {"Corridor": "Masonic Ave", "Limits": "McAllister St  -  Fulton St", "BlockSide": "West", "WeekDay": "Wed", "FromHour": "9", "ToHour": "11", "Week1": "1", "Week2": "1", "Week3": "1", "Week4": "1", "Week5": "1", "Holidays": "0"}}, {"type": "Feature", "geometry": {"type": "LineString", "coordinates": [[-122.447974630274, 37.762653033073875], [-122.449296023474, 37.76248786324087]]}, "properties": {"Corridor": "Rivoli St", "Limits": "Belvedere St  -  Cole St", "BlockSide": "South", "WeekDay": "Fri", "FromHour": "8", "ToHour": "10", "Week1": "1", "Week2": "0", "Week3": "0", "Week4": "0", "Week5": "0", "Holidays": "0"}}, {"type": "Feature", "geometry": {"type": "LineString", "coordinates": [[-122.452055220447, 37.77028131165287], [-122.453593183677, 37.770085636299875], [-122.453726227208, 37.770066639176875]]}, "properties": {"Corridor": "Page St", "Limits": "Shrader St  -  Stanyan St", "BlockSide": "South", "WeekDay": "Thu", "FromHour": "8", "ToHour": "10", "Week1": "1", "Week2": "1", "Week3": "1", "Week4": "1", "Week5": "1", "Holidays": "0"}}, {"type": "Feature", "geometry": {"type": "LineString", "coordinates": [[-122.43535706887207, 37.764102271947], [-122.43529843218705, 37.763462837145]]}, "properties": {"Corridor": "Castro St", "Limits": "16th St  -  States St", "BlockSide": "West", "WeekDay": "Wed", "FromHour": "6", "ToHour": "8", "Week1": "1", "Week2": "1", "Week3": "1", "Week4": "1", "Week5": "1", "Holidays": "0"}}, {"type": "Feature", "geometry": {"type": "LineString", "coordinates": [[-122.44758032487309, 37.785083635203], [-122.44753876812209, 37.784998355221], [-122.44750985394909, 37.784906799064], [-122.4471096542321, 37.783030677643], [-122.44713325224109, 37.782710075648], [-122.4471858410211, 37.782575775436], [-122.4472617314801, 37.782391642084]]}, "properties": {"Corridor": "Masonic Ave", "Limits": "Euclid Ave  -  Geary Blvd", "BlockSide": "East", "WeekDay": "Fri", "FromHour": "6", "ToHour": "8", "Week1": "1", "Week2": "0", "Week3": "1", "Week4": "0", "Week5": "0", "Holidays": "0"}}, {"type": "Feature", "geometry": {"type": "LineString", "coordinates": [[-122.4310535936688, 37.76589021821812], [-122.4312588543828, 37.765810521180114], [-122.43295092030782, 37.764490555883114], [-122.43310259358582, 37.764217945063116]]}, "properties": {"Corridor": "Market St", "Limits": "Sanchez St  -  16th St", "BlockSide": "NorthWest", "WeekDay": "Sat", "FromHour": "2", "ToHour": "6", "Week1": "1", "Week2": "1", "Week3": "1", "Week4": "1", "Week5": "1", "Holidays": "1"}}, {"type": "Feature", "geometry": {"type": "LineString", "coordinates": [[-122.433734772499, 37.77171971462313], [-122.435372983052, 37.77151092594013]]}, "properties": {"Corridor": "Haight St", "Limits": "Pierce St  -  Scott St", "BlockSide": "North", "WeekDay": "Tues", "FromHour": "8", "ToHour": "10", "Week1": "1", "Week2": "1", "Week3": "1", "Week4": "1", "Week5": "1", "Holidays": "0"}}, {"type": "Feature", "geometry": {"type": "LineString", "coordinates": [[-122.44553527769, 37.771173374616126], [-122.447122700625, 37.77096608182413]]}, "properties": {"Corridor": "Page St", "Limits": "Masonic Ave  -  Ashbury St", "BlockSide": "North", "WeekDay": "Tues", "FromHour": "12", "ToHour": "14", "Week1": "1", "Week2": "1", "Week3": "1", "Week4": "1", "Week5": "1", "Holidays": "0"}}, {"type": "Feature", "geometry": {"type": "LineString", "coordinates": [[-122.42892044335834, 37.76748222771688], [-122.42902556379033, 37.76728891250088], [-122.43056305233934, 37.76607306433888], [-122.43079627193434, 37.76599149909488]]}, "properties": {"Corridor": "Market St", "Limits": "Church St  -  15th St", "BlockSide": "SouthEast", "WeekDay": "Wed", "FromHour": "2", "ToHour": "6", "Week1": "1", "Week2": "1", "Week3": "1", "Week4": "1", "Week5": "1", "Holidays": "1"}}, {"type": "Feature", "geometry": {"type": "LineString", "coordinates": [[-122.44297915840323, 37.76370019082912], [-122.44301391562823, 37.76366719120412], [-122.44301501573023, 37.763637149635116], [-122.44305152597423, 37.76357475728112], [-122.44315063686223, 37.76351858834012], [-122.44325649584722, 37.76349468093912], [-122.44363506406323, 37.76345665683312], [-122.44380343274123, 37.763361824485116], [-122.44382359205123, 37.76331782796212]]}, "properties": {"Corridor": "Roosevelt Way", "Limits": "Clifford Ter  -  Lower Ter", "BlockSide": "NorthWest", "WeekDay": "Mon", "FromHour": "10", "ToHour": "12", "Week1": "1", "Week2": "1", "Week3": "1", "Week4": "1", "Week5": "1", "Holidays": "0"}}, {"type": "Feature", "geometry": {"type": "LineString", "coordinates": [[-122.4320380236879, 37.771430528402], [-122.4321320765239, 37.771897265796]]}, "properties": {"Corridor": "Steiner St", "Limits": "Laussat St  -  Haight St", "BlockSide": "West", "WeekDay": "Wed", "FromHour": "9", "ToHour": "11", "Week1": "1", "Week2": "1", "Week3": "1", "Week4": "1", "Week5": "1", "Holidays": "0"}}, {"type": "Feature", "geometry": {"type": "LineString", "coordinates": [[-122.4541362130489, 37.78159882148], [-122.45407622461789, 37.781435236409], [-122.4538608404249, 37.780353692596], [-122.4538368490219, 37.780239049136]]}, "properties": {"Corridor": "Parker Ave", "Limits": "Geary Blvd  -  Anza St", "BlockSide": "East", "WeekDay": "Fri", "FromHour": "8", "ToHour": "10", "Week1": "1", "Week2": "1", "Week3": "1", "Week4": "1", "Week5": "1", "Holidays": "0"}}, {"type": "Feature", "geometry": {"type": "LineString", "coordinates": [[-122.436114108657, 37.760855435743125], [-122.437190627228, 37.76078954866013]]}, "properties": {"Corridor": "18th St", "Limits": "Collingwood St  -  Diamond St", "BlockSide": "North", "WeekDay": "Thu", "FromHour": "6", "ToHour": "8", "Week1": "1", "Week2": "1", "Week3": "1", "Week4": "1", "Week5": "1", "Holidays": "0"}}, {"type": "Feature", "geometry": {"type": "LineString", "coordinates": [[-122.43727470772765, 37.772203712438], [-122.43733760704865, 37.772274280654], [-122.43749499234664, 37.77304998018], [-122.43746271576664, 37.77313349266]]}, "properties": {"Corridor": "Divisadero St", "Limits": "Page St  -  Oak St", "BlockSide": "West", "WeekDay": "Mon", "FromHour": "6", "ToHour": "8", "Week1": "1", "Week2": "1", "Week3": "1", "Week4": "1", "Week5": "1", "Holidays": "0"}}, {"type": "Feature", "geometry": {"type": "LineString", "coordinates": [[-122.449517355991, 37.77442843315387], [-122.451163299108, 37.77421729339987]]}, "properties": {"Corridor": "Grove St", "Limits": "Clayton St  -  Cole St", "BlockSide": "South", "WeekDay": "Thu", "FromHour": "9", "ToHour": "11", "Week1": "1", "Week2": "1", "Week3": "1", "Week4": "1", "Week5": "1", "Holidays": "0"}}, {"type": "Feature", "geometry": {"type": "LineString", "coordinates": [[-122.43236876257377, 37.781428371173], [-122.43255516446277, 37.782349635153]]}, "properties": {"Corridor": "Fillmore St", "Limits": "Eddy St  -  Ellis St", "BlockSide": "West", "WeekDay": "Mon", "FromHour": "6", "ToHour": "8", "Week1": "1", "Week2": "0", "Week3": "1", "Week4": "0", "Week5": "0", "Holidays": "0"}}, {"type": "Feature", "geometry": {"type": "LineString", "coordinates": [[-122.42901401209028, 37.768674599598], [-122.42892899875628, 37.767729170383]]}, "properties": {"Corridor": "Church St", "Limits": "Reservoir St  -  14th St", "BlockSide": "East", "WeekDay": "Tues", "FromHour": "6", "ToHour": "8", "Week1": "1", "Week2": "1", "Week3": "1", "Week4": "1", "Week5": "1", "Holidays": "0"}}, {"type": "Feature", "geometry": {"type": "LineString", "coordinates": [[-122.43687706746236, 37.77032066519988], [-122.43684989455737, 37.77024784981188], [-122.43677520962537, 37.77014166629388], [-122.43669525139536, 37.77009547262988], [-122.43659104519837, 37.77004493726288], [-122.43648372170436, 37.769980298729884], [-122.43638352205437, 37.76987309323288], [-122.43629409356237, 37.76975808683388], [-122.43623230465437, 37.769728553463885]]}, "properties": {"Corridor": "Castro St", "Limits": "Divisadero St  -  Lloyd St", "BlockSide": "SouthWest", "WeekDay": "Wed", "FromHour": "12", "ToHour": "14", "Week1": "1", "Week2": "1", "Week3": "1", "Week4": "1", "Week5": "1", "Holidays": "0"}}, {"type": "Feature", "geometry": {"type": "LineString", "coordinates": [[-122.4531250168798, 37.767306895163], [-122.4529563079448, 37.766476060948], [-122.4529072608928, 37.766374074205]]}, "properties": {"Corridor": "Stanyan St", "Limits": "Beulah St  -  Frederick St", "BlockSide": "East", "WeekDay": "Mon", "FromHour": "6", "ToHour": "8", "Week1": "1", "Week2": "1", "Week3": "1", "Week4": "1", "Week5": "1", "Holidays": "0"}}, {"type": "Feature", "geometry": {"type": "LineString", "coordinates": [[-122.449047323854, 37.78214599681887], [-122.449988236955, 37.78202559093187], [-122.450092302229, 37.782085162529874]]}, "properties": {"Corridor": "Geary Blvd", "Limits": "Wood St  -  Collins St", "BlockSide": "South", "WeekDay": "Mon", "FromHour": "6", "ToHour": "8", "Week1": "1", "Week2": "1", "Week3": "1", "Week4": "1", "Week5": "1", "Holidays": "0"}}, {"type": "Feature", "geometry": {"type": "LineString", "coordinates": [[-122.43092192378606, 37.764373510267], [-122.43076649432506, 37.762752670854]]}, "properties": {"Corridor": "Sanchez St", "Limits": "16th St  -  17th St", "BlockSide": "West", "WeekDay": "Wed", "FromHour": "9", "ToHour": "11", "Week1": "1", "Week2": "1", "Week3": "1", "Week4": "1", "Week5": "1", "Holidays": "0"}}, {"type": "Feature", "geometry": {"type": "LineString", "coordinates": [[-122.43730259762316, 37.762354747515], [-122.43725894888615, 37.761895474571]]}, "properties": {"Corridor": "Diamond St", "Limits": "17th St  -  Market St", "BlockSide": "East", "WeekDay": "Wed", "FromHour": "12", "ToHour": "14", "Week1": "1", "Week2": "1", "Week3": "1", "Week4": "1", "Week5": "1", "Holidays": "0"}}, {"type": "Feature", "geometry": {"type": "LineString", "coordinates": [[-122.44170398876298, 37.779866885998], [-122.44168255661698, 37.779935970355], [-122.44169902803498, 37.780129615052]]}, "properties": {"Corridor": "Baker St", "Limits": "Anzavista Ave  -  Pinar Ln", "BlockSide": "East", "WeekDay": "Fri", "FromHour": "9", "ToHour": "11", "Week1": "1", "Week2": "1", "Week3": "1", "Week4": "1", "Week5": "1", "Holidays": "0"}}, {"type": "Feature", "geometry": {"type": "LineString", "coordinates": [[-122.42908821136085, 37.769456128163], [-122.42901401162585, 37.768674599598]]}, "properties": {"Corridor": "Church St", "Limits": "Duboce Ave  -  Reservoir St", "BlockSide": "East", "WeekDay": "Thu", "FromHour": "6", "ToHour": "8", "Week1": "1", "Week2": "1", "Week3": "1", "Week4": "1", "Week5": "1", "Holidays": "0"}}, {"type": "Feature", "geometry": {"type": "LineString", "coordinates": [[-122.44436483607397, 37.77414948529], [-122.44455308534597, 37.775086086933]]}, "properties": {"Corridor": "Central Ave", "Limits": "Hayes St  -  Grove St", "BlockSide": "East", "WeekDay": "Wed", "FromHour": "12", "ToHour": "14", "Week1": "1", "Week2": "1", "Week3": "1", "Week4": "1", "Week5": "1", "Holidays": "0"}}, {"type": "Feature", "geometry": {"type": "LineString", "coordinates": [[-122.44177858844424, 37.780129615052], [-122.44179152129024, 37.780281664241], [-122.44184050370924, 37.780597192325], [-122.44196446682123, 37.781003276819], [-122.44216742879723, 37.78152887537]]}, "properties": {"Corridor": "Baker St", "Limits": "Pinar Ln  -  Terra Vista Ave", "BlockSide": "West", "WeekDay": "Wed", "FromHour": "9", "ToHour": "11", "Week1": "1", "Week2": "1", "Week3": "1", "Week4": "1", "Week5": "1", "Holidays": "0"}}, {"type": "Feature", "geometry": {"type": "LineString", "coordinates": [[-122.43304634870549, 37.76417348135488], [-122.43323085756148, 37.763966336111885], [-122.43442763984349, 37.763016678638884], [-122.43502296924848, 37.762630519365885], [-122.43515984022349, 37.76264847591988]]}, "properties": {"Corridor": "Market St", "Limits": "16th St  -  17th St", "BlockSide": "SouthEast", "WeekDay": "Tues", "FromHour": "2", "ToHour": "6", "Week1": "1", "Week2": "1", "Week3": "1", "Week4": "1", "Week5": "1", "Holidays": "1"}}, {"type": "Feature", "geometry": {"type": "LineString", "coordinates": [[-122.4542172651, 37.76427950515287], [-122.455466090926, 37.76412912500787], [-122.455781065387, 37.76403862936687]]}, "properties": {"Corridor": "Parnassus Ave", "Limits": "Willard St  -  Hill Point Ave", "BlockSide": "South", "WeekDay": "Tues", "FromHour": "6", "ToHour": "7", "Week1": "1", "Week2": "1", "Week3": "1", "Week4": "1", "Week5": "1", "Holidays": "0"}}, {"type": "Feature", "geometry": {"type": "LineString", "coordinates": [[-122.430424415289, 37.780747013683126], [-122.432140389659, 37.78052770140213]]}, "properties": {"Corridor": "Turk St", "Limits": "Webster St  -  Fillmore St", "BlockSide": "North", "WeekDay": "Tues", "FromHour": "8", "ToHour": "10", "Week1": "1", "Week2": "1", "Week3": "1", "Week4": "1", "Week5": "1", "Holidays": "0"}}, {"type": "Feature", "geometry": {"type": "LineString", "coordinates": [[-122.44283288158739, 37.782885336443], [-122.44302888625438, 37.783897367787]]}, "properties": {"Corridor": "Baker St", "Limits": "Geary Blvd  -  Post St", "BlockSide": "West", "WeekDay": "Mon", "FromHour": "12", "ToHour": "14", "Week1": "1", "Week2": "0", "Week3": "1", "Week4": "0", "Week5": "0", "Holidays": "0"}}, {"type": "Feature", "geometry": {"type": "LineString", "coordinates": [[-122.441348538798, 37.784075109423874], [-122.442989104409, 37.78386592689587]]}, "properties": {"Corridor": "Post St", "Limits": "Broderick St  -  Baker St", "BlockSide": "South", "WeekDay": "Thu", "FromHour": "12", "ToHour": "14", "Week1": "1", "Week2": "0", "Week3": "1", "Week4": "0", "Week5": "0", "Holidays": "0"}}, {"type": "Feature", "geometry": {"type": "LineString", "coordinates": [[-122.44082362394423, 37.781310057047], [-122.44100291125723, 37.782239230433]]}, "properties": {"Corridor": "Broderick St", "Limits": "Ellis St  -  O'Farrell St", "BlockSide": "West", "WeekDay": "Wed", "FromHour": "12", "ToHour": "14", "Week1": "1", "Week2": "1", "Week3": "1", "Week4": "1", "Week5": "1", "Holidays": "0"}}, {"type": "Feature", "geometry": {"type": "LineString", "coordinates": [[-122.450145640446, 37.76669763317787], [-122.451295533711, 37.766560062193875]]}, "properties": {"Corridor": "Frederick St", "Limits": "Cole St  -  Shrader St", "BlockSide": "South", "WeekDay": "Tues", "FromHour": "8", "ToHour": "10", "Week1": "1", "Week2": "1", "Week3": "1", "Week4": "1", "Week5": "1", "Holidays": "0"}}, {"type": "Feature", "geometry": {"type": "LineString", "coordinates": [[-122.43775896948777, 37.774991947847], [-122.43772947289277, 37.775079294668], [-122.43788642961977, 37.775858710907], [-122.43795007062276, 37.775925405585]]}, "properties": {"Corridor": "Divisadero St", "Limits": "Hayes St  -  Grove St", "BlockSide": "East", "WeekDay": "Sun", "FromHour": "6", "ToHour": "8", "Week1": "1", "Week2": "1", "Week3": "1", "Week4": "1", "Week5": "1", "Holidays": "0"}}, {"type": "Feature", "geometry": {"type": "LineString", "coordinates": [[-122.45171571064529, 37.768445525769], [-122.45152703823129, 37.767517857634]]}, "properties": {"Corridor": "Shrader St", "Limits": "Waller St  -  Beulah St", "BlockSide": "West", "WeekDay": "Wed", "FromHour": "8", "ToHour": "10", "Week1": "1", "Week2": "1", "Week3": "1", "Week4": "1", "Week5": "1", "Holidays": "0"}}, {"type": "Feature", "geometry": {"type": "LineString", "coordinates": [[-122.43840528075413, 37.77779418913], [-122.43847387578012, 37.777876661688], [-122.43862846002513, 37.778640111806], [-122.43859205648712, 37.778724107955]]}, "properties": {"Corridor": "Divisadero St", "Limits": "McAllister St  -  Golden Gate Ave", "BlockSide": "West", "WeekDay": "Fri", "FromHour": "6", "ToHour": "8", "Week1": "1", "Week2": "1", "Week3": "1", "Week4": "1", "Week5": "1", "Holidays": "0"}}, {"type": "Feature", "geometry": {"type": "LineString", "coordinates": [[-122.456038895899, 37.763994844524], [-122.456669911718, 37.763814688787]]}, "properties": {"Corridor": "Parnassus Ave", "Limits": "Medical Center Way  -  Hillway Ave", "BlockSide": "", "WeekDay": "Fri", "FromHour": "6", "ToHour": "7", "Week1": "1", "Week2": "1", "Week3": "1", "Week4": "1", "Week5": "1", "Holidays": "0"}}, {"type": "Feature", "geometry": {"type": "LineString", "coordinates": [[-122.45331251485308, 37.768246025288], [-122.45312501631108, 37.767306895163]]}, "properties": {"Corridor": "Stanyan St", "Limits": "Waller St  -  Beulah St", "BlockSide": "East", "WeekDay": "Mon", "FromHour": "6", "ToHour": "8", "Week1": "1", "Week2": "1", "Week3": "1", "Week4": "1", "Week5": "1", "Holidays": "0"}}, {"type": "Feature", "geometry": {"type": "LineString", "coordinates": [[-122.451163299108, 37.77428017518213], [-122.452812819214, 37.77407213332513]]}, "properties": {"Corridor": "Grove St", "Limits": "Cole St  -  Shrader St", "BlockSide": "North", "WeekDay": "Tues", "FromHour": "9", "ToHour": "11", "Week1": "1", "Week2": "1", "Week3": "1", "Week4": "1", "Week5": "1", "Holidays": "0"}}, {"type": "Feature", "geometry": {"type": "LineString", "coordinates": [[-122.44719918824, 37.76714199929213], [-122.448013160663, 37.76703812176413]]}, "properties": {"Corridor": "Frederick St", "Limits": "Downey St  -  Clayton St", "BlockSide": "North", "WeekDay": "Mon", "FromHour": "8", "ToHour": "10", "Week1": "1", "Week2": "1", "Week3": "1", "Week4": "1", "Week5": "1", "Holidays": "0"}}, {"type": "Feature", "geometry": {"type": "LineString", "coordinates": [[-122.45625595968158, 37.781381282491], [-122.45603934551858, 37.780270490836], [-122.45594357962858, 37.780096048371], [-122.45580334936858, 37.779941487488]]}, "properties": {"Corridor": "Stanyan Blvd", "Limits": "Geary Blvd  -  Anza St", "BlockSide": "East", "WeekDay": "Wed", "FromHour": "9", "ToHour": "11", "Week1": "1", "Week2": "1", "Week3": "1", "Week4": "1", "Week5": "1", "Holidays": "0"}}, {"type": "Feature", "geometry": {"type": "LineString", "coordinates": [[-122.4394405989654, 37.783308488002], [-122.43941067083041, 37.783398293238], [-122.4395801533514, 37.784243280842], [-122.4396448963914, 37.784318673891]]}, "properties": {"Corridor": "Divisadero St", "Limits": "Geary Blvd  -  Post St", "BlockSide": "East", "WeekDay": "Thu", "FromHour": "6", "ToHour": "8", "Week1": "1", "Week2": "1", "Week3": "1", "Week4": "1", "Week5": "1", "Holidays": "0"}}, {"type": "Feature", "geometry": {"type": "LineString", "coordinates": [[-122.440589318077, 37.78034128104887], [-122.441148844334, 37.780261298298875]]}, "properties": {"Corridor": "Eddy St", "Limits": "Broderick St  -  Saint Joseph's Ave", "BlockSide": "South", "WeekDay": "Tues", "FromHour": "9", "ToHour": "11", "Week1": "1", "Week2": "1", "Week3": "1", "Week4": "1", "Week5": "1", "Holidays": "0"}}, {"type": "Feature", "geometry": {"type": "LineString", "coordinates": [[-122.43304634870549, 37.76417348135488], [-122.43323085756148, 37.763966336111885], [-122.43442763984349, 37.763016678638884], [-122.43502296924848, 37.762630519365885], [-122.43515984022349, 37.76264847591988]]}, "properties": {"Corridor": "Market St", "Limits": "16th St  -  17th St", "BlockSide": "SouthEast", "WeekDay": "Mon", "FromHour": "2", "ToHour": "6", "Week1": "1", "Week2": "1", "Week3": "1", "Week4": "1", "Week5": "1", "Holidays": "1"}}, {"type": "Feature", "geometry": {"type": "LineString", "coordinates": [[-122.427396397474, 37.782088380305126], [-122.429040601287, 37.78187888037813]]}, "properties": {"Corridor": "Eddy St", "Limits": "Laguna St  -  Buchanan St", "BlockSide": "North", "WeekDay": "Thu", "FromHour": "12", "ToHour": "14", "Week1": "1", "Week2": "1", "Week3": "1", "Week4": "1", "Week5": "1", "Holidays": "0"}}, {"type": "Feature", "geometry": {"type": "LineString", "coordinates": [[-122.45009590445697, 37.784480901991], [-122.45009410747097, 37.784293194309], [-122.45016288535697, 37.784150690243], [-122.45033691228798, 37.783929736369], [-122.45036908424197, 37.783747288981], [-122.45005252017097, 37.782116603421]]}, "properties": {"Corridor": "Collins St", "Limits": "Euclid Ave  -  Geary Blvd", "BlockSide": "East", "WeekDay": "Wed", "FromHour": "8", "ToHour": "10", "Week1": "1", "Week2": "0", "Week3": "1", "Week4": "0", "Week5": "0", "Holidays": "0"}}, {"type": "Feature", "geometry": {"type": "LineString", "coordinates": [[-122.435372983052, 37.77151092594013], [-122.437045612272, 37.77129886529413]]}, "properties": {"Corridor": "Haight St", "Limits": "Scott St  -  Divisadero St", "BlockSide": "North", "WeekDay": "Thu", "FromHour": "8", "ToHour": "10", "Week1": "1", "Week2": "1", "Week3": "1", "Week4": "1", "Week5": "1", "Holidays": "0"}}, {"type": "Feature", "geometry": {"type": "LineString", "coordinates": [[-122.43701829813106, 37.779403924695], [-122.43711164456506, 37.779867395935]]}, "properties": {"Corridor": "Scott St", "Limits": "Elm St  -  Turk St", "BlockSide": "West", "WeekDay": "Fri", "FromHour": "12", "ToHour": "14", "Week1": "1", "Week2": "1", "Week3": "1", "Week4": "1", "Week5": "1", "Holidays": "0"}}, {"type": "Feature", "geometry": {"type": "LineString", "coordinates": [[-122.43628157593142, 37.76213762558], [-122.43615387871542, 37.760823994852]]}, "properties": {"Corridor": "Collingwood St", "Limits": "Market St  -  18th St", "BlockSide": "West", "WeekDay": "Wed", "FromHour": "8", "ToHour": "10", "Week1": "1", "Week2": "1", "Week3": "1", "Week4": "1", "Week5": "1", "Holidays": "0"}}, {"type": "Feature", "geometry": {"type": "LineString", "coordinates": [[-122.44382604180176, 37.767535852074], [-122.44331628141475, 37.768944234449]]}, "properties": {"Corridor": "Buena Vista Ave West", "Limits": "Frederick St  -  Central Ave", "BlockSide": "East", "WeekDay": "Thu", "FromHour": "9", "ToHour": "11", "Week1": "1", "Week2": "1", "Week3": "1", "Week4": "1", "Week5": "1", "Holidays": "0"}}, {"type": "Feature", "geometry": {"type": "LineString", "coordinates": [[-122.4376504009366, 37.774061646375], [-122.4377126462286, 37.774139110663], [-122.4378720178026, 37.774903523387], [-122.43783852414062, 37.774991947847]]}, "properties": {"Corridor": "Divisadero St", "Limits": "Fell St  -  Hayes St", "BlockSide": "West", "WeekDay": "Mon", "FromHour": "6", "ToHour": "8", "Week1": "1", "Week2": "1", "Week3": "1", "Week4": "1", "Week5": "1", "Holidays": "0"}}, {"type": "Feature", "geometry": {"type": "LineString", "coordinates": [[-122.440963130282, 37.78227067132413], [-122.441671638484, 37.78226538759713]]}, "properties": {"Corridor": "O'Farrell St", "Limits": "Broderick St  -  Saint Joseph's Ave", "BlockSide": "North", "WeekDay": "Tues", "FromHour": "6", "ToHour": "8", "Week1": "1", "Week2": "0", "Week3": "1", "Week4": "0", "Week5": "0", "Holidays": "0"}}, {"type": "Feature", "geometry": {"type": "LineString", "coordinates": [[-122.448013160663, 37.76703812176413], [-122.449073898739, 37.76690356598113]]}, "properties": {"Corridor": "Frederick St", "Limits": "Clayton St  -  Belvedere St", "BlockSide": "North", "WeekDay": "Mon", "FromHour": "8", "ToHour": "10", "Week1": "1", "Week2": "1", "Week3": "1", "Week4": "1", "Week5": "1", "Holidays": "0"}}, {"type": "Feature", "geometry": {"type": "LineString", "coordinates": [[-122.450710180318, 37.76955748527013], [-122.451865727106, 37.769410104516126]]}, "properties": {"Corridor": "Haight St", "Limits": "Cole St  -  Shrader St", "BlockSide": "North", "WeekDay": "Mon", "FromHour": "7", "ToHour": "9", "Week1": "1", "Week2": "1", "Week3": "1", "Week4": "1", "Week5": "1", "Holidays": "0"}}, {"type": "Feature", "geometry": {"type": "LineString", "coordinates": [[-122.440783842969, 37.78134149793813], [-122.441339502116, 37.78126690842413]]}, "properties": {"Corridor": "Ellis St", "Limits": "Broderick St  -  Terra Vista Ave", "BlockSide": "North", "WeekDay": "Thu", "FromHour": "12", "ToHour": "14", "Week1": "1", "Week2": "1", "Week3": "1", "Week4": "1", "Week5": "1", "Holidays": "0"}}, {"type": "Feature", "geometry": {"type": "LineString", "coordinates": [[-122.434562099056, 37.78412042288187], [-122.434658733905, 37.78404831914687], [-122.435268126338, 37.783926928774875], [-122.437720603307, 37.78362472762287], [-122.437847943562, 37.78368619731887]]}, "properties": {"Corridor": "Geary Blvd", "Limits": "Steiner St  -  Scott St", "BlockSide": "South", "WeekDay": "Tues", "FromHour": "6", "ToHour": "8", "Week1": "1", "Week2": "0", "Week3": "1", "Week4": "0", "Week5": "0", "Holidays": "0"}}, {"type": "Feature", "geometry": {"type": "LineString", "coordinates": [[-122.442785606231, 37.76101167965487], [-122.443091897268, 37.760960322361875], [-122.443738694278, 37.760826604872875]]}, "properties": {"Corridor": "Merritt St", "Limits": "Market St  -  Danvers St", "BlockSide": "South", "WeekDay": "Thu", "FromHour": "9", "ToHour": "11", "Week1": "1", "Week2": "1", "Week3": "1", "Week4": "1", "Week5": "1", "Holidays": "0"}}, {"type": "Feature", "geometry": {"type": "LineString", "coordinates": [[-122.429686883083, 37.777007463652126], [-122.43138442355, 37.77679111861813]]}, "properties": {"Corridor": "Grove St", "Limits": "Webster St  -  Fillmore St", "BlockSide": "North", "WeekDay": "Tues", "FromHour": "8", "ToHour": "10", "Week1": "1", "Week2": "1", "Week3": "1", "Week4": "1", "Week5": "1", "Holidays": "0"}}, {"type": "Feature", "geometry": {"type": "LineString", "coordinates": [[-122.445922005478, 37.76921071591013], [-122.446744894227, 37.76910579816113]]}, "properties": {"Corridor": "Waller St", "Limits": "Delmar St  -  Ashbury St", "BlockSide": "North", "WeekDay": "Tues", "FromHour": "8", "ToHour": "10", "Week1": "1", "Week2": "1", "Week3": "1", "Week4": "1", "Week5": "1", "Holidays": "0"}}, {"type": "Feature", "geometry": {"type": "LineString", "coordinates": [[-122.42909355943573, 37.768674599598], [-122.42900854610173, 37.767729170383]]}, "properties": {"Corridor": "Church St", "Limits": "Reservoir St  -  14th St", "BlockSide": "West", "WeekDay": "Fri", "FromHour": "6", "ToHour": "8", "Week1": "1", "Week2": "1", "Week3": "1", "Week4": "1", "Week5": "1", "Holidays": "0"}}, {"type": "Feature", "geometry": {"type": "LineString", "coordinates": [[-122.451865727106, 37.769410104516126], [-122.453536875128, 37.76919666615613]]}, "properties": {"Corridor": "Haight St", "Limits": "Shrader St  -  Stanyan St", "BlockSide": "North", "WeekDay": "Mon", "FromHour": "7", "ToHour": "9", "Week1": "1", "Week2": "1", "Week3": "1", "Week4": "1", "Week5": "1", "Holidays": "0"}}, {"type": "Feature", "geometry": {"type": "LineString", "coordinates": [[-122.45779590522389, 37.765354151058], [-122.45775795989589, 37.764810068568]]}, "properties": {"Corridor": "Arguello Blvd", "Limits": "Hugo St  -  Carl St", "BlockSide": "West", "WeekDay": "Wed", "FromHour": "12", "ToHour": "14", "Week1": "1", "Week2": "0", "Week3": "1", "Week4": "0", "Week5": "0", "Holidays": "0"}}, {"type": "Feature", "geometry": {"type": "LineString", "coordinates": [[-122.446384044119, 37.761784985386875], [-122.446783403442, 37.76174997280387]]}, "properties": {"Corridor": "17th St", "Limits": "Monument Way  -  Clayton St", "BlockSide": "South", "WeekDay": "Wed", "FromHour": "12", "ToHour": "14", "Week1": "1", "Week2": "1", "Week3": "1", "Week4": "1", "Week5": "1", "Holidays": "0"}}, {"type": "Feature", "geometry": {"type": "LineString", "coordinates": [[-122.453170387508, 37.78174886939513], [-122.453268491799, 37.78181079113813], [-122.454069845707, 37.78171710410613], [-122.454175993557, 37.78163026237113]]}, "properties": {"Corridor": "Geary Blvd", "Limits": "Spruce St  -  Parker Ave", "BlockSide": "North", "WeekDay": "Tues", "FromHour": "6", "ToHour": "8", "Week1": "1", "Week2": "1", "Week3": "1", "Week4": "1", "Week5": "1", "Holidays": "0"}}, {"type": "Feature", "geometry": {"type": "LineString", "coordinates": [[-122.44152436448842, 37.760488611731], [-122.44145125904942, 37.759665097962]]}, "properties": {"Corridor": "Clover St", "Limits": "18th St  -  Caselli Ave", "BlockSide": "East", "WeekDay": "Fri", "FromHour": "12", "ToHour": "14", "Week1": "1", "Week2": "1", "Week3": "1", "Week4": "1", "Week5": "1", "Holidays": "0"}}, {"type": "Feature", "geometry": {"type": "LineString", "coordinates": [[-122.4430926758802, 37.77622603633], [-122.4432812770372, 37.777164445863]]}, "properties": {"Corridor": "Lyon St", "Limits": "Fulton St  -  McAllister St", "BlockSide": "East", "WeekDay": "Fri", "FromHour": "12", "ToHour": "14", "Week1": "1", "Week2": "1", "Week3": "1", "Week4": "1", "Week5": "1", "Holidays": "0"}}, {"type": "Feature", "geometry": {"type": "LineString", "coordinates": [[-122.432793505264, 37.760989870341874], [-122.433903579453, 37.76092329819987]]}, "properties": {"Corridor": "18th St", "Limits": "Noe St  -  Hartford St", "BlockSide": "South", "WeekDay": "Mon", "FromHour": "6", "ToHour": "8", "Week1": "1", "Week2": "1", "Week3": "1", "Week4": "1", "Week5": "1", "Holidays": "0"}}, {"type": "Feature", "geometry": {"type": "LineString", "coordinates": [[-122.446433636735, 37.76103815991113], [-122.447624825869, 37.760964128407124]]}, "properties": {"Corridor": "Carmel St", "Limits": "Clayton St  -  Belvedere St", "BlockSide": "North", "WeekDay": "Fri", "FromHour": "8", "ToHour": "10", "Week1": "1", "Week2": "0", "Week3": "0", "Week4": "0", "Week5": "0", "Holidays": "0"}}, {"type": "Feature", "geometry": {"type": "LineString", "coordinates": [[-122.457046802431, 37.77814285032587], [-122.457137790006, 37.778163029836875], [-122.458637895822, 37.77797690912787]]}, "properties": {"Corridor": "Edward St", "Limits": "Willard North St  -  Arguello Blvd", "BlockSide": "South", "WeekDay": "Thu", "FromHour": "9", "ToHour": "11", "Week1": "1", "Week2": "1", "Week3": "1", "Week4": "1", "Week5": "1", "Holidays": "0"}}, {"type": "Feature", "geometry": {"type": "LineString", "coordinates": [[-122.427396397474, 37.78202549852287], [-122.429040601287, 37.781815998595874]]}, "properties": {"Corridor": "Eddy St", "Limits": "Laguna St  -  Buchanan St", "BlockSide": "South", "WeekDay": "Tues", "FromHour": "9", "ToHour": "11", "Week1": "1", "Week2": "1", "Week3": "1", "Week4": "1", "Week5": "1", "Holidays": "0"}}, {"type": "Feature", "geometry": {"type": "LineString", "coordinates": [[-122.436028664834, 37.782878202536125], [-122.436110003818, 37.78289015014913], [-122.437633453004, 37.78269434061113]]}, "properties": {"Corridor": "O'Farrell St", "Limits": "Pierce St  -  Scott St", "BlockSide": "North", "WeekDay": "Fri", "FromHour": "6", "ToHour": "8", "Week1": "1", "Week2": "0", "Week3": "1", "Week4": "0", "Week5": "0", "Holidays": "0"}}, {"type": "Feature", "geometry": {"type": "LineString", "coordinates": [[-122.452810237136, 37.77502675942113], [-122.453003330429, 37.775002195506126]]}, "properties": {"Corridor": "Fulton St", "Limits": "Parker Ave  -  Shrader St", "BlockSide": "North", "WeekDay": "Wed", "FromHour": "8", "ToHour": "10", "Week1": "1", "Week2": "1", "Week3": "1", "Week4": "1", "Week5": "1", "Holidays": "0"}}, {"type": "Feature", "geometry": {"type": "LineString", "coordinates": [[-122.45488641028068, 37.775684989809], [-122.45480404725868, 37.7755268001]]}, "properties": {"Corridor": "Stanyan St", "Limits": "McAllister St  -  McAllister St", "BlockSide": "West", "WeekDay": "Wed", "FromHour": "6", "ToHour": "8", "Week1": "1", "Week2": "1", "Week3": "1", "Week4": "1", "Week5": "1", "Holidays": "0"}}, {"type": "Feature", "geometry": {"type": "LineString", "coordinates": [[-122.444966615114, 37.77698910866113], [-122.446659911877, 37.77677307709513]]}, "properties": {"Corridor": "McAllister St", "Limits": "Central Ave  -  Masonic Ave", "BlockSide": "North", "WeekDay": "Tues", "FromHour": "9", "ToHour": "11", "Week1": "1", "Week2": "1", "Week3": "1", "Week4": "1", "Week5": "1", "Holidays": "0"}}, {"type": "Feature", "geometry": {"type": "LineString", "coordinates": [[-122.4545780214411, 37.784029989169], [-122.45452990436709, 37.78356161496], [-122.4541362118881, 37.78159882148]]}, "properties": {"Corridor": "Parker Ave", "Limits": "Euclid Ave  -  Geary Blvd", "BlockSide": "East", "WeekDay": "Thu", "FromHour": "7", "ToHour": "9", "Week1": "1", "Week2": "0", "Week3": "1", "Week4": "0", "Week5": "0", "Holidays": "0"}}, {"type": "Feature", "geometry": {"type": "LineString", "coordinates": [[-122.43020715077228, 37.770709188615], [-122.43030058009428, 37.77117368409]]}, "properties": {"Corridor": "Fillmore St", "Limits": "Germania St  -  Waller St", "BlockSide": "West", "WeekDay": "Tues", "FromHour": "8", "ToHour": "10", "Week1": "1", "Week2": "1", "Week3": "1", "Week4": "1", "Week5": "1", "Holidays": "0"}}, {"type": "Feature", "geometry": {"type": "LineString", "coordinates": [[-122.43382432596626, 37.780286694375], [-122.43401293794525, 37.781218802442]]}, "properties": {"Corridor": "Steiner St", "Limits": "Turk St  -  Eddy St", "BlockSide": "West", "WeekDay": "Wed", "FromHour": "9", "ToHour": "11", "Week1": "1", "Week2": "1", "Week3": "1", "Week4": "1", "Week5": "1", "Holidays": "0"}}, {"type": "Feature", "geometry": {"type": "LineString", "coordinates": [[-122.43062908467, 37.773007858343874], [-122.432280109599, 37.772797807139874]]}, "properties": {"Corridor": "Page St", "Limits": "Fillmore St  -  Steiner St", "BlockSide": "South", "WeekDay": "Thu", "FromHour": "9", "ToHour": "11", "Week1": "1", "Week2": "1", "Week3": "1", "Week4": "1", "Week5": "1", "Holidays": "0"}}, {"type": "Feature", "geometry": {"type": "LineString", "coordinates": [[-122.45877140250481, 37.779333158936], [-122.45867767512681, 37.778008350019]]}, "properties": {"Corridor": "Arguello Blvd", "Limits": "Anza St  -  Edward St", "BlockSide": "West", "WeekDay": "Tues", "FromHour": "8", "ToHour": "10", "Week1": "1", "Week2": "0", "Week3": "1", "Week4": "0", "Week5": "0", "Holidays": "0"}}, {"type": "Feature", "geometry": {"type": "LineString", "coordinates": [[-122.434161774241, 37.782119469510874], [-122.435813741919, 37.781908883595875]]}, "properties": {"Corridor": "Ellis St", "Limits": "Steiner St  -  Pierce St", "BlockSide": "South", "WeekDay": "Tues", "FromHour": "9", "ToHour": "11", "Week1": "1", "Week2": "1", "Week3": "1", "Week4": "1", "Week5": "1", "Holidays": "0"}}, {"type": "Feature", "geometry": {"type": "LineString", "coordinates": [[-122.44939789442536, 37.783691644461], [-122.44911918595535, 37.78231437377]]}, "properties": {"Corridor": "Wood St", "Limits": "Dicha Aly  -  Geary Blvd", "BlockSide": "West", "WeekDay": "Wed", "FromHour": "8", "ToHour": "10", "Week1": "1", "Week2": "0", "Week3": "1", "Week4": "0", "Week5": "0", "Holidays": "0"}}, {"type": "Feature", "geometry": {"type": "LineString", "coordinates": [[-122.458371099376, 37.774340336501126], [-122.459486118713, 37.774198374924126]]}, "properties": {"Corridor": "Fulton St", "Limits": "Arguello Blvd  -  02nd Ave", "BlockSide": "North", "WeekDay": "Mon", "FromHour": "10", "ToHour": "12", "Week1": "0", "Week2": "1", "Week3": "0", "Week4": "1", "Week5": "0", "Holidays": "0"}}, {"type": "Feature", "geometry": {"type": "LineString", "coordinates": [[-122.43011339482398, 37.77024306553], [-122.43020715052198, 37.770709188615]]}, "properties": {"Corridor": "Fillmore St", "Limits": "Hermann St  -  Germania St", "BlockSide": "West", "WeekDay": "Fri", "FromHour": "8", "ToHour": "10", "Week1": "1", "Week2": "1", "Week3": "1", "Week4": "1", "Week5": "1", "Holidays": "0"}}, {"type": "Feature", "geometry": {"type": "LineString", "coordinates": [[-122.43431061372092, 37.783083017553], [-122.43452231708892, 37.784151863773]]}, "properties": {"Corridor": "Steiner St", "Limits": "O'Farrell St  -  Geary Blvd", "BlockSide": "East", "WeekDay": "Mon", "FromHour": "6", "ToHour": "8", "Week1": "0", "Week2": "1", "Week3": "0", "Week4": "1", "Week5": "0", "Holidays": "0"}}, {"type": "Feature", "geometry": {"type": "LineString", "coordinates": [[-122.458858661406, 37.78122562043387], [-122.459039858278, 37.78115827244587], [-122.459874043119, 37.781115142969874], [-122.459999657963, 37.78118203702087]]}, "properties": {"Corridor": "Geary Blvd", "Limits": "Arguello Blvd  -  02nd Ave", "BlockSide": "South", "WeekDay": "Sat", "FromHour": "7", "ToHour": "8", "Week1": "1", "Week2": "1", "Week3": "1", "Week4": "1", "Week5": "1", "Holidays": "0"}}, {"type": "Feature", "geometry": {"type": "LineString", "coordinates": [[-122.455252545029, 37.77465546545787], [-122.456283639802, 37.77452327104387]]}, "properties": {"Corridor": "Fulton St", "Limits": "Parsons St  -  Willard North St", "BlockSide": "South", "WeekDay": "Fri", "FromHour": "8", "ToHour": "10", "Week1": "1", "Week2": "1", "Week3": "1", "Week4": "1", "Week5": "1", "Holidays": "0"}}, {"type": "Feature", "geometry": {"type": "LineString", "coordinates": [[-122.42926439350748, 37.770350618827], [-122.42918541640948, 37.769560880888], [-122.42916776002448, 37.769456128163]]}, "properties": {"Corridor": "Church St", "Limits": "Hermann St  -  Duboce Ave", "BlockSide": "West", "WeekDay": "Wed", "FromHour": "8", "ToHour": "10", "Week1": "1", "Week2": "1", "Week3": "1", "Week4": "1", "Week5": "1", "Holidays": "0"}}, {"type": "Feature", "geometry": {"type": "LineString", "coordinates": [[-122.451163299108, 37.77421729339987], [-122.452812819214, 37.77400925154287]]}, "properties": {"Corridor": "Grove St", "Limits": "Cole St  -  Shrader St", "BlockSide": "South", "WeekDay": "Thu", "FromHour": "9", "ToHour": "11", "Week1": "1", "Week2": "1", "Week3": "1", "Week4": "1", "Week5": "1", "Holidays": "0"}}, {"type": "Feature", "geometry": {"type": "LineString", "coordinates": [[-122.43094947220125, 37.783507754267], [-122.43088739725725, 37.783622133141], [-122.43105518803024, 37.784352065585], [-122.43116516392024, 37.784568241392]]}, "properties": {"Corridor": "Webster St", "Limits": "O'Farrell St  -  Geary Blvd", "BlockSide": "East", "WeekDay": "Fri", "FromHour": "12", "ToHour": "14", "Week1": "1", "Week2": "1", "Week3": "1", "Week4": "1", "Week5": "1", "Holidays": "0"}}, {"type": "Feature", "geometry": {"type": "LineString", "coordinates": [[-122.455523985114, 37.781462581121126], [-122.455632655845, 37.78152125296213], [-122.456226329561, 37.78148585765313], [-122.456295739929, 37.781412723382125]]}, "properties": {"Corridor": "Geary Blvd", "Limits": "Commonwealth Ave  -  Stanyan St", "BlockSide": "North", "WeekDay": "Thu", "FromHour": "6", "ToHour": "8", "Week1": "1", "Week2": "1", "Week3": "1", "Week4": "1", "Week5": "1", "Holidays": "0"}}, {"type": "Feature", "geometry": {"type": "LineString", "coordinates": [[-122.456669911718, 37.76378324789587], [-122.45782708181, 37.76345084701287], [-122.459790374219, 37.76289449722587]]}, "properties": {"Corridor": "Parnassus Ave", "Limits": "Hillway Ave  -  03rd Ave", "BlockSide": "South", "WeekDay": "Tues", "FromHour": "6", "ToHour": "7", "Week1": "1", "Week2": "1", "Week3": "1", "Week4": "1", "Week5": "1", "Holidays": "0"}}, {"type": "Feature", "geometry": {"type": "LineString", "coordinates": [[-122.43915371732874, 37.781520352742], [-122.43921758180774, 37.781582976454], [-122.43937614348775, 37.782351217359], [-122.43933740603075, 37.78245048083]]}, "properties": {"Corridor": "Divisadero St", "Limits": "Ellis St  -  O'Farrell St", "BlockSide": "West", "WeekDay": "Wed", "FromHour": "6", "ToHour": "8", "Week1": "1", "Week2": "1", "Week3": "1", "Week4": "1", "Week5": "1", "Holidays": "0"}}, {"type": "Feature", "geometry": {"type": "LineString", "coordinates": [[-122.433922187634, 37.772588869909875], [-122.435563320055, 37.77238648896887]]}, "properties": {"Corridor": "Page St", "Limits": "Pierce St  -  Scott St", "BlockSide": "South", "WeekDay": "Thu", "FromHour": "8", "ToHour": "10", "Week1": "1", "Week2": "1", "Week3": "1", "Week4": "1", "Week5": "1", "Holidays": "0"}}, {"type": "Feature", "geometry": {"type": "LineString", "coordinates": [[-122.43274596158017, 37.783292591474], [-122.43295403032516, 37.78435505664]]}, "properties": {"Corridor": "Fillmore St", "Limits": "O'Farrell St  -  Geary Blvd", "BlockSide": "West", "WeekDay": "Mon", "FromHour": "6", "ToHour": "8", "Week1": "1", "Week2": "0", "Week3": "1", "Week4": "0", "Week5": "0", "Holidays": "0"}}, {"type": "Feature", "geometry": {"type": "LineString", "coordinates": [[-122.44891898598807, 37.778389429068], [-122.44872309741307, 37.777432892426]]}, "properties": {"Corridor": "Tamalpais Ter", "Limits": "Turk Blvd  -  Golden Gate Ave", "BlockSide": "West", "WeekDay": "Wed", "FromHour": "8", "ToHour": "10", "Week1": "1", "Week2": "1", "Week3": "1", "Week4": "1", "Week5": "1", "Holidays": "0"}}, {"type": "Feature", "geometry": {"type": "LineString", "coordinates": [[-122.45810170020215, 37.785824278135], [-122.45796260104315, 37.78387431188]]}, "properties": {"Corridor": "Palm Ave", "Limits": "California St  -  Euclid Ave", "BlockSide": "West", "WeekDay": "Tues", "FromHour": "7", "ToHour": "9", "Week1": "1", "Week2": "0", "Week3": "1", "Week4": "0", "Week5": "0", "Holidays": "0"}}, {"type": "Feature", "geometry": {"type": "LineString", "coordinates": [[-122.43266639742384, 37.783292591474], [-122.43287446616884, 37.78435505664]]}, "properties": {"Corridor": "Fillmore St", "Limits": "O'Farrell St  -  Geary Blvd", "BlockSide": "East", "WeekDay": "Tues", "FromHour": "6", "ToHour": "8", "Week1": "0", "Week2": "1", "Week3": "0", "Week4": "1", "Week5": "0", "Holidays": "0"}}, {"type": "Feature", "geometry": {"type": "LineString", "coordinates": [[-122.44697359351197, 37.770007605561], [-122.44678466861997, 37.76907435727]]}, "properties": {"Corridor": "Ashbury St", "Limits": "Haight St  -  Waller St", "BlockSide": "West", "WeekDay": "Fri", "FromHour": "8", "ToHour": "10", "Week1": "1", "Week2": "1", "Week3": "1", "Week4": "1", "Week5": "1", "Holidays": "0"}}, {"type": "Feature", "geometry": {"type": "LineString", "coordinates": [[-122.43247560188753, 37.782349635153], [-122.43266639796354, 37.783292591474]]}, "properties": {"Corridor": "Fillmore St", "Limits": "Ellis St  -  O'Farrell St", "BlockSide": "East", "WeekDay": "Thu", "FromHour": "6", "ToHour": "8", "Week1": "1", "Week2": "0", "Week3": "1", "Week4": "0", "Week5": "0", "Holidays": "0"}}, {"type": "Feature", "geometry": {"type": "LineString", "coordinates": [[-122.443877268758, 37.77956487363113], [-122.44446659985, 37.779490161476126]]}, "properties": {"Corridor": "Anzavista Ave", "Limits": "Arbol Ln  -  Barcelona Ave", "BlockSide": "North", "WeekDay": "Fri", "FromHour": "9", "ToHour": "11", "Week1": "1", "Week2": "1", "Week3": "1", "Week4": "1", "Week5": "1", "Holidays": "0"}}, {"type": "Feature", "geometry": {"type": "LineString", "coordinates": [[-122.456283639802, 37.77452327104387], [-122.458371099376, 37.77427745471887]]}, "properties": {"Corridor": "Fulton St", "Limits": "Willard North St  -  Arguello Blvd", "BlockSide": "South", "WeekDay": "Fri", "FromHour": "8", "ToHour": "10", "Week1": "1", "Week2": "1", "Week3": "1", "Week4": "1", "Week5": "1", "Holidays": "0"}}, {"type": "Feature", "geometry": {"type": "LineString", "coordinates": [[-122.445902365973, 37.77302684671613], [-122.44749724428, 37.77282189445213]]}, "properties": {"Corridor": "Fell St", "Limits": "Masonic Ave  -  Ashbury St", "BlockSide": "North", "WeekDay": "Tues", "FromHour": "8", "ToHour": "10", "Week1": "1", "Week2": "1", "Week3": "1", "Week4": "1", "Week5": "1", "Holidays": "0"}}, {"type": "Feature", "geometry": {"type": "LineString", "coordinates": [[-122.440963130282, 37.78227067132413], [-122.441671638484, 37.78226538759713]]}, "properties": {"Corridor": "O'Farrell St", "Limits": "Broderick St  -  Saint Joseph's Ave", "BlockSide": "North", "WeekDay": "Tues", "FromHour": "6", "ToHour": "8", "Week1": "0", "Week2": "1", "Week3": "0", "Week4": "1", "Week5": "0", "Holidays": "0"}}, {"type": "Feature", "geometry": {"type": "LineString", "coordinates": [[-122.45881888122705, 37.781257061325], [-122.45869184302104, 37.779333158936]]}, "properties": {"Corridor": "Arguello Blvd", "Limits": "Geary Blvd  -  Anza St", "BlockSide": "East", "WeekDay": "Thu", "FromHour": "7", "ToHour": "9", "Week1": "1", "Week2": "0", "Week3": "1", "Week4": "0", "Week5": "0", "Holidays": "0"}}, {"type": "Feature", "geometry": {"type": "LineString", "coordinates": [[-122.44137928313451, 37.781235467533], [-122.44155191433052, 37.782095823686], [-122.44171141950251, 37.782233946706]]}, "properties": {"Corridor": "Saint Joseph's Ave", "Limits": "Ellis St  -  O'Farrell St", "BlockSide": "West", "WeekDay": "Fri", "FromHour": "9", "ToHour": "11", "Week1": "1", "Week2": "1", "Week3": "1", "Week4": "1", "Week5": "1", "Holidays": "0"}}, {"type": "Feature", "geometry": {"type": "LineString", "coordinates": [[-122.44376734792809, 37.763273364253884], [-122.44378433596809, 37.76322095225488], [-122.44453440669508, 37.76252259572088], [-122.44463950412909, 37.76247348926788]]}, "properties": {"Corridor": "Roosevelt Way", "Limits": "Lower Ter  -  Saturn St", "BlockSide": "SouthEast", "WeekDay": "Tues", "FromHour": "10", "ToHour": "12", "Week1": "1", "Week2": "1", "Week3": "1", "Week4": "1", "Week5": "1", "Holidays": "0"}}, {"type": "Feature", "geometry": {"type": "LineString", "coordinates": [[-122.454846632625, 37.77565354891787], [-122.45544066946, 37.775579857116874]]}, "properties": {"Corridor": "McAllister St", "Limits": "Stanyan St  -  Parsons St", "BlockSide": "South", "WeekDay": "Wed", "FromHour": "8", "ToHour": "10", "Week1": "1", "Week2": "1", "Week3": "1", "Week4": "1", "Week5": "1", "Holidays": "0"}}, {"type": "Feature", "geometry": {"type": "LineString", "coordinates": [[-122.437260058298, 37.78083321158413], [-122.438926755343, 37.78061992731113]]}, "properties": {"Corridor": "Eddy St", "Limits": "Scott St  -  Divisadero St", "BlockSide": "North", "WeekDay": "Thu", "FromHour": "12", "ToHour": "14", "Week1": "1", "Week2": "1", "Week3": "1", "Week4": "1", "Week5": "1", "Holidays": "0"}}, {"type": "Feature", "geometry": {"type": "LineString", "coordinates": [[-122.4300905639588, 37.782672402705], [-122.4302772822888, 37.78359535782]]}, "properties": {"Corridor": "Hollis St", "Limits": "Ellis St  -  O'Farrell St", "BlockSide": "West", "WeekDay": "Thu", "FromHour": "12", "ToHour": "14", "Week1": "1", "Week2": "1", "Week3": "1", "Week4": "1", "Week5": "1", "Holidays": "0"}}, {"type": "Feature", "geometry": {"type": "LineString", "coordinates": [[-122.43719515557737, 37.772203712438], [-122.43716363883337, 37.772286038019], [-122.43732058574537, 37.773060370428], [-122.43738316361636, 37.77313349266]]}, "properties": {"Corridor": "Divisadero St", "Limits": "Page St  -  Oak St", "BlockSide": "East", "WeekDay": "Thu", "FromHour": "6", "ToHour": "8", "Week1": "1", "Week2": "1", "Week3": "1", "Week4": "1", "Week5": "1", "Holidays": "0"}}, {"type": "Feature", "geometry": {"type": "LineString", "coordinates": [[-122.448683318517, 37.77746433331713], [-122.449570826213, 37.77735018992813]]}, "properties": {"Corridor": "Golden Gate Ave", "Limits": "Tamalpais Ter  -  Roselyn Ter", "BlockSide": "North", "WeekDay": "Thu", "FromHour": "6", "ToHour": "8", "Week1": "1", "Week2": "1", "Week3": "1", "Week4": "1", "Week5": "1", "Holidays": "0"}}, {"type": "Feature", "geometry": {"type": "LineString", "coordinates": [[-122.432515383426, 37.782381076044125], [-122.431984549497, 37.78244736656813]]}, "properties": {"Corridor": "Ellis St", "Limits": "Fillmore St  -  End: 1550-1599 Block", "BlockSide": "North", "WeekDay": "Tues", "FromHour": "9", "ToHour": "11", "Week1": "1", "Week2": "1", "Week3": "1", "Week4": "1", "Week5": "1", "Holidays": "0"}}, {"type": "Feature", "geometry": {"type": "LineString", "coordinates": [[-122.44062909854995, 37.78037272194], [-122.44082362344194, 37.781310057047]]}, "properties": {"Corridor": "Broderick St", "Limits": "Eddy St  -  Ellis St", "BlockSide": "West", "WeekDay": "Wed", "FromHour": "12", "ToHour": "14", "Week1": "1", "Week2": "1", "Week3": "1", "Week4": "1", "Week5": "1", "Holidays": "0"}}, {"type": "Feature", "geometry": {"type": "LineString", "coordinates": [[-122.456669911718, 37.76384612967813], [-122.45782708181, 37.763513728795125], [-122.459790374219, 37.76295737900813]]}, "properties": {"Corridor": "Parnassus Ave", "Limits": "Hillway Ave  -  03rd Ave", "BlockSide": "North", "WeekDay": "Fri", "FromHour": "6", "ToHour": "7", "Week1": "1", "Week2": "1", "Week3": "1", "Week4": "1", "Week5": "1", "Holidays": "0"}}, {"type": "Feature", "geometry": {"type": "LineString", "coordinates": [[-122.43195847261809, 37.771430528402], [-122.4320525254541, 37.771897265796]]}, "properties": {"Corridor": "Steiner St", "Limits": "Laussat St  -  Haight St", "BlockSide": "East", "WeekDay": "Fri", "FromHour": "9", "ToHour": "11", "Week1": "1", "Week2": "1", "Week3": "1", "Week4": "1", "Week5": "1", "Holidays": "0"}}, {"type": "Feature", "geometry": {"type": "LineString", "coordinates": [[-122.43066886119584, 37.773039299235], [-122.43086449016884, 37.77397252126]]}, "properties": {"Corridor": "Fillmore St", "Limits": "Page St  -  Oak St", "BlockSide": "West", "WeekDay": "Tues", "FromHour": "8", "ToHour": "10", "Week1": "1", "Week2": "1", "Week3": "1", "Week4": "1", "Week5": "1", "Holidays": "0"}}, {"type": "Feature", "geometry": {"type": "LineString", "coordinates": [[-122.4503894272273, 37.76078392353412], [-122.45024484751428, 37.760062916262115], [-122.4491868380533, 37.759633086122115]]}, "properties": {"Corridor": "Shrader St", "Limits": "Carmel St  -  Belgrave Ave", "BlockSide": "NorthEast", "WeekDay": "Tues", "FromHour": "8", "ToHour": "10", "Week1": "1", "Week2": "0", "Week3": "0", "Week4": "0", "Week5": "0", "Holidays": "0"}}, {"type": "Feature", "geometry": {"type": "LineString", "coordinates": [[-122.45895861952654, 37.783188664916], [-122.45881888018954, 37.781257061325]]}, "properties": {"Corridor": "Arguello Blvd", "Limits": "Clement St  -  Geary Blvd", "BlockSide": "East", "WeekDay": "Thu", "FromHour": "7", "ToHour": "9", "Week1": "1", "Week2": "0", "Week3": "1", "Week4": "0", "Week5": "0", "Holidays": "0"}}, {"type": "Feature", "geometry": {"type": "LineString", "coordinates": [[-122.433547159621, 37.770786672368125], [-122.43440451328, 37.770677489577125]]}, "properties": {"Corridor": "Waller St", "Limits": "Pierce St  -  Carmelita St", "BlockSide": "North", "WeekDay": "Thu", "FromHour": "8", "ToHour": "10", "Week1": "1", "Week2": "1", "Week3": "1", "Week4": "1", "Week5": "1", "Holidays": "0"}}, {"type": "Feature", "geometry": {"type": "LineString", "coordinates": [[-122.43256199249865, 37.769893022657], [-122.43275703706264, 37.770860911507]]}, "properties": {"Corridor": "Potomac St", "Limits": "Start: 01-99 Block  -  Waller St", "BlockSide": "West", "WeekDay": "Wed", "FromHour": "9", "ToHour": "11", "Week1": "1", "Week2": "1", "Week3": "1", "Week4": "1", "Week5": "1", "Holidays": "0"}}, {"type": "Feature", "geometry": {"type": "LineString", "coordinates": [[-122.45567154533903, 37.783978891051], [-122.45548420363802, 37.78143114023]]}, "properties": {"Corridor": "Commonwealth Ave", "Limits": "Euclid Ave  -  Geary Blvd", "BlockSide": "East", "WeekDay": "Tues", "FromHour": "7", "ToHour": "9", "Week1": "1", "Week2": "0", "Week3": "1", "Week4": "0", "Week5": "0", "Holidays": "0"}}, {"type": "Feature", "geometry": {"type": "LineString", "coordinates": [[-122.4373831631149, 37.77313349266], [-122.43734987133291, 37.773229220106], [-122.43751175314691, 37.773987756733], [-122.4375708472849, 37.774061646375]]}, "properties": {"Corridor": "Divisadero St", "Limits": "Oak St  -  Fell St", "BlockSide": "East", "WeekDay": "Thu", "FromHour": "6", "ToHour": "8", "Week1": "1", "Week2": "1", "Week3": "1", "Week4": "1", "Week5": "1", "Holidays": "0"}}, {"type": "Feature", "geometry": {"type": "LineString", "coordinates": [[-122.455711326815, 37.78394745015987], [-122.456813220016, 37.78389747086087]]}, "properties": {"Corridor": "Euclid Ave", "Limits": "Commonwealth Ave  -  Jordan Ave", "BlockSide": "South", "WeekDay": "Thu", "FromHour": "11", "ToHour": "13", "Week1": "1", "Week2": "0", "Week3": "1", "Week4": "0", "Week5": "0", "Holidays": "0"}}, {"type": "Feature", "geometry": {"type": "LineString", "coordinates": [[-122.4376504009366, 37.774061646375], [-122.4377126462286, 37.774139110663], [-122.4378720178026, 37.774903523387], [-122.43783852414062, 37.774991947847]]}, "properties": {"Corridor": "Divisadero St", "Limits": "Fell St  -  Hayes St", "BlockSide": "West", "WeekDay": "Fri", "FromHour": "6", "ToHour": "8", "Week1": "1", "Week2": "1", "Week3": "1", "Week4": "1", "Week5": "1", "Holidays": "0"}}, {"type": "Feature", "geometry": {"type": "LineString", "coordinates": [[-122.42892044335834, 37.76748222771688], [-122.42902556379033, 37.76728891250088], [-122.43056305233934, 37.76607306433888], [-122.43079627193434, 37.76599149909488]]}, "properties": {"Corridor": "Market St", "Limits": "Church St  -  15th St", "BlockSide": "SouthEast", "WeekDay": "Mon", "FromHour": "2", "ToHour": "6", "Week1": "1", "Week2": "1", "Week3": "1", "Week4": "1", "Week5": "1", "Holidays": "1"}}, {"type": "Feature", "geometry": {"type": "LineString", "coordinates": [[-122.436588267059, 37.76903224350013], [-122.437106064137, 37.76899464665513], [-122.437230505176, 37.76909099247813], [-122.437556408066, 37.769074798400126]]}, "properties": {"Corridor": "Duboce Ave", "Limits": "Divisadero St  -  Alpine Ter", "BlockSide": "North", "WeekDay": "Wed", "FromHour": "12", "ToHour": "14", "Week1": "1", "Week2": "1", "Week3": "1", "Week4": "1", "Week5": "1", "Holidays": "0"}}, {"type": "Feature", "geometry": {"type": "LineString", "coordinates": [[-122.44382359181992, 37.76331782796212], [-122.44384057985992, 37.76326541596312], [-122.44459065058692, 37.76256705942912], [-122.44469574802092, 37.76251795297612]]}, "properties": {"Corridor": "Roosevelt Way", "Limits": "Lower Ter  -  Saturn St", "BlockSide": "NorthWest", "WeekDay": "Tues", "FromHour": "8", "ToHour": "9", "Week1": "1", "Week2": "1", "Week3": "1", "Week4": "1", "Week5": "1", "Holidays": "0"}}, {"type": "Feature", "geometry": {"type": "LineString", "coordinates": [[-122.43236876257377, 37.781428371173], [-122.43255516446277, 37.782349635153]]}, "properties": {"Corridor": "Fillmore St", "Limits": "Eddy St  -  Ellis St", "BlockSide": "West", "WeekDay": "Fri", "FromHour": "6", "ToHour": "8", "Week1": "0", "Week2": "1", "Week3": "0", "Week4": "1", "Week5": "0", "Holidays": "0"}}, {"type": "Feature", "geometry": {"type": "LineString", "coordinates": [[-122.43961672544808, 37.775713591337], [-122.43980445804408, 37.776644006945]]}, "properties": {"Corridor": "Broderick St", "Limits": "Grove St  -  Fulton St", "BlockSide": "East", "WeekDay": "Fri", "FromHour": "12", "ToHour": "14", "Week1": "1", "Week2": "1", "Week3": "1", "Week4": "1", "Week5": "1", "Holidays": "0"}}, {"type": "Feature", "geometry": {"type": "LineString", "coordinates": [[-122.43937658268104, 37.760626722992], [-122.43929625311803, 37.759807649443]]}, "properties": {"Corridor": "Douglass St", "Limits": "18th St  -  Caselli Ave", "BlockSide": "West", "WeekDay": "Fri", "FromHour": "8", "ToHour": "10", "Week1": "1", "Week2": "1", "Week3": "1", "Week4": "1", "Week5": "1", "Holidays": "0"}}, {"type": "Feature", "geometry": {"type": "LineString", "coordinates": [[-122.433331904809, 37.76663058951587], [-122.435548123459, 37.76649645125787]]}, "properties": {"Corridor": "Henry St", "Limits": "Noe St  -  Castro St", "BlockSide": "South", "WeekDay": "Mon", "FromHour": "9", "ToHour": "11", "Week1": "1", "Week2": "1", "Week3": "1", "Week4": "1", "Week5": "1", "Holidays": "0"}}, {"type": "Feature", "geometry": {"type": "LineString", "coordinates": [[-122.43722027759736, 37.780801770693], [-122.43740664986836, 37.7817270793]]}, "properties": {"Corridor": "Scott St", "Limits": "Eddy St  -  Ellis St", "BlockSide": "East", "WeekDay": "Mon", "FromHour": "6", "ToHour": "8", "Week1": "0", "Week2": "1", "Week3": "0", "Week4": "1", "Week5": "0", "Holidays": "0"}}, {"type": "Feature", "geometry": {"type": "LineString", "coordinates": [[-122.44607460539368, 37.778749530726], [-122.44613799969568, 37.778908646547], [-122.44626806135167, 37.779432348562], [-122.44632358804768, 37.779750833817], [-122.44632902100668, 37.779958147956]]}, "properties": {"Corridor": "Nido Ave", "Limits": "Turk Blvd  -  Vega St", "BlockSide": "West", "WeekDay": "Thu", "FromHour": "12", "ToHour": "14", "Week1": "1", "Week2": "1", "Week3": "1", "Week4": "1", "Week5": "1", "Holidays": "0"}}, {"type": "Feature", "geometry": {"type": "LineString", "coordinates": [[-122.4310535936688, 37.76589021821812], [-122.4312588543828, 37.765810521180114], [-122.43295092030782, 37.764490555883114], [-122.43310259358582, 37.764217945063116]]}, "properties": {"Corridor": "Market St", "Limits": "Sanchez St  -  16th St", "BlockSide": "NorthWest", "WeekDay": "Thu", "FromHour": "2", "ToHour": "6", "Week1": "1", "Week2": "1", "Week3": "1", "Week4": "1", "Week5": "1", "Holidays": "1"}}, {"type": "Feature", "geometry": {"type": "LineString", "coordinates": [[-122.429365860021, 37.77507973915687], [-122.43101153828, 37.77487139005287]]}, "properties": {"Corridor": "Fell St", "Limits": "Webster St  -  Fillmore St", "BlockSide": "South", "WeekDay": "Thu", "FromHour": "8", "ToHour": "10", "Week1": "1", "Week2": "1", "Week3": "1", "Week4": "1", "Week5": "1", "Holidays": "0"}}, {"type": "Feature", "geometry": {"type": "LineString", "coordinates": [[-122.43058930814416, 37.773039299235], [-122.43078493711717, 37.77397252126]]}, "properties": {"Corridor": "Fillmore St", "Limits": "Page St  -  Oak St", "BlockSide": "East", "WeekDay": "Mon", "FromHour": "8", "ToHour": "10", "Week1": "1", "Week2": "1", "Week3": "1", "Week4": "1", "Week5": "1", "Holidays": "0"}}, {"type": "Feature", "geometry": {"type": "LineString", "coordinates": [[-122.450736767306, 37.76237314575613], [-122.452096689882, 37.76219819117313]]}, "properties": {"Corridor": "Rivoli St", "Limits": "Shrader St  -  Stanyan St", "BlockSide": "North", "WeekDay": "Thu", "FromHour": "9", "ToHour": "11", "Week1": "1", "Week2": "0", "Week3": "0", "Week4": "0", "Week5": "0", "Holidays": "0"}}, {"type": "Feature", "geometry": {"type": "LineString", "coordinates": [[-122.43953109299288, 37.762226867148], [-122.43945362224487, 37.761424566335]]}, "properties": {"Corridor": "Douglass St", "Limits": "17th St  -  Market St", "BlockSide": "West", "WeekDay": "Fri", "FromHour": "12", "ToHour": "14", "Week1": "1", "Week2": "1", "Week3": "1", "Week4": "1", "Week5": "1", "Holidays": "0"}}, {"type": "Feature", "geometry": {"type": "LineString", "coordinates": [[-122.43831020480238, 37.76898436888688], [-122.43879157080238, 37.76837873714588], [-122.43927327561137, 37.768143293291885]]}, "properties": {"Corridor": "Buena Vista Ave East", "Limits": "Duboce Ave  -  Park Hill Ave", "BlockSide": "SouthEast", "WeekDay": "Tues", "FromHour": "8", "ToHour": "10", "Week1": "1", "Week2": "1", "Week3": "1", "Week4": "1", "Week5": "1", "Holidays": "0"}}, {"type": "Feature", "geometry": {"type": "LineString", "coordinates": [[-122.43278995081315, 37.775626088664], [-122.43282048498214, 37.775718605459], [-122.43298872101114, 37.776550121993]]}, "properties": {"Corridor": "Steiner St", "Limits": "Hayes St  -  Grove St", "BlockSide": "East", "WeekDay": "Fri", "FromHour": "9", "ToHour": "11", "Week1": "1", "Week2": "1", "Week3": "1", "Week4": "1", "Week5": "1", "Holidays": "0"}}, {"type": "Feature", "geometry": {"type": "LineString", "coordinates": [[-122.43236876257377, 37.781428371173], [-122.43255516446277, 37.782349635153]]}, "properties": {"Corridor": "Fillmore St", "Limits": "Eddy St  -  Ellis St", "BlockSide": "West", "WeekDay": "Fri", "FromHour": "6", "ToHour": "8", "Week1": "1", "Week2": "0", "Week3": "1", "Week4": "0", "Week5": "0", "Holidays": "0"}}, {"type": "Feature", "geometry": {"type": "LineString", "coordinates": [[-122.45651247747789, 37.775483265156], [-122.45632341714189, 37.774554711935]]}, "properties": {"Corridor": "Willard St North", "Limits": "McAllister St  -  Fulton St", "BlockSide": "West", "WeekDay": "Thu", "FromHour": "9", "ToHour": "11", "Week1": "1", "Week2": "1", "Week3": "1", "Week4": "1", "Week5": "1", "Holidays": "0"}}, {"type": "Feature", "geometry": {"type": "LineString", "coordinates": [[-122.429040601287, 37.781815998595874], [-122.430609199213, 37.78161414350187]]}, "properties": {"Corridor": "Eddy St", "Limits": "Buchanan St  -  Webster St", "BlockSide": "South", "WeekDay": "Tues", "FromHour": "9", "ToHour": "11", "Week1": "1", "Week2": "1", "Week3": "1", "Week4": "1", "Week5": "1", "Holidays": "0"}}, {"type": "Feature", "geometry": {"type": "LineString", "coordinates": [[-122.43521889003367, 37.763462837145], [-122.43515502616367, 37.762766387776], [-122.43514819146968, 37.762670707774]]}, "properties": {"Corridor": "Castro St", "Limits": "States St  -  Market St", "BlockSide": "East", "WeekDay": "Tues", "FromHour": "6", "ToHour": "8", "Week1": "1", "Week2": "1", "Week3": "1", "Week4": "1", "Week5": "1", "Holidays": "0"}}, {"type": "Feature", "geometry": {"type": "LineString", "coordinates": [[-122.42909355943573, 37.768674599598], [-122.42900854610173, 37.767729170383]]}, "properties": {"Corridor": "Church St", "Limits": "Reservoir St  -  14th St", "BlockSide": "West", "WeekDay": "Wed", "FromHour": "6", "ToHour": "8", "Week1": "1", "Week2": "1", "Week3": "1", "Week4": "1", "Week5": "1", "Holidays": "0"}}, {"type": "Feature", "geometry": {"type": "LineString", "coordinates": [[-122.428508749795, 37.76292130685713], [-122.430726723147, 37.76278411174513]]}, "properties": {"Corridor": "17th St", "Limits": "Church St  -  Sanchez St", "BlockSide": "North", "WeekDay": "Thu", "FromHour": "6", "ToHour": "8", "Week1": "1", "Week2": "1", "Week3": "1", "Week4": "1", "Week5": "1", "Holidays": "0"}}, {"type": "Feature", "geometry": {"type": "LineString", "coordinates": [[-122.43851249781638, 37.778724107955], [-122.43847716532638, 37.77881076783], [-122.43863285447338, 37.77959067657], [-122.43870040397337, 37.779659630005]]}, "properties": {"Corridor": "Divisadero St", "Limits": "Golden Gate Ave  -  Turk St", "BlockSide": "East", "WeekDay": "Tues", "FromHour": "6", "ToHour": "8", "Week1": "1", "Week2": "1", "Week3": "1", "Week4": "1", "Week5": "1", "Holidays": "0"}}, {"type": "Feature", "geometry": {"type": "LineString", "coordinates": [[-122.456050662156, 37.77753078527413], [-122.456863367497, 37.77743336408913]]}, "properties": {"Corridor": "Turk Blvd", "Limits": "Rossi Ave  -  Willard North St", "BlockSide": "North", "WeekDay": "Fri", "FromHour": "8", "ToHour": "10", "Week1": "1", "Week2": "1", "Week3": "1", "Week4": "1", "Week5": "1", "Holidays": "0"}}, {"type": "Feature", "geometry": {"type": "LineString", "coordinates": [[-122.45461780311, 37.78406143006013], [-122.455711326815, 37.78401033194213]]}, "properties": {"Corridor": "Euclid Ave", "Limits": "Parker Ave  -  Commonwealth Ave", "BlockSide": "North", "WeekDay": "Fri", "FromHour": "7", "ToHour": "9", "Week1": "1", "Week2": "0", "Week3": "1", "Week4": "0", "Week5": "0", "Holidays": "0"}}, {"type": "Feature", "geometry": {"type": "LineString", "coordinates": [[-122.432328981537, 37.78139693028187], [-122.43397315752, 37.78118736155087]]}, "properties": {"Corridor": "Eddy St", "Limits": "Fillmore St  -  Steiner St", "BlockSide": "South", "WeekDay": "Tues", "FromHour": "9", "ToHour": "11", "Week1": "1", "Week2": "1", "Week3": "1", "Week4": "1", "Week5": "1", "Holidays": "0"}}, {"type": "Feature", "geometry": {"type": "LineString", "coordinates": [[-122.43361198143023, 37.769178369418], [-122.43344803195723, 37.76746158327]]}, "properties": {"Corridor": "Noe St", "Limits": "Duboce Ave  -  14th St", "BlockSide": "West", "WeekDay": "Wed", "FromHour": "6", "ToHour": "8", "Week1": "1", "Week2": "1", "Week3": "1", "Week4": "1", "Week5": "1", "Holidays": "0"}}, {"type": "Feature", "geometry": {"type": "LineString", "coordinates": [[-122.44698093749845, 37.760192361210116], [-122.44718551727645, 37.759682912799114], [-122.44742298313345, 37.75939507447212]]}, "properties": {"Corridor": "Twin Peaks Blvd", "Limits": "Villa Ter  -  Graystone Ter", "BlockSide": "NorthWest", "WeekDay": "Thu", "FromHour": "9", "ToHour": "11", "Week1": "1", "Week2": "1", "Week3": "1", "Week4": "1", "Week5": "1", "Holidays": "0"}}, {"type": "Feature", "geometry": {"type": "LineString", "coordinates": [[-122.4434889260167, 37.760486978145885], [-122.4435202249947, 37.76040778868588], [-122.4437577069927, 37.760253492423885], [-122.4445438893497, 37.759737655164884], [-122.4446013077817, 37.75968614234488]]}, "properties": {"Corridor": "Market St", "Limits": "Danvers St  -  18th St", "BlockSide": "SouthEast", "WeekDay": "Fri", "FromHour": "12", "ToHour": "14", "Week1": "1", "Week2": "1", "Week3": "1", "Week4": "1", "Week5": "1", "Holidays": "0"}}, {"type": "Feature", "geometry": {"type": "LineString", "coordinates": [[-122.445716665627, 37.772111835099125], [-122.447312420448, 37.771909183041124]]}, "properties": {"Corridor": "Oak St", "Limits": "Masonic Ave  -  Ashbury St", "BlockSide": "North", "WeekDay": "Mon", "FromHour": "8", "ToHour": "10", "Week1": "1", "Week2": "1", "Week3": "1", "Week4": "1", "Week5": "1", "Holidays": "0"}}, {"type": "Feature", "geometry": {"type": "LineString", "coordinates": [[-122.44443147262, 37.78253825569787], [-122.444953725744, 37.78247222141487], [-122.445713300768, 37.78237794179087], [-122.445820511205, 37.78245659120487]]}, "properties": {"Corridor": "Geary Blvd", "Limits": "Lyon St  -  Presidio Ave", "BlockSide": "South", "WeekDay": "Thu", "FromHour": "6", "ToHour": "8", "Week1": "1", "Week2": "1", "Week3": "1", "Week4": "1", "Week5": "1", "Holidays": "0"}}, {"type": "Feature", "geometry": {"type": "LineString", "coordinates": [[-122.43339553973709, 37.76980335694], [-122.4335869344111, 37.770755231477]]}, "properties": {"Corridor": "Pierce St", "Limits": "Start: 01-99 Block  -  Waller St", "BlockSide": "West", "WeekDay": "Fri", "FromHour": "9", "ToHour": "11", "Week1": "1", "Week2": "1", "Week3": "1", "Week4": "1", "Week5": "1", "Holidays": "0"}}, {"type": "Feature", "geometry": {"type": "LineString", "coordinates": [[-122.4476598888649, 37.785083635203], [-122.4476183321139, 37.784998355221], [-122.4475894179409, 37.784906799064], [-122.44718921822391, 37.783030677643], [-122.4472128162329, 37.782710075648], [-122.44726540501291, 37.782575775436], [-122.44734129547192, 37.782391642084]]}, "properties": {"Corridor": "Masonic Ave", "Limits": "Euclid Ave  -  Geary Blvd", "BlockSide": "West", "WeekDay": "Mon", "FromHour": "7", "ToHour": "9", "Week1": "1", "Week2": "1", "Week3": "1", "Week4": "1", "Week5": "1", "Holidays": "0"}}, {"type": "Feature", "geometry": {"type": "LineString", "coordinates": [[-122.443831200101, 37.78184020049887], [-122.444262125821, 37.78174426520387], [-122.444609593014, 37.78160646221987], [-122.444945529933, 37.78144300846987], [-122.445282742843, 37.781328341333875], [-122.445583810725, 37.78128924705787]]}, "properties": {"Corridor": "O'Farrell St", "Limits": "Lyon St  -  Anzavista Ave", "BlockSide": "South", "WeekDay": "Tues", "FromHour": "9", "ToHour": "11", "Week1": "1", "Week2": "1", "Week3": "1", "Week4": "1", "Week5": "1", "Holidays": "0"}}, {"type": "Feature", "geometry": {"type": "LineString", "coordinates": [[-122.44115019510508, 37.774567482597], [-122.44133984103709, 37.775504687756]]}, "properties": {"Corridor": "Baker St", "Limits": "Hayes St  -  Grove St", "BlockSide": "West", "WeekDay": "Fri", "FromHour": "12", "ToHour": "14", "Week1": "1", "Week2": "1", "Week3": "1", "Week4": "1", "Week5": "1", "Holidays": "0"}}, {"type": "Feature", "geometry": {"type": "LineString", "coordinates": [[-122.43068994671629, 37.761954408655], [-122.43061333747929, 37.761155476485]]}, "properties": {"Corridor": "Sanchez St", "Limits": "Ford St  -  18th St", "BlockSide": "West", "WeekDay": "Wed", "FromHour": "9", "ToHour": "11", "Week1": "1", "Week2": "1", "Week3": "1", "Week4": "1", "Week5": "1", "Holidays": "0"}}, {"type": "Feature", "geometry": {"type": "LineString", "coordinates": [[-122.4527186492681, 37.765442854301], [-122.45252958175311, 37.764509361378]]}, "properties": {"Corridor": "Stanyan St", "Limits": "Carl St  -  Parnassus Ave", "BlockSide": "East", "WeekDay": "Mon", "FromHour": "8", "ToHour": "10", "Week1": "1", "Week2": "1", "Week3": "1", "Week4": "1", "Week5": "1", "Holidays": "0"}}, {"type": "Feature", "geometry": {"type": "LineString", "coordinates": [[-122.43053680239736, 37.760357305236], [-122.43046010897035, 37.759557460351]]}, "properties": {"Corridor": "Sanchez St", "Limits": "Hancock St  -  19th St", "BlockSide": "West", "WeekDay": "Wed", "FromHour": "9", "ToHour": "11", "Week1": "1", "Week2": "1", "Week3": "1", "Week4": "1", "Week5": "1", "Holidays": "0"}}, {"type": "Feature", "geometry": {"type": "LineString", "coordinates": [[-122.42931240722214, 37.774648924534], [-122.42940563728614, 37.775111180048]]}, "properties": {"Corridor": "Webster St", "Limits": "Hickory St  -  Fell St", "BlockSide": "West", "WeekDay": "Wed", "FromHour": "8", "ToHour": "10", "Week1": "1", "Week2": "1", "Week3": "1", "Week4": "1", "Week5": "1", "Holidays": "0"}}, {"type": "Feature", "geometry": {"type": "LineString", "coordinates": [[-122.454682648021, 37.77478692570813], [-122.455252545029, 37.774718347240125]]}, "properties": {"Corridor": "Fulton St", "Limits": "Stanyan St  -  Parsons St", "BlockSide": "North", "WeekDay": "Wed", "FromHour": "8", "ToHour": "10", "Week1": "1", "Week2": "1", "Week3": "1", "Week4": "1", "Week5": "1", "Holidays": "0"}}, {"type": "Feature", "geometry": {"type": "LineString", "coordinates": [[-122.445583810725, 37.781352128840126], [-122.447517982987, 37.78110095198413]]}, "properties": {"Corridor": "O'Farrell St", "Limits": "Anzavista Ave  -  Anza St", "BlockSide": "North", "WeekDay": "Tues", "FromHour": "6", "ToHour": "8", "Week1": "1", "Week2": "0", "Week3": "1", "Week4": "0", "Week5": "0", "Holidays": "0"}}, {"type": "Feature", "geometry": {"type": "LineString", "coordinates": [[-122.450521795018, 37.76856128642887], [-122.451675937091, 37.768414084877875]]}, "properties": {"Corridor": "Waller St", "Limits": "Cole St  -  Shrader St", "BlockSide": "South", "WeekDay": "Mon", "FromHour": "8", "ToHour": "10", "Week1": "1", "Week2": "1", "Week3": "1", "Week4": "1", "Week5": "1", "Holidays": "0"}}, {"type": "Feature", "geometry": {"type": "LineString", "coordinates": [[-122.43086449067013, 37.77397252126], [-122.43105131530713, 37.774902830944]]}, "properties": {"Corridor": "Fillmore St", "Limits": "Oak St  -  Fell St", "BlockSide": "West", "WeekDay": "Tues", "FromHour": "8", "ToHour": "10", "Week1": "1", "Week2": "1", "Week3": "1", "Week4": "1", "Week5": "1", "Holidays": "0"}}, {"type": "Feature", "geometry": {"type": "LineString", "coordinates": [[-122.429926120485, 37.76609450135613], [-122.430824395339, 37.766045171840126]]}, "properties": {"Corridor": "15th St", "Limits": "Sharon St  -  Market St", "BlockSide": "North", "WeekDay": "Thu", "FromHour": "9", "ToHour": "11", "Week1": "1", "Week2": "1", "Week3": "1", "Week4": "1", "Week5": "1", "Holidays": "0"}}, {"type": "Feature", "geometry": {"type": "LineString", "coordinates": [[-122.44596177917725, 37.769179275019], [-122.44558454988025, 37.767323162185]]}, "properties": {"Corridor": "Delmar St", "Limits": "Waller St  -  Frederick St", "BlockSide": "West", "WeekDay": "Wed", "FromHour": "8", "ToHour": "10", "Week1": "1", "Week2": "1", "Week3": "1", "Week4": "1", "Week5": "1", "Holidays": "0"}}, {"type": "Feature", "geometry": {"type": "LineString", "coordinates": [[-122.44382595758783, 37.78134552716888], [-122.44393738359383, 37.78132117022588], [-122.44416623070683, 37.78124577357388], [-122.44438088115783, 37.78114673615988], [-122.44459045320883, 37.781030336082885]]}, "properties": {"Corridor": "Terra Vista Ave", "Limits": "Encanto Ave  -  Barcelona Ave", "BlockSide": "SouthEast", "WeekDay": "Fri", "FromHour": "9", "ToHour": "11", "Week1": "1", "Week2": "1", "Week3": "1", "Week4": "1", "Week5": "1", "Holidays": "0"}}, {"type": "Feature", "geometry": {"type": "LineString", "coordinates": [[-122.43514819199423, 37.762670707774], [-122.43510105545022, 37.762413604864], [-122.43496093079422, 37.760888933087]]}, "properties": {"Corridor": "Castro St", "Limits": "Market St  -  18th St", "BlockSide": "East", "WeekDay": "Tues", "FromHour": "6", "ToHour": "8", "Week1": "1", "Week2": "1", "Week3": "1", "Week4": "1", "Week5": "1", "Holidays": "0"}}, {"type": "Feature", "geometry": {"type": "LineString", "coordinates": [[-122.436128963952, 37.77517449026687], [-122.437798747067, 37.77496050695587]]}, "properties": {"Corridor": "Hayes St", "Limits": "Scott St  -  Divisadero St", "BlockSide": "South", "WeekDay": "Thu", "FromHour": "9", "ToHour": "11", "Week1": "1", "Week2": "1", "Week3": "1", "Week4": "1", "Week5": "1", "Holidays": "0"}}, {"type": "Feature", "geometry": {"type": "LineString", "coordinates": [[-122.428508749795, 37.762858425074874], [-122.430726723147, 37.76272122996287]]}, "properties": {"Corridor": "17th St", "Limits": "Church St  -  Sanchez St", "BlockSide": "South", "WeekDay": "Mon", "FromHour": "9", "ToHour": "11", "Week1": "1", "Week2": "1", "Week3": "1", "Week4": "1", "Week5": "1", "Holidays": "0"}}, {"type": "Feature", "geometry": {"type": "LineString", "coordinates": [[-122.429224618981, 37.770319177935875], [-122.430073619928, 37.770211624638875]]}, "properties": {"Corridor": "Hermann St", "Limits": "Church St  -  Fillmore St", "BlockSide": "South", "WeekDay": "Thu", "FromHour": "8", "ToHour": "10", "Week1": "1", "Week2": "1", "Week3": "1", "Week4": "1", "Week5": "1", "Holidays": "0"}}, {"type": "Feature", "geometry": {"type": "LineString", "coordinates": [[-122.43524101231, 37.77917631923213], [-122.436884629513, 37.778969194388125]]}, "properties": {"Corridor": "Golden Gate Ave", "Limits": "Pierce St  -  Scott St", "BlockSide": "North", "WeekDay": "Thu", "FromHour": "12", "ToHour": "14", "Week1": "1", "Week2": "1", "Week3": "1", "Week4": "1", "Week5": "1", "Holidays": "0"}}, {"type": "Feature", "geometry": {"type": "LineString", "coordinates": [[-122.451042291888, 37.76381121051287], [-122.452399889476, 37.76363804136187]]}, "properties": {"Corridor": "Grattan St", "Limits": "Shrader St  -  Stanyan St", "BlockSide": "South", "WeekDay": "Fri", "FromHour": "8", "ToHour": "10", "Week1": "1", "Week2": "0", "Week3": "0", "Week4": "0", "Week5": "0", "Holidays": "0"}}, {"type": "Feature", "geometry": {"type": "LineString", "coordinates": [[-122.45190550116071, 37.769378663625], [-122.45171571114571, 37.768445525769]]}, "properties": {"Corridor": "Shrader St", "Limits": "Haight St  -  Waller St", "BlockSide": "West", "WeekDay": "Wed", "FromHour": "8", "ToHour": "10", "Week1": "1", "Week2": "1", "Week3": "1", "Week4": "1", "Week5": "1", "Holidays": "0"}}, {"type": "Feature", "geometry": {"type": "LineString", "coordinates": [[-122.43085251844904, 37.766035962803116], [-122.43098286780604, 37.766015860403115], [-122.43104275613504, 37.76597245197912], [-122.43105359400204, 37.76589021821812]]}, "properties": {"Corridor": "Market St", "Limits": "15th St  -  Sanchez St", "BlockSide": "NorthWest", "WeekDay": "Wed", "FromHour": "2", "ToHour": "6", "Week1": "1", "Week2": "1", "Week3": "1", "Week4": "1", "Week5": "1", "Holidays": "1"}}, {"type": "Feature", "geometry": {"type": "LineString", "coordinates": [[-122.4586652847002, 37.76722223221612], [-122.4587832179892, 37.767219404038116], [-122.4588533815402, 37.76719652482212], [-122.45909726392419, 37.76708475879812], [-122.45988357124719, 37.766475980167115], [-122.45995961151719, 37.76637107240812]]}, "properties": {"Corridor": "Kezar Dr", "Limits": "Martin Luther King Jr Dr  -  Lincoln Way", "BlockSide": "NorthWest", "WeekDay": "Fri", "FromHour": "6", "ToHour": "7", "Week1": "1", "Week2": "1", "Week3": "1", "Week4": "1", "Week5": "1", "Holidays": "0"}}, {"type": "Feature", "geometry": {"type": "LineString", "coordinates": [[-122.434562099056, 37.784183304664126], [-122.434658906495, 37.78422565950813], [-122.437751685562, 37.783833742556126], [-122.437847943562, 37.78374907910113]]}, "properties": {"Corridor": "Geary Blvd", "Limits": "Steiner St  -  Scott St", "BlockSide": "North", "WeekDay": "Mon", "FromHour": "6", "ToHour": "8", "Week1": "1", "Week2": "0", "Week3": "1", "Week4": "0", "Week5": "0", "Holidays": "0"}}, {"type": "Feature", "geometry": {"type": "LineString", "coordinates": [[-122.433903579453, 37.760986179982126], [-122.435000701127, 37.76092037397813]]}, "properties": {"Corridor": "18th St", "Limits": "Hartford St  -  Castro St", "BlockSide": "North", "WeekDay": "Thu", "FromHour": "6", "ToHour": "8", "Week1": "1", "Week2": "1", "Week3": "1", "Week4": "1", "Week5": "1", "Holidays": "0"}}, {"type": "Feature", "geometry": {"type": "LineString", "coordinates": [[-122.45472242486595, 37.774755484817], [-122.45468182961895, 37.774646437957], [-122.45432489392795, 37.772895177828]]}, "properties": {"Corridor": "Stanyan St", "Limits": "Fulton St  -  Hayes St", "BlockSide": "West", "WeekDay": "Wed", "FromHour": "6", "ToHour": "8", "Week1": "1", "Week2": "1", "Week3": "1", "Week4": "1", "Week5": "1", "Holidays": "0"}}, {"type": "Feature", "geometry": {"type": "LineString", "coordinates": [[-122.44814920662718, 37.763367231799], [-122.44801440116318, 37.762684473965]]}, "properties": {"Corridor": "Belvedere St", "Limits": "Alma St  -  Rivoli St", "BlockSide": "West", "WeekDay": "Tues", "FromHour": "8", "ToHour": "10", "Week1": "1", "Week2": "0", "Week3": "0", "Week4": "0", "Week5": "0", "Holidays": "0"}}, {"type": "Feature", "geometry": {"type": "LineString", "coordinates": [[-122.436114108657, 37.76079255396087], [-122.437190627228, 37.76072666687787]]}, "properties": {"Corridor": "18th St", "Limits": "Collingwood St  -  Diamond St", "BlockSide": "South", "WeekDay": "Mon", "FromHour": "6", "ToHour": "8", "Week1": "1", "Week2": "1", "Week3": "1", "Week4": "1", "Week5": "1", "Holidays": "0"}}, {"type": "Feature", "geometry": {"type": "LineString", "coordinates": [[-122.44459286247, 37.77505464604187], [-122.446283674527, 37.77483966183787]]}, "properties": {"Corridor": "Grove St", "Limits": "Central Ave  -  Masonic Ave", "BlockSide": "South", "WeekDay": "Thu", "FromHour": "9", "ToHour": "11", "Week1": "1", "Week2": "1", "Week3": "1", "Week4": "1", "Week5": "1", "Holidays": "0"}}, {"type": "Feature", "geometry": {"type": "LineString", "coordinates": [[-122.432092300989, 37.77186582490487], [-122.433734772499, 37.771656832840875]]}, "properties": {"Corridor": "Haight St", "Limits": "Steiner St  -  Pierce St", "BlockSide": "South", "WeekDay": "Fri", "FromHour": "8", "ToHour": "10", "Week1": "1", "Week2": "1", "Week3": "1", "Week4": "1", "Week5": "1", "Holidays": "0"}}, {"type": "Feature", "geometry": {"type": "LineString", "coordinates": [[-122.43406923373156, 37.773549376996], [-122.43425450809357, 37.774475816764]]}, "properties": {"Corridor": "Pierce St", "Limits": "Oak St  -  Fell St", "BlockSide": "East", "WeekDay": "Wed", "FromHour": "9", "ToHour": "11", "Week1": "1", "Week2": "1", "Week3": "1", "Week4": "1", "Week5": "1", "Holidays": "0"}}, {"type": "Feature", "geometry": {"type": "LineString", "coordinates": [[-122.438418296309, 37.76225928508087], [-122.439491322749, 37.76219542625687]]}, "properties": {"Corridor": "17th St", "Limits": "Eureka St  -  Douglass St", "BlockSide": "South", "WeekDay": "Wed", "FromHour": "12", "ToHour": "14", "Week1": "1", "Week2": "1", "Week3": "1", "Week4": "1", "Week5": "1", "Holidays": "0"}}, {"type": "Feature", "geometry": {"type": "LineString", "coordinates": [[-122.44941433166915, 37.768728892022], [-122.44903412528215, 37.76687212509]]}, "properties": {"Corridor": "Belvedere St", "Limits": "Waller St  -  Frederick St", "BlockSide": "East", "WeekDay": "Wed", "FromHour": "8", "ToHour": "10", "Week1": "1", "Week2": "1", "Week3": "1", "Week4": "1", "Week5": "1", "Holidays": "0"}}, {"type": "Feature", "geometry": {"type": "LineString", "coordinates": [[-122.43885932587688, 37.77199042369], [-122.43904882478687, 37.772921981549]]}, "properties": {"Corridor": "Broderick St", "Limits": "Page St  -  Oak St", "BlockSide": "East", "WeekDay": "Fri", "FromHour": "12", "ToHour": "14", "Week1": "1", "Week2": "1", "Week3": "1", "Week4": "1", "Week5": "1", "Holidays": "0"}}, {"type": "Feature", "geometry": {"type": "LineString", "coordinates": [[-122.450458195642, 37.777173175434875], [-122.451346157479, 37.77705895973887]]}, "properties": {"Corridor": "Golden Gate Ave", "Limits": "Kittredge Ter  -  Chabot Ter", "BlockSide": "South", "WeekDay": "Wed", "FromHour": "6", "ToHour": "8", "Week1": "1", "Week2": "1", "Week3": "1", "Week4": "1", "Week5": "1", "Holidays": "0"}}, {"type": "Feature", "geometry": {"type": "LineString", "coordinates": [[-122.4370320845408, 37.779867395935], [-122.4372202780978, 37.780801770693]]}, "properties": {"Corridor": "Scott St", "Limits": "Turk St  -  Eddy St", "BlockSide": "East", "WeekDay": "Wed", "FromHour": "12", "ToHour": "14", "Week1": "1", "Week2": "1", "Week3": "1", "Week4": "1", "Week5": "1", "Holidays": "0"}}, {"type": "Feature", "geometry": {"type": "LineString", "coordinates": [[-122.4309973481351, 37.76584575450988], [-122.4310964349911, 37.76565098798688], [-122.4327367070821, 37.76435173048288], [-122.4330463480521, 37.76417348135488]]}, "properties": {"Corridor": "Market St", "Limits": "Sanchez St  -  16th St", "BlockSide": "SouthEast", "WeekDay": "Holiday", "FromHour": "2", "ToHour": "6", "Week1": "1", "Week2": "1", "Week3": "1", "Week4": "1", "Week5": "1", "Holidays": "1"}}, {"type": "Feature", "geometry": {"type": "LineString", "coordinates": [[-122.430117948604, 37.764388299280874], [-122.430882152608, 37.76434206937587]]}, "properties": {"Corridor": "16th St", "Limits": "Dehon St  -  Sanchez St", "BlockSide": "South", "WeekDay": "Thu", "FromHour": "12", "ToHour": "14", "Week1": "1", "Week2": "1", "Week3": "1", "Week4": "1", "Week5": "1", "Holidays": "0"}}, {"type": "Feature", "geometry": {"type": "LineString", "coordinates": [[-122.427913715036, 37.77622222724787], [-122.429554056586, 37.776012844972875]]}, "properties": {"Corridor": "Hayes St", "Limits": "Buchanan St  -  Webster St", "BlockSide": "South", "WeekDay": "Fri", "FromHour": "8", "ToHour": "10", "Week1": "1", "Week2": "1", "Week3": "1", "Week4": "1", "Week5": "1", "Holidays": "0"}}, {"type": "Feature", "geometry": {"type": "LineString", "coordinates": [[-122.446091727153, 37.77396681263913], [-122.447687958531, 37.77376420951813]]}, "properties": {"Corridor": "Hayes St", "Limits": "Masonic Ave  -  Ashbury St", "BlockSide": "North", "WeekDay": "Mon", "FromHour": "6", "ToHour": "8", "Week1": "1", "Week2": "1", "Week3": "1", "Week4": "1", "Week5": "1", "Holidays": "0"}}, {"type": "Feature", "geometry": {"type": "LineString", "coordinates": [[-122.44328127653593, 37.777164445863], [-122.44346714132493, 37.778089213476]]}, "properties": {"Corridor": "Lyon St", "Limits": "McAllister St  -  Golden Gate Ave", "BlockSide": "East", "WeekDay": "Fri", "FromHour": "12", "ToHour": "14", "Week1": "1", "Week2": "1", "Week3": "1", "Week4": "1", "Week5": "1", "Holidays": "0"}}, {"type": "Feature", "geometry": {"type": "LineString", "coordinates": [[-122.443665893159, 37.78137012600887], [-122.443854086512, 37.78133631813187]]}, "properties": {"Corridor": "Terra Vista Ave", "Limits": "Sonora Ln  -  Encanto Ave", "BlockSide": "South", "WeekDay": "Fri", "FromHour": "9", "ToHour": "11", "Week1": "1", "Week2": "1", "Week3": "1", "Week4": "1", "Week5": "1", "Holidays": "0"}}, {"type": "Feature", "geometry": {"type": "LineString", "coordinates": [[-122.43115883122748, 37.775834341878], [-122.43134464552247, 37.776759677727]]}, "properties": {"Corridor": "Fillmore St", "Limits": "Hayes St  -  Grove St", "BlockSide": "East", "WeekDay": "Mon", "FromHour": "8", "ToHour": "10", "Week1": "1", "Week2": "1", "Week3": "1", "Week4": "1", "Week5": "1", "Holidays": "0"}}, {"type": "Feature", "geometry": {"type": "LineString", "coordinates": [[-122.456496943191, 37.77966389717087], [-122.456695366622, 37.77959431753887], [-122.456871587426, 37.77955987273787]]}, "properties": {"Corridor": "Anza St", "Limits": "Rossi Ave  -  Loraine Ct", "BlockSide": "South", "WeekDay": "Wed", "FromHour": "8", "ToHour": "10", "Week1": "1", "Week2": "1", "Week3": "1", "Week4": "1", "Week5": "1", "Holidays": "0"}}, {"type": "Feature", "geometry": {"type": "LineString", "coordinates": [[-122.43969628137592, 37.775713591337], [-122.43988401397192, 37.776644006945]]}, "properties": {"Corridor": "Broderick St", "Limits": "Grove St  -  Fulton St", "BlockSide": "West", "WeekDay": "Wed", "FromHour": "12", "ToHour": "14", "Week1": "1", "Week2": "1", "Week3": "1", "Week4": "1", "Week5": "1", "Holidays": "0"}}, {"type": "Feature", "geometry": {"type": "LineString", "coordinates": [[-122.43795007012118, 37.775925405585], [-122.43791204182818, 37.776009192734], [-122.43807105541318, 37.776793777221], [-122.43813726978318, 37.7768558892]]}, "properties": {"Corridor": "Divisadero St", "Limits": "Grove St  -  Fulton St", "BlockSide": "East", "WeekDay": "Tues", "FromHour": "6", "ToHour": "8", "Week1": "1", "Week2": "1", "Week3": "1", "Week4": "1", "Week5": "1", "Holidays": "0"}}, {"type": "Feature", "geometry": {"type": "LineString", "coordinates": [[-122.440963130282, 37.78220778954187], [-122.441671638484, 37.78220250581487]]}, "properties": {"Corridor": "O'Farrell St", "Limits": "Broderick St  -  Saint Joseph's Ave", "BlockSide": "South", "WeekDay": "Mon", "FromHour": "6", "ToHour": "8", "Week1": "1", "Week2": "0", "Week3": "1", "Week4": "0", "Week5": "0", "Holidays": "0"}}, {"type": "Feature", "geometry": {"type": "LineString", "coordinates": [[-122.429365860021, 37.775111180048], [-122.429459885543, 37.775577376259]]}, "properties": {"Corridor": "Webster St", "Limits": "Fell St  -  Linden St", "BlockSide": "", "WeekDay": "Fri", "FromHour": "12", "ToHour": "14", "Week1": "1", "Week2": "1", "Week3": "1", "Week4": "1", "Week5": "1", "Holidays": "0"}}, {"type": "Feature", "geometry": {"type": "LineString", "coordinates": [[-122.43045726391865, 37.760357305236], [-122.43038057049165, 37.759557460351]]}, "properties": {"Corridor": "Sanchez St", "Limits": "Hancock St  -  19th St", "BlockSide": "East", "WeekDay": "Fri", "FromHour": "9", "ToHour": "11", "Week1": "1", "Week2": "1", "Week3": "1", "Week4": "1", "Week5": "1", "Holidays": "0"}}, {"type": "Feature", "geometry": {"type": "LineString", "coordinates": [[-122.45472449222905, 37.7755268001], [-122.45462800245204, 37.774964671928], [-122.45464287064705, 37.774755484817]]}, "properties": {"Corridor": "Stanyan St", "Limits": "McAllister St  -  Fulton St", "BlockSide": "East", "WeekDay": "Thu", "FromHour": "6", "ToHour": "8", "Week1": "1", "Week2": "1", "Week3": "1", "Week4": "1", "Week5": "1", "Holidays": "0"}}, {"type": "Feature", "geometry": {"type": "LineString", "coordinates": [[-122.444216182528, 37.77324350790813], [-122.445902365973, 37.77302684671613]]}, "properties": {"Corridor": "Fell St", "Limits": "Central Ave  -  Masonic Ave", "BlockSide": "North", "WeekDay": "Tues", "FromHour": "8", "ToHour": "10", "Week1": "1", "Week2": "1", "Week3": "1", "Week4": "1", "Week5": "1", "Holidays": "0"}}, {"type": "Feature", "geometry": {"type": "LineString", "coordinates": [[-122.45501815337269, 37.776322359192], [-122.4548864104947, 37.775684989809]]}, "properties": {"Corridor": "Stanyan St", "Limits": "Paramount Ter  -  McAllister St", "BlockSide": "West", "WeekDay": "Fri", "FromHour": "8", "ToHour": "10", "Week1": "1", "Week2": "1", "Week3": "1", "Week4": "1", "Week5": "1", "Holidays": "0"}}, {"type": "Feature", "geometry": {"type": "LineString", "coordinates": [[-122.4554804468699, 37.775611298008], [-122.4552923224389, 37.774686906349]]}, "properties": {"Corridor": "Parsons St", "Limits": "McAllister St  -  Fulton St", "BlockSide": "West", "WeekDay": "Wed", "FromHour": "9", "ToHour": "11", "Week1": "1", "Week2": "1", "Week3": "1", "Week4": "1", "Week5": "1", "Holidays": "0"}}, {"type": "Feature", "geometry": {"type": "LineString", "coordinates": [[-122.449073898739, 37.76690356598113], [-122.450145640446, 37.766760514960126]]}, "properties": {"Corridor": "Frederick St", "Limits": "Belvedere St  -  Cole St", "BlockSide": "North", "WeekDay": "Mon", "FromHour": "8", "ToHour": "10", "Week1": "1", "Week2": "1", "Week3": "1", "Week4": "1", "Week5": "1", "Holidays": "0"}}, {"type": "Feature", "geometry": {"type": "LineString", "coordinates": [[-122.43915371732874, 37.781520352742], [-122.43921758180774, 37.781582976454], [-122.43937614348775, 37.782351217359], [-122.43933740603075, 37.78245048083]]}, "properties": {"Corridor": "Divisadero St", "Limits": "Ellis St  -  O'Farrell St", "BlockSide": "West", "WeekDay": "Mon", "FromHour": "6", "ToHour": "8", "Week1": "1", "Week2": "1", "Week3": "1", "Week4": "1", "Week5": "1", "Holidays": "0"}}, {"type": "Feature", "geometry": {"type": "LineString", "coordinates": [[-122.43008704500093, 37.778850928395], [-122.43019698431493, 37.778958691322], [-122.43033952454793, 37.779663304235], [-122.43027301598093, 37.779782794313]]}, "properties": {"Corridor": "Webster St", "Limits": "McAllister St  -  Golden Gate Ave", "BlockSide": "West", "WeekDay": "Wed", "FromHour": "8", "ToHour": "10", "Week1": "1", "Week2": "1", "Week3": "1", "Week4": "1", "Week5": "1", "Holidays": "0"}}, {"type": "Feature", "geometry": {"type": "LineString", "coordinates": [[-122.442053309263, 37.77921258966887], [-122.443699109727, 37.779006577931874]]}, "properties": {"Corridor": "Turk Blvd", "Limits": "Baker St  -  Lyon St", "BlockSide": "South", "WeekDay": "Thu", "FromHour": "12", "ToHour": "14", "Week1": "1", "Week2": "1", "Week3": "1", "Week4": "1", "Week5": "1", "Holidays": "0"}}, {"type": "Feature", "geometry": {"type": "LineString", "coordinates": [[-122.434863771791, 37.77731210565513], [-122.436507232442, 37.77709952113713]]}, "properties": {"Corridor": "Fulton St", "Limits": "Pierce St  -  Scott St", "BlockSide": "North", "WeekDay": "Thu", "FromHour": "9", "ToHour": "11", "Week1": "1", "Week2": "1", "Week3": "1", "Week4": "1", "Week5": "1", "Holidays": "0"}}, {"type": "Feature", "geometry": {"type": "LineString", "coordinates": [[-122.458815067681, 37.76439730011513], [-122.459887554573, 37.764350273918126]]}, "properties": {"Corridor": "Irving St", "Limits": "02nd Ave  -  03rd Ave", "BlockSide": "North", "WeekDay": "Wed", "FromHour": "7", "ToHour": "8", "Week1": "1", "Week2": "0", "Week3": "1", "Week4": "0", "Week5": "0", "Holidays": "0"}}, {"type": "Feature", "geometry": {"type": "LineString", "coordinates": [[-122.43079627224225, 37.76599149909488], [-122.43081157667925, 37.76590602807988], [-122.43088396025725, 37.765853562621885], [-122.43099734779524, 37.76584575450988]]}, "properties": {"Corridor": "Market St", "Limits": "15th St  -  Sanchez St", "BlockSide": "SouthEast", "WeekDay": "Sun", "FromHour": "2", "ToHour": "6", "Week1": "1", "Week2": "1", "Week3": "1", "Week4": "1", "Week5": "1", "Holidays": "1"}}, {"type": "Feature", "geometry": {"type": "LineString", "coordinates": [[-122.434893192396, 37.76908235643887], [-122.435794213518, 37.76902701259287]]}, "properties": {"Corridor": "Duboce Ave", "Limits": "Scott St  -  Castro St", "BlockSide": "South", "WeekDay": "Fri", "FromHour": "6", "ToHour": "8", "Week1": "1", "Week2": "1", "Week3": "1", "Week4": "1", "Week5": "1", "Holidays": "0"}}, {"type": "Feature", "geometry": {"type": "LineString", "coordinates": [[-122.437190627228, 37.76072666687787], [-122.438265382252, 37.76066087769287]]}, "properties": {"Corridor": "18th St", "Limits": "Diamond St  -  Eureka St", "BlockSide": "South", "WeekDay": "Mon", "FromHour": "12", "ToHour": "14", "Week1": "1", "Week2": "1", "Week3": "1", "Week4": "1", "Week5": "1", "Holidays": "0"}}, {"type": "Feature", "geometry": {"type": "LineString", "coordinates": [[-122.435424515259, 37.78010907888713], [-122.437071864741, 37.77989883682613]]}, "properties": {"Corridor": "Turk St", "Limits": "Pierce St  -  Scott St", "BlockSide": "North", "WeekDay": "Tues", "FromHour": "8", "ToHour": "10", "Week1": "1", "Week2": "1", "Week3": "1", "Week4": "1", "Week5": "1", "Holidays": "0"}}, {"type": "Feature", "geometry": {"type": "LineString", "coordinates": [[-122.428819147212, 37.766098572600875], [-122.429926120485, 37.76603161957387]]}, "properties": {"Corridor": "15th St", "Limits": "Church St  -  Sharon St", "BlockSide": "South", "WeekDay": "Mon", "FromHour": "9", "ToHour": "11", "Week1": "1", "Week2": "1", "Week3": "1", "Week4": "1", "Week5": "1", "Holidays": "0"}}, {"type": "Feature", "geometry": {"type": "LineString", "coordinates": [[-122.45218290470943, 37.78185329184], [-122.45190902033544, 37.780492740493]]}, "properties": {"Corridor": "Cook St", "Limits": "Geary Blvd  -  Anza St", "BlockSide": "West", "WeekDay": "Wed", "FromHour": "8", "ToHour": "10", "Week1": "1", "Week2": "1", "Week3": "1", "Week4": "1", "Week5": "1", "Holidays": "0"}}, {"type": "Feature", "geometry": {"type": "LineString", "coordinates": [[-122.451543139459, 37.77808354738213], [-122.452431111538, 37.77797109314413]]}, "properties": {"Corridor": "Turk Blvd", "Limits": "Chabot Ter  -  Temescal Ter", "BlockSide": "North", "WeekDay": "Wed", "FromHour": "6", "ToHour": "8", "Week1": "1", "Week2": "1", "Week3": "1", "Week4": "1", "Week5": "1", "Holidays": "0"}}, {"type": "Feature", "geometry": {"type": "LineString", "coordinates": [[-122.440396754682, 37.77940719621187], [-122.440958163722, 37.77933269855287]]}, "properties": {"Corridor": "Turk St", "Limits": "Broderick St  -  Saint Joseph's Ave", "BlockSide": "South", "WeekDay": "Thu", "FromHour": "12", "ToHour": "14", "Week1": "1", "Week2": "1", "Week3": "1", "Week4": "1", "Week5": "1", "Holidays": "0"}}, {"type": "Feature", "geometry": {"type": "LineString", "coordinates": [[-122.44793485982596, 37.762684473965], [-122.44774058123396, 37.761726419443]]}, "properties": {"Corridor": "Belvedere St", "Limits": "Rivoli St  -  17th St", "BlockSide": "East", "WeekDay": "Wed", "FromHour": "9", "ToHour": "11", "Week1": "1", "Week2": "0", "Week3": "0", "Week4": "0", "Week5": "0", "Holidays": "0"}}, {"type": "Feature", "geometry": {"type": "LineString", "coordinates": [[-122.445309433326, 37.760512240853124], [-122.446343474129, 37.76044213889813]]}, "properties": {"Corridor": "Deming St", "Limits": "Uranus Ter  -  Clayton St", "BlockSide": "North", "WeekDay": "Thu", "FromHour": "9", "ToHour": "11", "Week1": "1", "Week2": "1", "Week3": "1", "Week4": "1", "Week5": "1", "Holidays": "0"}}, {"type": "Feature", "geometry": {"type": "LineString", "coordinates": [[-122.447312420448, 37.771909183041124], [-122.448957993601, 37.77170018045513]]}, "properties": {"Corridor": "Oak St", "Limits": "Ashbury St  -  Clayton St", "BlockSide": "North", "WeekDay": "Mon", "FromHour": "8", "ToHour": "10", "Week1": "1", "Week2": "1", "Week3": "1", "Week4": "1", "Week5": "1", "Holidays": "0"}}, {"type": "Feature", "geometry": {"type": "LineString", "coordinates": [[-122.4463234515356, 37.774871102729], [-122.44613150416161, 37.773935371748]]}, "properties": {"Corridor": "Masonic Ave", "Limits": "Grove St  -  Hayes St", "BlockSide": "West", "WeekDay": "Fri", "FromHour": "9", "ToHour": "11", "Week1": "1", "Week2": "1", "Week3": "1", "Week4": "1", "Week5": "1", "Holidays": "0"}}, {"type": "Feature", "geometry": {"type": "LineString", "coordinates": [[-122.447301513476, 37.78236020119287], [-122.447539741536, 37.782238960933874], [-122.447887457606, 37.78225458471487], [-122.448951384563, 37.782122885244874], [-122.449047323854, 37.78214599681887]]}, "properties": {"Corridor": "Geary Blvd", "Limits": "Masonic Ave  -  Wood St", "BlockSide": "South", "WeekDay": "Fri", "FromHour": "6", "ToHour": "8", "Week1": "0", "Week2": "1", "Week3": "0", "Week4": "1", "Week5": "0", "Holidays": "0"}}, {"type": "Feature", "geometry": {"type": "LineString", "coordinates": [[-122.44662013386315, 37.776741636204], [-122.44643105170515, 37.775801591574]]}, "properties": {"Corridor": "Masonic Ave", "Limits": "McAllister St  -  Fulton St", "BlockSide": "East", "WeekDay": "Thu", "FromHour": "6", "ToHour": "8", "Week1": "1", "Week2": "1", "Week3": "1", "Week4": "1", "Week5": "1", "Holidays": "0"}}, {"type": "Feature", "geometry": {"type": "LineString", "coordinates": [[-122.44285126459684, 37.76170137810488], [-122.44293741069083, 37.76168744184988], [-122.44347754664783, 37.761436771322884], [-122.44397990441884, 37.76125969126888]]}, "properties": {"Corridor": "Corbett Ave", "Limits": "Corbin Pl  -  Danvers St", "BlockSide": "SouthEast", "WeekDay": "Thu", "FromHour": "9", "ToHour": "11", "Week1": "1", "Week2": "1", "Week3": "1", "Week4": "1", "Week5": "1", "Holidays": "0"}}, {"type": "Feature", "geometry": {"type": "LineString", "coordinates": [[-122.436028664834, 37.78281532075387], [-122.436110003818, 37.78282726836687], [-122.437633453004, 37.782631458828874]]}, "properties": {"Corridor": "O'Farrell St", "Limits": "Pierce St  -  Scott St", "BlockSide": "South", "WeekDay": "Thu", "FromHour": "12", "ToHour": "14", "Week1": "1", "Week2": "1", "Week3": "1", "Week4": "1", "Week5": "1", "Holidays": "0"}}, {"type": "Feature", "geometry": {"type": "LineString", "coordinates": [[-122.458998400743, 37.78315722402487], [-122.460137198557, 37.783105047511874]]}, "properties": {"Corridor": "Clement St", "Limits": "Arguello Blvd  -  02nd Ave", "BlockSide": "South", "WeekDay": "Tues", "FromHour": "7", "ToHour": "8", "Week1": "0", "Week2": "1", "Week3": "0", "Week4": "1", "Week5": "1", "Holidays": "0"}}, {"type": "Feature", "geometry": {"type": "LineString", "coordinates": [[-122.446072807711, 37.78350919879], [-122.445860292839, 37.782488032096]]}, "properties": {"Corridor": "Presidio Ave", "Limits": "Post St  -  Geary Blvd", "BlockSide": "West", "WeekDay": "Tues", "FromHour": "6", "ToHour": "8", "Week1": "1", "Week2": "1", "Week3": "1", "Week4": "1", "Week5": "1", "Holidays": "0"}}, {"type": "Feature", "geometry": {"type": "LineString", "coordinates": [[-122.447823792181, 37.766040774455874], [-122.449958131814, 37.76576858835387]]}, "properties": {"Corridor": "Carl St", "Limits": "Clayton St  -  Cole St", "BlockSide": "South", "WeekDay": "Mon", "FromHour": "8", "ToHour": "10", "Week1": "1", "Week2": "1", "Week3": "1", "Week4": "1", "Week5": "1", "Holidays": "0"}}, {"type": "Feature", "geometry": {"type": "LineString", "coordinates": [[-122.431944099931, 37.770964426257], [-122.432038023437, 37.771430528402]]}, "properties": {"Corridor": "Steiner St", "Limits": "Waller St  -  Laussat St", "BlockSide": "West", "WeekDay": "Wed", "FromHour": "9", "ToHour": "11", "Week1": "1", "Week2": "1", "Week3": "1", "Week4": "1", "Week5": "1", "Holidays": "0"}}, {"type": "Feature", "geometry": {"type": "LineString", "coordinates": [[-122.43310259293304, 37.764217945063116], [-122.43343939283304, 37.76409096079212], [-122.43458834890704, 37.763160564773116], [-122.43518002649704, 37.762765242987115], [-122.43521608445104, 37.76269293962812]]}, "properties": {"Corridor": "Market St", "Limits": "16th St  -  17th St", "BlockSide": "NorthWest", "WeekDay": "Wed", "FromHour": "2", "ToHour": "6", "Week1": "1", "Week2": "1", "Week3": "1", "Week4": "1", "Week5": "1", "Holidays": "1"}}, {"type": "Feature", "geometry": {"type": "LineString", "coordinates": [[-122.437633453004, 37.782631458828874], [-122.438452306685, 37.78252694137587]]}, "properties": {"Corridor": "O'Farrell St", "Limits": "Scott St  -  Beideman St", "BlockSide": "South", "WeekDay": "Thu", "FromHour": "12", "ToHour": "14", "Week1": "1", "Week2": "1", "Week3": "1", "Week4": "1", "Week5": "1", "Holidays": "0"}}, {"type": "Feature", "geometry": {"type": "LineString", "coordinates": [[-122.431356624193, 37.769289470787875], [-122.431570381025, 37.76927572035487]]}, "properties": {"Corridor": "Duboce Ave", "Limits": "Sanchez St  -  Steiner St", "BlockSide": "South", "WeekDay": "Mon", "FromHour": "9", "ToHour": "11", "Week1": "1", "Week2": "1", "Week3": "1", "Week4": "1", "Week5": "1", "Holidays": "0"}}, {"type": "Feature", "geometry": {"type": "LineString", "coordinates": [[-122.447351927474, 37.780183502048125], [-122.448179507618, 37.780078949734126]]}, "properties": {"Corridor": "Ewing Ter", "Limits": "Masonic Ave  -  Ewing Ter", "BlockSide": "North", "WeekDay": "Wed", "FromHour": "8", "ToHour": "10", "Week1": "1", "Week2": "1", "Week3": "1", "Week4": "1", "Week5": "1", "Holidays": "0"}}, {"type": "Feature", "geometry": {"type": "LineString", "coordinates": [[-122.433255472465, 37.76589306870613], [-122.435471952603, 37.76575891452513]]}, "properties": {"Corridor": "15th St", "Limits": "Noe St  -  Castro St", "BlockSide": "North", "WeekDay": "Mon", "FromHour": "9", "ToHour": "11", "Week1": "1", "Week2": "1", "Week3": "1", "Week4": "1", "Week5": "1", "Holidays": "0"}}, {"type": "Feature", "geometry": {"type": "LineString", "coordinates": [[-122.428665129261, 37.764476172022874], [-122.429427853236, 37.764430041543875]]}, "properties": {"Corridor": "16th St", "Limits": "Church St  -  Harlow St", "BlockSide": "South", "WeekDay": "Thu", "FromHour": "12", "ToHour": "14", "Week1": "1", "Week2": "1", "Week3": "1", "Week4": "1", "Week5": "1", "Holidays": "0"}}, {"type": "Feature", "geometry": {"type": "LineString", "coordinates": [[-122.446034825718, 37.77878097161713], [-122.447039806491, 37.77865374843013]]}, "properties": {"Corridor": "Turk Blvd", "Limits": "Nido Ave  -  Masonic Ave", "BlockSide": "North", "WeekDay": "Tues", "FromHour": "8", "ToHour": "10", "Week1": "1", "Week2": "1", "Week3": "1", "Week4": "1", "Week5": "1", "Holidays": "0"}}, {"type": "Feature", "geometry": {"type": "LineString", "coordinates": [[-122.456813220016, 37.78389747086087], [-122.457922818413, 37.78384287098887]]}, "properties": {"Corridor": "Euclid Ave", "Limits": "Jordan Ave  -  Palm Ave", "BlockSide": "South", "WeekDay": "Thu", "FromHour": "11", "ToHour": "13", "Week1": "1", "Week2": "0", "Week3": "1", "Week4": "0", "Week5": "0", "Holidays": "0"}}, {"type": "Feature", "geometry": {"type": "LineString", "coordinates": [[-122.438552277404, 37.77869266706387], [-122.440213334397, 37.778480022878874]]}, "properties": {"Corridor": "Golden Gate Ave", "Limits": "Divisadero St  -  Broderick St", "BlockSide": "South", "WeekDay": "Tues", "FromHour": "8", "ToHour": "10", "Week1": "1", "Week2": "1", "Week3": "1", "Week4": "1", "Week5": "1", "Holidays": "0"}}, {"type": "Feature", "geometry": {"type": "LineString", "coordinates": [[-122.448578816473, 37.76976641034887], [-122.449645156134, 37.769630428107874]]}, "properties": {"Corridor": "Haight St", "Limits": "Clayton St  -  Belvedere St", "BlockSide": "South", "WeekDay": "Thu", "FromHour": "6", "ToHour": "8", "Week1": "1", "Week2": "1", "Week3": "1", "Week4": "1", "Week5": "1", "Holidays": "0"}}, {"type": "Feature", "geometry": {"type": "LineString", "coordinates": [[-122.436437451147, 37.76237714478987], [-122.437342368028, 37.76232330662387]]}, "properties": {"Corridor": "17th St", "Limits": "17th St  -  Diamond St", "BlockSide": "South", "WeekDay": "Fri", "FromHour": "9", "ToHour": "11", "Week1": "1", "Week2": "1", "Week3": "1", "Week4": "1", "Week5": "1", "Holidays": "0"}}, {"type": "Feature", "geometry": {"type": "LineString", "coordinates": [[-122.43047369420638, 37.772108258339], [-122.43066886069438, 37.773039299235]]}, "properties": {"Corridor": "Fillmore St", "Limits": "Haight St  -  Page St", "BlockSide": "West", "WeekDay": "Fri", "FromHour": "8", "ToHour": "10", "Week1": "1", "Week2": "1", "Week3": "1", "Week4": "1", "Week5": "1", "Holidays": "0"}}, {"type": "Feature", "geometry": {"type": "LineString", "coordinates": [[-122.43172344055822, 37.778632037466], [-122.43191202297021, 37.779564149041]]}, "properties": {"Corridor": "Fillmore St", "Limits": "McAllister St  -  Golden Gate Ave", "BlockSide": "East", "WeekDay": "Tues", "FromHour": "6", "ToHour": "8", "Week1": "0", "Week2": "1", "Week3": "0", "Week4": "1", "Week5": "0", "Holidays": "0"}}, {"type": "Feature", "geometry": {"type": "LineString", "coordinates": [[-122.44548000931499, 37.780125041254], [-122.445497245146, 37.780406955489], [-122.44551680992599, 37.780733547236], [-122.44554849294799, 37.780881359965]]}, "properties": {"Corridor": "Anzavista Ave", "Limits": "Vega St  -  Terra Vista Ave", "BlockSide": "West", "WeekDay": "Thu", "FromHour": "12", "ToHour": "14", "Week1": "1", "Week2": "1", "Week3": "1", "Week4": "1", "Week5": "1", "Holidays": "0"}}, {"type": "Feature", "geometry": {"type": "LineString", "coordinates": [[-122.430050782252, 37.78270384359613], [-122.430797880555, 37.78260132941913]]}, "properties": {"Corridor": "Ellis St", "Limits": "Hollis St  -  Webster St", "BlockSide": "North", "WeekDay": "Thu", "FromHour": "12", "ToHour": "14", "Week1": "1", "Week2": "1", "Week3": "1", "Week4": "1", "Week5": "1", "Holidays": "0"}}, {"type": "Feature", "geometry": {"type": "LineString", "coordinates": [[-122.437847943562, 37.78374907910113], [-122.438017048638, 37.78380422132913], [-122.438268370633, 37.78374758381913], [-122.438551144772, 37.78362829770213], [-122.43893687419, 37.78348156612213], [-122.439351930672, 37.78342631908413], [-122.43948038104, 37.78333992889313]]}, "properties": {"Corridor": "Geary Blvd", "Limits": "Scott St  -  Divisadero St", "BlockSide": "North", "WeekDay": "Wed", "FromHour": "6", "ToHour": "8", "Week1": "0", "Week2": "1", "Week3": "0", "Week4": "1", "Week5": "0", "Holidays": "0"}}, {"type": "Feature", "geometry": {"type": "LineString", "coordinates": [[-122.44364908623, 37.77045781180813], [-122.445344990017, 37.770241615667125]]}, "properties": {"Corridor": "Haight St", "Limits": "Central Ave  -  Masonic Ave", "BlockSide": "North", "WeekDay": "Fri", "FromHour": "7", "ToHour": "9", "Week1": "1", "Week2": "1", "Week3": "1", "Week4": "1", "Week5": "1", "Holidays": "0"}}, {"type": "Feature", "geometry": {"type": "LineString", "coordinates": [[-122.45386267979731, 37.771053837798], [-122.45368645225831, 37.770098080068]]}, "properties": {"Corridor": "Stanyan St", "Limits": "Oak St  -  Page St", "BlockSide": "East", "WeekDay": "Mon", "FromHour": "6", "ToHour": "8", "Week1": "1", "Week2": "1", "Week3": "1", "Week4": "1", "Week5": "1", "Holidays": "0"}}, {"type": "Feature", "geometry": {"type": "LineString", "coordinates": [[-122.449047323854, 37.78214599681887], [-122.449988236955, 37.78202559093187], [-122.450092302229, 37.782085162529874]]}, "properties": {"Corridor": "Geary Blvd", "Limits": "Wood St  -  Collins St", "BlockSide": "South", "WeekDay": "Fri", "FromHour": "6", "ToHour": "8", "Week1": "1", "Week2": "0", "Week3": "1", "Week4": "0", "Week5": "0", "Holidays": "0"}}, {"type": "Feature", "geometry": {"type": "LineString", "coordinates": [[-122.45528074961, 37.78149010173113], [-122.455378261448, 37.78155584897413], [-122.455469359092, 37.78154509250213], [-122.455523985114, 37.781462581121126]]}, "properties": {"Corridor": "Geary Blvd", "Limits": "Beaumont Ave  -  Commonwealth Ave", "BlockSide": "North", "WeekDay": "Tues", "FromHour": "6", "ToHour": "8", "Week1": "1", "Week2": "1", "Week3": "1", "Week4": "1", "Week5": "1", "Holidays": "0"}}, {"type": "Feature", "geometry": {"type": "LineString", "coordinates": [[-122.433903579453, 37.76092329819987], [-122.435000701127, 37.760857492195875]]}, "properties": {"Corridor": "18th St", "Limits": "Hartford St  -  Castro St", "BlockSide": "South", "WeekDay": "Wed", "FromHour": "6", "ToHour": "8", "Week1": "1", "Week2": "1", "Week3": "1", "Week4": "1", "Week5": "1", "Holidays": "0"}}, {"type": "Feature", "geometry": {"type": "LineString", "coordinates": [[-122.43079627224225, 37.76599149909488], [-122.43081157667925, 37.76590602807988], [-122.43088396025725, 37.765853562621885], [-122.43099734779524, 37.76584575450988]]}, "properties": {"Corridor": "Market St", "Limits": "15th St  -  Sanchez St", "BlockSide": "SouthEast", "WeekDay": "Wed", "FromHour": "2", "ToHour": "6", "Week1": "1", "Week2": "1", "Week3": "1", "Week4": "1", "Week5": "1", "Holidays": "1"}}, {"type": "Feature", "geometry": {"type": "LineString", "coordinates": [[-122.44025311386557, 37.77851146377], [-122.44043653415056, 37.779438637103]]}, "properties": {"Corridor": "Broderick St", "Limits": "Golden Gate Ave  -  Turk St", "BlockSide": "West", "WeekDay": "Wed", "FromHour": "12", "ToHour": "14", "Week1": "1", "Week2": "1", "Week3": "1", "Week4": "1", "Week5": "1", "Holidays": "0"}}, {"type": "Feature", "geometry": {"type": "LineString", "coordinates": [[-122.449079404319, 37.78234581466113], [-122.450025633236, 37.782234307351125], [-122.450092302229, 37.78214804431213]]}, "properties": {"Corridor": "Geary Blvd", "Limits": "Wood St  -  Collins St", "BlockSide": "North", "WeekDay": "Tues", "FromHour": "6", "ToHour": "8", "Week1": "1", "Week2": "1", "Week3": "1", "Week4": "1", "Week5": "1", "Holidays": "0"}}, {"type": "Feature", "geometry": {"type": "LineString", "coordinates": [[-122.42897669018512, 37.76752669142512], [-122.42921008750312, 37.76743559951512], [-122.43077707021213, 37.76619895884312], [-122.43085251876113, 37.766035962803116]]}, "properties": {"Corridor": "Market St", "Limits": "Church St  -  15th St", "BlockSide": "NorthWest", "WeekDay": "Fri", "FromHour": "2", "ToHour": "6", "Week1": "1", "Week2": "1", "Week3": "1", "Week4": "1", "Week5": "1", "Holidays": "1"}}, {"type": "Feature", "geometry": {"type": "LineString", "coordinates": [[-122.451119860207, 37.78195267508687], [-122.451205860743, 37.78186388231387], [-122.452040288745, 37.78176147633587], [-122.452143124058, 37.78182185094887]]}, "properties": {"Corridor": "Geary Blvd", "Limits": "Blake St  -  Cook St", "BlockSide": "South", "WeekDay": "Mon", "FromHour": "6", "ToHour": "8", "Week1": "1", "Week2": "1", "Week3": "1", "Week4": "1", "Week5": "1", "Holidays": "0"}}, {"type": "Feature", "geometry": {"type": "LineString", "coordinates": [[-122.435372983052, 37.77144804415787], [-122.437045612272, 37.77123598351187]]}, "properties": {"Corridor": "Haight St", "Limits": "Scott St  -  Divisadero St", "BlockSide": "South", "WeekDay": "Tues", "FromHour": "12", "ToHour": "14", "Week1": "1", "Week2": "1", "Week3": "1", "Week4": "1", "Week5": "1", "Holidays": "0"}}, {"type": "Feature", "geometry": {"type": "LineString", "coordinates": [[-122.456295739929, 37.78134984159987], [-122.456367376717, 37.78126900493887], [-122.457636289848, 37.781212181004875], [-122.45773304353, 37.78128314517987]]}, "properties": {"Corridor": "Geary Blvd", "Limits": "Stanyan St  -  Palm Ave", "BlockSide": "South", "WeekDay": "Fri", "FromHour": "6", "ToHour": "8", "Week1": "1", "Week2": "0", "Week3": "1", "Week4": "0", "Week5": "0", "Holidays": "0"}}, {"type": "Feature", "geometry": {"type": "LineString", "coordinates": [[-122.44925625309142, 37.762519304132], [-122.44908044395342, 37.761648125591]]}, "properties": {"Corridor": "Cole St", "Limits": "Rivoli St  -  17th St", "BlockSide": "East", "WeekDay": "Tues", "FromHour": "8", "ToHour": "10", "Week1": "1", "Week2": "0", "Week3": "0", "Week4": "0", "Week5": "0", "Holidays": "0"}}, {"type": "Feature", "geometry": {"type": "LineString", "coordinates": [[-122.43607433938219, 37.760823994852], [-122.43591693007119, 37.759222662374]]}, "properties": {"Corridor": "Collingwood St", "Limits": "18th St  -  19th St", "BlockSide": "East", "WeekDay": "Fri", "FromHour": "8", "ToHour": "10", "Week1": "1", "Week2": "1", "Week3": "1", "Week4": "1", "Week5": "1", "Holidays": "0"}}, {"type": "Feature", "geometry": {"type": "LineString", "coordinates": [[-122.43988401447587, 37.776644006945], [-122.44006670040987, 37.777586767511]]}, "properties": {"Corridor": "Broderick St", "Limits": "Fulton St  -  McAllister St", "BlockSide": "West", "WeekDay": "Wed", "FromHour": "12", "ToHour": "14", "Week1": "1", "Week2": "1", "Week3": "1", "Week4": "1", "Week5": "1", "Holidays": "0"}}, {"type": "Feature", "geometry": {"type": "LineString", "coordinates": [[-122.44815137904274, 37.780069740697115], [-122.44824547265574, 37.78052991063512], [-122.44898243995274, 37.78043680112512]]}, "properties": {"Corridor": "Ewing Ter", "Limits": "Ewing Ter  -  Jean Way", "BlockSide": "NorthEast", "WeekDay": "Wed", "FromHour": "8", "ToHour": "10", "Week1": "1", "Week2": "1", "Week3": "1", "Week4": "1", "Week5": "1", "Holidays": "0"}}, {"type": "Feature", "geometry": {"type": "LineString", "coordinates": [[-122.452569353691, 37.76454080226913], [-122.453515914261, 37.764426835382125]]}, "properties": {"Corridor": "Parnassus Ave", "Limits": "Stanyan St  -  Woodland Ave", "BlockSide": "North", "WeekDay": "Fri", "FromHour": "8", "ToHour": "10", "Week1": "1", "Week2": "0", "Week3": "0", "Week4": "0", "Week5": "0", "Holidays": "0"}}, {"type": "Feature", "geometry": {"type": "LineString", "coordinates": [[-122.456496943191, 37.779726778953126], [-122.456695366622, 37.77965719932113], [-122.456871587426, 37.779622754520126]]}, "properties": {"Corridor": "Anza St", "Limits": "Rossi Ave  -  Loraine Ct", "BlockSide": "North", "WeekDay": "Fri", "FromHour": "8", "ToHour": "10", "Week1": "1", "Week2": "1", "Week3": "1", "Week4": "1", "Week5": "1", "Holidays": "0"}}, {"type": "Feature", "geometry": {"type": "LineString", "coordinates": [[-122.447443019169, 37.77564652689687], [-122.448067929156, 37.77556785368287]]}, "properties": {"Corridor": "Fulton St", "Limits": "Atalaya Ter  -  Ashbury St", "BlockSide": "South", "WeekDay": "Fri", "FromHour": "9", "ToHour": "11", "Week1": "1", "Week2": "1", "Week3": "1", "Week4": "1", "Week5": "1", "Holidays": "0"}}, {"type": "Feature", "geometry": {"type": "LineString", "coordinates": [[-122.43003384503201, 37.77024306553], [-122.43012760073002, 37.770709188615]]}, "properties": {"Corridor": "Fillmore St", "Limits": "Hermann St  -  Germania St", "BlockSide": "East", "WeekDay": "Mon", "FromHour": "8", "ToHour": "10", "Week1": "1", "Week2": "1", "Week3": "1", "Week4": "1", "Week5": "1", "Holidays": "0"}}, {"type": "Feature", "geometry": {"type": "LineString", "coordinates": [[-122.43310259293304, 37.764217945063116], [-122.43343939283304, 37.76409096079212], [-122.43458834890704, 37.763160564773116], [-122.43518002649704, 37.762765242987115], [-122.43521608445104, 37.76269293962812]]}, "properties": {"Corridor": "Market St", "Limits": "16th St  -  17th St", "BlockSide": "NorthWest", "WeekDay": "Sun", "FromHour": "2", "ToHour": "6", "Week1": "1", "Week2": "1", "Week3": "1", "Week4": "1", "Week5": "1", "Holidays": "1"}}, {"type": "Feature", "geometry": {"type": "LineString", "coordinates": [[-122.451119860207, 37.78195267508687], [-122.451205860743, 37.78186388231387], [-122.452040288745, 37.78176147633587], [-122.452143124058, 37.78182185094887]]}, "properties": {"Corridor": "Geary Blvd", "Limits": "Blake St  -  Cook St", "BlockSide": "South", "WeekDay": "Fri", "FromHour": "6", "ToHour": "8", "Week1": "1", "Week2": "0", "Week3": "1", "Week4": "0", "Week5": "0", "Holidays": "0"}}, {"type": "Feature", "geometry": {"type": "LineString", "coordinates": [[-122.445400448697, 37.780125041254], [-122.44541768452801, 37.780406955489], [-122.445437249308, 37.780733547236], [-122.44546893233, 37.780881359965]]}, "properties": {"Corridor": "Anzavista Ave", "Limits": "Vega St  -  Terra Vista Ave", "BlockSide": "East", "WeekDay": "Fri", "FromHour": "9", "ToHour": "11", "Week1": "1", "Week2": "1", "Week3": "1", "Week4": "1", "Week5": "1", "Holidays": "0"}}, {"type": "Feature", "geometry": {"type": "LineString", "coordinates": [[-122.437847943562, 37.78368619731887], [-122.437981289312, 37.783590468442874], [-122.438366823258, 37.78348769835687], [-122.438786398794, 37.78331067546387], [-122.438979029161, 37.78326846454187], [-122.439325621851, 37.78322893448287], [-122.43948038104, 37.78327704711087]]}, "properties": {"Corridor": "Geary Blvd", "Limits": "Scott St  -  Divisadero St", "BlockSide": "South", "WeekDay": "Tues", "FromHour": "6", "ToHour": "8", "Week1": "1", "Week2": "0", "Week3": "1", "Week4": "0", "Week5": "0", "Holidays": "0"}}, {"type": "Feature", "geometry": {"type": "LineString", "coordinates": [[-122.44647340641379, 37.76100671902], [-122.4464334881218, 37.760906766612], [-122.44638324380779, 37.760410698007]]}, "properties": {"Corridor": "Clayton St", "Limits": "Twin Peaks Blvd  -  Deming St", "BlockSide": "West", "WeekDay": "Wed", "FromHour": "8", "ToHour": "10", "Week1": "1", "Week2": "1", "Week3": "1", "Week4": "1", "Week5": "1", "Holidays": "0"}}, {"type": "Feature", "geometry": {"type": "LineString", "coordinates": [[-122.442564850432, 37.773392784483875], [-122.444216182528, 37.77318062612587]]}, "properties": {"Corridor": "Fell St", "Limits": "Lyon St  -  Central Ave", "BlockSide": "South", "WeekDay": "Mon", "FromHour": "8", "ToHour": "10", "Week1": "1", "Week2": "1", "Week3": "1", "Week4": "1", "Week5": "1", "Holidays": "0"}}, {"type": "Feature", "geometry": {"type": "LineString", "coordinates": [[-122.43123089255657, 37.767595241206], [-122.43115426126258, 37.766796198884]]}, "properties": {"Corridor": "Sanchez St", "Limits": "14th St  -  Henry St", "BlockSide": "West", "WeekDay": "Thu", "FromHour": "8", "ToHour": "10", "Week1": "1", "Week2": "1", "Week3": "1", "Week4": "1", "Week5": "1", "Holidays": "0"}}, {"type": "Feature", "geometry": {"type": "LineString", "coordinates": [[-122.44723896041094, 37.767110558401], [-122.44654447767094, 37.763708381483]]}, "properties": {"Corridor": "Downey St", "Limits": "Frederick St  -  Ashbury St", "BlockSide": "West", "WeekDay": "Wed", "FromHour": "8", "ToHour": "10", "Week1": "1", "Week2": "1", "Week3": "1", "Week4": "1", "Week5": "1", "Holidays": "0"}}, {"type": "Feature", "geometry": {"type": "LineString", "coordinates": [[-122.42897669016766, 37.76752669142512], [-122.42908181059966, 37.767333376209116], [-122.43061929914866, 37.76611752804712], [-122.43085251874366, 37.766035962803116]]}, "properties": {"Corridor": "Market St", "Limits": "Church St  -  15th St", "BlockSide": "NorthWest", "WeekDay": "Sun", "FromHour": "8", "ToHour": "9", "Week1": "1", "Week2": "1", "Week3": "1", "Week4": "1", "Week5": "1", "Holidays": "0"}}, {"type": "Feature", "geometry": {"type": "LineString", "coordinates": [[-122.43266639742384, 37.783292591474], [-122.43287446616884, 37.78435505664]]}, "properties": {"Corridor": "Fillmore St", "Limits": "O'Farrell St  -  Geary Blvd", "BlockSide": "East", "WeekDay": "Thu", "FromHour": "6", "ToHour": "8", "Week1": "0", "Week2": "1", "Week3": "0", "Week4": "1", "Week5": "0", "Holidays": "0"}}, {"type": "Feature", "geometry": {"type": "LineString", "coordinates": [[-122.432464341393, 37.76921820979387], [-122.433572207694, 37.76914692852687]]}, "properties": {"Corridor": "Duboce Ave", "Limits": "Walter St  -  Noe St", "BlockSide": "South", "WeekDay": "Mon", "FromHour": "9", "ToHour": "11", "Week1": "1", "Week2": "1", "Week3": "1", "Week4": "1", "Week5": "1", "Holidays": "0"}}, {"type": "Feature", "geometry": {"type": "LineString", "coordinates": [[-122.45139743134668, 37.775175120967], [-122.45120307628268, 37.774248734291]]}, "properties": {"Corridor": "Cole St", "Limits": "Fulton St  -  Grove St", "BlockSide": "West", "WeekDay": "Wed", "FromHour": "9", "ToHour": "11", "Week1": "1", "Week2": "1", "Week3": "1", "Week4": "1", "Week5": "1", "Holidays": "0"}}, {"type": "Feature", "geometry": {"type": "LineString", "coordinates": [[-122.447780351682, 37.76175786033413], [-122.449120214336, 37.76167956648213]]}, "properties": {"Corridor": "17th St", "Limits": "Belvedere St  -  Cole St", "BlockSide": "North", "WeekDay": "Thu", "FromHour": "9", "ToHour": "11", "Week1": "1", "Week2": "0", "Week3": "0", "Week4": "0", "Week5": "0", "Holidays": "0"}}, {"type": "Feature", "geometry": {"type": "LineString", "coordinates": [[-122.43627836454286, 37.776137836709], [-122.43646745424985, 37.777068080246]]}, "properties": {"Corridor": "Scott St", "Limits": "Grove St  -  Fulton St", "BlockSide": "East", "WeekDay": "Wed", "FromHour": "12", "ToHour": "14", "Week1": "1", "Week2": "1", "Week3": "1", "Week4": "1", "Week5": "1", "Holidays": "0"}}, {"type": "Feature", "geometry": {"type": "LineString", "coordinates": [[-122.42986586872, 37.76940792165], [-122.429889272799, 37.769524282337], [-122.430033845436, 37.77024306553]]}, "properties": {"Corridor": "Fillmore St", "Limits": "Duboce Ave  -  Hermann St", "BlockSide": "East", "WeekDay": "Mon", "FromHour": "8", "ToHour": "10", "Week1": "1", "Week2": "1", "Week3": "1", "Week4": "1", "Week5": "1", "Holidays": "0"}}, {"type": "Feature", "geometry": {"type": "LineString", "coordinates": [[-122.43329524466373, 37.765861627815], [-122.43321840706672, 37.765060651583]]}, "properties": {"Corridor": "Noe St", "Limits": "15th St  -  Beaver St", "BlockSide": "West", "WeekDay": "Fri", "FromHour": "8", "ToHour": "10", "Week1": "1", "Week2": "1", "Week3": "1", "Week4": "1", "Week5": "1", "Holidays": "0"}}, {"type": "Feature", "geometry": {"type": "LineString", "coordinates": [[-122.43951944437208, 37.76224909900212], [-122.43970262534208, 37.762102755614116], [-122.44016115537208, 37.761851917755116]]}, "properties": {"Corridor": "Corbett Ave", "Limits": "17th St  -  Ord St", "BlockSide": "NorthWest", "WeekDay": "Wed", "FromHour": "8", "ToHour": "10", "Week1": "1", "Week2": "1", "Week3": "1", "Week4": "1", "Week5": "1", "Holidays": "0"}}, {"type": "Feature", "geometry": {"type": "LineString", "coordinates": [[-122.436884629513, 37.778969194388125], [-122.437707163118, 37.778863821371125]]}, "properties": {"Corridor": "Golden Gate Ave", "Limits": "Scott St  -  Seymour St", "BlockSide": "North", "WeekDay": "Thu", "FromHour": "12", "ToHour": "14", "Week1": "1", "Week2": "1", "Week3": "1", "Week4": "1", "Week5": "1", "Holidays": "0"}}, {"type": "Feature", "geometry": {"type": "LineString", "coordinates": [[-122.43304634870549, 37.76417348135488], [-122.43323085756148, 37.763966336111885], [-122.43442763984349, 37.763016678638884], [-122.43502296924848, 37.762630519365885], [-122.43515984022349, 37.76264847591988]]}, "properties": {"Corridor": "Market St", "Limits": "16th St  -  17th St", "BlockSide": "SouthEast", "WeekDay": "Wed", "FromHour": "2", "ToHour": "6", "Week1": "1", "Week2": "1", "Week3": "1", "Week4": "1", "Week5": "1", "Holidays": "1"}}, {"type": "Feature", "geometry": {"type": "LineString", "coordinates": [[-122.432949137393, 37.762586758676875], [-122.434062387332, 37.76251938373887]]}, "properties": {"Corridor": "17th St", "Limits": "Noe St  -  Hartford St", "BlockSide": "South", "WeekDay": "Tues", "FromHour": "6", "ToHour": "8", "Week1": "1", "Week2": "1", "Week3": "1", "Week4": "1", "Week5": "1", "Holidays": "0"}}, {"type": "Feature", "geometry": {"type": "LineString", "coordinates": [[-122.44782012165909, 37.761726419443], [-122.44766459584609, 37.760932687516]]}, "properties": {"Corridor": "Belvedere St", "Limits": "17th St  -  Carmel St", "BlockSide": "West", "WeekDay": "Tues", "FromHour": "8", "ToHour": "10", "Week1": "1", "Week2": "0", "Week3": "0", "Week4": "0", "Week5": "0", "Holidays": "0"}}, {"type": "Feature", "geometry": {"type": "LineString", "coordinates": [[-122.43946320112593, 37.762204635293884], [-122.43964638209593, 37.76205829190588], [-122.44010491212593, 37.76180745404688]]}, "properties": {"Corridor": "Corbett Ave", "Limits": "17th St  -  Ord St", "BlockSide": "SouthEast", "WeekDay": "Thu", "FromHour": "9", "ToHour": "11", "Week1": "1", "Week2": "1", "Week3": "1", "Week4": "1", "Week5": "1", "Holidays": "0"}}, {"type": "Feature", "geometry": {"type": "LineString", "coordinates": [[-122.43397315752, 37.781250243333126], [-122.43561626498, 37.78104078684613]]}, "properties": {"Corridor": "Eddy St", "Limits": "Steiner St  -  Pierce St", "BlockSide": "North", "WeekDay": "Mon", "FromHour": "6", "ToHour": "8", "Week1": "0", "Week2": "1", "Week3": "0", "Week4": "1", "Week5": "0", "Holidays": "0"}}, {"type": "Feature", "geometry": {"type": "LineString", "coordinates": [[-122.43651802060829, 37.767274662584], [-122.43666499318728, 37.768918977826], [-122.43662804083728, 37.769000802609]]}, "properties": {"Corridor": "Divisadero St", "Limits": "14th St  -  Duboce Ave", "BlockSide": "West", "WeekDay": "Wed", "FromHour": "12", "ToHour": "14", "Week1": "1", "Week2": "1", "Week3": "1", "Week4": "1", "Week5": "1", "Holidays": "0"}}, {"type": "Feature", "geometry": {"type": "LineString", "coordinates": [[-122.450092302229, 37.782085162529874], [-122.450161853489, 37.78200607659687], [-122.451021197777, 37.78189533312087], [-122.451119860207, 37.78195267508687]]}, "properties": {"Corridor": "Geary Blvd", "Limits": "Collins St  -  Blake St", "BlockSide": "South", "WeekDay": "Wed", "FromHour": "6", "ToHour": "8", "Week1": "1", "Week2": "1", "Week3": "1", "Week4": "1", "Week5": "1", "Holidays": "0"}}, {"type": "Feature", "geometry": {"type": "LineString", "coordinates": [[-122.43039414215762, 37.772108258339], [-122.43058930864562, 37.773039299235]]}, "properties": {"Corridor": "Fillmore St", "Limits": "Haight St  -  Page St", "BlockSide": "East", "WeekDay": "Mon", "FromHour": "8", "ToHour": "10", "Week1": "1", "Week2": "1", "Week3": "1", "Week4": "1", "Week5": "1", "Holidays": "0"}}, {"type": "Feature", "geometry": {"type": "LineString", "coordinates": [[-122.45774985169487, 37.766014767339], [-122.45774885533088, 37.765820072794], [-122.45771636088587, 37.765354151058]]}, "properties": {"Corridor": "Arguello Blvd", "Limits": "Lincoln Way  -  Hugo St", "BlockSide": "East", "WeekDay": "Mon", "FromHour": "12", "ToHour": "14", "Week1": "1", "Week2": "0", "Week3": "1", "Week4": "0", "Week5": "0", "Holidays": "0"}}, {"type": "Feature", "geometry": {"type": "LineString", "coordinates": [[-122.44972994182791, 37.764866453154], [-122.44956043914591, 37.764026578938]]}, "properties": {"Corridor": "Cole St", "Limits": "Parnassus Ave  -  Grattan St", "BlockSide": "East", "WeekDay": "Tues", "FromHour": "8", "ToHour": "10", "Week1": "1", "Week2": "0", "Week3": "0", "Week4": "0", "Week5": "0", "Holidays": "0"}}, {"type": "Feature", "geometry": {"type": "LineString", "coordinates": [[-122.43412199281242, 37.782150910402], [-122.43431061425942, 37.783083017553]]}, "properties": {"Corridor": "Steiner St", "Limits": "Ellis St  -  O'Farrell St", "BlockSide": "East", "WeekDay": "Fri", "FromHour": "9", "ToHour": "11", "Week1": "1", "Week2": "1", "Week3": "1", "Week4": "1", "Week5": "1", "Holidays": "0"}}, {"type": "Feature", "geometry": {"type": "LineString", "coordinates": [[-122.43107755143302, 37.76599633002], [-122.43106524334402, 37.765867986364]]}, "properties": {"Corridor": "Sanchez St", "Limits": "15th St  -  Market St", "BlockSide": "West", "WeekDay": "Thu", "FromHour": "8", "ToHour": "10", "Week1": "1", "Week2": "1", "Week3": "1", "Week4": "1", "Week5": "1", "Holidays": "0"}}, {"type": "Feature", "geometry": {"type": "LineString", "coordinates": [[-122.45908433505598, 37.783826604465], [-122.45903818265097, 37.783188664916]]}, "properties": {"Corridor": "Arguello Blvd", "Limits": "Euclid Ave  -  Clement St", "BlockSide": "West", "WeekDay": "Tues", "FromHour": "7", "ToHour": "9", "Week1": "1", "Week2": "0", "Week3": "1", "Week4": "0", "Week5": "0", "Holidays": "0"}}, {"type": "Feature", "geometry": {"type": "LineString", "coordinates": [[-122.458858661406, 37.78128850221613], [-122.459048708608, 37.78135688112213], [-122.459880426527, 37.78132006354813], [-122.459999657963, 37.781244918803125]]}, "properties": {"Corridor": "Geary Blvd", "Limits": "Arguello Blvd  -  02nd Ave", "BlockSide": "North", "WeekDay": "Sun", "FromHour": "7", "ToHour": "8", "Week1": "1", "Week2": "1", "Week3": "1", "Week4": "1", "Week5": "1", "Holidays": "0"}}, {"type": "Feature", "geometry": {"type": "LineString", "coordinates": [[-122.440058565252, 37.76104335293487], [-122.440251245197, 37.76101575537787]]}, "properties": {"Corridor": "Market St", "Limits": "Ord St  -  Storrie St", "BlockSide": "South", "WeekDay": "Fri", "FromHour": "12", "ToHour": "14", "Week1": "1", "Week2": "1", "Week3": "1", "Week4": "1", "Week5": "1", "Holidays": "0"}}, {"type": "Feature", "geometry": {"type": "LineString", "coordinates": [[-122.447997721726, 37.77853247455513], [-122.448879207092, 37.77842086995913]]}, "properties": {"Corridor": "Turk Blvd", "Limits": "Annapolis Ter  -  Tamalpais Ter", "BlockSide": "North", "WeekDay": "Wed", "FromHour": "6", "ToHour": "8", "Week1": "1", "Week2": "1", "Week3": "1", "Week4": "1", "Week5": "1", "Holidays": "0"}}, {"type": "Feature", "geometry": {"type": "LineString", "coordinates": [[-122.4309973481351, 37.76584575450988], [-122.4310964349911, 37.76565098798688], [-122.4327367070821, 37.76435173048288], [-122.4330463480521, 37.76417348135488]]}, "properties": {"Corridor": "Market St", "Limits": "Sanchez St  -  16th St", "BlockSide": "SouthEast", "WeekDay": "Thu", "FromHour": "2", "ToHour": "6", "Week1": "1", "Week2": "1", "Week3": "1", "Week4": "1", "Week5": "1", "Holidays": "1"}}, {"type": "Feature", "geometry": {"type": "LineString", "coordinates": [[-122.441931912731, 37.765295098935], [-122.442231561237, 37.765300180485], [-122.442481678264, 37.765269156297]]}, "properties": {"Corridor": "Roosevelt Way", "Limits": "Levant St  -  Masonic Ave", "BlockSide": "", "WeekDay": "Mon", "FromHour": "10", "ToHour": "12", "Week1": "1", "Week2": "1", "Week3": "1", "Week4": "1", "Week5": "1", "Holidays": "0"}}, {"type": "Feature", "geometry": {"type": "LineString", "coordinates": [[-122.452758421206, 37.76541141340987], [-122.454404021899, 37.76520148588287]]}, "properties": {"Corridor": "Carl St", "Limits": "Stanyan St  -  Willard St", "BlockSide": "South", "WeekDay": "Mon", "FromHour": "8", "ToHour": "10", "Week1": "1", "Week2": "1", "Week3": "1", "Week4": "1", "Week5": "1", "Holidays": "0"}}, {"type": "Feature", "geometry": {"type": "LineString", "coordinates": [[-122.43358693491807, 37.770755231477], [-122.43377454779606, 37.771688273732]]}, "properties": {"Corridor": "Pierce St", "Limits": "Waller St  -  Haight St", "BlockSide": "West", "WeekDay": "Fri", "FromHour": "9", "ToHour": "11", "Week1": "1", "Week2": "1", "Week3": "1", "Week4": "1", "Week5": "1", "Holidays": "0"}}, {"type": "Feature", "geometry": {"type": "LineString", "coordinates": [[-122.43830515145646, 37.760692318584], [-122.43815212353947, 37.759092655188]]}, "properties": {"Corridor": "Eureka St", "Limits": "18th St  -  19th St", "BlockSide": "West", "WeekDay": "Wed", "FromHour": "8", "ToHour": "10", "Week1": "1", "Week2": "1", "Week3": "1", "Week4": "1", "Week5": "1", "Holidays": "0"}}, {"type": "Feature", "geometry": {"type": "LineString", "coordinates": [[-122.44380307080368, 37.781893873244115], [-122.44440334332268, 37.78259192844312]]}, "properties": {"Corridor": "Lyon St", "Limits": "O'Farrell St  -  Geary Blvd", "BlockSide": "NorthEast", "WeekDay": "Mon", "FromHour": "6", "ToHour": "8", "Week1": "0", "Week2": "1", "Week3": "0", "Week4": "1", "Week5": "0", "Holidays": "0"}}, {"type": "Feature", "geometry": {"type": "LineString", "coordinates": [[-122.442785606231, 37.76107456143713], [-122.443091897268, 37.76102320414413], [-122.443738694278, 37.76088948665513]]}, "properties": {"Corridor": "Merritt St", "Limits": "Market St  -  Danvers St", "BlockSide": "North", "WeekDay": "Wed", "FromHour": "12", "ToHour": "14", "Week1": "1", "Week2": "1", "Week3": "1", "Week4": "1", "Week5": "1", "Holidays": "0"}}, {"type": "Feature", "geometry": {"type": "LineString", "coordinates": [[-122.452241778019, 37.77126126811313], [-122.453781998124, 37.771053388319125], [-122.453902454747, 37.77108527868913]]}, "properties": {"Corridor": "Oak St", "Limits": "Shrader St  -  Stanyan St", "BlockSide": "North", "WeekDay": "Mon", "FromHour": "8", "ToHour": "10", "Week1": "1", "Week2": "1", "Week3": "1", "Week4": "1", "Week5": "1", "Holidays": "0"}}, {"type": "Feature", "geometry": {"type": "LineString", "coordinates": [[-122.44739170716487, 37.780152061157], [-122.44741317145687, 37.780063263719], [-122.44713805854487, 37.778714893934], [-122.44707958618187, 37.778622307539]]}, "properties": {"Corridor": "Masonic Ave", "Limits": "Ewing Ter  -  Turk Blvd", "BlockSide": "West", "WeekDay": "Wed", "FromHour": "8", "ToHour": "10", "Week1": "1", "Week2": "1", "Week3": "1", "Week4": "1", "Week5": "1", "Holidays": "0"}}, {"type": "Feature", "geometry": {"type": "LineString", "coordinates": [[-122.43134464502057, 37.776759677727], [-122.43153486387557, 37.777699925082]]}, "properties": {"Corridor": "Fillmore St", "Limits": "Grove St  -  Fulton St", "BlockSide": "East", "WeekDay": "Mon", "FromHour": "8", "ToHour": "10", "Week1": "1", "Week2": "1", "Week3": "1", "Week4": "1", "Week5": "1", "Holidays": "0"}}, {"type": "Feature", "geometry": {"type": "LineString", "coordinates": [[-122.433255472465, 37.76583018692387], [-122.435471952603, 37.76569603274287]]}, "properties": {"Corridor": "15th St", "Limits": "Noe St  -  Castro St", "BlockSide": "South", "WeekDay": "Wed", "FromHour": "9", "ToHour": "11", "Week1": "1", "Week2": "1", "Week3": "1", "Week4": "1", "Week5": "1", "Holidays": "0"}}, {"type": "Feature", "geometry": {"type": "LineString", "coordinates": [[-122.433734772499, 37.77171971462313], [-122.435372983052, 37.77151092594013]]}, "properties": {"Corridor": "Haight St", "Limits": "Pierce St  -  Scott St", "BlockSide": "North", "WeekDay": "Thu", "FromHour": "8", "ToHour": "10", "Week1": "1", "Week2": "1", "Week3": "1", "Week4": "1", "Week5": "1", "Holidays": "0"}}, {"type": "Feature", "geometry": {"type": "LineString", "coordinates": [[-122.4410013932211, 37.761669673236], [-122.4409449305531, 37.761077984409]]}, "properties": {"Corridor": "Hattie St", "Limits": "Corbett Ave  -  Market St", "BlockSide": "East", "WeekDay": "Thu", "FromHour": "9", "ToHour": "11", "Week1": "1", "Week2": "1", "Week3": "1", "Week4": "1", "Week5": "1", "Holidays": "0"}}, {"type": "Feature", "geometry": {"type": "LineString", "coordinates": [[-122.437707163118, 37.778863821371125], [-122.438552277404, 37.77875554884613]]}, "properties": {"Corridor": "Golden Gate Ave", "Limits": "Seymour St  -  Divisadero St", "BlockSide": "North", "WeekDay": "Thu", "FromHour": "12", "ToHour": "14", "Week1": "1", "Week2": "1", "Week3": "1", "Week4": "1", "Week5": "1", "Holidays": "0"}}, {"type": "Feature", "geometry": {"type": "LineString", "coordinates": [[-122.4509339781965, 37.773315644726], [-122.45074693163951, 37.772367663987]]}, "properties": {"Corridor": "Cole St", "Limits": "Hayes St  -  Fell St", "BlockSide": "East", "WeekDay": "Fri", "FromHour": "9", "ToHour": "11", "Week1": "1", "Week2": "1", "Week3": "1", "Week4": "1", "Week5": "1", "Holidays": "0"}}, {"type": "Feature", "geometry": {"type": "LineString", "coordinates": [[-122.43012760047972, 37.770709188615], [-122.43022102980173, 37.77117368409]]}, "properties": {"Corridor": "Fillmore St", "Limits": "Germania St  -  Waller St", "BlockSide": "East", "WeekDay": "Wed", "FromHour": "8", "ToHour": "10", "Week1": "1", "Week2": "1", "Week3": "1", "Week4": "1", "Week5": "1", "Holidays": "0"}}, {"type": "Feature", "geometry": {"type": "LineString", "coordinates": [[-122.4310535936688, 37.76589021821812], [-122.4312588543828, 37.765810521180114], [-122.43295092030782, 37.764490555883114], [-122.43310259358582, 37.764217945063116]]}, "properties": {"Corridor": "Market St", "Limits": "Sanchez St  -  16th St", "BlockSide": "NorthWest", "WeekDay": "Sun", "FromHour": "2", "ToHour": "6", "Week1": "1", "Week2": "1", "Week3": "1", "Week4": "1", "Week5": "1", "Holidays": "1"}}, {"type": "Feature", "geometry": {"type": "LineString", "coordinates": [[-122.45383684960302, 37.780239049136], [-122.45381568723502, 37.780126071114], [-122.45380145042103, 37.779887865078], [-122.45362881050002, 37.779054523049]]}, "properties": {"Corridor": "Parker Ave", "Limits": "Anza St  -  Lone Mountain Ter", "BlockSide": "East", "WeekDay": "Mon", "FromHour": "6", "ToHour": "8", "Week1": "1", "Week2": "1", "Week3": "1", "Week4": "1", "Week5": "1", "Holidays": "0"}}, {"type": "Feature", "geometry": {"type": "LineString", "coordinates": [[-122.44469574777017, 37.76251795297612], [-122.44476828864717, 37.76250738011912], [-122.44500609697417, 37.76237640081312], [-122.44532141171916, 37.761983323921115], [-122.44533755664817, 37.76190267458412]]}, "properties": {"Corridor": "Roosevelt Way", "Limits": "Saturn St  -  17th St", "BlockSide": "NorthWest", "WeekDay": "Mon", "FromHour": "10", "ToHour": "12", "Week1": "1", "Week2": "1", "Week3": "1", "Week4": "1", "Week5": "1", "Holidays": "0"}}, {"type": "Feature", "geometry": {"type": "LineString", "coordinates": [[-122.44119798321049, 37.783163669751], [-122.44129500868648, 37.78364169428]]}, "properties": {"Corridor": "Broderick St", "Limits": "Geary Blvd  -  Garden St", "BlockSide": "West", "WeekDay": "Wed", "FromHour": "12", "ToHour": "14", "Week1": "1", "Week2": "0", "Week3": "1", "Week4": "0", "Week5": "0", "Holidays": "0"}}, {"type": "Feature", "geometry": {"type": "LineString", "coordinates": [[-122.456663202142, 37.776450317754126], [-122.458504637338, 37.77622184656213]]}, "properties": {"Corridor": "Golden Gate Ave", "Limits": "Willard North St  -  Arguello Blvd", "BlockSide": "North", "WeekDay": "Wed", "FromHour": "8", "ToHour": "10", "Week1": "1", "Week2": "1", "Week3": "1", "Week4": "1", "Week5": "1", "Holidays": "0"}}, {"type": "Feature", "geometry": {"type": "LineString", "coordinates": [[-122.447687958531, 37.77376420951813], [-122.449325875095, 37.77355629208413]]}, "properties": {"Corridor": "Hayes St", "Limits": "Ashbury St  -  Clayton St", "BlockSide": "North", "WeekDay": "Thu", "FromHour": "9", "ToHour": "11", "Week1": "1", "Week2": "1", "Week3": "1", "Week4": "1", "Week5": "1", "Holidays": "0"}}, {"type": "Feature", "geometry": {"type": "LineString", "coordinates": [[-122.44756488696854, 37.776447490724], [-122.44740324126754, 37.775677967788]]}, "properties": {"Corridor": "Atalaya Ter", "Limits": "Start: 01-99 Block  -  Fulton St", "BlockSide": "East", "WeekDay": "Wed", "FromHour": "9", "ToHour": "11", "Week1": "1", "Week2": "1", "Week3": "1", "Week4": "1", "Week5": "1", "Holidays": "0"}}, {"type": "Feature", "geometry": {"type": "LineString", "coordinates": [[-122.45480685496933, 37.775684989809], [-122.45472449194733, 37.7755268001]]}, "properties": {"Corridor": "Stanyan St", "Limits": "McAllister St  -  McAllister St", "BlockSide": "East", "WeekDay": "Thu", "FromHour": "6", "ToHour": "8", "Week1": "1", "Week2": "1", "Week3": "1", "Week4": "1", "Week5": "1", "Holidays": "0"}}, {"type": "Feature", "geometry": {"type": "LineString", "coordinates": [[-122.43304634870549, 37.76417348135488], [-122.43323085756148, 37.763966336111885], [-122.43442763984349, 37.763016678638884], [-122.43502296924848, 37.762630519365885], [-122.43515984022349, 37.76264847591988]]}, "properties": {"Corridor": "Market St", "Limits": "16th St  -  17th St", "BlockSide": "SouthEast", "WeekDay": "Thu", "FromHour": "2", "ToHour": "6", "Week1": "1", "Week2": "1", "Week3": "1", "Week4": "1", "Week5": "1", "Holidays": "1"}}, {"type": "Feature", "geometry": {"type": "LineString", "coordinates": [[-122.453003330429, 37.77493931372387], [-122.454682648021, 37.77472404392587]]}, "properties": {"Corridor": "Fulton St", "Limits": "Shrader St  -  Stanyan St", "BlockSide": "South", "WeekDay": "Fri", "FromHour": "8", "ToHour": "10", "Week1": "1", "Week2": "1", "Week3": "1", "Week4": "1", "Week5": "1", "Holidays": "0"}}, {"type": "Feature", "geometry": {"type": "LineString", "coordinates": [[-122.43746271626762, 37.77313349266], [-122.43752581149762, 37.773213673653], [-122.43767807022662, 37.773977498984], [-122.43765040043762, 37.774061646375]]}, "properties": {"Corridor": "Divisadero St", "Limits": "Oak St  -  Fell St", "BlockSide": "West", "WeekDay": "Wed", "FromHour": "6", "ToHour": "8", "Week1": "1", "Week2": "1", "Week3": "1", "Week4": "1", "Week5": "1", "Holidays": "0"}}, {"type": "Feature", "geometry": {"type": "LineString", "coordinates": [[-122.43397315752, 37.78118736155087], [-122.43561626498, 37.78097790506387]]}, "properties": {"Corridor": "Eddy St", "Limits": "Steiner St  -  Pierce St", "BlockSide": "South", "WeekDay": "Tues", "FromHour": "9", "ToHour": "11", "Week1": "1", "Week2": "1", "Week3": "1", "Week4": "1", "Week5": "1", "Holidays": "0"}}, {"type": "Feature", "geometry": {"type": "LineString", "coordinates": [[-122.449600210799, 37.76399513804687], [-122.451042291888, 37.76381121051287]]}, "properties": {"Corridor": "Grattan St", "Limits": "Cole St  -  Shrader St", "BlockSide": "South", "WeekDay": "Fri", "FromHour": "8", "ToHour": "10", "Week1": "1", "Week2": "0", "Week3": "0", "Week4": "0", "Week5": "0", "Holidays": "0"}}, {"type": "Feature", "geometry": {"type": "LineString", "coordinates": [[-122.44891821831574, 37.771668739564], [-122.44872813863674, 37.770730883771]]}, "properties": {"Corridor": "Clayton St", "Limits": "Oak St  -  Page St", "BlockSide": "East", "WeekDay": "Fri", "FromHour": "8", "ToHour": "10", "Week1": "1", "Week2": "1", "Week3": "1", "Week4": "1", "Week5": "1", "Holidays": "0"}}, {"type": "Feature", "geometry": {"type": "LineString", "coordinates": [[-122.43064898036363, 37.781645584393], [-122.43075498151164, 37.781739888562], [-122.43089801282564, 37.782446877522], [-122.43083766170564, 37.782569888528]]}, "properties": {"Corridor": "Webster St", "Limits": "Eddy St  -  Ellis St", "BlockSide": "West", "WeekDay": "Wed", "FromHour": "8", "ToHour": "10", "Week1": "1", "Week2": "1", "Week3": "1", "Week4": "1", "Week5": "1", "Holidays": "0"}}, {"type": "Feature", "geometry": {"type": "LineString", "coordinates": [[-122.43948038104, 37.78333992889313], [-122.439632560463, 37.78339103338813], [-122.441158201359, 37.783195110642126]]}, "properties": {"Corridor": "Geary Blvd", "Limits": "Divisadero St  -  Broderick St", "BlockSide": "North", "WeekDay": "Mon", "FromHour": "6", "ToHour": "8", "Week1": "1", "Week2": "0", "Week3": "1", "Week4": "0", "Week5": "0", "Holidays": "0"}}, {"type": "Feature", "geometry": {"type": "LineString", "coordinates": [[-122.42994541770399, 37.76940792165], [-122.42996882178299, 37.769524282337], [-122.43011339441999, 37.77024306553]]}, "properties": {"Corridor": "Fillmore St", "Limits": "Duboce Ave  -  Hermann St", "BlockSide": "West", "WeekDay": "Fri", "FromHour": "8", "ToHour": "10", "Week1": "1", "Week2": "1", "Week3": "1", "Week4": "1", "Week5": "1", "Holidays": "0"}}, {"type": "Feature", "geometry": {"type": "LineString", "coordinates": [[-122.452963825253, 37.77578157021813], [-122.454764269603, 37.77555824099113]]}, "properties": {"Corridor": "McAllister St", "Limits": "Parker Ave  -  Stanyan St", "BlockSide": "North", "WeekDay": "Fri", "FromHour": "8", "ToHour": "10", "Week1": "1", "Week2": "1", "Week3": "1", "Week4": "1", "Week5": "1", "Holidays": "0"}}, {"type": "Feature", "geometry": {"type": "LineString", "coordinates": [[-122.45298680620728, 37.766374074205], [-122.45279819364528, 37.765442854301]]}, "properties": {"Corridor": "Stanyan St", "Limits": "Frederick St  -  Carl St", "BlockSide": "West", "WeekDay": "Fri", "FromHour": "7", "ToHour": "9", "Week1": "1", "Week2": "1", "Week3": "1", "Week4": "1", "Week5": "1", "Holidays": "0"}}, {"type": "Feature", "geometry": {"type": "LineString", "coordinates": [[-122.438709125448, 37.771025053791874], [-122.440357705342, 37.77081599352787]]}, "properties": {"Corridor": "Haight St", "Limits": "Broderick St  -  Baker St", "BlockSide": "South", "WeekDay": "Tues", "FromHour": "12", "ToHour": "14", "Week1": "1", "Week2": "1", "Week3": "1", "Week4": "1", "Week5": "1", "Holidays": "0"}}, {"type": "Feature", "geometry": {"type": "LineString", "coordinates": [[-122.441241683326, 37.765302299731125], [-122.441931912731, 37.76532653982613]]}, "properties": {"Corridor": "Roosevelt Way", "Limits": "Fairbanks St  -  Levant St", "BlockSide": "North", "WeekDay": "Mon", "FromHour": "10", "ToHour": "12", "Week1": "1", "Week2": "1", "Week3": "1", "Week4": "1", "Week5": "1", "Holidays": "0"}}, {"type": "Feature", "geometry": {"type": "LineString", "coordinates": [[-122.4319120224686, 37.779564149041], [-122.4321006096226, 37.780496260511]]}, "properties": {"Corridor": "Fillmore St", "Limits": "Golden Gate Ave  -  Turk St", "BlockSide": "East", "WeekDay": "Thu", "FromHour": "6", "ToHour": "8", "Week1": "1", "Week2": "0", "Week3": "1", "Week4": "0", "Week5": "0", "Holidays": "0"}}, {"type": "Feature", "geometry": {"type": "LineString", "coordinates": [[-122.44908044440182, 37.761648125591], [-122.4489196645718, 37.760851404087]]}, "properties": {"Corridor": "Cole St", "Limits": "17th St  -  Carmel St", "BlockSide": "East", "WeekDay": "Tues", "FromHour": "8", "ToHour": "10", "Week1": "1", "Week2": "0", "Week3": "0", "Week4": "0", "Week5": "0", "Holidays": "0"}}, {"type": "Feature", "geometry": {"type": "LineString", "coordinates": [[-122.45285259577616, 37.774040692434], [-122.45266362114616, 37.773106133372]]}, "properties": {"Corridor": "Shrader St", "Limits": "Grove St  -  Hayes St", "BlockSide": "West", "WeekDay": "Mon", "FromHour": "6", "ToHour": "8", "Week1": "1", "Week2": "1", "Week3": "1", "Week4": "1", "Week5": "1", "Holidays": "0"}}, {"type": "Feature", "geometry": {"type": "LineString", "coordinates": [[-122.435000701127, 37.760857492195875], [-122.436114108657, 37.76079255396087]]}, "properties": {"Corridor": "18th St", "Limits": "Castro St  -  Collingwood St", "BlockSide": "South", "WeekDay": "Fri", "FromHour": "6", "ToHour": "8", "Week1": "1", "Week2": "1", "Week3": "1", "Week4": "1", "Week5": "1", "Holidays": "0"}}, {"type": "Feature", "geometry": {"type": "LineString", "coordinates": [[-122.43205252507786, 37.771897265796], [-122.43224033368787, 37.772829248031]]}, "properties": {"Corridor": "Steiner St", "Limits": "Haight St  -  Page St", "BlockSide": "East", "WeekDay": "Fri", "FromHour": "9", "ToHour": "11", "Week1": "1", "Week2": "1", "Week3": "1", "Week4": "1", "Week5": "1", "Holidays": "0"}}, {"type": "Feature", "geometry": {"type": "LineString", "coordinates": [[-122.44160390309558, 37.760488611731], [-122.44153079765658, 37.759665097962]]}, "properties": {"Corridor": "Clover St", "Limits": "18th St  -  Caselli Ave", "BlockSide": "West", "WeekDay": "Fri", "FromHour": "12", "ToHour": "14", "Week1": "1", "Week2": "1", "Week3": "1", "Week4": "1", "Week5": "1", "Holidays": "0"}}, {"type": "Feature", "geometry": {"type": "LineString", "coordinates": [[-122.4303846346293, 37.780715572792], [-122.43032194718731, 37.780837912339], [-122.4304668887283, 37.781554368403], [-122.4305694185533, 37.781645584393]]}, "properties": {"Corridor": "Webster St", "Limits": "Turk St  -  Eddy St", "BlockSide": "East", "WeekDay": "Fri", "FromHour": "12", "ToHour": "14", "Week1": "1", "Week2": "1", "Week3": "1", "Week4": "1", "Week5": "1", "Holidays": "0"}}, {"type": "Feature", "geometry": {"type": "LineString", "coordinates": [[-122.43023323633, 37.77981423520413], [-122.431951802505, 37.77959558993213]]}, "properties": {"Corridor": "Golden Gate Ave", "Limits": "Webster St  -  Fillmore St", "BlockSide": "North", "WeekDay": "Thu", "FromHour": "12", "ToHour": "14", "Week1": "1", "Week2": "1", "Week3": "1", "Week4": "1", "Week5": "1", "Holidays": "0"}}, {"type": "Feature", "geometry": {"type": "LineString", "coordinates": [[-122.43823174366415, 37.781621213218], [-122.43841252554014, 37.782558382267]]}, "properties": {"Corridor": "Beideman St", "Limits": "Ellis St  -  O'Farrell St", "BlockSide": "East", "WeekDay": "Fri", "FromHour": "12", "ToHour": "14", "Week1": "1", "Week2": "1", "Week3": "1", "Week4": "1", "Week5": "1", "Holidays": "0"}}, {"type": "Feature", "geometry": {"type": "LineString", "coordinates": [[-122.440168280289, 37.76215513340387], [-122.442908034169, 37.76199202232587]]}, "properties": {"Corridor": "17th St", "Limits": "Ord St  -  Corbin Pl", "BlockSide": "South", "WeekDay": "Wed", "FromHour": "12", "ToHour": "14", "Week1": "1", "Week2": "1", "Week3": "1", "Week4": "1", "Week5": "1", "Holidays": "0"}}, {"type": "Feature", "geometry": {"type": "LineString", "coordinates": [[-122.43546429557163, 37.780077637996], [-122.43565604529263, 37.781009345955]]}, "properties": {"Corridor": "Pierce St", "Limits": "Turk St  -  Eddy St", "BlockSide": "West", "WeekDay": "Fri", "FromHour": "9", "ToHour": "11", "Week1": "1", "Week2": "1", "Week3": "1", "Week4": "1", "Week5": "1", "Holidays": "0"}}, {"type": "Feature", "geometry": {"type": "LineString", "coordinates": [[-122.431570381025, 37.76927572035487], [-122.432464341393, 37.76921820979387]]}, "properties": {"Corridor": "Duboce Ave", "Limits": "Steiner St  -  Walter St", "BlockSide": "South", "WeekDay": "Mon", "FromHour": "9", "ToHour": "11", "Week1": "1", "Week2": "1", "Week3": "1", "Week4": "1", "Week5": "1", "Holidays": "0"}}, {"type": "Feature", "geometry": {"type": "LineString", "coordinates": [[-122.428614043414, 37.77141477107013], [-122.430260804948, 37.77120512498113]]}, "properties": {"Corridor": "Waller St", "Limits": "Webster St  -  Fillmore St", "BlockSide": "North", "WeekDay": "Thu", "FromHour": "8", "ToHour": "10", "Week1": "1", "Week2": "1", "Week3": "1", "Week4": "1", "Week5": "1", "Holidays": "0"}}, {"type": "Feature", "geometry": {"type": "LineString", "coordinates": [[-122.44640551565205, 37.760984487165885], [-122.44655120787905, 37.760879323209885], [-122.44683809234306, 37.760399336311885], [-122.44692469567106, 37.76014789750188]]}, "properties": {"Corridor": "Twin Peaks Blvd", "Limits": "Clayton St  -  Villa Ter", "BlockSide": "SouthEast", "WeekDay": "Wed", "FromHour": "12", "ToHour": "14", "Week1": "1", "Week2": "1", "Week3": "1", "Week4": "1", "Week5": "1", "Holidays": "0"}}, {"type": "Feature", "geometry": {"type": "LineString", "coordinates": [[-122.43643847305172, 37.767274662584], [-122.43658544563071, 37.768918977826], [-122.43654849328071, 37.769000802609]]}, "properties": {"Corridor": "Divisadero St", "Limits": "14th St  -  Duboce Ave", "BlockSide": "East", "WeekDay": "Fri", "FromHour": "12", "ToHour": "14", "Week1": "1", "Week2": "1", "Week3": "1", "Week4": "1", "Week5": "1", "Holidays": "0"}}, {"type": "Feature", "geometry": {"type": "LineString", "coordinates": [[-122.433218737989, 37.77752180762113], [-122.434863771791, 37.77731210565513]]}, "properties": {"Corridor": "Fulton St", "Limits": "Steiner St  -  Pierce St", "BlockSide": "North", "WeekDay": "Thu", "FromHour": "9", "ToHour": "11", "Week1": "1", "Week2": "1", "Week3": "1", "Week4": "1", "Week5": "1", "Holidays": "0"}}, {"type": "Feature", "geometry": {"type": "LineString", "coordinates": [[-122.43557648416613, 37.781009345955], [-122.43577396110514, 37.781940324487]]}, "properties": {"Corridor": "Pierce St", "Limits": "Eddy St  -  Ellis St", "BlockSide": "East", "WeekDay": "Wed", "FromHour": "9", "ToHour": "11", "Week1": "1", "Week2": "1", "Week3": "1", "Week4": "1", "Week5": "1", "Holidays": "0"}}, {"type": "Feature", "geometry": {"type": "LineString", "coordinates": [[-122.450600180642, 37.77142870204487], [-122.451870738551, 37.77126729480387], [-122.452241778019, 37.77119838633087]]}, "properties": {"Corridor": "Oak St", "Limits": "Cole St  -  Shrader St", "BlockSide": "South", "WeekDay": "Tues", "FromHour": "12", "ToHour": "14", "Week1": "1", "Week2": "1", "Week3": "1", "Week4": "1", "Week5": "1", "Holidays": "0"}}, {"type": "Feature", "geometry": {"type": "LineString", "coordinates": [[-122.450786707808, 37.77233622309587], [-122.452242161055, 37.77214912515887], [-122.452437462164, 37.77215773168487]]}, "properties": {"Corridor": "Fell St", "Limits": "Cole St  -  Shrader St", "BlockSide": "South", "WeekDay": "Mon", "FromHour": "8", "ToHour": "10", "Week1": "1", "Week2": "1", "Week3": "1", "Week4": "1", "Week5": "1", "Holidays": "0"}}, {"type": "Feature", "geometry": {"type": "LineString", "coordinates": [[-122.43227951644, 37.764320406260126], [-122.432772994591, 37.76429054528213], [-122.433074470809, 37.764227154100126]]}, "properties": {"Corridor": "16th St", "Limits": "Pond St  -  Market St", "BlockSide": "North", "WeekDay": "Mon", "FromHour": "9", "ToHour": "11", "Week1": "1", "Week2": "1", "Week3": "1", "Week4": "1", "Week5": "1", "Holidays": "0"}}, {"type": "Feature", "geometry": {"type": "LineString", "coordinates": [[-122.44474011292819, 37.776016591778], [-122.44492683698418, 37.77695766777]]}, "properties": {"Corridor": "Central Ave", "Limits": "Fulton St  -  McAllister St", "BlockSide": "East", "WeekDay": "Wed", "FromHour": "12", "ToHour": "14", "Week1": "1", "Week2": "1", "Week3": "1", "Week4": "1", "Week5": "1", "Holidays": "0"}}, {"type": "Feature", "geometry": {"type": "LineString", "coordinates": [[-122.43874890090736, 37.771056494683], [-122.43893887729736, 37.77199042369]]}, "properties": {"Corridor": "Broderick St", "Limits": "Haight St  -  Page St", "BlockSide": "West", "WeekDay": "Wed", "FromHour": "12", "ToHour": "14", "Week1": "1", "Week2": "1", "Week3": "1", "Week4": "1", "Week5": "1", "Holidays": "0"}}, {"type": "Feature", "geometry": {"type": "LineString", "coordinates": [[-122.428802102088, 37.772347287489126], [-122.430433918182, 37.77213969923013]]}, "properties": {"Corridor": "Haight St", "Limits": "Webster St  -  Fillmore St", "BlockSide": "North", "WeekDay": "Thu", "FromHour": "8", "ToHour": "10", "Week1": "1", "Week2": "1", "Week3": "1", "Week4": "1", "Week5": "1", "Holidays": "0"}}, {"type": "Feature", "geometry": {"type": "LineString", "coordinates": [[-122.44638324319568, 37.760410698007], [-122.44643862853368, 37.760013056423], [-122.44645311575569, 37.75985518733], [-122.44649400885969, 37.759046652588], [-122.44643501277169, 37.758855513741]]}, "properties": {"Corridor": "Clayton St", "Limits": "Deming St  -  Pemberton Pl", "BlockSide": "West", "WeekDay": "Wed", "FromHour": "8", "ToHour": "10", "Week1": "1", "Week2": "1", "Week3": "1", "Week4": "1", "Week5": "1", "Holidays": "0"}}, {"type": "Feature", "geometry": {"type": "LineString", "coordinates": [[-122.434294284892, 37.77450725765513], [-122.435940328612, 37.774308119206125]]}, "properties": {"Corridor": "Fell St", "Limits": "Pierce St  -  Scott St", "BlockSide": "North", "WeekDay": "Tues", "FromHour": "12", "ToHour": "14", "Week1": "1", "Week2": "1", "Week3": "1", "Week4": "1", "Week5": "1", "Holidays": "0"}}, {"type": "Feature", "geometry": {"type": "LineString", "coordinates": [[-122.453003330429, 37.775002195506126], [-122.454682648021, 37.77478692570813]]}, "properties": {"Corridor": "Fulton St", "Limits": "Shrader St  -  Stanyan St", "BlockSide": "North", "WeekDay": "Wed", "FromHour": "8", "ToHour": "10", "Week1": "1", "Week2": "1", "Week3": "1", "Week4": "1", "Week5": "1", "Holidays": "0"}}, {"type": "Feature", "geometry": {"type": "LineString", "coordinates": [[-122.438899101838, 37.77202186458113], [-122.440546210309, 37.77181053904613]]}, "properties": {"Corridor": "Page St", "Limits": "Broderick St  -  Baker St", "BlockSide": "North", "WeekDay": "Tues", "FromHour": "12", "ToHour": "14", "Week1": "1", "Week2": "1", "Week3": "1", "Week4": "1", "Week5": "1", "Holidays": "0"}}, {"type": "Feature", "geometry": {"type": "LineString", "coordinates": [[-122.4323192875726, 37.764288965369], [-122.4321638277946, 37.762668127423]]}, "properties": {"Corridor": "Pond St", "Limits": "16th St  -  17th St", "BlockSide": "West", "WeekDay": "Tues", "FromHour": "9", "ToHour": "11", "Week1": "1", "Week2": "1", "Week3": "1", "Week4": "1", "Week5": "1", "Holidays": "0"}}, {"type": "Feature", "geometry": {"type": "LineString", "coordinates": [[-122.43558789601617, 37.766527892149], [-122.43551172516017, 37.765727473634]]}, "properties": {"Corridor": "Castro St", "Limits": "Henry St  -  15th St", "BlockSide": "West", "WeekDay": "Thu", "FromHour": "8", "ToHour": "10", "Week1": "1", "Week2": "1", "Week3": "1", "Week4": "1", "Week5": "1", "Holidays": "0"}}, {"type": "Feature", "geometry": {"type": "LineString", "coordinates": [[-122.448959434506, 37.76081996319587], [-122.450417548125, 37.760730250788875]]}, "properties": {"Corridor": "Carmel St", "Limits": "Cole St  -  Shrader St", "BlockSide": "South", "WeekDay": "Thu", "FromHour": "9", "ToHour": "11", "Week1": "1", "Week2": "0", "Week3": "0", "Week4": "0", "Week5": "0", "Holidays": "0"}}, {"type": "Feature", "geometry": {"type": "LineString", "coordinates": [[-122.44654447656083, 37.763708381483], [-122.44663339533082, 37.763606750078], [-122.44678736944383, 37.763342997091], [-122.44703411369582, 37.762722234963]]}, "properties": {"Corridor": "Ashbury St", "Limits": "Downey St  -  Clayton St", "BlockSide": "West", "WeekDay": "Fri", "FromHour": "8", "ToHour": "10", "Week1": "1", "Week2": "1", "Week3": "1", "Week4": "1", "Week5": "1", "Holidays": "0"}}, {"type": "Feature", "geometry": {"type": "LineString", "coordinates": [[-122.447997721726, 37.77846959277287], [-122.448879207092, 37.77835798817687]]}, "properties": {"Corridor": "Turk Blvd", "Limits": "Annapolis Ter  -  Tamalpais Ter", "BlockSide": "South", "WeekDay": "Tues", "FromHour": "9", "ToHour": "11", "Week1": "1", "Week2": "1", "Week3": "1", "Week4": "1", "Week5": "1", "Holidays": "0"}}, {"type": "Feature", "geometry": {"type": "LineString", "coordinates": [[-122.44933579385659, 37.762519304132], [-122.44915998471859, 37.761648125591]]}, "properties": {"Corridor": "Cole St", "Limits": "Rivoli St  -  17th St", "BlockSide": "West", "WeekDay": "Wed", "FromHour": "9", "ToHour": "11", "Week1": "1", "Week2": "0", "Week3": "0", "Week4": "0", "Week5": "0", "Holidays": "0"}}, {"type": "Feature", "geometry": {"type": "LineString", "coordinates": [[-122.447301513476, 37.78242308297513], [-122.447366432676, 37.78258618440313], [-122.448063773939, 37.782514042424125]]}, "properties": {"Corridor": "Geary Blvd", "Limits": "Masonic Ave  -  Emerson St", "BlockSide": "North", "WeekDay": "Thu", "FromHour": "6", "ToHour": "8", "Week1": "1", "Week2": "1", "Week3": "1", "Week4": "1", "Week5": "1", "Holidays": "0"}}, {"type": "Feature", "geometry": {"type": "LineString", "coordinates": [[-122.44972730021988, 37.778277008291], [-122.44953104737789, 37.777318749037]]}, "properties": {"Corridor": "Roselyn Ter", "Limits": "Turk Blvd  -  Golden Gate Ave", "BlockSide": "East", "WeekDay": "Wed", "FromHour": "8", "ToHour": "10", "Week1": "1", "Week2": "1", "Week3": "1", "Week4": "1", "Week5": "1", "Holidays": "0"}}, {"type": "Feature", "geometry": {"type": "LineString", "coordinates": [[-122.44254712182878, 37.76590605277388], [-122.44351018278078, 37.765300499704885]]}, "properties": {"Corridor": "Upper Ter", "Limits": "Buena Vista East Ave  -  Masonic Ave", "BlockSide": "SouthEast", "WeekDay": "Tues", "FromHour": "8", "ToHour": "10", "Week1": "1", "Week2": "1", "Week3": "1", "Week4": "1", "Week5": "1", "Holidays": "0"}}, {"type": "Feature", "geometry": {"type": "LineString", "coordinates": [[-122.43058930814416, 37.773039299235], [-122.43078493711717, 37.77397252126]]}, "properties": {"Corridor": "Fillmore St", "Limits": "Page St  -  Oak St", "BlockSide": "East", "WeekDay": "Wed", "FromHour": "8", "ToHour": "10", "Week1": "1", "Week2": "1", "Week3": "1", "Week4": "1", "Week5": "1", "Holidays": "0"}}, {"type": "Feature", "geometry": {"type": "LineString", "coordinates": [[-122.43304634868497, 37.76417348135488], [-122.43338314858497, 37.76404649708388], [-122.43453210465897, 37.76311610106488], [-122.43512378224897, 37.76272077927888], [-122.43515984020297, 37.76264847591988]]}, "properties": {"Corridor": "Market St", "Limits": "16th St  -  17th St", "BlockSide": "SouthEast", "WeekDay": "Sun", "FromHour": "8", "ToHour": "9", "Week1": "1", "Week2": "1", "Week3": "1", "Week4": "1", "Week5": "1", "Holidays": "0"}}, {"type": "Feature", "geometry": {"type": "LineString", "coordinates": [[-122.44719918824, 37.76707911750987], [-122.448013160663, 37.766975239981875]]}, "properties": {"Corridor": "Frederick St", "Limits": "Downey St  -  Clayton St", "BlockSide": "South", "WeekDay": "Tues", "FromHour": "8", "ToHour": "10", "Week1": "1", "Week2": "1", "Week3": "1", "Week4": "1", "Week5": "1", "Holidays": "0"}}, {"type": "Feature", "geometry": {"type": "LineString", "coordinates": [[-122.44586258996792, 37.772995405825], [-122.44567688962192, 37.772080394208]]}, "properties": {"Corridor": "Masonic Ave", "Limits": "Fell St  -  Oak St", "BlockSide": "East", "WeekDay": "Thu", "FromHour": "6", "ToHour": "8", "Week1": "1", "Week2": "1", "Week3": "1", "Week4": "1", "Week5": "1", "Holidays": "0"}}, {"type": "Feature", "geometry": {"type": "LineString", "coordinates": [[-122.43617605555957, 37.76977301717212], [-122.43609820270957, 37.769729583843116], [-122.43600267233757, 37.76958680456412], [-122.43588540518057, 37.76939312179012], [-122.43575470366358, 37.76914029668412], [-122.43576608908756, 37.76908068533812]]}, "properties": {"Corridor": "Castro St", "Limits": "Lloyd St  -  Duboce Ave", "BlockSide": "NorthEast", "WeekDay": "Wed", "FromHour": "12", "ToHour": "14", "Week1": "1", "Week2": "1", "Week3": "1", "Week4": "1", "Week5": "1", "Holidays": "0"}}, {"type": "Feature", "geometry": {"type": "LineString", "coordinates": [[-122.450710180318, 37.76955748527013], [-122.451865727106, 37.769410104516126]]}, "properties": {"Corridor": "Haight St", "Limits": "Cole St  -  Shrader St", "BlockSide": "North", "WeekDay": "Fri", "FromHour": "7", "ToHour": "9", "Week1": "1", "Week2": "1", "Week3": "1", "Week4": "1", "Week5": "1", "Holidays": "0"}}, {"type": "Feature", "geometry": {"type": "LineString", "coordinates": [[-122.43030058034458, 37.77117368409], [-122.43039433839057, 37.77163980695]]}, "properties": {"Corridor": "Fillmore St", "Limits": "Waller St  -  Laussat St", "BlockSide": "West", "WeekDay": "Fri", "FromHour": "8", "ToHour": "10", "Week1": "1", "Week2": "1", "Week3": "1", "Week4": "1", "Week5": "1", "Holidays": "0"}}, {"type": "Feature", "geometry": {"type": "LineString", "coordinates": [[-122.450145640446, 37.766760514960126], [-122.451295533711, 37.76662294397613]]}, "properties": {"Corridor": "Frederick St", "Limits": "Cole St  -  Shrader St", "BlockSide": "North", "WeekDay": "Mon", "FromHour": "8", "ToHour": "10", "Week1": "1", "Week2": "1", "Week3": "1", "Week4": "1", "Week5": "1", "Holidays": "0"}}, {"type": "Feature", "geometry": {"type": "LineString", "coordinates": [[-122.450843847746, 37.780590873544874], [-122.451869239684, 37.780461299601875]]}, "properties": {"Corridor": "Anza St", "Limits": "Blake St  -  Cook St", "BlockSide": "South", "WeekDay": "Mon", "FromHour": "6", "ToHour": "8", "Week1": "1", "Week2": "1", "Week3": "1", "Week4": "1", "Week5": "1", "Holidays": "0"}}, {"type": "Feature", "geometry": {"type": "LineString", "coordinates": [[-122.429178342981, 37.77414998179087], [-122.430824713643, 37.77394108036887]]}, "properties": {"Corridor": "Oak St", "Limits": "Webster St  -  Fillmore St", "BlockSide": "South", "WeekDay": "Tues", "FromHour": "12", "ToHour": "14", "Week1": "1", "Week2": "1", "Week3": "1", "Week4": "1", "Week5": "1", "Holidays": "0"}}, {"type": "Feature", "geometry": {"type": "LineString", "coordinates": [[-122.44553527769, 37.77111049283387], [-122.447122700625, 37.77090320004187]]}, "properties": {"Corridor": "Page St", "Limits": "Masonic Ave  -  Ashbury St", "BlockSide": "South", "WeekDay": "Thu", "FromHour": "8", "ToHour": "10", "Week1": "1", "Week2": "1", "Week3": "1", "Week4": "1", "Week5": "1", "Holidays": "0"}}, {"type": "Feature", "geometry": {"type": "LineString", "coordinates": [[-122.436318142735, 37.776169277600125], [-122.437989848202, 37.77595684647613]]}, "properties": {"Corridor": "Grove St", "Limits": "Scott St  -  Divisadero St", "BlockSide": "North", "WeekDay": "Tues", "FromHour": "8", "ToHour": "10", "Week1": "1", "Week2": "1", "Week3": "1", "Week4": "1", "Week5": "1", "Holidays": "0"}}, {"type": "Feature", "geometry": {"type": "LineString", "coordinates": [[-122.43079627224225, 37.76599149909488], [-122.43081157667925, 37.76590602807988], [-122.43088396025725, 37.765853562621885], [-122.43099734779524, 37.76584575450988]]}, "properties": {"Corridor": "Market St", "Limits": "15th St  -  Sanchez St", "BlockSide": "SouthEast", "WeekDay": "Fri", "FromHour": "2", "ToHour": "6", "Week1": "1", "Week2": "1", "Week3": "1", "Week4": "1", "Week5": "1", "Holidays": "1"}}, {"type": "Feature", "geometry": {"type": "LineString", "coordinates": [[-122.43172344055822, 37.778632037466], [-122.43191202297021, 37.779564149041]]}, "properties": {"Corridor": "Fillmore St", "Limits": "McAllister St  -  Golden Gate Ave", "BlockSide": "East", "WeekDay": "Thu", "FromHour": "6", "ToHour": "8", "Week1": "1", "Week2": "0", "Week3": "1", "Week4": "0", "Week5": "0", "Holidays": "0"}}, {"type": "Feature", "geometry": {"type": "LineString", "coordinates": [[-122.45705391085622, 37.78025291531], [-122.45691136740422, 37.779591313629]]}, "properties": {"Corridor": "Loraine Ct", "Limits": "Start: 01-99 Block  -  Anza St", "BlockSide": "West", "WeekDay": "Thu", "FromHour": "9", "ToHour": "11", "Week1": "1", "Week2": "1", "Week3": "1", "Week4": "1", "Week5": "1", "Holidays": "0"}}, {"type": "Feature", "geometry": {"type": "LineString", "coordinates": [[-122.445993244443, 37.78350919879], [-122.445780729571, 37.782488032096]]}, "properties": {"Corridor": "Presidio Ave", "Limits": "Post St  -  Geary Blvd", "BlockSide": "East", "WeekDay": "Mon", "FromHour": "6", "ToHour": "8", "Week1": "1", "Week2": "1", "Week3": "1", "Week4": "1", "Week5": "1", "Holidays": "0"}}, {"type": "Feature", "geometry": {"type": "LineString", "coordinates": [[-122.436884629513, 37.77890631260587], [-122.437707163118, 37.77880093958887]]}, "properties": {"Corridor": "Golden Gate Ave", "Limits": "Scott St  -  Seymour St", "BlockSide": "South", "WeekDay": "Tues", "FromHour": "8", "ToHour": "10", "Week1": "1", "Week2": "1", "Week3": "1", "Week4": "1", "Week5": "1", "Holidays": "0"}}, {"type": "Feature", "geometry": {"type": "LineString", "coordinates": [[-122.43218017019703, 37.780496260511], [-122.43236876207503, 37.781428371173]]}, "properties": {"Corridor": "Fillmore St", "Limits": "Turk St  -  Eddy St", "BlockSide": "West", "WeekDay": "Wed", "FromHour": "6", "ToHour": "8", "Week1": "1", "Week2": "0", "Week3": "1", "Week4": "0", "Week5": "0", "Holidays": "0"}}, {"type": "Feature", "geometry": {"type": "LineString", "coordinates": [[-122.44126980594456, 37.76524862698588], [-122.44111198752256, 37.76517259430488], [-122.44077737193156, 37.76483574055988], [-122.44064094865156, 37.76475582379188], [-122.44001275675156, 37.76444308110088], [-122.43912997309155, 37.764031799595884], [-122.43898955831756, 37.76400393142988]]}, "properties": {"Corridor": "Museum Way", "Limits": "Roosevelt Way  -  End: 01-197 Block", "BlockSide": "SouthWest", "WeekDay": "Tues", "FromHour": "10", "ToHour": "12", "Week1": "1", "Week2": "1", "Week3": "1", "Week4": "1", "Week5": "1", "Holidays": "0"}}, {"type": "Feature", "geometry": {"type": "LineString", "coordinates": [[-122.442985222939, 37.775295528914], [-122.443172231861, 37.77622603633]]}, "properties": {"Corridor": "Lyon St", "Limits": "Grove St  -  Fulton St", "BlockSide": "West", "WeekDay": "Wed", "FromHour": "12", "ToHour": "14", "Week1": "1", "Week2": "1", "Week3": "1", "Week4": "1", "Week5": "1", "Holidays": "0"}}, {"type": "Feature", "geometry": {"type": "LineString", "coordinates": [[-122.43933740651576, 37.78245048083], [-122.43940967647777, 37.782525000961], [-122.43955486871276, 37.783225624326], [-122.43952016260876, 37.783308488002]]}, "properties": {"Corridor": "Divisadero St", "Limits": "O'Farrell St  -  Geary Blvd", "BlockSide": "West", "WeekDay": "Fri", "FromHour": "6", "ToHour": "8", "Week1": "1", "Week2": "1", "Week3": "1", "Week4": "1", "Week5": "1", "Holidays": "0"}}, {"type": "Feature", "geometry": {"type": "LineString", "coordinates": [[-122.430073619928, 37.77027450642113], [-122.431717012189, 37.77006630000713]]}, "properties": {"Corridor": "Hermann St", "Limits": "Fillmore St  -  Steiner St", "BlockSide": "North", "WeekDay": "Tues", "FromHour": "12", "ToHour": "14", "Week1": "1", "Week2": "1", "Week3": "1", "Week4": "1", "Week5": "1", "Holidays": "0"}}, {"type": "Feature", "geometry": {"type": "LineString", "coordinates": [[-122.448791248112, 37.78085022246387], [-122.449302527008, 37.78078562496887]]}, "properties": {"Corridor": "Anza St", "Limits": "Wood St  -  Jean Way", "BlockSide": "South", "WeekDay": "Mon", "FromHour": "6", "ToHour": "8", "Week1": "1", "Week2": "1", "Week3": "1", "Week4": "1", "Week5": "1", "Holidays": "0"}}, {"type": "Feature", "geometry": {"type": "LineString", "coordinates": [[-122.43310259293304, 37.764217945063116], [-122.43343939283304, 37.76409096079212], [-122.43458834890704, 37.763160564773116], [-122.43518002649704, 37.762765242987115], [-122.43521608445104, 37.76269293962812]]}, "properties": {"Corridor": "Market St", "Limits": "16th St  -  17th St", "BlockSide": "NorthWest", "WeekDay": "Thu", "FromHour": "2", "ToHour": "6", "Week1": "1", "Week2": "1", "Week3": "1", "Week4": "1", "Week5": "1", "Holidays": "1"}}, {"type": "Feature", "geometry": {"type": "LineString", "coordinates": [[-122.448389686041, 37.76883318846987], [-122.449454105126, 37.76869745113087]]}, "properties": {"Corridor": "Waller St", "Limits": "Clayton St  -  Belvedere St", "BlockSide": "South", "WeekDay": "Mon", "FromHour": "8", "ToHour": "10", "Week1": "1", "Week2": "1", "Week3": "1", "Week4": "1", "Week5": "1", "Holidays": "0"}}, {"type": "Feature", "geometry": {"type": "LineString", "coordinates": [[-122.45205691963987, 37.762166750282], [-122.45191799859387, 37.761478202787]]}, "properties": {"Corridor": "Stanyan St", "Limits": "Rivoli St  -  17th St", "BlockSide": "East", "WeekDay": "Wed", "FromHour": "9", "ToHour": "11", "Week1": "1", "Week2": "0", "Week3": "0", "Week4": "0", "Week5": "0", "Holidays": "0"}}, {"type": "Feature", "geometry": {"type": "LineString", "coordinates": [[-122.44575644113354, 37.772080394208], [-122.44557505319654, 37.771141933725]]}, "properties": {"Corridor": "Masonic Ave", "Limits": "Oak St  -  Page St", "BlockSide": "West", "WeekDay": "Wed", "FromHour": "8", "ToHour": "10", "Week1": "1", "Week2": "1", "Week3": "1", "Week4": "1", "Week5": "1", "Holidays": "0"}}, {"type": "Feature", "geometry": {"type": "LineString", "coordinates": [[-122.447039806491, 37.778590866647875], [-122.447997721726, 37.77846959277287]]}, "properties": {"Corridor": "Turk Blvd", "Limits": "Masonic Ave  -  Annapolis Ter", "BlockSide": "South", "WeekDay": "Tues", "FromHour": "9", "ToHour": "11", "Week1": "1", "Week2": "1", "Week3": "1", "Week4": "1", "Week5": "1", "Holidays": "0"}}, {"type": "Feature", "geometry": {"type": "LineString", "coordinates": [[-122.43529843174832, 37.763462837145], [-122.43523456787833, 37.762766387776], [-122.43522773318433, 37.762670707774]]}, "properties": {"Corridor": "Castro St", "Limits": "States St  -  Market St", "BlockSide": "West", "WeekDay": "Fri", "FromHour": "6", "ToHour": "8", "Week1": "1", "Week2": "1", "Week3": "1", "Week4": "1", "Week5": "1", "Holidays": "0"}}, {"type": "Feature", "geometry": {"type": "LineString", "coordinates": [[-122.445440229006, 37.78015648214513], [-122.446196884481, 37.78006243418613], [-122.446289241331, 37.77998958884713]]}, "properties": {"Corridor": "Vega St", "Limits": "Anzavista Ave  -  Nido Ave", "BlockSide": "North", "WeekDay": "Thu", "FromHour": "12", "ToHour": "14", "Week1": "1", "Week2": "1", "Week3": "1", "Week4": "1", "Week5": "1", "Holidays": "0"}}, {"type": "Feature", "geometry": {"type": "LineString", "coordinates": [[-122.449958131814, 37.76576858835387], [-122.451402888872, 37.76558431950987]]}, "properties": {"Corridor": "Carl St", "Limits": "Cole St  -  Shrader St", "BlockSide": "South", "WeekDay": "Mon", "FromHour": "8", "ToHour": "10", "Week1": "1", "Week2": "1", "Week3": "1", "Week4": "1", "Week5": "1", "Holidays": "0"}}, {"type": "Feature", "geometry": {"type": "LineString", "coordinates": [[-122.429127985498, 37.76948756905413], [-122.429905643212, 37.76943936254113]]}, "properties": {"Corridor": "Duboce Ave", "Limits": "Church St  -  Fillmore St", "BlockSide": "North", "WeekDay": "Wed", "FromHour": "8", "ToHour": "10", "Week1": "1", "Week2": "1", "Week3": "1", "Week4": "1", "Week5": "1", "Holidays": "0"}}, {"type": "Feature", "geometry": {"type": "LineString", "coordinates": [[-122.430882152608, 37.76440495115813], [-122.431700287442, 37.76435545347213]]}, "properties": {"Corridor": "16th St", "Limits": "Sanchez St  -  Prosper St", "BlockSide": "North", "WeekDay": "Mon", "FromHour": "9", "ToHour": "11", "Week1": "1", "Week2": "1", "Week3": "1", "Week4": "1", "Week5": "1", "Holidays": "0"}}, {"type": "Feature", "geometry": {"type": "LineString", "coordinates": [[-122.43231988601038, 37.772829248031], [-122.43250684484038, 37.773756989736]]}, "properties": {"Corridor": "Steiner St", "Limits": "Page St  -  Oak St", "BlockSide": "West", "WeekDay": "Wed", "FromHour": "9", "ToHour": "11", "Week1": "1", "Week2": "1", "Week3": "1", "Week4": "1", "Week5": "1", "Holidays": "0"}}, {"type": "Feature", "geometry": {"type": "LineString", "coordinates": [[-122.4542172651, 37.76434238693513], [-122.455466090926, 37.764192006790125], [-122.455781065387, 37.76410151114913]]}, "properties": {"Corridor": "Parnassus Ave", "Limits": "Willard St  -  Hill Point Ave", "BlockSide": "North", "WeekDay": "Fri", "FromHour": "6", "ToHour": "7", "Week1": "1", "Week2": "1", "Week3": "1", "Week4": "1", "Week5": "1", "Holidays": "0"}}, {"type": "Feature", "geometry": {"type": "LineString", "coordinates": [[-122.44278283654732, 37.766032869980116], [-122.44297554104533, 37.76616729520312], [-122.44301416547633, 37.76623754435812], [-122.44307718164133, 37.76643665325912], [-122.44350483684732, 37.76671314533112], [-122.44366648063433, 37.76697651788212]]}, "properties": {"Corridor": "Buena Vista Ave West", "Limits": "Buena Vista Ave East  -  Java St", "BlockSide": "NorthEast", "WeekDay": "Thu", "FromHour": "9", "ToHour": "11", "Week1": "1", "Week2": "1", "Week3": "1", "Week4": "1", "Week5": "1", "Holidays": "0"}}, {"type": "Feature", "geometry": {"type": "LineString", "coordinates": [[-122.434863771791, 37.77724922387287], [-122.436507232442, 37.777036639354876]]}, "properties": {"Corridor": "Fulton St", "Limits": "Pierce St  -  Scott St", "BlockSide": "South", "WeekDay": "Tues", "FromHour": "8", "ToHour": "10", "Week1": "1", "Week2": "1", "Week3": "1", "Week4": "1", "Week5": "1", "Holidays": "0"}}, {"type": "Feature", "geometry": {"type": "LineString", "coordinates": [[-122.43228920050022, 37.781428371173], [-122.43247560238922, 37.782349635153]]}, "properties": {"Corridor": "Fillmore St", "Limits": "Eddy St  -  Ellis St", "BlockSide": "East", "WeekDay": "Tues", "FromHour": "6", "ToHour": "8", "Week1": "1", "Week2": "0", "Week3": "1", "Week4": "0", "Week5": "0", "Holidays": "0"}}, {"type": "Feature", "geometry": {"type": "LineString", "coordinates": [[-122.43213207690013, 37.771897265796], [-122.43231988551014, 37.772829248031]]}, "properties": {"Corridor": "Steiner St", "Limits": "Haight St  -  Page St", "BlockSide": "West", "WeekDay": "Wed", "FromHour": "9", "ToHour": "11", "Week1": "1", "Week2": "1", "Week3": "1", "Week4": "1", "Week5": "1", "Holidays": "0"}}, {"type": "Feature", "geometry": {"type": "LineString", "coordinates": [[-122.45029474568676, 37.767664881192], [-122.45010586731375, 37.766729074069]]}, "properties": {"Corridor": "Cole St", "Limits": "Beulah St  -  Frederick St", "BlockSide": "East", "WeekDay": "Wed", "FromHour": "8", "ToHour": "10", "Week1": "1", "Week2": "1", "Week3": "1", "Week4": "1", "Week5": "1", "Holidays": "0"}}, {"type": "Feature", "geometry": {"type": "LineString", "coordinates": [[-122.449817447722, 37.78078344701713], [-122.450843847746, 37.78065375532713]]}, "properties": {"Corridor": "Anza St", "Limits": "Collins St  -  Blake St", "BlockSide": "North", "WeekDay": "Tues", "FromHour": "9", "ToHour": "11", "Week1": "1", "Week2": "1", "Week3": "1", "Week4": "1", "Week5": "1", "Holidays": "0"}}, {"type": "Feature", "geometry": {"type": "LineString", "coordinates": [[-122.435813741919, 37.78197176537813], [-122.437446430569, 37.781758520191126]]}, "properties": {"Corridor": "Ellis St", "Limits": "Pierce St  -  Scott St", "BlockSide": "North", "WeekDay": "Thu", "FromHour": "12", "ToHour": "14", "Week1": "1", "Week2": "1", "Week3": "1", "Week4": "1", "Week5": "1", "Holidays": "0"}}, {"type": "Feature", "geometry": {"type": "LineString", "coordinates": [[-122.447624825869, 37.760964128407124], [-122.448959434506, 37.76088284497813]]}, "properties": {"Corridor": "Carmel St", "Limits": "Belvedere St  -  Cole St", "BlockSide": "North", "WeekDay": "Fri", "FromHour": "8", "ToHour": "10", "Week1": "1", "Week2": "0", "Week3": "0", "Week4": "0", "Week5": "0", "Holidays": "0"}}, {"type": "Feature", "geometry": {"type": "LineString", "coordinates": [[-122.4393740821873, 37.761424566335], [-122.43929704348831, 37.760626722992]]}, "properties": {"Corridor": "Douglass St", "Limits": "Market St  -  18th St", "BlockSide": "East", "WeekDay": "Wed", "FromHour": "8", "ToHour": "10", "Week1": "1", "Week2": "1", "Week3": "1", "Week4": "1", "Week5": "1", "Holidays": "0"}}, {"type": "Feature", "geometry": {"type": "LineString", "coordinates": [[-122.447687958531, 37.77370132773587], [-122.449325875095, 37.773493410301874]]}, "properties": {"Corridor": "Hayes St", "Limits": "Ashbury St  -  Clayton St", "BlockSide": "South", "WeekDay": "Tues", "FromHour": "8", "ToHour": "10", "Week1": "1", "Week2": "1", "Week3": "1", "Week4": "1", "Week5": "1", "Holidays": "0"}}, {"type": "Feature", "geometry": {"type": "LineString", "coordinates": [[-122.458998400743, 37.783220105807125], [-122.460137198557, 37.78316792929413]]}, "properties": {"Corridor": "Clement St", "Limits": "Arguello Blvd  -  02nd Ave", "BlockSide": "North", "WeekDay": "Wed", "FromHour": "7", "ToHour": "8", "Week1": "1", "Week2": "0", "Week3": "1", "Week4": "0", "Week5": "1", "Holidays": "0"}}, {"type": "Feature", "geometry": {"type": "LineString", "coordinates": [[-122.451346157479, 37.77712184152113], [-122.452233765594, 37.77700766397613]]}, "properties": {"Corridor": "Golden Gate Ave", "Limits": "Chabot Ter  -  Temescal Ter", "BlockSide": "North", "WeekDay": "Thu", "FromHour": "6", "ToHour": "8", "Week1": "1", "Week2": "1", "Week3": "1", "Week4": "1", "Week5": "1", "Holidays": "0"}}, {"type": "Feature", "geometry": {"type": "LineString", "coordinates": [[-122.43255516496446, 37.782349635153], [-122.43274596104047, 37.783292591474]]}, "properties": {"Corridor": "Fillmore St", "Limits": "Ellis St  -  O'Farrell St", "BlockSide": "West", "WeekDay": "Fri", "FromHour": "6", "ToHour": "8", "Week1": "1", "Week2": "0", "Week3": "1", "Week4": "0", "Week5": "0", "Holidays": "0"}}, {"type": "Feature", "geometry": {"type": "LineString", "coordinates": [[-122.438271524809, 37.781589772326875], [-122.439113936245, 37.78148891185087]]}, "properties": {"Corridor": "Ellis St", "Limits": "Beideman St  -  Divisadero St", "BlockSide": "South", "WeekDay": "Tues", "FromHour": "9", "ToHour": "11", "Week1": "1", "Week2": "1", "Week3": "1", "Week4": "1", "Week5": "1", "Holidays": "0"}}, {"type": "Feature", "geometry": {"type": "LineString", "coordinates": [[-122.4383785259729, 37.762290725972], [-122.4383223758759, 37.761703799649]]}, "properties": {"Corridor": "Eureka St", "Limits": "17th St  -  Market St", "BlockSide": "East", "WeekDay": "Fri", "FromHour": "12", "ToHour": "14", "Week1": "1", "Week2": "1", "Week3": "1", "Week4": "1", "Week5": "1", "Holidays": "0"}}, {"type": "Feature", "geometry": {"type": "LineString", "coordinates": [[-122.44806966484883, 37.763367231799], [-122.44793485938483, 37.762684473965]]}, "properties": {"Corridor": "Belvedere St", "Limits": "Alma St  -  Rivoli St", "BlockSide": "East", "WeekDay": "Wed", "FromHour": "9", "ToHour": "11", "Week1": "1", "Week2": "0", "Week3": "0", "Week4": "0", "Week5": "0", "Holidays": "0"}}, {"type": "Feature", "geometry": {"type": "LineString", "coordinates": [[-122.449433326739, 37.76323110341913], [-122.450874160631, 37.76304733506113]]}, "properties": {"Corridor": "Alma St", "Limits": "Cole St  -  Shrader St", "BlockSide": "North", "WeekDay": "Fri", "FromHour": "8", "ToHour": "10", "Week1": "1", "Week2": "0", "Week3": "0", "Week4": "0", "Week5": "0", "Holidays": "0"}}, {"type": "Feature", "geometry": {"type": "LineString", "coordinates": [[-122.451042291888, 37.763874092295126], [-122.452399889476, 37.76370092314413]]}, "properties": {"Corridor": "Grattan St", "Limits": "Shrader St  -  Stanyan St", "BlockSide": "North", "WeekDay": "Thu", "FromHour": "9", "ToHour": "11", "Week1": "1", "Week2": "0", "Week3": "0", "Week4": "0", "Week5": "0", "Holidays": "0"}}, {"type": "Feature", "geometry": {"type": "LineString", "coordinates": [[-122.4420375377179, 37.770637635539], [-122.4422276550299, 37.771571037982]]}, "properties": {"Corridor": "Lyon St", "Limits": "Haight St  -  Page St", "BlockSide": "West", "WeekDay": "Wed", "FromHour": "8", "ToHour": "10", "Week1": "1", "Week2": "1", "Week3": "1", "Week4": "1", "Week5": "1", "Holidays": "0"}}, {"type": "Feature", "geometry": {"type": "LineString", "coordinates": [[-122.437556408066, 37.769074798400126], [-122.438338328889, 37.76903804163213]]}, "properties": {"Corridor": "Duboce Ave", "Limits": "Alpine Ter  -  Buena Vista East Ave", "BlockSide": "North", "WeekDay": "Wed", "FromHour": "12", "ToHour": "14", "Week1": "1", "Week2": "1", "Week3": "1", "Week4": "1", "Week5": "1", "Holidays": "0"}}, {"type": "Feature", "geometry": {"type": "LineString", "coordinates": [[-122.43719515557737, 37.772203712438], [-122.43716363883337, 37.772286038019], [-122.43732058574537, 37.773060370428], [-122.43738316361636, 37.77313349266]]}, "properties": {"Corridor": "Divisadero St", "Limits": "Page St  -  Oak St", "BlockSide": "East", "WeekDay": "Tues", "FromHour": "6", "ToHour": "8", "Week1": "1", "Week2": "1", "Week3": "1", "Week4": "1", "Week5": "1", "Holidays": "0"}}, {"type": "Feature", "geometry": {"type": "LineString", "coordinates": [[-122.43172344055822, 37.778632037466], [-122.43191202297021, 37.779564149041]]}, "properties": {"Corridor": "Fillmore St", "Limits": "McAllister St  -  Golden Gate Ave", "BlockSide": "East", "WeekDay": "Sun", "FromHour": "6", "ToHour": "8", "Week1": "1", "Week2": "1", "Week3": "1", "Week4": "1", "Week5": "1", "Holidays": "0"}}, {"type": "Feature", "geometry": {"type": "LineString", "coordinates": [[-122.454978375503, 37.77635380008313], [-122.45582921932, 37.776245815142126]]}, "properties": {"Corridor": "Paramount Ter", "Limits": "Stanyan St  -  End: 01-99 Block", "BlockSide": "North", "WeekDay": "Fri", "FromHour": "8", "ToHour": "10", "Week1": "1", "Week2": "1", "Week3": "1", "Week4": "1", "Week5": "1", "Holidays": "0"}}, {"type": "Feature", "geometry": {"type": "LineString", "coordinates": [[-122.458580630366, 37.77728535904913], [-122.458660977968, 37.77737517538813], [-122.458993942088, 37.77749508649213], [-122.459724821996, 37.77746130314413]]}, "properties": {"Corridor": "Balboa St", "Limits": "Arguello Blvd  -  02nd Ave", "BlockSide": "North", "WeekDay": "Mon", "FromHour": "8", "ToHour": "10", "Week1": "1", "Week2": "0", "Week3": "1", "Week4": "0", "Week5": "0", "Holidays": "0"}}, {"type": "Feature", "geometry": {"type": "LineString", "coordinates": [[-122.444404613198, 37.774118044398875], [-122.446091727153, 37.773903930856875]]}, "properties": {"Corridor": "Hayes St", "Limits": "Central Ave  -  Masonic Ave", "BlockSide": "South", "WeekDay": "Tues", "FromHour": "8", "ToHour": "10", "Week1": "1", "Week2": "1", "Week3": "1", "Week4": "1", "Week5": "1", "Holidays": "0"}}, {"type": "Feature", "geometry": {"type": "LineString", "coordinates": [[-122.434562099056, 37.784183304664126], [-122.434658906495, 37.78422565950813], [-122.437751685562, 37.783833742556126], [-122.437847943562, 37.78374907910113]]}, "properties": {"Corridor": "Geary Blvd", "Limits": "Steiner St  -  Scott St", "BlockSide": "North", "WeekDay": "Mon", "FromHour": "6", "ToHour": "8", "Week1": "0", "Week2": "1", "Week3": "0", "Week4": "1", "Week5": "0", "Holidays": "0"}}, {"type": "Feature", "geometry": {"type": "LineString", "coordinates": [[-122.44891966497681, 37.760851404087], [-122.44877640628182, 37.760141490582]]}, "properties": {"Corridor": "Cole St", "Limits": "Carmel St  -  End: 1500-1599 Block", "BlockSide": "East", "WeekDay": "Tues", "FromHour": "8", "ToHour": "10", "Week1": "1", "Week2": "0", "Week3": "0", "Week4": "0", "Week5": "0", "Holidays": "0"}}, {"type": "Feature", "geometry": {"type": "LineString", "coordinates": [[-122.430237500582, 37.783626798711126], [-122.430989254381, 37.78353919515813]]}, "properties": {"Corridor": "O'Farrell St", "Limits": "Hollis St  -  Webster St", "BlockSide": "North", "WeekDay": "Tues", "FromHour": "9", "ToHour": "11", "Week1": "1", "Week2": "1", "Week3": "1", "Week4": "1", "Week5": "1", "Holidays": "0"}}, {"type": "Feature", "geometry": {"type": "LineString", "coordinates": [[-122.429554056586, 37.776012844972875], [-122.431198609255, 37.775802900986875]]}, "properties": {"Corridor": "Hayes St", "Limits": "Webster St  -  Fillmore St", "BlockSide": "South", "WeekDay": "Thu", "FromHour": "9", "ToHour": "11", "Week1": "1", "Week2": "1", "Week3": "1", "Week4": "1", "Week5": "1", "Holidays": "0"}}, {"type": "Feature", "geometry": {"type": "LineString", "coordinates": [[-122.458998400743, 37.78315722402487], [-122.460137198557, 37.783105047511874]]}, "properties": {"Corridor": "Clement St", "Limits": "Arguello Blvd  -  02nd Ave", "BlockSide": "South", "WeekDay": "Thu", "FromHour": "7", "ToHour": "8", "Week1": "1", "Week2": "0", "Week3": "1", "Week4": "0", "Week5": "1", "Holidays": "0"}}, {"type": "Feature", "geometry": {"type": "LineString", "coordinates": [[-122.452233765594, 37.77700766397613], [-122.453188327897, 37.77688486640213]]}, "properties": {"Corridor": "Golden Gate Ave", "Limits": "Temescal Ter  -  Parker Ave", "BlockSide": "North", "WeekDay": "Thu", "FromHour": "6", "ToHour": "8", "Week1": "1", "Week2": "1", "Week3": "1", "Week4": "1", "Week5": "1", "Holidays": "0"}}, {"type": "Feature", "geometry": {"type": "LineString", "coordinates": [[-122.43692440908693, 37.778937753497], [-122.43701829788093, 37.779403924695]]}, "properties": {"Corridor": "Scott St", "Limits": "Golden Gate Ave  -  Elm St", "BlockSide": "West", "WeekDay": "Fri", "FromHour": "12", "ToHour": "14", "Week1": "1", "Week2": "1", "Week3": "1", "Week4": "1", "Week5": "1", "Holidays": "0"}}, {"type": "Feature", "geometry": {"type": "LineString", "coordinates": [[-122.434562099056, 37.78412042288187], [-122.434658733905, 37.78404831914687], [-122.435268126338, 37.783926928774875], [-122.437720603307, 37.78362472762287], [-122.437847943562, 37.78368619731887]]}, "properties": {"Corridor": "Geary Blvd", "Limits": "Steiner St  -  Scott St", "BlockSide": "South", "WeekDay": "Thu", "FromHour": "6", "ToHour": "8", "Week1": "1", "Week2": "0", "Week3": "1", "Week4": "0", "Week5": "0", "Holidays": "0"}}, {"type": "Feature", "geometry": {"type": "LineString", "coordinates": [[-122.43558436809646, 37.767327959329], [-122.43550835047145, 37.766527892149]]}, "properties": {"Corridor": "Castro St", "Limits": "14th St  -  Henry St", "BlockSide": "East", "WeekDay": "Fri", "FromHour": "8", "ToHour": "10", "Week1": "1", "Week2": "1", "Week3": "1", "Week4": "1", "Week5": "1", "Holidays": "0"}}, {"type": "Feature", "geometry": {"type": "LineString", "coordinates": [[-122.454978375503, 37.77629091830087], [-122.45582921932, 37.77618293335987]]}, "properties": {"Corridor": "Paramount Ter", "Limits": "Stanyan St  -  End: 01-99 Block", "BlockSide": "South", "WeekDay": "Fri", "FromHour": "8", "ToHour": "10", "Week1": "1", "Week2": "1", "Week3": "1", "Week4": "1", "Week5": "1", "Holidays": "0"}}, {"type": "Feature", "geometry": {"type": "LineString", "coordinates": [[-122.438291383419, 37.76675722156113], [-122.438354696435, 37.766778044064125], [-122.43844357489, 37.76679915810913], [-122.438694621536, 37.76678407920413], [-122.439422222892, 37.766629603003125], [-122.439501839991, 37.766606965893125]]}, "properties": {"Corridor": "Roosevelt Way", "Limits": "Buena Vista Ter  -  15th St", "BlockSide": "North", "WeekDay": "Mon", "FromHour": "10", "ToHour": "12", "Week1": "1", "Week2": "1", "Week3": "1", "Week4": "1", "Week5": "1", "Holidays": "0"}}, {"type": "Feature", "geometry": {"type": "LineString", "coordinates": [[-122.4505401996833, 37.761561139148], [-122.4503777782383, 37.76076169168]]}, "properties": {"Corridor": "Shrader St", "Limits": "17th St  -  Carmel St", "BlockSide": "East", "WeekDay": "Tues", "FromHour": "8", "ToHour": "10", "Week1": "1", "Week2": "0", "Week3": "0", "Week4": "0", "Week5": "0", "Holidays": "0"}}, {"type": "Feature", "geometry": {"type": "LineString", "coordinates": [[-122.450216975604, 37.76962038589813], [-122.450710180318, 37.76955748527013]]}, "properties": {"Corridor": "Haight St", "Limits": "Cole St  -  Cole St", "BlockSide": "North", "WeekDay": "Wed", "FromHour": "7", "ToHour": "9", "Week1": "1", "Week2": "1", "Week3": "1", "Week4": "1", "Week5": "1", "Holidays": "0"}}, {"type": "Feature", "geometry": {"type": "LineString", "coordinates": [[-122.45670612218164, 37.776825025673], [-122.45662342393963, 37.776418876863]]}, "properties": {"Corridor": "Willard St North", "Limits": "Golden Gate Ave  -  Golden Gate Ave", "BlockSide": "East", "WeekDay": "Wed", "FromHour": "9", "ToHour": "11", "Week1": "1", "Week2": "1", "Week3": "1", "Week4": "1", "Week5": "1", "Holidays": "0"}}, {"type": "Feature", "geometry": {"type": "LineString", "coordinates": [[-122.45279819314389, 37.765442854301], [-122.4526091256289, 37.764509361378]]}, "properties": {"Corridor": "Stanyan St", "Limits": "Carl St  -  Parnassus Ave", "BlockSide": "West", "WeekDay": "Fri", "FromHour": "7", "ToHour": "9", "Week1": "1", "Week2": "1", "Week3": "1", "Week4": "1", "Week5": "1", "Holidays": "0"}}, {"type": "Feature", "geometry": {"type": "LineString", "coordinates": [[-122.44102447024797, 37.761077984409], [-122.44096980458797, 37.760527935307]]}, "properties": {"Corridor": "Hattie St", "Limits": "Market St  -  18th St", "BlockSide": "West", "WeekDay": "Wed", "FromHour": "12", "ToHour": "14", "Week1": "1", "Week2": "1", "Week3": "1", "Week4": "1", "Week5": "1", "Holidays": "0"}}, {"type": "Feature", "geometry": {"type": "LineString", "coordinates": [[-122.44039748068829, 37.770847434419], [-122.44058598565529, 37.771779098155]]}, "properties": {"Corridor": "Baker St", "Limits": "Haight St  -  Page St", "BlockSide": "West", "WeekDay": "Fri", "FromHour": "12", "ToHour": "14", "Week1": "1", "Week2": "1", "Week3": "1", "Week4": "1", "Week5": "1", "Holidays": "0"}}, {"type": "Feature", "geometry": {"type": "LineString", "coordinates": [[-122.4309973481351, 37.76584575450988], [-122.4310964349911, 37.76565098798688], [-122.4327367070821, 37.76435173048288], [-122.4330463480521, 37.76417348135488]]}, "properties": {"Corridor": "Market St", "Limits": "Sanchez St  -  16th St", "BlockSide": "SouthEast", "WeekDay": "Sun", "FromHour": "2", "ToHour": "6", "Week1": "1", "Week2": "1", "Week3": "1", "Week4": "1", "Week5": "1", "Holidays": "1"}}, {"type": "Feature", "geometry": {"type": "LineString", "coordinates": [[-122.4376504009366, 37.774061646375], [-122.4377126462286, 37.774139110663], [-122.4378720178026, 37.774903523387], [-122.43783852414062, 37.774991947847]]}, "properties": {"Corridor": "Divisadero St", "Limits": "Fell St  -  Hayes St", "BlockSide": "West", "WeekDay": "Wed", "FromHour": "6", "ToHour": "8", "Week1": "1", "Week2": "1", "Week3": "1", "Week4": "1", "Week5": "1", "Holidays": "0"}}, {"type": "Feature", "geometry": {"type": "LineString", "coordinates": [[-122.43310259293304, 37.764217945063116], [-122.43343939283304, 37.76409096079212], [-122.43458834890704, 37.763160564773116], [-122.43518002649704, 37.762765242987115], [-122.43521608445104, 37.76269293962812]]}, "properties": {"Corridor": "Market St", "Limits": "16th St  -  17th St", "BlockSide": "NorthWest", "WeekDay": "Tues", "FromHour": "2", "ToHour": "6", "Week1": "1", "Week2": "1", "Week3": "1", "Week4": "1", "Week5": "1", "Holidays": "1"}}, {"type": "Feature", "geometry": {"type": "LineString", "coordinates": [[-122.43123838728253, 37.775834341878], [-122.43142420157753, 37.776759677727]]}, "properties": {"Corridor": "Fillmore St", "Limits": "Hayes St  -  Grove St", "BlockSide": "West", "WeekDay": "Tues", "FromHour": "8", "ToHour": "10", "Week1": "1", "Week2": "1", "Week3": "1", "Week4": "1", "Week5": "1", "Holidays": "0"}}, {"type": "Feature", "geometry": {"type": "LineString", "coordinates": [[-122.43482399298343, 37.777280664764], [-122.43501261088042, 37.778212771957]]}, "properties": {"Corridor": "Pierce St", "Limits": "Fulton St  -  McAllister St", "BlockSide": "East", "WeekDay": "Wed", "FromHour": "9", "ToHour": "11", "Week1": "1", "Week2": "1", "Week3": "1", "Week4": "1", "Week5": "1", "Holidays": "0"}}, {"type": "Feature", "geometry": {"type": "LineString", "coordinates": [[-122.430650176618, 37.76198584954613], [-122.432871394821, 37.76185195937113]]}, "properties": {"Corridor": "Ford St", "Limits": "Sanchez St  -  Noe St", "BlockSide": "North", "WeekDay": "Mon", "FromHour": "9", "ToHour": "11", "Week1": "1", "Week2": "1", "Week3": "1", "Week4": "1", "Week5": "1", "Holidays": "0"}}, {"type": "Feature", "geometry": {"type": "LineString", "coordinates": [[-122.45370836952499, 37.779054523049], [-122.45349011886098, 37.777977844462], [-122.45342477540699, 37.777826863197]]}, "properties": {"Corridor": "Parker Ave", "Limits": "Lone Mountain Ter  -  Turk Blvd", "BlockSide": "West", "WeekDay": "Wed", "FromHour": "9", "ToHour": "11", "Week1": "1", "Week2": "1", "Week3": "1", "Week4": "1", "Week5": "1", "Holidays": "0"}}, {"type": "Feature", "geometry": {"type": "LineString", "coordinates": [[-122.4333159901569, 37.76980335694], [-122.4335073848309, 37.770755231477]]}, "properties": {"Corridor": "Pierce St", "Limits": "Start: 01-99 Block  -  Waller St", "BlockSide": "East", "WeekDay": "Wed", "FromHour": "9", "ToHour": "11", "Week1": "1", "Week2": "1", "Week3": "1", "Week4": "1", "Week5": "1", "Holidays": "0"}}, {"type": "Feature", "geometry": {"type": "LineString", "coordinates": [[-122.44341419895619, 37.760376327932], [-122.44344778003119, 37.760276478369], [-122.44315903815219, 37.759831425895], [-122.4430437531822, 37.759632259104], [-122.4430311643162, 37.759566658278]]}, "properties": {"Corridor": "Danvers St", "Limits": "18th St  -  Caselli Ave", "BlockSide": "West", "WeekDay": "Wed", "FromHour": "12", "ToHour": "14", "Week1": "1", "Week2": "1", "Week3": "1", "Week4": "1", "Week5": "1", "Holidays": "0"}}, {"type": "Feature", "geometry": {"type": "LineString", "coordinates": [[-122.44336083402207, 37.777164445863], [-122.44354669881108, 37.778089213476]]}, "properties": {"Corridor": "Lyon St", "Limits": "McAllister St  -  Golden Gate Ave", "BlockSide": "West", "WeekDay": "Wed", "FromHour": "12", "ToHour": "14", "Week1": "1", "Week2": "1", "Week3": "1", "Week4": "1", "Week5": "1", "Holidays": "0"}}, {"type": "Feature", "geometry": {"type": "LineString", "coordinates": [[-122.44460327618933, 37.783686463642], [-122.44479156126033, 37.784617014829]]}, "properties": {"Corridor": "Lyon St", "Limits": "Post St  -  Sutter St", "BlockSide": "East", "WeekDay": "Wed", "FromHour": "9", "ToHour": "11", "Week1": "1", "Week2": "0", "Week3": "1", "Week4": "0", "Week5": "0", "Holidays": "0"}}, {"type": "Feature", "geometry": {"type": "LineString", "coordinates": [[-122.456295739929, 37.78134984159987], [-122.456367376717, 37.78126900493887], [-122.457636289848, 37.781212181004875], [-122.45773304353, 37.78128314517987]]}, "properties": {"Corridor": "Geary Blvd", "Limits": "Stanyan St  -  Palm Ave", "BlockSide": "South", "WeekDay": "Sat", "FromHour": "7", "ToHour": "8", "Week1": "1", "Week2": "1", "Week3": "1", "Week4": "1", "Week5": "1", "Holidays": "0"}}, {"type": "Feature", "geometry": {"type": "LineString", "coordinates": [[-122.43535706887207, 37.764102271947], [-122.43529843218705, 37.763462837145]]}, "properties": {"Corridor": "Castro St", "Limits": "16th St  -  States St", "BlockSide": "West", "WeekDay": "Fri", "FromHour": "6", "ToHour": "8", "Week1": "1", "Week2": "1", "Week3": "1", "Week4": "1", "Week5": "1", "Holidays": "0"}}, {"type": "Feature", "geometry": {"type": "LineString", "coordinates": [[-122.4542157740651, 37.78159882148], [-122.4541557856341, 37.781435236409], [-122.4539404014411, 37.780353692596], [-122.4539164100381, 37.780239049136]]}, "properties": {"Corridor": "Parker Ave", "Limits": "Geary Blvd  -  Anza St", "BlockSide": "West", "WeekDay": "Wed", "FromHour": "9", "ToHour": "11", "Week1": "1", "Week2": "1", "Week3": "1", "Week4": "1", "Week5": "1", "Holidays": "0"}}, {"type": "Feature", "geometry": {"type": "LineString", "coordinates": [[-122.439113936245, 37.78155179363313], [-122.440783842969, 37.78134149793813]]}, "properties": {"Corridor": "Ellis St", "Limits": "Divisadero St  -  Broderick St", "BlockSide": "North", "WeekDay": "Thu", "FromHour": "12", "ToHour": "14", "Week1": "1", "Week2": "1", "Week3": "1", "Week4": "1", "Week5": "1", "Holidays": "0"}}, {"type": "Feature", "geometry": {"type": "LineString", "coordinates": [[-122.45890711885482, 37.7662556056], [-122.45884075900882, 37.765304320617]]}, "properties": {"Corridor": "02nd Ave", "Limits": "Lincoln Way  -  Hugo St", "BlockSide": "East", "WeekDay": "Wed", "FromHour": "12", "ToHour": "14", "Week1": "1", "Week2": "0", "Week3": "1", "Week4": "0", "Week5": "0", "Holidays": "0"}}, {"type": "Feature", "geometry": {"type": "LineString", "coordinates": [[-122.43583398718604, 37.769058453484], [-122.43566391475206, 37.767327959329]]}, "properties": {"Corridor": "Castro St", "Limits": "Duboce Ave  -  14th St", "BlockSide": "West", "WeekDay": "Thu", "FromHour": "8", "ToHour": "10", "Week1": "1", "Week2": "1", "Week3": "1", "Week4": "1", "Week5": "1", "Holidays": "0"}}, {"type": "Feature", "geometry": {"type": "LineString", "coordinates": [[-122.43186454936298, 37.770964426257], [-122.43195847286898, 37.771430528402]]}, "properties": {"Corridor": "Steiner St", "Limits": "Waller St  -  Laussat St", "BlockSide": "East", "WeekDay": "Fri", "FromHour": "9", "ToHour": "11", "Week1": "1", "Week2": "1", "Week3": "1", "Week4": "1", "Week5": "1", "Holidays": "0"}}, {"type": "Feature", "geometry": {"type": "LineString", "coordinates": [[-122.43866934998864, 37.771056494683], [-122.43885932637865, 37.77199042369]]}, "properties": {"Corridor": "Broderick St", "Limits": "Haight St  -  Page St", "BlockSide": "East", "WeekDay": "Fri", "FromHour": "12", "ToHour": "14", "Week1": "1", "Week2": "1", "Week3": "1", "Week4": "1", "Week5": "1", "Holidays": "0"}}, {"type": "Feature", "geometry": {"type": "LineString", "coordinates": [[-122.43255516496446, 37.782349635153], [-122.43274596104047, 37.783292591474]]}, "properties": {"Corridor": "Fillmore St", "Limits": "Ellis St  -  O'Farrell St", "BlockSide": "West", "WeekDay": "Wed", "FromHour": "6", "ToHour": "8", "Week1": "0", "Week2": "1", "Week3": "0", "Week4": "1", "Week5": "0", "Holidays": "0"}}, {"type": "Feature", "geometry": {"type": "LineString", "coordinates": [[-122.458998400743, 37.783220105807125], [-122.460137198557, 37.78316792929413]]}, "properties": {"Corridor": "Clement St", "Limits": "Arguello Blvd  -  02nd Ave", "BlockSide": "North", "WeekDay": "Mon", "FromHour": "7", "ToHour": "8", "Week1": "1", "Week2": "0", "Week3": "1", "Week4": "0", "Week5": "1", "Holidays": "0"}}, {"type": "Feature", "geometry": {"type": "LineString", "coordinates": [[-122.440357705342, 37.770878875310125], [-122.441997762484, 37.77066907643013]]}, "properties": {"Corridor": "Haight St", "Limits": "Baker St  -  Lyon St", "BlockSide": "North", "WeekDay": "Thu", "FromHour": "8", "ToHour": "10", "Week1": "1", "Week2": "1", "Week3": "1", "Week4": "1", "Week5": "1", "Holidays": "0"}}, {"type": "Feature", "geometry": {"type": "LineString", "coordinates": [[-122.442972180435, 37.78149183838813], [-122.443383952087, 37.781462022669125], [-122.443665893159, 37.78143300779113]]}, "properties": {"Corridor": "Terra Vista Ave", "Limits": "Fortuna Ave  -  Sonora Ln", "BlockSide": "North", "WeekDay": "Thu", "FromHour": "12", "ToHour": "14", "Week1": "1", "Week2": "1", "Week3": "1", "Week4": "1", "Week5": "1", "Holidays": "0"}}, {"type": "Feature", "geometry": {"type": "LineString", "coordinates": [[-122.4552567210055, 37.777599278934], [-122.45526023592349, 37.77749351466], [-122.45516364987849, 37.777026249548]]}, "properties": {"Corridor": "Stanyan St", "Limits": "Turk Blvd  -  Golden Gate Ave", "BlockSide": "West", "WeekDay": "Fri", "FromHour": "8", "ToHour": "10", "Week1": "1", "Week2": "1", "Week3": "1", "Week4": "1", "Week5": "1", "Holidays": "0"}}, {"type": "Feature", "geometry": {"type": "LineString", "coordinates": [[-122.43161015544489, 37.769307161246], [-122.4316351134399, 37.769431023024], [-122.43175678660889, 37.770034859116]]}, "properties": {"Corridor": "Steiner St", "Limits": "Duboce Ave  -  Hermann St", "BlockSide": "West", "WeekDay": "Wed", "FromHour": "9", "ToHour": "11", "Week1": "1", "Week2": "1", "Week3": "1", "Week4": "1", "Week5": "1", "Holidays": "0"}}, {"type": "Feature", "geometry": {"type": "LineString", "coordinates": [[-122.451675937091, 37.76847696666013], [-122.453205916661, 37.76828039272313], [-122.453352288297, 37.76827746617913]]}, "properties": {"Corridor": "Waller St", "Limits": "Shrader St  -  Stanyan St", "BlockSide": "North", "WeekDay": "Tues", "FromHour": "8", "ToHour": "10", "Week1": "1", "Week2": "1", "Week3": "1", "Week4": "1", "Week5": "1", "Holidays": "0"}}, {"type": "Feature", "geometry": {"type": "LineString", "coordinates": [[-122.43775896948777, 37.774991947847], [-122.43772947289277, 37.775079294668], [-122.43788642961977, 37.775858710907], [-122.43795007062276, 37.775925405585]]}, "properties": {"Corridor": "Divisadero St", "Limits": "Hayes St  -  Grove St", "BlockSide": "East", "WeekDay": "Thu", "FromHour": "6", "ToHour": "8", "Week1": "1", "Week2": "1", "Week3": "1", "Week4": "1", "Week5": "1", "Holidays": "0"}}, {"type": "Feature", "geometry": {"type": "LineString", "coordinates": [[-122.427819099714, 37.775786575859], [-122.429459885543, 37.775577376259]]}, "properties": {"Corridor": "Linden St", "Limits": "Buchanan St  -  End: 600-699 Block", "BlockSide": "", "WeekDay": "Thu", "FromHour": "9", "ToHour": "11", "Week1": "1", "Week2": "1", "Week3": "1", "Week4": "1", "Week5": "1", "Holidays": "0"}}, {"type": "Feature", "geometry": {"type": "LineString", "coordinates": [[-122.43218017019703, 37.780496260511], [-122.43236876207503, 37.781428371173]]}, "properties": {"Corridor": "Fillmore St", "Limits": "Turk St  -  Eddy St", "BlockSide": "West", "WeekDay": "Wed", "FromHour": "6", "ToHour": "8", "Week1": "0", "Week2": "1", "Week3": "0", "Week4": "1", "Week5": "0", "Holidays": "0"}}, {"type": "Feature", "geometry": {"type": "LineString", "coordinates": [[-122.44222765553198, 37.771571037982], [-122.44241775267298, 37.772504315906]]}, "properties": {"Corridor": "Lyon St", "Limits": "Page St  -  Oak St", "BlockSide": "West", "WeekDay": "Wed", "FromHour": "8", "ToHour": "10", "Week1": "1", "Week2": "1", "Week3": "1", "Week4": "1", "Week5": "1", "Holidays": "0"}}, {"type": "Feature", "geometry": {"type": "LineString", "coordinates": [[-122.45236011846306, 37.763669482253], [-122.45219327247007, 37.762842561238]]}, "properties": {"Corridor": "Stanyan St", "Limits": "Grattan St  -  Alma St", "BlockSide": "East", "WeekDay": "Wed", "FromHour": "9", "ToHour": "11", "Week1": "1", "Week2": "0", "Week3": "0", "Week4": "0", "Week5": "0", "Holidays": "0"}}, {"type": "Feature", "geometry": {"type": "LineString", "coordinates": [[-122.453442356695, 37.77172433513587], [-122.45342760883, 37.77184074028687], [-122.453466754455, 37.771905354965874], [-122.453556605751, 37.77193487075087], [-122.453968601427, 37.77188274426387], [-122.454083217588, 37.771898963413875]]}, "properties": {"Corridor": "Fell Access Rd", "Limits": "Fell St  -  Stanyan St", "BlockSide": "South", "WeekDay": "Mon", "FromHour": "7", "ToHour": "9", "Week1": "1", "Week2": "1", "Week3": "1", "Week4": "1", "Week5": "1", "Holidays": "0"}}, {"type": "Feature", "geometry": {"type": "LineString", "coordinates": [[-122.43085251843576, 37.766035962803116], [-122.43086782287276, 37.76595049178812], [-122.43094020645076, 37.76589802633012], [-122.43105359398875, 37.76589021821812]]}, "properties": {"Corridor": "Market St", "Limits": "15th St  -  Sanchez St", "BlockSide": "NorthWest", "WeekDay": "Sun", "FromHour": "8", "ToHour": "9", "Week1": "1", "Week2": "1", "Week3": "1", "Week4": "1", "Week5": "1", "Holidays": "0"}}, {"type": "Feature", "geometry": {"type": "LineString", "coordinates": [[-122.441110417756, 37.77453604170587], [-122.442754865592, 37.77432739137287]]}, "properties": {"Corridor": "Hayes St", "Limits": "Baker St  -  Lyon St", "BlockSide": "South", "WeekDay": "Tues", "FromHour": "8", "ToHour": "10", "Week1": "1", "Week2": "1", "Week3": "1", "Week4": "1", "Week5": "1", "Holidays": "0"}}, {"type": "Feature", "geometry": {"type": "LineString", "coordinates": [[-122.44152810508821, 37.77643503612], [-122.4417179716962, 37.777373284671]]}, "properties": {"Corridor": "Baker St", "Limits": "Fulton St  -  McAllister St", "BlockSide": "West", "WeekDay": "Fri", "FromHour": "12", "ToHour": "14", "Week1": "1", "Week2": "1", "Week3": "1", "Week4": "1", "Week5": "1", "Holidays": "0"}}, {"type": "Feature", "geometry": {"type": "LineString", "coordinates": [[-122.43727470772765, 37.772203712438], [-122.43733760704865, 37.772274280654], [-122.43749499234664, 37.77304998018], [-122.43746271576664, 37.77313349266]]}, "properties": {"Corridor": "Divisadero St", "Limits": "Page St  -  Oak St", "BlockSide": "West", "WeekDay": "Wed", "FromHour": "6", "ToHour": "8", "Week1": "1", "Week2": "1", "Week3": "1", "Week4": "1", "Week5": "1", "Holidays": "0"}}, {"type": "Feature", "geometry": {"type": "LineString", "coordinates": [[-122.42972666172558, 37.776976022761], [-122.42981229696359, 37.777067087367], [-122.42996015157459, 37.777798008565], [-122.42988897829659, 37.777919295958]]}, "properties": {"Corridor": "Webster St", "Limits": "Grove St  -  Fulton St", "BlockSide": "West", "WeekDay": "Wed", "FromHour": "8", "ToHour": "10", "Week1": "1", "Week2": "1", "Week3": "1", "Week4": "1", "Week5": "1", "Holidays": "0"}}, {"type": "Feature", "geometry": {"type": "LineString", "coordinates": [[-122.44810770655741, 37.775599294574], [-122.44791757755341, 37.77466736623]]}, "properties": {"Corridor": "Ashbury St", "Limits": "Fulton St  -  Grove St", "BlockSide": "West", "WeekDay": "Wed", "FromHour": "9", "ToHour": "11", "Week1": "1", "Week2": "1", "Week3": "1", "Week4": "1", "Week5": "1", "Holidays": "0"}}, {"type": "Feature", "geometry": {"type": "LineString", "coordinates": [[-122.43757084678585, 37.774061646375], [-122.43754133341685, 37.774151859387], [-122.43769625866385, 37.774917163494], [-122.43775896998986, 37.774991947847]]}, "properties": {"Corridor": "Divisadero St", "Limits": "Fell St  -  Hayes St", "BlockSide": "East", "WeekDay": "Sun", "FromHour": "6", "ToHour": "8", "Week1": "1", "Week2": "1", "Week3": "1", "Week4": "1", "Week5": "1", "Holidays": "0"}}, {"type": "Feature", "geometry": {"type": "LineString", "coordinates": [[-122.43560309624509, 37.77241792986], [-122.4357912753991, 37.773345712442]]}, "properties": {"Corridor": "Scott St", "Limits": "Page St  -  Oak St", "BlockSide": "West", "WeekDay": "Fri", "FromHour": "12", "ToHour": "14", "Week1": "1", "Week2": "1", "Week3": "1", "Week4": "1", "Week5": "1", "Holidays": "0"}}, {"type": "Feature", "geometry": {"type": "LineString", "coordinates": [[-122.436114108657, 37.76079255396087], [-122.437190627228, 37.76072666687787]]}, "properties": {"Corridor": "18th St", "Limits": "Collingwood St  -  Diamond St", "BlockSide": "South", "WeekDay": "Fri", "FromHour": "6", "ToHour": "8", "Week1": "1", "Week2": "1", "Week3": "1", "Week4": "1", "Week5": "1", "Holidays": "0"}}, {"type": "Feature", "geometry": {"type": "LineString", "coordinates": [[-122.446034825718, 37.778718089834875], [-122.447039806491, 37.778590866647875]]}, "properties": {"Corridor": "Turk Blvd", "Limits": "Nido Ave  -  Masonic Ave", "BlockSide": "South", "WeekDay": "Thu", "FromHour": "12", "ToHour": "14", "Week1": "1", "Week2": "1", "Week3": "1", "Week4": "1", "Week5": "1", "Holidays": "0"}}, {"type": "Feature", "geometry": {"type": "LineString", "coordinates": [[-122.42966610885132, 37.776513152194], [-122.42973121541932, 37.77656200047], [-122.42977728518832, 37.776882376474], [-122.42972666134531, 37.776976022761]]}, "properties": {"Corridor": "Webster St", "Limits": "Ivy St  -  Grove St", "BlockSide": "West", "WeekDay": "Mon", "FromHour": "8", "ToHour": "10", "Week1": "1", "Week2": "1", "Week3": "1", "Week4": "1", "Week5": "1", "Holidays": "0"}}, {"type": "Feature", "geometry": {"type": "LineString", "coordinates": [[-122.447443019169, 37.77570940867913], [-122.448067929156, 37.77563073546513]]}, "properties": {"Corridor": "Fulton St", "Limits": "Atalaya Ter  -  Ashbury St", "BlockSide": "North", "WeekDay": "Wed", "FromHour": "8", "ToHour": "10", "Week1": "1", "Week2": "1", "Week3": "1", "Week4": "1", "Week5": "1", "Holidays": "0"}}, {"type": "Feature", "geometry": {"type": "LineString", "coordinates": [[-122.4310535936688, 37.76589021821812], [-122.4312588543828, 37.765810521180114], [-122.43295092030782, 37.764490555883114], [-122.43310259358582, 37.764217945063116]]}, "properties": {"Corridor": "Market St", "Limits": "Sanchez St  -  16th St", "BlockSide": "NorthWest", "WeekDay": "Wed", "FromHour": "2", "ToHour": "6", "Week1": "1", "Week2": "1", "Week3": "1", "Week4": "1", "Week5": "1", "Holidays": "1"}}, {"type": "Feature", "geometry": {"type": "LineString", "coordinates": [[-122.432092300989, 37.77186582490487], [-122.433734772499, 37.771656832840875]]}, "properties": {"Corridor": "Haight St", "Limits": "Steiner St  -  Pierce St", "BlockSide": "South", "WeekDay": "Wed", "FromHour": "8", "ToHour": "10", "Week1": "1", "Week2": "1", "Week3": "1", "Week4": "1", "Week5": "1", "Holidays": "0"}}, {"type": "Feature", "geometry": {"type": "LineString", "coordinates": [[-122.44506620812689, 37.769284228758], [-122.44469176641189, 37.767425876114]]}, "properties": {"Corridor": "Masonic Ave", "Limits": "Waller St  -  Frederick St", "BlockSide": "East", "WeekDay": "Fri", "FromHour": "8", "ToHour": "10", "Week1": "1", "Week2": "1", "Week3": "1", "Week4": "1", "Week5": "1", "Holidays": "0"}}, {"type": "Feature", "geometry": {"type": "LineString", "coordinates": [[-122.45862040862228, 37.777253918158], [-122.45854441559428, 37.776190405671]]}, "properties": {"Corridor": "Arguello Blvd", "Limits": "Balboa St  -  Golden Gate Ave", "BlockSide": "West", "WeekDay": "Tues", "FromHour": "8", "ToHour": "10", "Week1": "1", "Week2": "0", "Week3": "1", "Week4": "0", "Week5": "0", "Holidays": "0"}}, {"type": "Feature", "geometry": {"type": "LineString", "coordinates": [[-122.44848074750425, 37.765035908137], [-122.44831372508125, 37.764196132275]]}, "properties": {"Corridor": "Belvedere St", "Limits": "Parnassus Ave  -  Grattan St", "BlockSide": "West", "WeekDay": "Tues", "FromHour": "8", "ToHour": "10", "Week1": "1", "Week2": "0", "Week3": "0", "Week4": "0", "Week5": "0", "Holidays": "0"}}, {"type": "Feature", "geometry": {"type": "LineString", "coordinates": [[-122.43938573069062, 37.761402334480884], [-122.43945249809661, 37.76131688269388], [-122.43975942902662, 37.76116899104288], [-122.43996286103162, 37.761064099904885], [-122.44003044394162, 37.76105256197188]]}, "properties": {"Corridor": "Market St", "Limits": "Douglass St  -  Ord St", "BlockSide": "SouthEast", "WeekDay": "Fri", "FromHour": "12", "ToHour": "14", "Week1": "1", "Week2": "1", "Week3": "1", "Week4": "1", "Week5": "1", "Holidays": "0"}}, {"type": "Feature", "geometry": {"type": "LineString", "coordinates": [[-122.456050662156, 37.777467903491875], [-122.456863367497, 37.77737048230687]]}, "properties": {"Corridor": "Turk Blvd", "Limits": "Rossi Ave  -  Willard North St", "BlockSide": "South", "WeekDay": "Wed", "FromHour": "8", "ToHour": "10", "Week1": "1", "Week2": "1", "Week3": "1", "Week4": "1", "Week5": "1", "Holidays": "0"}}, {"type": "Feature", "geometry": {"type": "LineString", "coordinates": [[-122.44872813913992, 37.770730883771], [-122.44853904169092, 37.76979785124]]}, "properties": {"Corridor": "Clayton St", "Limits": "Page St  -  Haight St", "BlockSide": "East", "WeekDay": "Fri", "FromHour": "8", "ToHour": "10", "Week1": "1", "Week2": "1", "Week3": "1", "Week4": "1", "Week5": "1", "Holidays": "0"}}, {"type": "Feature", "geometry": {"type": "LineString", "coordinates": [[-122.437847943562, 37.78374907910113], [-122.438017048638, 37.78380422132913], [-122.438268370633, 37.78374758381913], [-122.438551144772, 37.78362829770213], [-122.43893687419, 37.78348156612213], [-122.439351930672, 37.78342631908413], [-122.43948038104, 37.78333992889313]]}, "properties": {"Corridor": "Geary Blvd", "Limits": "Scott St  -  Divisadero St", "BlockSide": "North", "WeekDay": "Fri", "FromHour": "6", "ToHour": "8", "Week1": "1", "Week2": "0", "Week3": "1", "Week4": "0", "Week5": "0", "Holidays": "0"}}, {"type": "Feature", "geometry": {"type": "LineString", "coordinates": [[-122.432793505264, 37.760989870341874], [-122.433903579453, 37.76092329819987]]}, "properties": {"Corridor": "18th St", "Limits": "Noe St  -  Hartford St", "BlockSide": "South", "WeekDay": "Fri", "FromHour": "6", "ToHour": "8", "Week1": "1", "Week2": "1", "Week3": "1", "Week4": "1", "Week5": "1", "Holidays": "0"}}, {"type": "Feature", "geometry": {"type": "LineString", "coordinates": [[-122.43030058034458, 37.77117368409], [-122.43039433839057, 37.77163980695]]}, "properties": {"Corridor": "Fillmore St", "Limits": "Waller St  -  Laussat St", "BlockSide": "West", "WeekDay": "Tues", "FromHour": "8", "ToHour": "10", "Week1": "1", "Week2": "1", "Week3": "1", "Week4": "1", "Week5": "1", "Holidays": "0"}}, {"type": "Feature", "geometry": {"type": "LineString", "coordinates": [[-122.429224618981, 37.77038205971813], [-122.430073619928, 37.77027450642113]]}, "properties": {"Corridor": "Hermann St", "Limits": "Church St  -  Fillmore St", "BlockSide": "North", "WeekDay": "Tues", "FromHour": "12", "ToHour": "14", "Week1": "1", "Week2": "1", "Week3": "1", "Week4": "1", "Week5": "1", "Holidays": "0"}}, {"type": "Feature", "geometry": {"type": "LineString", "coordinates": [[-122.452758421206, 37.76547429519213], [-122.454404021899, 37.765264367665125]]}, "properties": {"Corridor": "Carl St", "Limits": "Stanyan St  -  Willard St", "BlockSide": "North", "WeekDay": "Tues", "FromHour": "8", "ToHour": "10", "Week1": "1", "Week2": "1", "Week3": "1", "Week4": "1", "Week5": "1", "Holidays": "0"}}, {"type": "Feature", "geometry": {"type": "LineString", "coordinates": [[-122.448273953337, 37.764164691383876], [-122.449600210799, 37.76399513804687]]}, "properties": {"Corridor": "Grattan St", "Limits": "Belvedere St  -  Cole St", "BlockSide": "South", "WeekDay": "Fri", "FromHour": "8", "ToHour": "10", "Week1": "1", "Week2": "0", "Week3": "0", "Week4": "0", "Week5": "0", "Holidays": "0"}}, {"type": "Feature", "geometry": {"type": "LineString", "coordinates": [[-122.43922616760756, 37.77004716211112], [-122.43912222260157, 37.76995991974112], [-122.43879484988356, 37.76970635249112], [-122.43832320868256, 37.76920736699212], [-122.43831020440557, 37.76902883259512]]}, "properties": {"Corridor": "Buena Vista Ave East", "Limits": "Waller St  -  Duboce Ave", "BlockSide": "NorthEast", "WeekDay": "Wed", "FromHour": "12", "ToHour": "14", "Week1": "1", "Week2": "1", "Week3": "1", "Week4": "1", "Week5": "1", "Holidays": "0"}}, {"type": "Feature", "geometry": {"type": "LineString", "coordinates": [[-122.45115964092851, 37.781984115978], [-122.45088362846751, 37.780622314436]]}, "properties": {"Corridor": "Blake St", "Limits": "Geary Blvd  -  Anza St", "BlockSide": "West", "WeekDay": "Fri", "FromHour": "8", "ToHour": "10", "Week1": "1", "Week2": "1", "Week3": "1", "Week4": "1", "Week5": "1", "Holidays": "0"}}, {"type": "Feature", "geometry": {"type": "LineString", "coordinates": [[-122.43079627224225, 37.76599149909488], [-122.43081157667925, 37.76590602807988], [-122.43088396025725, 37.765853562621885], [-122.43099734779524, 37.76584575450988]]}, "properties": {"Corridor": "Market St", "Limits": "15th St  -  Sanchez St", "BlockSide": "SouthEast", "WeekDay": "Tues", "FromHour": "2", "ToHour": "6", "Week1": "1", "Week2": "1", "Week3": "1", "Week4": "1", "Week5": "1", "Holidays": "1"}}, {"type": "Feature", "geometry": {"type": "LineString", "coordinates": [[-122.43031478734605, 37.77163980695], [-122.43039414253406, 37.772108258339]]}, "properties": {"Corridor": "Fillmore St", "Limits": "Laussat St  -  Haight St", "BlockSide": "East", "WeekDay": "Wed", "FromHour": "8", "ToHour": "10", "Week1": "1", "Week2": "1", "Week3": "1", "Week4": "1", "Week5": "1", "Holidays": "0"}}, {"type": "Feature", "geometry": {"type": "LineString", "coordinates": [[-122.430167375626, 37.77074062950613], [-122.431810933336, 37.77053240202613]]}, "properties": {"Corridor": "Germania St", "Limits": "Fillmore St  -  Steiner St", "BlockSide": "North", "WeekDay": "Mon", "FromHour": "9", "ToHour": "11", "Week1": "1", "Week2": "1", "Week3": "1", "Week4": "1", "Week5": "1", "Holidays": "0"}}, {"type": "Feature", "geometry": {"type": "LineString", "coordinates": [[-122.44273706899192, 37.76968351494712], [-122.44299082654491, 37.76984710363712], [-122.44312692121791, 37.76999442770312], [-122.44323646830992, 37.77020246215812], [-122.44328356412892, 37.770491770272116]]}, "properties": {"Corridor": "Buena Vista Ave West", "Limits": "Waller St  -  Haight St", "BlockSide": "NorthEast", "WeekDay": "Thu", "FromHour": "9", "ToHour": "11", "Week1": "1", "Week2": "1", "Week3": "1", "Week4": "1", "Week5": "1", "Holidays": "0"}}, {"type": "Feature", "geometry": {"type": "LineString", "coordinates": [[-122.42988634839881, 37.766063060465], [-122.42973079538581, 37.764440752859]]}, "properties": {"Corridor": "Sharon St", "Limits": "15th St  -  16th St", "BlockSide": "East", "WeekDay": "Fri", "FromHour": "9", "ToHour": "11", "Week1": "1", "Week2": "1", "Week3": "1", "Week4": "1", "Week5": "1", "Holidays": "0"}}, {"type": "Feature", "geometry": {"type": "LineString", "coordinates": [[-122.430237500582, 37.78356391692887], [-122.430989254381, 37.78347631337587]]}, "properties": {"Corridor": "O'Farrell St", "Limits": "Hollis St  -  Webster St", "BlockSide": "South", "WeekDay": "Thu", "FromHour": "12", "ToHour": "14", "Week1": "1", "Week2": "1", "Week3": "1", "Week4": "1", "Week5": "1", "Holidays": "0"}}, {"type": "Feature", "geometry": {"type": "LineString", "coordinates": [[-122.446744894227, 37.76910579816113], [-122.447567740038, 37.76900087990913]]}, "properties": {"Corridor": "Waller St", "Limits": "Ashbury St  -  Downey St", "BlockSide": "North", "WeekDay": "Tues", "FromHour": "8", "ToHour": "10", "Week1": "1", "Week2": "1", "Week3": "1", "Week4": "1", "Week5": "1", "Holidays": "0"}}, {"type": "Feature", "geometry": {"type": "LineString", "coordinates": [[-122.43802962627929, 37.775925405585], [-122.4381008898573, 37.7759965894], [-122.43825314687429, 37.776780187481], [-122.4382168259413, 37.7768558892]]}, "properties": {"Corridor": "Divisadero St", "Limits": "Grove St  -  Fulton St", "BlockSide": "West", "WeekDay": "Wed", "FromHour": "6", "ToHour": "8", "Week1": "1", "Week2": "1", "Week3": "1", "Week4": "1", "Week5": "1", "Holidays": "0"}}, {"type": "Feature", "geometry": {"type": "LineString", "coordinates": [[-122.435751499209, 37.77337715333313], [-122.437422939693, 37.77316493355113]]}, "properties": {"Corridor": "Oak St", "Limits": "Scott St  -  Divisadero St", "BlockSide": "North", "WeekDay": "Thu", "FromHour": "8", "ToHour": "10", "Week1": "1", "Week2": "1", "Week3": "1", "Week4": "1", "Week5": "1", "Holidays": "0"}}, {"type": "Feature", "geometry": {"type": "LineString", "coordinates": [[-122.42897669018512, 37.76752669142512], [-122.42921008750312, 37.76743559951512], [-122.43077707021213, 37.76619895884312], [-122.43085251876113, 37.766035962803116]]}, "properties": {"Corridor": "Market St", "Limits": "Church St  -  15th St", "BlockSide": "NorthWest", "WeekDay": "Mon", "FromHour": "2", "ToHour": "6", "Week1": "1", "Week2": "1", "Week3": "1", "Week4": "1", "Week5": "1", "Holidays": "1"}}, {"type": "Feature", "geometry": {"type": "LineString", "coordinates": [[-122.43298872044332, 37.776550121993], [-122.43317895957232, 37.77749036673]]}, "properties": {"Corridor": "Steiner St", "Limits": "Grove St  -  Fulton St", "BlockSide": "East", "WeekDay": "Fri", "FromHour": "9", "ToHour": "11", "Week1": "1", "Week2": "1", "Week3": "1", "Week4": "1", "Week5": "1", "Holidays": "0"}}, {"type": "Feature", "geometry": {"type": "LineString", "coordinates": [[-122.43267599075665, 37.760223565227], [-122.43259800061965, 37.759423290826]]}, "properties": {"Corridor": "Noe St", "Limits": "Hancock St  -  19th St", "BlockSide": "East", "WeekDay": "Wed", "FromHour": "9", "ToHour": "11", "Week1": "1", "Week2": "1", "Week3": "1", "Week4": "1", "Week5": "1", "Holidays": "0"}}, {"type": "Feature", "geometry": {"type": "LineString", "coordinates": [[-122.42897669018512, 37.76752669142512], [-122.42921008750312, 37.76743559951512], [-122.43077707021213, 37.76619895884312], [-122.43085251876113, 37.766035962803116]]}, "properties": {"Corridor": "Market St", "Limits": "Church St  -  15th St", "BlockSide": "NorthWest", "WeekDay": "Thu", "FromHour": "2", "ToHour": "6", "Week1": "1", "Week2": "1", "Week3": "1", "Week4": "1", "Week5": "1", "Holidays": "1"}}, {"type": "Feature", "geometry": {"type": "LineString", "coordinates": [[-122.43579127589909, 37.773345712442], [-122.4359801053021, 37.774276678315]]}, "properties": {"Corridor": "Scott St", "Limits": "Oak St  -  Fell St", "BlockSide": "West", "WeekDay": "Fri", "FromHour": "12", "ToHour": "14", "Week1": "1", "Week2": "1", "Week3": "1", "Week4": "1", "Week5": "1", "Holidays": "0"}}, {"type": "Feature", "geometry": {"type": "LineString", "coordinates": [[-122.43688871786887, 37.770342897054], [-122.43696048222087, 37.770412181298], [-122.43711439879988, 37.771182527575], [-122.43708538734288, 37.771267424403]]}, "properties": {"Corridor": "Divisadero St", "Limits": "Castro St  -  Haight St", "BlockSide": "West", "WeekDay": "Wed", "FromHour": "12", "ToHour": "14", "Week1": "1", "Week2": "1", "Week3": "1", "Week4": "1", "Week5": "1", "Holidays": "0"}}, {"type": "Feature", "geometry": {"type": "LineString", "coordinates": [[-122.429127985498, 37.76942468727187], [-122.429905643212, 37.76937648075887]]}, "properties": {"Corridor": "Duboce Ave", "Limits": "Church St  -  Fillmore St", "BlockSide": "South", "WeekDay": "Mon", "FromHour": "9", "ToHour": "11", "Week1": "1", "Week2": "1", "Week3": "1", "Week4": "1", "Week5": "1", "Holidays": "0"}}, {"type": "Feature", "geometry": {"type": "LineString", "coordinates": [[-122.43247560188753, 37.782349635153], [-122.43266639796354, 37.783292591474]]}, "properties": {"Corridor": "Fillmore St", "Limits": "Ellis St  -  O'Farrell St", "BlockSide": "East", "WeekDay": "Tues", "FromHour": "6", "ToHour": "8", "Week1": "1", "Week2": "0", "Week3": "1", "Week4": "0", "Week5": "0", "Holidays": "0"}}, {"type": "Feature", "geometry": {"type": "LineString", "coordinates": [[-122.437234931654, 37.77217227154687], [-122.438899101838, 37.77195898279887]]}, "properties": {"Corridor": "Page St", "Limits": "Divisadero St  -  Broderick St", "BlockSide": "South", "WeekDay": "Thu", "FromHour": "8", "ToHour": "10", "Week1": "1", "Week2": "1", "Week3": "1", "Week4": "1", "Week5": "1", "Holidays": "0"}}, {"type": "Feature", "geometry": {"type": "LineString", "coordinates": [[-122.45397845804726, 37.771616239174], [-122.45393974679526, 37.771428395344]]}, "properties": {"Corridor": "Stanyan St", "Limits": "Ggp Access Road  -  Fell St", "BlockSide": "East", "WeekDay": "Thu", "FromHour": "6", "ToHour": "8", "Week1": "1", "Week2": "1", "Week3": "1", "Week4": "1", "Week5": "1", "Holidays": "0"}}, {"type": "Feature", "geometry": {"type": "LineString", "coordinates": [[-122.4514426609029, 37.765615760401], [-122.4512528339369, 37.764682363972]]}, "properties": {"Corridor": "Shrader St", "Limits": "Carl St  -  Parnassus Ave", "BlockSide": "West", "WeekDay": "Wed", "FromHour": "9", "ToHour": "11", "Week1": "1", "Week2": "0", "Week3": "0", "Week4": "0", "Week5": "0", "Holidays": "0"}}, {"type": "Feature", "geometry": {"type": "LineString", "coordinates": [[-122.42897669018512, 37.76752669142512], [-122.42921008750312, 37.76743559951512], [-122.43077707021213, 37.76619895884312], [-122.43085251876113, 37.766035962803116]]}, "properties": {"Corridor": "Market St", "Limits": "Church St  -  15th St", "BlockSide": "NorthWest", "WeekDay": "Holiday", "FromHour": "2", "ToHour": "6", "Week1": "1", "Week2": "1", "Week3": "1", "Week4": "1", "Week5": "1", "Holidays": "1"}}, {"type": "Feature", "geometry": {"type": "LineString", "coordinates": [[-122.45387662953, 37.78027049002713], [-122.454818229412, 37.78014838600413]]}, "properties": {"Corridor": "Anza St", "Limits": "Parker Ave  -  Beaumont Ave", "BlockSide": "North", "WeekDay": "Fri", "FromHour": "8", "ToHour": "10", "Week1": "1", "Week2": "1", "Week3": "1", "Week4": "1", "Week5": "1", "Holidays": "0"}}, {"type": "Feature", "geometry": {"type": "LineString", "coordinates": [[-122.4412602858365, 37.775504687756], [-122.4414485488825, 37.77643503612]]}, "properties": {"Corridor": "Baker St", "Limits": "Grove St  -  Fulton St", "BlockSide": "East", "WeekDay": "Wed", "FromHour": "12", "ToHour": "14", "Week1": "1", "Week2": "1", "Week3": "1", "Week4": "1", "Week5": "1", "Holidays": "0"}}, {"type": "Feature", "geometry": {"type": "LineString", "coordinates": [[-122.454175993557, 37.781567380588875], [-122.454267483879, 37.781472378299874], [-122.455196475132, 37.78136601948887], [-122.45528074961, 37.781427219948874]]}, "properties": {"Corridor": "Geary Blvd", "Limits": "Parker Ave  -  Beaumont Ave", "BlockSide": "South", "WeekDay": "Mon", "FromHour": "6", "ToHour": "8", "Week1": "1", "Week2": "1", "Week3": "1", "Week4": "1", "Week5": "1", "Holidays": "0"}}, {"type": "Feature", "geometry": {"type": "LineString", "coordinates": [[-122.45201544589011, 37.770312752544], [-122.45182595254911, 37.769378663625]]}, "properties": {"Corridor": "Shrader St", "Limits": "Page St  -  Haight St", "BlockSide": "East", "WeekDay": "Fri", "FromHour": "8", "ToHour": "10", "Week1": "1", "Week2": "1", "Week3": "1", "Week4": "1", "Week5": "1", "Holidays": "0"}}, {"type": "Feature", "geometry": {"type": "LineString", "coordinates": [[-122.428716727352, 37.77709965383], [-122.429686883083, 37.776976022761]]}, "properties": {"Corridor": "Grove St", "Limits": "Banneker Way  -  Webster St", "BlockSide": "", "WeekDay": "Tues", "FromHour": "8", "ToHour": "10", "Week1": "1", "Week2": "1", "Week3": "1", "Week4": "1", "Week5": "1", "Holidays": "0"}}, {"type": "Feature", "geometry": {"type": "LineString", "coordinates": [[-122.42988897880188, 37.777919295958], [-122.42998257075789, 37.778019202122], [-122.43014533408888, 37.778727071344], [-122.43008704449788, 37.778850928395]]}, "properties": {"Corridor": "Webster St", "Limits": "Fulton St  -  McAllister St", "BlockSide": "West", "WeekDay": "Wed", "FromHour": "8", "ToHour": "10", "Week1": "1", "Week2": "1", "Week3": "1", "Week4": "1", "Week5": "1", "Holidays": "0"}}, {"type": "Feature", "geometry": {"type": "LineString", "coordinates": [[-122.430824713643, 37.77400396215113], [-122.432351019312, 37.77381027361313], [-122.432467068429, 37.77378843062713]]}, "properties": {"Corridor": "Oak St", "Limits": "Fillmore St  -  Steiner St", "BlockSide": "North", "WeekDay": "Thu", "FromHour": "7", "ToHour": "9", "Week1": "1", "Week2": "1", "Week3": "1", "Week4": "1", "Week5": "1", "Holidays": "0"}}, {"type": "Feature", "geometry": {"type": "LineString", "coordinates": [[-122.43084238142995, 37.764373510267], [-122.43068695196895, 37.762752670854]]}, "properties": {"Corridor": "Sanchez St", "Limits": "16th St  -  17th St", "BlockSide": "East", "WeekDay": "Fri", "FromHour": "6", "ToHour": "8", "Week1": "1", "Week2": "1", "Week3": "1", "Week4": "1", "Week5": "1", "Holidays": "0"}}, {"type": "Feature", "geometry": {"type": "LineString", "coordinates": [[-122.437342368028, 37.762386188406126], [-122.438418296309, 37.76232216686313]]}, "properties": {"Corridor": "17th St", "Limits": "Diamond St  -  Eureka St", "BlockSide": "North", "WeekDay": "Thu", "FromHour": "9", "ToHour": "11", "Week1": "1", "Week2": "1", "Week3": "1", "Week4": "1", "Week5": "1", "Holidays": "0"}}, {"type": "Feature", "geometry": {"type": "LineString", "coordinates": [[-122.42895027547488, 37.773247800795], [-122.42913856634289, 37.774181422682]]}, "properties": {"Corridor": "Webster St", "Limits": "Page St  -  Oak St", "BlockSide": "East", "WeekDay": "Fri", "FromHour": "12", "ToHour": "14", "Week1": "1", "Week2": "1", "Week3": "1", "Week4": "1", "Week5": "1", "Holidays": "0"}}, {"type": "Feature", "geometry": {"type": "LineString", "coordinates": [[-122.45339206174091, 37.768246025288], [-122.45320456319891, 37.767306895163]]}, "properties": {"Corridor": "Stanyan St", "Limits": "Waller St  -  Beulah St", "BlockSide": "West", "WeekDay": "Wed", "FromHour": "6", "ToHour": "8", "Week1": "1", "Week2": "1", "Week3": "1", "Week4": "1", "Week5": "1", "Holidays": "0"}}, {"type": "Feature", "geometry": {"type": "LineString", "coordinates": [[-122.43654701113685, 37.777068080246], [-122.43673640960786, 37.778006397893]]}, "properties": {"Corridor": "Scott St", "Limits": "Fulton St  -  McAllister St", "BlockSide": "West", "WeekDay": "Fri", "FromHour": "12", "ToHour": "14", "Week1": "1", "Week2": "1", "Week3": "1", "Week4": "1", "Week5": "1", "Holidays": "0"}}, {"type": "Feature", "geometry": {"type": "LineString", "coordinates": [[-122.427724045548, 37.775285868756875], [-122.429365860021, 37.77507973915687]]}, "properties": {"Corridor": "Fell St", "Limits": "Buchanan St  -  Webster St", "BlockSide": "South", "WeekDay": "Thu", "FromHour": "8", "ToHour": "10", "Week1": "1", "Week2": "1", "Week3": "1", "Week4": "1", "Week5": "1", "Holidays": "0"}}, {"type": "Feature", "geometry": {"type": "LineString", "coordinates": [[-122.44091838379418, 37.779364139444], [-122.44110906440618, 37.78029273919]]}, "properties": {"Corridor": "Saint Joseph's Ave", "Limits": "Turk St  -  Eddy St", "BlockSide": "East", "WeekDay": "Wed", "FromHour": "9", "ToHour": "11", "Week1": "1", "Week2": "1", "Week3": "1", "Week4": "1", "Week5": "1", "Holidays": "0"}}, {"type": "Feature", "geometry": {"type": "LineString", "coordinates": [[-122.43402261712735, 37.76255082463], [-122.43386380924835, 37.760954739091]]}, "properties": {"Corridor": "Hartford St", "Limits": "17th St  -  18th St", "BlockSide": "East", "WeekDay": "Fri", "FromHour": "8", "ToHour": "10", "Week1": "1", "Week2": "1", "Week3": "1", "Week4": "1", "Week5": "1", "Holidays": "0"}}, {"type": "Feature", "geometry": {"type": "LineString", "coordinates": [[-122.4482341820414, 37.764196132275], [-122.44806966444241, 37.763367231799]]}, "properties": {"Corridor": "Belvedere St", "Limits": "Grattan St  -  Alma St", "BlockSide": "East", "WeekDay": "Wed", "FromHour": "9", "ToHour": "11", "Week1": "1", "Week2": "0", "Week3": "0", "Week4": "0", "Week5": "0", "Holidays": "0"}}, {"type": "Feature", "geometry": {"type": "LineString", "coordinates": [[-122.446091727153, 37.773903930856875], [-122.447687958531, 37.77370132773587]]}, "properties": {"Corridor": "Hayes St", "Limits": "Masonic Ave  -  Ashbury St", "BlockSide": "South", "WeekDay": "Tues", "FromHour": "8", "ToHour": "10", "Week1": "1", "Week2": "1", "Week3": "1", "Week4": "1", "Week5": "1", "Holidays": "0"}}, {"type": "Feature", "geometry": {"type": "LineString", "coordinates": [[-122.44752796660397, 37.768969439018], [-122.44716908871497, 37.767194246872], [-122.44715941480598, 37.767110558401]]}, "properties": {"Corridor": "Downey St", "Limits": "Waller St  -  Frederick St", "BlockSide": "East", "WeekDay": "Fri", "FromHour": "8", "ToHour": "10", "Week1": "1", "Week2": "1", "Week3": "1", "Week4": "1", "Week5": "1", "Holidays": "0"}}, {"type": "Feature", "geometry": {"type": "LineString", "coordinates": [[-122.449645156134, 37.76969330989013], [-122.450216975604, 37.76962038589813]]}, "properties": {"Corridor": "Haight St", "Limits": "Belvedere St  -  Cole St", "BlockSide": "North", "WeekDay": "Fri", "FromHour": "7", "ToHour": "9", "Week1": "1", "Week2": "1", "Week3": "1", "Week4": "1", "Week5": "1", "Holidays": "0"}}, {"type": "Feature", "geometry": {"type": "LineString", "coordinates": [[-122.445583810725, 37.78128924705787], [-122.447517982987, 37.78103807020187]]}, "properties": {"Corridor": "O'Farrell St", "Limits": "Anzavista Ave  -  Anza St", "BlockSide": "South", "WeekDay": "Tues", "FromHour": "9", "ToHour": "11", "Week1": "1", "Week2": "1", "Week3": "1", "Week4": "1", "Week5": "1", "Holidays": "0"}}, {"type": "Feature", "geometry": {"type": "LineString", "coordinates": [[-122.44899920403518, 37.760851404087], [-122.44885594534018, 37.760141490582]]}, "properties": {"Corridor": "Cole St", "Limits": "Carmel St  -  End: 1500-1599 Block", "BlockSide": "West", "WeekDay": "Wed", "FromHour": "9", "ToHour": "11", "Week1": "1", "Week2": "0", "Week3": "0", "Week4": "0", "Week5": "0", "Holidays": "0"}}, {"type": "Feature", "geometry": {"type": "LineString", "coordinates": [[-122.43228920050022, 37.781428371173], [-122.43247560238922, 37.782349635153]]}, "properties": {"Corridor": "Fillmore St", "Limits": "Eddy St  -  Ellis St", "BlockSide": "East", "WeekDay": "Tues", "FromHour": "6", "ToHour": "8", "Week1": "0", "Week2": "1", "Week3": "0", "Week4": "1", "Week5": "0", "Holidays": "0"}}, {"type": "Feature", "geometry": {"type": "LineString", "coordinates": [[-122.45209499500388, 37.770312752544], [-122.45190550166288, 37.769378663625]]}, "properties": {"Corridor": "Shrader St", "Limits": "Page St  -  Haight St", "BlockSide": "West", "WeekDay": "Wed", "FromHour": "8", "ToHour": "10", "Week1": "1", "Week2": "1", "Week3": "1", "Week4": "1", "Week5": "1", "Holidays": "0"}}, {"type": "Feature", "geometry": {"type": "LineString", "coordinates": [[-122.45846290215, 37.77564986859513], [-122.459588500206, 37.77559790061413]]}, "properties": {"Corridor": "Cabrillo St", "Limits": "Arguello Blvd  -  02nd Ave", "BlockSide": "North", "WeekDay": "Fri", "FromHour": "9", "ToHour": "11", "Week1": "0", "Week2": "1", "Week3": "0", "Week4": "1", "Week5": "0", "Holidays": "0"}}, {"type": "Feature", "geometry": {"type": "LineString", "coordinates": [[-122.43877996364716, 37.779659630005], [-122.43885155748917, 37.779730861051], [-122.43900391313618, 37.780511818875], [-122.43896653542917, 37.78058848642]]}, "properties": {"Corridor": "Divisadero St", "Limits": "Turk St  -  Eddy St", "BlockSide": "West", "WeekDay": "Fri", "FromHour": "6", "ToHour": "8", "Week1": "1", "Week2": "1", "Week3": "1", "Week4": "1", "Week5": "1", "Holidays": "0"}}, {"type": "Feature", "geometry": {"type": "LineString", "coordinates": [[-122.43929704392298, 37.760626722992], [-122.43921671435997, 37.759807649443]]}, "properties": {"Corridor": "Douglass St", "Limits": "18th St  -  Caselli Ave", "BlockSide": "East", "WeekDay": "Wed", "FromHour": "8", "ToHour": "10", "Week1": "1", "Week2": "1", "Week3": "1", "Week4": "1", "Week5": "1", "Holidays": "0"}}, {"type": "Feature", "geometry": {"type": "LineString", "coordinates": [[-122.44786356445734, 37.766072215347], [-122.44767440063033, 37.765138734432]]}, "properties": {"Corridor": "Clayton St", "Limits": "Carl St  -  Parnassus Ave", "BlockSide": "West", "WeekDay": "Tues", "FromHour": "8", "ToHour": "10", "Week1": "1", "Week2": "1", "Week3": "1", "Week4": "1", "Week5": "1", "Holidays": "0"}}, {"type": "Feature", "geometry": {"type": "LineString", "coordinates": [[-122.45575110829098, 37.783978891051], [-122.45556376658998, 37.78143114023]]}, "properties": {"Corridor": "Commonwealth Ave", "Limits": "Euclid Ave  -  Geary Blvd", "BlockSide": "West", "WeekDay": "Fri", "FromHour": "7", "ToHour": "9", "Week1": "1", "Week2": "0", "Week3": "1", "Week4": "0", "Week5": "0", "Holidays": "0"}}, {"type": "Feature", "geometry": {"type": "LineString", "coordinates": [[-122.43654849259563, 37.769000802609], [-122.43680916833463, 37.770342897054]]}, "properties": {"Corridor": "Divisadero St", "Limits": "Duboce Ave  -  Castro St", "BlockSide": "East", "WeekDay": "Fri", "FromHour": "12", "ToHour": "14", "Week1": "1", "Week2": "1", "Week3": "1", "Week4": "1", "Week5": "1", "Holidays": "0"}}, {"type": "Feature", "geometry": {"type": "LineString", "coordinates": [[-122.458998400743, 37.783220105807125], [-122.460137198557, 37.78316792929413]]}, "properties": {"Corridor": "Clement St", "Limits": "Arguello Blvd  -  02nd Ave", "BlockSide": "North", "WeekDay": "Fri", "FromHour": "7", "ToHour": "8", "Week1": "0", "Week2": "1", "Week3": "0", "Week4": "1", "Week5": "1", "Holidays": "0"}}, {"type": "Feature", "geometry": {"type": "LineString", "coordinates": [[-122.43783852464256, 37.774991947847], [-122.43790681467355, 37.775064840939], [-122.43806786133256, 37.775845795968], [-122.43802962577755, 37.775925405585]]}, "properties": {"Corridor": "Divisadero St", "Limits": "Hayes St  -  Grove St", "BlockSide": "West", "WeekDay": "Wed", "FromHour": "6", "ToHour": "8", "Week1": "1", "Week2": "1", "Week3": "1", "Week4": "1", "Week5": "1", "Holidays": "0"}}, {"type": "Feature", "geometry": {"type": "LineString", "coordinates": [[-122.443836148842, 37.77138955421913], [-122.44553527769, 37.771173374616126]]}, "properties": {"Corridor": "Page St", "Limits": "Central Ave  -  Masonic Ave", "BlockSide": "North", "WeekDay": "Tues", "FromHour": "12", "ToHour": "14", "Week1": "1", "Week2": "1", "Week3": "1", "Week4": "1", "Week5": "1", "Holidays": "0"}}, {"type": "Feature", "geometry": {"type": "LineString", "coordinates": [[-122.44801440072204, 37.762684473965], [-122.44782012213004, 37.761726419443]]}, "properties": {"Corridor": "Belvedere St", "Limits": "Rivoli St  -  17th St", "BlockSide": "West", "WeekDay": "Tues", "FromHour": "8", "ToHour": "10", "Week1": "1", "Week2": "0", "Week3": "0", "Week4": "0", "Week5": "0", "Holidays": "0"}}, {"type": "Feature", "geometry": {"type": "LineString", "coordinates": [[-122.45313060692803, 37.781717428504], [-122.45285573671303, 37.780363045152]]}, "properties": {"Corridor": "Spruce St", "Limits": "Geary Blvd  -  Anza St", "BlockSide": "East", "WeekDay": "Wed", "FromHour": "8", "ToHour": "10", "Week1": "1", "Week2": "1", "Week3": "1", "Week4": "1", "Week5": "1", "Holidays": "0"}}, {"type": "Feature", "geometry": {"type": "LineString", "coordinates": [[-122.427016756932, 37.780224471724125], [-122.43023323633, 37.77981423520413]]}, "properties": {"Corridor": "Golden Gate Ave", "Limits": "Laguna St  -  Webster St", "BlockSide": "North", "WeekDay": "Thu", "FromHour": "12", "ToHour": "14", "Week1": "1", "Week2": "1", "Week3": "1", "Week4": "1", "Week5": "1", "Holidays": "0"}}, {"type": "Feature", "geometry": {"type": "LineString", "coordinates": [[-122.44035697471261, 37.779438637103], [-122.44054953810762, 37.78037272194]]}, "properties": {"Corridor": "Broderick St", "Limits": "Turk St  -  Eddy St", "BlockSide": "East", "WeekDay": "Fri", "FromHour": "12", "ToHour": "14", "Week1": "1", "Week2": "1", "Week3": "1", "Week4": "1", "Week5": "1", "Holidays": "0"}}, {"type": "Feature", "geometry": {"type": "LineString", "coordinates": [[-122.457789624038, 37.76598332644787], [-122.457976967117, 37.76599766775587], [-122.458567955938, 37.76618924900387], [-122.458825226796, 37.766184979837874], [-122.458946891225, 37.76622416470887]]}, "properties": {"Corridor": "Lincoln Way", "Limits": "Arguello Blvd  -  02nd Ave", "BlockSide": "South", "WeekDay": "Tues", "FromHour": "11", "ToHour": "13", "Week1": "1", "Week2": "0", "Week3": "1", "Week4": "0", "Week5": "0", "Holidays": "0"}}, {"type": "Feature", "geometry": {"type": "LineString", "coordinates": [[-122.43138442355, 37.77672823683587], [-122.43302849886, 37.77651868110187]]}, "properties": {"Corridor": "Grove St", "Limits": "Fillmore St  -  Steiner St", "BlockSide": "South", "WeekDay": "Thu", "FromHour": "12", "ToHour": "14", "Week1": "1", "Week2": "1", "Week3": "1", "Week4": "1", "Week5": "1", "Holidays": "0"}}, {"type": "Feature", "geometry": {"type": "LineString", "coordinates": [[-122.434062387332, 37.76251938373887], [-122.434939552916, 37.76247087197687], [-122.435187962327, 37.76263926688287]]}, "properties": {"Corridor": "17th St", "Limits": "Hartford St  -  Market St", "BlockSide": "South", "WeekDay": "Thu", "FromHour": "6", "ToHour": "8", "Week1": "1", "Week2": "1", "Week3": "1", "Week4": "1", "Week5": "1", "Holidays": "0"}}, {"type": "Feature", "geometry": {"type": "LineString", "coordinates": [[-122.437298719291, 37.76186403367987], [-122.437397842932, 37.76181099444787], [-122.437847359029, 37.76172945802987], [-122.438236560513, 37.76165979927687], [-122.438362146212, 37.76167235875787]]}, "properties": {"Corridor": "Market St", "Limits": "Diamond St  -  Eureka St", "BlockSide": "South", "WeekDay": "Fri", "FromHour": "12", "ToHour": "14", "Week1": "1", "Week2": "1", "Week3": "1", "Week4": "1", "Week5": "1", "Holidays": "0"}}, {"type": "Feature", "geometry": {"type": "LineString", "coordinates": [[-122.43218017019703, 37.780496260511], [-122.43236876207503, 37.781428371173]]}, "properties": {"Corridor": "Fillmore St", "Limits": "Turk St  -  Eddy St", "BlockSide": "West", "WeekDay": "Mon", "FromHour": "6", "ToHour": "8", "Week1": "0", "Week2": "1", "Week3": "0", "Week4": "1", "Week5": "0", "Holidays": "0"}}, {"type": "Feature", "geometry": {"type": "LineString", "coordinates": [[-122.428990052113, 37.77321635990387], [-122.43062908467, 37.773007858343874]]}, "properties": {"Corridor": "Page St", "Limits": "Webster St  -  Fillmore St", "BlockSide": "South", "WeekDay": "Thu", "FromHour": "9", "ToHour": "11", "Week1": "1", "Week2": "1", "Week3": "1", "Week4": "1", "Week5": "1", "Holidays": "0"}}, {"type": "Feature", "geometry": {"type": "LineString", "coordinates": [[-122.431198609255, 37.775802900986875], [-122.432829728662, 37.77559464777287]]}, "properties": {"Corridor": "Hayes St", "Limits": "Fillmore St  -  Steiner St", "BlockSide": "South", "WeekDay": "Thu", "FromHour": "9", "ToHour": "11", "Week1": "1", "Week2": "1", "Week3": "1", "Week4": "1", "Week5": "1", "Holidays": "0"}}, {"type": "Feature", "geometry": {"type": "LineString", "coordinates": [[-122.43708538784392, 37.771267424403], [-122.43714367805292, 37.771335099137], [-122.43730329633291, 37.772124541757], [-122.43727470722592, 37.772203712438]]}, "properties": {"Corridor": "Divisadero St", "Limits": "Haight St  -  Page St", "BlockSide": "West", "WeekDay": "Wed", "FromHour": "12", "ToHour": "14", "Week1": "1", "Week2": "1", "Week3": "1", "Week4": "1", "Week5": "1", "Holidays": "0"}}, {"type": "Feature", "geometry": {"type": "LineString", "coordinates": [[-122.428278231632, 37.76052244827713], [-122.430497033158, 37.76038874612713]]}, "properties": {"Corridor": "Hancock St", "Limits": "Church St  -  Sanchez St", "BlockSide": "North", "WeekDay": "Thu", "FromHour": "12", "ToHour": "14", "Week1": "1", "Week2": "1", "Week3": "1", "Week4": "1", "Week5": "1", "Holidays": "0"}}, {"type": "Feature", "geometry": {"type": "LineString", "coordinates": [[-122.445820511205, 37.782519472987126], [-122.445938826938, 37.78260234991813], [-122.447301513476, 37.78242308297513]]}, "properties": {"Corridor": "Geary Blvd", "Limits": "Presidio Ave  -  Masonic Ave", "BlockSide": "North", "WeekDay": "Thu", "FromHour": "6", "ToHour": "8", "Week1": "1", "Week2": "1", "Week3": "1", "Week4": "1", "Week5": "1", "Holidays": "0"}}, {"type": "Feature", "geometry": {"type": "LineString", "coordinates": [[-122.430901634069, 37.778741946537], [-122.431763220093, 37.778632037466]]}, "properties": {"Corridor": "McAllister St", "Limits": "Friendship Ct  -  Fillmore St", "BlockSide": "", "WeekDay": "Thu", "FromHour": "12", "ToHour": "14", "Week1": "1", "Week2": "1", "Week3": "1", "Week4": "1", "Week5": "1", "Holidays": "0"}}, {"type": "Feature", "geometry": {"type": "LineString", "coordinates": [[-122.443865815495, 37.76750441118287], [-122.444731540167, 37.76739443522287]]}, "properties": {"Corridor": "Frederick St", "Limits": "Buena Vista West Ave  -  Masonic Ave", "BlockSide": "South", "WeekDay": "Tues", "FromHour": "8", "ToHour": "10", "Week1": "1", "Week2": "1", "Week3": "1", "Week4": "1", "Week5": "1", "Holidays": "0"}}, {"type": "Feature", "geometry": {"type": "LineString", "coordinates": [[-122.45393057985527, 37.77107606965212], [-122.45382924153527, 37.77113591341612], [-122.45340345057028, 37.77118588233912], [-122.45333507607627, 37.771221934608114], [-122.45330520693727, 37.77126992793412], [-122.45329952414528, 37.77132702023212], [-122.45332325655427, 37.77141242216712]]}, "properties": {"Corridor": "Oak Access Rd", "Limits": "Stanyan St  -  Oak St", "BlockSide": "NorthWest", "WeekDay": "Mon", "FromHour": "7", "ToHour": "9", "Week1": "1", "Week2": "1", "Week3": "1", "Week4": "1", "Week5": "1", "Holidays": "0"}}, {"type": "Feature", "geometry": {"type": "LineString", "coordinates": [[-122.430433918182, 37.77213969923013], [-122.432092300989, 37.77192870668713]]}, "properties": {"Corridor": "Haight St", "Limits": "Fillmore St  -  Steiner St", "BlockSide": "North", "WeekDay": "Tues", "FromHour": "8", "ToHour": "10", "Week1": "1", "Week2": "1", "Week3": "1", "Week4": "1", "Week5": "1", "Holidays": "0"}}, {"type": "Feature", "geometry": {"type": "LineString", "coordinates": [[-122.45532052994417, 37.78145866084], [-122.45505708913518, 37.780174974187], [-122.45485800974618, 37.780116945113]]}, "properties": {"Corridor": "Beaumont Ave", "Limits": "Geary Blvd  -  Anza St", "BlockSide": "West", "WeekDay": "Fri", "FromHour": "8", "ToHour": "10", "Week1": "1", "Week2": "1", "Week3": "1", "Week4": "1", "Week5": "1", "Holidays": "0"}}, {"type": "Feature", "geometry": {"type": "LineString", "coordinates": [[-122.43912837720855, 37.772921981549], [-122.43931657530555, 37.773847120046]]}, "properties": {"Corridor": "Broderick St", "Limits": "Oak St  -  Fell St", "BlockSide": "West", "WeekDay": "Wed", "FromHour": "12", "ToHour": "14", "Week1": "1", "Week2": "1", "Week3": "1", "Week4": "1", "Week5": "1", "Holidays": "0"}}, {"type": "Feature", "geometry": {"type": "LineString", "coordinates": [[-122.440396754682, 37.77947007799413], [-122.440958163722, 37.77939558033513]]}, "properties": {"Corridor": "Turk St", "Limits": "Broderick St  -  Saint Joseph's Ave", "BlockSide": "North", "WeekDay": "Tues", "FromHour": "8", "ToHour": "10", "Week1": "1", "Week2": "1", "Week3": "1", "Week4": "1", "Week5": "1", "Holidays": "0"}}, {"type": "Feature", "geometry": {"type": "LineString", "coordinates": [[-122.456295739929, 37.781412723382125], [-122.456396055911, 37.78147804880513], [-122.456629211101, 37.78147058292913]]}, "properties": {"Corridor": "Geary Blvd", "Limits": "Stanyan St  -  Jordan Ave", "BlockSide": "North", "WeekDay": "Tues", "FromHour": "6", "ToHour": "8", "Week1": "1", "Week2": "1", "Week3": "1", "Week4": "1", "Week5": "1", "Holidays": "0"}}, {"type": "Feature", "geometry": {"type": "LineString", "coordinates": [[-122.458276582483, 37.76724850189987], [-122.458545438754, 37.76716997243887], [-122.458637161229, 37.767168559470875]]}, "properties": {"Corridor": "Kezar Dr", "Limits": "Arguello Blvd  -  Martin Luther King Jr Dr", "BlockSide": "South", "WeekDay": "Wed", "FromHour": "6", "ToHour": "8", "Week1": "1", "Week2": "1", "Week3": "1", "Week4": "1", "Week5": "1", "Holidays": "0"}}, {"type": "Feature", "geometry": {"type": "LineString", "coordinates": [[-122.452963825253, 37.77571868843587], [-122.454764269603, 37.775495359208875]]}, "properties": {"Corridor": "McAllister St", "Limits": "Parker Ave  -  Stanyan St", "BlockSide": "South", "WeekDay": "Wed", "FromHour": "8", "ToHour": "10", "Week1": "1", "Week2": "1", "Week3": "1", "Week4": "1", "Week5": "1", "Holidays": "0"}}, {"type": "Feature", "geometry": {"type": "LineString", "coordinates": [[-122.448683318517, 37.77740145153487], [-122.449570826213, 37.77728730814587]]}, "properties": {"Corridor": "Golden Gate Ave", "Limits": "Tamalpais Ter  -  Roselyn Ter", "BlockSide": "South", "WeekDay": "Wed", "FromHour": "6", "ToHour": "8", "Week1": "1", "Week2": "1", "Week3": "1", "Week4": "1", "Week5": "1", "Holidays": "0"}}, {"type": "Feature", "geometry": {"type": "LineString", "coordinates": [[-122.443831200101, 37.781903082281126], [-122.444262125821, 37.781807146986125], [-122.444609593014, 37.781669344002125], [-122.444945529933, 37.78150589025213], [-122.445282742843, 37.78139122311613], [-122.445583810725, 37.781352128840126]]}, "properties": {"Corridor": "O'Farrell St", "Limits": "Lyon St  -  Anzavista Ave", "BlockSide": "North", "WeekDay": "Tues", "FromHour": "6", "ToHour": "8", "Week1": "1", "Week2": "0", "Week3": "1", "Week4": "0", "Week5": "0", "Holidays": "0"}}, {"type": "Feature", "geometry": {"type": "LineString", "coordinates": [[-122.43888697475215, 37.78058848642], [-122.43885005141915, 37.780664201008], [-122.43901068146414, 37.781468804506], [-122.43907415565414, 37.781520352742]]}, "properties": {"Corridor": "Divisadero St", "Limits": "Eddy St  -  Ellis St", "BlockSide": "East", "WeekDay": "Tues", "FromHour": "6", "ToHour": "8", "Week1": "1", "Week2": "1", "Week3": "1", "Week4": "1", "Week5": "1", "Holidays": "0"}}, {"type": "Feature", "geometry": {"type": "LineString", "coordinates": [[-122.439297624947, 37.78248192172113], [-122.440963130282, 37.78227067132413]]}, "properties": {"Corridor": "O'Farrell St", "Limits": "Divisadero St  -  Broderick St", "BlockSide": "North", "WeekDay": "Tues", "FromHour": "6", "ToHour": "8", "Week1": "0", "Week2": "1", "Week3": "0", "Week4": "1", "Week5": "0", "Holidays": "0"}}, {"type": "Feature", "geometry": {"type": "LineString", "coordinates": [[-122.43097176075202, 37.774902830944], [-122.43115883172702, 37.775834341878]]}, "properties": {"Corridor": "Fillmore St", "Limits": "Fell St  -  Hayes St", "BlockSide": "East", "WeekDay": "Wed", "FromHour": "8", "ToHour": "10", "Week1": "1", "Week2": "1", "Week3": "1", "Week4": "1", "Week5": "1", "Holidays": "0"}}, {"type": "Feature", "geometry": {"type": "LineString", "coordinates": [[-122.43945155250513, 37.762226867148], [-122.43937408175712, 37.761424566335]]}, "properties": {"Corridor": "Douglass St", "Limits": "17th St  -  Market St", "BlockSide": "East", "WeekDay": "Wed", "FromHour": "12", "ToHour": "14", "Week1": "1", "Week2": "1", "Week3": "1", "Week4": "1", "Week5": "1", "Holidays": "0"}}, {"type": "Feature", "geometry": {"type": "LineString", "coordinates": [[-122.448063773939, 37.782514042424125], [-122.448988953556, 37.78239133186913], [-122.449079404319, 37.78234581466113]]}, "properties": {"Corridor": "Geary Blvd", "Limits": "Emerson St  -  Wood St", "BlockSide": "North", "WeekDay": "Thu", "FromHour": "6", "ToHour": "8", "Week1": "1", "Week2": "1", "Week3": "1", "Week4": "1", "Week5": "1", "Holidays": "0"}}, {"type": "Feature", "geometry": {"type": "LineString", "coordinates": [[-122.445544776181, 37.76735460307613], [-122.446369258862, 37.767251697437125]]}, "properties": {"Corridor": "Frederick St", "Limits": "Delmar St  -  Ashbury St", "BlockSide": "North", "WeekDay": "Mon", "FromHour": "8", "ToHour": "10", "Week1": "1", "Week2": "1", "Week3": "1", "Week4": "1", "Week5": "1", "Holidays": "0"}}, {"type": "Feature", "geometry": {"type": "LineString", "coordinates": [[-122.454818229412, 37.78014838600413], [-122.455566979892, 37.78004907560613], [-122.455843129616, 37.77997292837913]]}, "properties": {"Corridor": "Anza St", "Limits": "Beaumont Ave  -  Stanyan St", "BlockSide": "North", "WeekDay": "Fri", "FromHour": "8", "ToHour": "10", "Week1": "1", "Week2": "1", "Week3": "1", "Week4": "1", "Week5": "1", "Holidays": "0"}}, {"type": "Feature", "geometry": {"type": "LineString", "coordinates": [[-122.43732711723774, 37.76724416190812], [-122.43731995271575, 37.76706805840212], [-122.43731672445675, 37.76694427860212], [-122.43736192353475, 37.76678440396912], [-122.43751351848775, 37.76666655489712], [-122.43771285090975, 37.766609347352116], [-122.43790749801275, 37.76663302742612], [-122.43824774932774, 37.76672363134412], [-122.43831950685075, 37.76674801252412]]}, "properties": {"Corridor": "Roosevelt Way", "Limits": "14th St  -  Buena Vista Ter", "BlockSide": "NorthWest", "WeekDay": "Mon", "FromHour": "10", "ToHour": "12", "Week1": "1", "Week2": "1", "Week3": "1", "Week4": "1", "Week5": "1", "Holidays": "0"}}, {"type": "Feature", "geometry": {"type": "LineString", "coordinates": [[-122.430609199213, 37.78161414350187], [-122.432328981537, 37.78139693028187]]}, "properties": {"Corridor": "Eddy St", "Limits": "Webster St  -  Fillmore St", "BlockSide": "South", "WeekDay": "Tues", "FromHour": "9", "ToHour": "11", "Week1": "1", "Week2": "1", "Week3": "1", "Week4": "1", "Week5": "1", "Holidays": "0"}}, {"type": "Feature", "geometry": {"type": "LineString", "coordinates": [[-122.451119860207, 37.782015556869126], [-122.451233239985, 37.78208233703613], [-122.452061246566, 37.781978299573126], [-122.452143124058, 37.78188473273113]]}, "properties": {"Corridor": "Geary Blvd", "Limits": "Blake St  -  Cook St", "BlockSide": "North", "WeekDay": "Tues", "FromHour": "6", "ToHour": "8", "Week1": "1", "Week2": "1", "Week3": "1", "Week4": "1", "Week5": "1", "Holidays": "0"}}, {"type": "Feature", "geometry": {"type": "LineString", "coordinates": [[-122.44844097576, 37.76500446724587], [-122.449769713481, 37.76483501226287]]}, "properties": {"Corridor": "Parnassus Ave", "Limits": "Belvedere St  -  Cole St", "BlockSide": "South", "WeekDay": "Thu", "FromHour": "9", "ToHour": "11", "Week1": "1", "Week2": "0", "Week3": "0", "Week4": "0", "Week5": "0", "Holidays": "0"}}, {"type": "Feature", "geometry": {"type": "LineString", "coordinates": [[-122.438452306685, 37.78252694137587], [-122.439297624947, 37.78241903993887]]}, "properties": {"Corridor": "O'Farrell St", "Limits": "Beideman St  -  Divisadero St", "BlockSide": "South", "WeekDay": "Thu", "FromHour": "12", "ToHour": "14", "Week1": "1", "Week2": "1", "Week3": "1", "Week4": "1", "Week5": "1", "Holidays": "0"}}, {"type": "Feature", "geometry": {"type": "LineString", "coordinates": [[-122.43496093181685, 37.760888933087], [-122.43481391203986, 37.759289170835]]}, "properties": {"Corridor": "Castro St", "Limits": "18th St  -  19th St", "BlockSide": "East", "WeekDay": "Tues", "FromHour": "6", "ToHour": "8", "Week1": "1", "Week2": "1", "Week3": "1", "Week4": "1", "Week5": "1", "Holidays": "0"}}, {"type": "Feature", "geometry": {"type": "LineString", "coordinates": [[-122.43223974530741, 37.764288965369], [-122.43208428552941, 37.762668127423]]}, "properties": {"Corridor": "Pond St", "Limits": "16th St  -  17th St", "BlockSide": "East", "WeekDay": "Tues", "FromHour": "9", "ToHour": "11", "Week1": "1", "Week2": "1", "Week3": "1", "Week4": "1", "Week5": "1", "Holidays": "0"}}, {"type": "Feature", "geometry": {"type": "LineString", "coordinates": [[-122.451869239684, 37.780461299601875], [-122.452895517293, 37.78033160426087]]}, "properties": {"Corridor": "Anza St", "Limits": "Cook St  -  Spruce St", "BlockSide": "South", "WeekDay": "Mon", "FromHour": "6", "ToHour": "8", "Week1": "1", "Week2": "1", "Week3": "1", "Week4": "1", "Week5": "1", "Holidays": "0"}}, {"type": "Feature", "geometry": {"type": "LineString", "coordinates": [[-122.44758032487309, 37.785083635203], [-122.44753876812209, 37.784998355221], [-122.44750985394909, 37.784906799064], [-122.4471096542321, 37.783030677643], [-122.44713325224109, 37.782710075648], [-122.4471858410211, 37.782575775436], [-122.4472617314801, 37.782391642084]]}, "properties": {"Corridor": "Masonic Ave", "Limits": "Euclid Ave  -  Geary Blvd", "BlockSide": "East", "WeekDay": "Fri", "FromHour": "6", "ToHour": "8", "Week1": "0", "Week2": "1", "Week3": "0", "Week4": "1", "Week5": "0", "Holidays": "0"}}, {"type": "Feature", "geometry": {"type": "LineString", "coordinates": [[-122.44354669931516, 37.778089213476], [-122.44373888897417, 37.779038018823]]}, "properties": {"Corridor": "Lyon St", "Limits": "Golden Gate Ave  -  Turk Blvd", "BlockSide": "West", "WeekDay": "Wed", "FromHour": "12", "ToHour": "14", "Week1": "1", "Week2": "1", "Week3": "1", "Week4": "1", "Week5": "1", "Holidays": "0"}}, {"type": "Feature", "geometry": {"type": "LineString", "coordinates": [[-122.43274596158017, 37.783292591474], [-122.43295403032516, 37.78435505664]]}, "properties": {"Corridor": "Fillmore St", "Limits": "O'Farrell St  -  Geary Blvd", "BlockSide": "West", "WeekDay": "Mon", "FromHour": "6", "ToHour": "8", "Week1": "0", "Week2": "1", "Week3": "0", "Week4": "1", "Week5": "0", "Holidays": "0"}}, {"type": "Feature", "geometry": {"type": "LineString", "coordinates": [[-122.45796259982946, 37.78387431188], [-122.45777282494646, 37.781314586071]]}, "properties": {"Corridor": "Palm Ave", "Limits": "Euclid Ave  -  Geary Blvd", "BlockSide": "West", "WeekDay": "Tues", "FromHour": "7", "ToHour": "9", "Week1": "1", "Week2": "0", "Week3": "1", "Week4": "0", "Week5": "0", "Holidays": "0"}}, {"type": "Feature", "geometry": {"type": "LineString", "coordinates": [[-122.430433918182, 37.772076817447875], [-122.432092300989, 37.77186582490487]]}, "properties": {"Corridor": "Haight St", "Limits": "Fillmore St  -  Steiner St", "BlockSide": "South", "WeekDay": "Fri", "FromHour": "8", "ToHour": "10", "Week1": "1", "Week2": "1", "Week3": "1", "Week4": "1", "Week5": "1", "Holidays": "0"}}, {"type": "Feature", "geometry": {"type": "LineString", "coordinates": [[-122.457745825441, 37.77951021135913], [-122.458559579336, 37.77940475039113], [-122.4587316232, 37.779364599827126]]}, "properties": {"Corridor": "Anza St", "Limits": "Almaden Ct  -  Arguello Blvd", "BlockSide": "North", "WeekDay": "Fri", "FromHour": "8", "ToHour": "10", "Week1": "1", "Week2": "1", "Week3": "1", "Week4": "1", "Week5": "1", "Holidays": "0"}}, {"type": "Feature", "geometry": {"type": "LineString", "coordinates": [[-122.45480404697696, 37.7755268001], [-122.45470755719995, 37.774964671928], [-122.45472242539496, 37.774755484817]]}, "properties": {"Corridor": "Stanyan St", "Limits": "McAllister St  -  Fulton St", "BlockSide": "West", "WeekDay": "Wed", "FromHour": "6", "ToHour": "8", "Week1": "1", "Week2": "1", "Week3": "1", "Week4": "1", "Week5": "1", "Holidays": "0"}}, {"type": "Feature", "geometry": {"type": "LineString", "coordinates": [[-122.44780219477, 37.77751476684687], [-122.448683318517, 37.77740145153487]]}, "properties": {"Corridor": "Golden Gate Ave", "Limits": "Annapolis Ter  -  Tamalpais Ter", "BlockSide": "South", "WeekDay": "Wed", "FromHour": "6", "ToHour": "8", "Week1": "1", "Week2": "1", "Week3": "1", "Week4": "1", "Week5": "1", "Holidays": "0"}}, {"type": "Feature", "geometry": {"type": "LineString", "coordinates": [[-122.45653672278418, 37.779695338062], [-122.45633845630418, 37.778717899764]]}, "properties": {"Corridor": "Rossi Ave", "Limits": "Anza St  -  Lone Mountain Ter", "BlockSide": "West", "WeekDay": "Thu", "FromHour": "9", "ToHour": "11", "Week1": "1", "Week2": "1", "Week3": "1", "Week4": "1", "Week5": "1", "Holidays": "0"}}, {"type": "Feature", "geometry": {"type": "LineString", "coordinates": [[-122.435813741919, 37.781908883595875], [-122.437446430569, 37.78169563840887]]}, "properties": {"Corridor": "Ellis St", "Limits": "Pierce St  -  Scott St", "BlockSide": "South", "WeekDay": "Fri", "FromHour": "6", "ToHour": "8", "Week1": "1", "Week2": "0", "Week3": "1", "Week4": "0", "Week5": "0", "Holidays": "0"}}, {"type": "Feature", "geometry": {"type": "LineString", "coordinates": [[-122.45850267971055, 37.775618427704], [-122.45847504989455, 37.77523976338]]}, "properties": {"Corridor": "Arguello Blvd", "Limits": "Cabrillo St  -  McAllister St", "BlockSide": "West", "WeekDay": "Tues", "FromHour": "8", "ToHour": "10", "Week1": "1", "Week2": "0", "Week3": "1", "Week4": "0", "Week5": "0", "Holidays": "0"}}, {"type": "Feature", "geometry": {"type": "LineString", "coordinates": [[-122.432648622334, 37.77472410139013], [-122.434294284892, 37.77450725765513]]}, "properties": {"Corridor": "Fell St", "Limits": "Steiner St  -  Pierce St", "BlockSide": "North", "WeekDay": "Tues", "FromHour": "12", "ToHour": "14", "Week1": "1", "Week2": "1", "Week3": "1", "Week4": "1", "Week5": "1", "Holidays": "0"}}, {"type": "Feature", "geometry": {"type": "LineString", "coordinates": [[-122.443506920068, 37.77805777258487], [-122.445155752658, 37.77785506577787]]}, "properties": {"Corridor": "Golden Gate Ave", "Limits": "Lyon St  -  Central Ave", "BlockSide": "South", "WeekDay": "Tues", "FromHour": "9", "ToHour": "11", "Week1": "1", "Week2": "1", "Week3": "1", "Week4": "1", "Week5": "1", "Holidays": "0"}}, {"type": "Feature", "geometry": {"type": "LineString", "coordinates": [[-122.43904882428744, 37.772921981549], [-122.43923702238445, 37.773847120046]]}, "properties": {"Corridor": "Broderick St", "Limits": "Oak St  -  Fell St", "BlockSide": "East", "WeekDay": "Fri", "FromHour": "12", "ToHour": "14", "Week1": "1", "Week2": "1", "Week3": "1", "Week4": "1", "Week5": "1", "Holidays": "0"}}, {"type": "Feature", "geometry": {"type": "LineString", "coordinates": [[-122.45802213494184, 37.785824278135], [-122.45788303578284, 37.78387431188]]}, "properties": {"Corridor": "Palm Ave", "Limits": "California St  -  Euclid Ave", "BlockSide": "East", "WeekDay": "Fri", "FromHour": "7", "ToHour": "9", "Week1": "1", "Week2": "0", "Week3": "1", "Week4": "0", "Week5": "0", "Holidays": "0"}}, {"type": "Feature", "geometry": {"type": "LineString", "coordinates": [[-122.454175993557, 37.781567380588875], [-122.454267483879, 37.781472378299874], [-122.455196475132, 37.78136601948887], [-122.45528074961, 37.781427219948874]]}, "properties": {"Corridor": "Geary Blvd", "Limits": "Parker Ave  -  Beaumont Ave", "BlockSide": "South", "WeekDay": "Fri", "FromHour": "6", "ToHour": "8", "Week1": "1", "Week2": "0", "Week3": "1", "Week4": "0", "Week5": "0", "Holidays": "0"}}, {"type": "Feature", "geometry": {"type": "LineString", "coordinates": [[-122.45708658132047, 37.778174291217], [-122.45704918839748, 37.778120521017], [-122.45690314638647, 37.777401923198]]}, "properties": {"Corridor": "Willard St North", "Limits": "Edward St  -  Turk Blvd", "BlockSide": "West", "WeekDay": "Thu", "FromHour": "9", "ToHour": "11", "Week1": "1", "Week2": "1", "Week3": "1", "Week4": "1", "Week5": "1", "Holidays": "0"}}, {"type": "Feature", "geometry": {"type": "LineString", "coordinates": [[-122.442127648396, 37.78156031626113], [-122.442510126409, 37.78153610907213], [-122.442972180435, 37.78149183838813]]}, "properties": {"Corridor": "Terra Vista Ave", "Limits": "Baker St  -  Fortuna Ave", "BlockSide": "North", "WeekDay": "Thu", "FromHour": "12", "ToHour": "14", "Week1": "1", "Week2": "1", "Week3": "1", "Week4": "1", "Week5": "1", "Holidays": "0"}}, {"type": "Feature", "geometry": {"type": "LineString", "coordinates": [[-122.44260462716531, 37.773424225375], [-122.4427946423253, 37.774358832264]]}, "properties": {"Corridor": "Lyon St", "Limits": "Fell St  -  Hayes St", "BlockSide": "West", "WeekDay": "Wed", "FromHour": "12", "ToHour": "14", "Week1": "1", "Week2": "1", "Week3": "1", "Week4": "1", "Week5": "1", "Holidays": "0"}}, {"type": "Feature", "geometry": {"type": "LineString", "coordinates": [[-122.449767079055, 37.77824556739987], [-122.450654812799, 37.77813315764787]]}, "properties": {"Corridor": "Turk Blvd", "Limits": "Roselyn Ter  -  Kittredge Ter", "BlockSide": "South", "WeekDay": "Tues", "FromHour": "9", "ToHour": "11", "Week1": "1", "Week2": "1", "Week3": "1", "Week4": "1", "Week5": "1", "Holidays": "0"}}, {"type": "Feature", "geometry": {"type": "LineString", "coordinates": [[-122.4384019161184, 37.761703799649], [-122.43830515215839, 37.760692318584]]}, "properties": {"Corridor": "Eureka St", "Limits": "Market St  -  18th St", "BlockSide": "West", "WeekDay": "Wed", "FromHour": "8", "ToHour": "10", "Week1": "1", "Week2": "1", "Week3": "1", "Week4": "1", "Week5": "1", "Holidays": "0"}}, {"type": "Feature", "geometry": {"type": "LineString", "coordinates": [[-122.436318142735, 37.77610639581787], [-122.437989848202, 37.77589396469387]]}, "properties": {"Corridor": "Grove St", "Limits": "Scott St  -  Divisadero St", "BlockSide": "South", "WeekDay": "Thu", "FromHour": "9", "ToHour": "11", "Week1": "1", "Week2": "1", "Week3": "1", "Week4": "1", "Week5": "1", "Holidays": "0"}}, {"type": "Feature", "geometry": {"type": "LineString", "coordinates": [[-122.43566391407155, 37.767327959329], [-122.43558789644655, 37.766527892149]]}, "properties": {"Corridor": "Castro St", "Limits": "14th St  -  Henry St", "BlockSide": "West", "WeekDay": "Thu", "FromHour": "8", "ToHour": "10", "Week1": "1", "Week2": "1", "Week3": "1", "Week4": "1", "Week5": "1", "Holidays": "0"}}, {"type": "Feature", "geometry": {"type": "LineString", "coordinates": [[-122.4359801058025, 37.774276678315], [-122.4361687411425, 37.775205931158]]}, "properties": {"Corridor": "Scott St", "Limits": "Fell St  -  Hayes St", "BlockSide": "West", "WeekDay": "Fri", "FromHour": "12", "ToHour": "14", "Week1": "1", "Week2": "1", "Week3": "1", "Week4": "1", "Week5": "1", "Holidays": "0"}}, {"type": "Feature", "geometry": {"type": "LineString", "coordinates": [[-122.447780351682, 37.76169497855187], [-122.449120214336, 37.761616684699874]]}, "properties": {"Corridor": "17th St", "Limits": "Belvedere St  -  Cole St", "BlockSide": "South", "WeekDay": "Fri", "FromHour": "8", "ToHour": "10", "Week1": "1", "Week2": "0", "Week3": "0", "Week4": "0", "Week5": "0", "Holidays": "0"}}, {"type": "Feature", "geometry": {"type": "LineString", "coordinates": [[-122.450710180318, 37.76955748527013], [-122.451865727106, 37.769410104516126]]}, "properties": {"Corridor": "Haight St", "Limits": "Cole St  -  Shrader St", "BlockSide": "North", "WeekDay": "Wed", "FromHour": "7", "ToHour": "9", "Week1": "1", "Week2": "1", "Week3": "1", "Week4": "1", "Week5": "1", "Holidays": "0"}}, {"type": "Feature", "geometry": {"type": "LineString", "coordinates": [[-122.44884990033, 37.775467612240874], [-122.44970782701, 37.77535850023887]]}, "properties": {"Corridor": "Fulton St", "Limits": "Loyola Ter  -  Clayton St", "BlockSide": "South", "WeekDay": "Fri", "FromHour": "9", "ToHour": "11", "Week1": "1", "Week2": "1", "Week3": "1", "Week4": "1", "Week5": "1", "Holidays": "0"}}, {"type": "Feature", "geometry": {"type": "LineString", "coordinates": [[-122.44834272676802, 37.783681949659], [-122.44810355561802, 37.782482601533]]}, "properties": {"Corridor": "Emerson St", "Limits": "Start: 01-99 Block  -  Geary Blvd", "BlockSide": "West", "WeekDay": "Mon", "FromHour": "8", "ToHour": "10", "Week1": "1", "Week2": "0", "Week3": "1", "Week4": "0", "Week5": "0", "Holidays": "0"}}, {"type": "Feature", "geometry": {"type": "LineString", "coordinates": [[-122.4534247748978, 37.777826863197], [-122.4532281064858, 37.776853425511]]}, "properties": {"Corridor": "Parker Ave", "Limits": "Turk Blvd  -  Golden Gate Ave", "BlockSide": "West", "WeekDay": "Mon", "FromHour": "6", "ToHour": "8", "Week1": "1", "Week2": "1", "Week3": "1", "Week4": "1", "Week5": "1", "Holidays": "0"}}, {"type": "Feature", "geometry": {"type": "LineString", "coordinates": [[-122.44844097576, 37.76506734902813], [-122.449769713481, 37.76489789404513]]}, "properties": {"Corridor": "Parnassus Ave", "Limits": "Belvedere St  -  Cole St", "BlockSide": "North", "WeekDay": "Fri", "FromHour": "8", "ToHour": "10", "Week1": "1", "Week2": "0", "Week3": "0", "Week4": "0", "Week5": "0", "Holidays": "0"}}, {"type": "Feature", "geometry": {"type": "LineString", "coordinates": [[-122.43046419594319, 37.780715572792], [-122.43056831159319, 37.780818301876], [-122.43071292988819, 37.781533152351], [-122.43064897986719, 37.781645584393]]}, "properties": {"Corridor": "Webster St", "Limits": "Turk St  -  Eddy St", "BlockSide": "West", "WeekDay": "Mon", "FromHour": "8", "ToHour": "10", "Week1": "1", "Week2": "1", "Week3": "1", "Week4": "1", "Week5": "1", "Holidays": "0"}}, {"type": "Feature", "geometry": {"type": "LineString", "coordinates": [[-122.43802962627929, 37.775925405585], [-122.4381008898573, 37.7759965894], [-122.43825314687429, 37.776780187481], [-122.4382168259413, 37.7768558892]]}, "properties": {"Corridor": "Divisadero St", "Limits": "Grove St  -  Fulton St", "BlockSide": "West", "WeekDay": "Fri", "FromHour": "6", "ToHour": "8", "Week1": "1", "Week2": "1", "Week3": "1", "Week4": "1", "Week5": "1", "Holidays": "0"}}, {"type": "Feature", "geometry": {"type": "LineString", "coordinates": [[-122.43056941805756, 37.781645584393], [-122.43050756744157, 37.781754325319], [-122.43065196912056, 37.782468093825], [-122.43075809939957, 37.782569888528]]}, "properties": {"Corridor": "Webster St", "Limits": "Eddy St  -  Ellis St", "BlockSide": "East", "WeekDay": "Fri", "FromHour": "12", "ToHour": "14", "Week1": "1", "Week2": "1", "Week3": "1", "Week4": "1", "Week5": "1", "Holidays": "0"}}, {"type": "Feature", "geometry": {"type": "LineString", "coordinates": [[-122.432299239412, 37.76749700380887], [-122.433408258221, 37.76743014237887]]}, "properties": {"Corridor": "14th St", "Limits": "Walter St  -  Noe St", "BlockSide": "South", "WeekDay": "Tues", "FromHour": "9", "ToHour": "11", "Week1": "1", "Week2": "1", "Week3": "1", "Week4": "1", "Week5": "1", "Holidays": "0"}}, {"type": "Feature", "geometry": {"type": "LineString", "coordinates": [[-122.45867767456738, 37.778008350019], [-122.45862040911139, 37.777253918158]]}, "properties": {"Corridor": "Arguello Blvd", "Limits": "Edward St  -  Balboa St", "BlockSide": "West", "WeekDay": "Tues", "FromHour": "8", "ToHour": "10", "Week1": "1", "Week2": "0", "Week3": "1", "Week4": "0", "Week5": "0", "Holidays": "0"}}, {"type": "Feature", "geometry": {"type": "LineString", "coordinates": [[-122.446470829719, 37.77583303246513], [-122.447443019169, 37.77570940867913]]}, "properties": {"Corridor": "Fulton St", "Limits": "Masonic Ave  -  Atalaya Ter", "BlockSide": "North", "WeekDay": "Wed", "FromHour": "8", "ToHour": "10", "Week1": "1", "Week2": "1", "Week3": "1", "Week4": "1", "Week5": "1", "Holidays": "0"}}, {"type": "Feature", "geometry": {"type": "LineString", "coordinates": [[-122.43813726928168, 37.7768558892], [-122.43810167483367, 37.776940369829], [-122.43825789840967, 37.777721894831], [-122.43832572308868, 37.77779418913]]}, "properties": {"Corridor": "Divisadero St", "Limits": "Fulton St  -  McAllister St", "BlockSide": "East", "WeekDay": "Sun", "FromHour": "6", "ToHour": "8", "Week1": "1", "Week2": "1", "Week3": "1", "Week4": "1", "Week5": "1", "Holidays": "0"}}, {"type": "Feature", "geometry": {"type": "LineString", "coordinates": [[-122.43780816132211, 37.78371763821], [-122.43797988981511, 37.784530918539]]}, "properties": {"Corridor": "Scott St", "Limits": "Geary Blvd  -  Post St", "BlockSide": "East", "WeekDay": "Mon", "FromHour": "6", "ToHour": "8", "Week1": "0", "Week2": "1", "Week3": "0", "Week4": "1", "Week5": "0", "Holidays": "0"}}, {"type": "Feature", "geometry": {"type": "LineString", "coordinates": [[-122.44449472816048, 37.77943648873088], [-122.44533997155348, 37.77932932800688], [-122.44539090957747, 37.77945979650788], [-122.44543787520847, 37.77969776509488], [-122.44546835731647, 37.780102809399885]]}, "properties": {"Corridor": "Anzavista Ave", "Limits": "Barcelona Ave  -  Vega St", "BlockSide": "SouthWest", "WeekDay": "Wed", "FromHour": "9", "ToHour": "11", "Week1": "1", "Week2": "1", "Week3": "1", "Week4": "1", "Week5": "1", "Holidays": "0"}}, {"type": "Feature", "geometry": {"type": "LineString", "coordinates": [[-122.44214810406001, 37.771571037982], [-122.44233820120101, 37.772504315906]]}, "properties": {"Corridor": "Lyon St", "Limits": "Page St  -  Oak St", "BlockSide": "East", "WeekDay": "Fri", "FromHour": "8", "ToHour": "10", "Week1": "1", "Week2": "1", "Week3": "1", "Week4": "1", "Week5": "1", "Holidays": "0"}}, {"type": "Feature", "geometry": {"type": "LineString", "coordinates": [[-122.436696630913, 37.777974957001874], [-122.438365501671, 37.77776274823887]]}, "properties": {"Corridor": "McAllister St", "Limits": "Scott St  -  Divisadero St", "BlockSide": "South", "WeekDay": "Thu", "FromHour": "9", "ToHour": "11", "Week1": "1", "Week2": "1", "Week3": "1", "Week4": "1", "Week5": "1", "Holidays": "0"}}, {"type": "Feature", "geometry": {"type": "LineString", "coordinates": [[-122.44397990459888, 37.76130415497712], [-122.44371057302587, 37.76088027761812]]}, "properties": {"Corridor": "Danvers St", "Limits": "Corbett Ave  -  Merritt St", "BlockSide": "NorthEast", "WeekDay": "Wed", "FromHour": "8", "ToHour": "10", "Week1": "1", "Week2": "1", "Week3": "1", "Week4": "1", "Week5": "1", "Holidays": "0"}}, {"type": "Feature", "geometry": {"type": "LineString", "coordinates": [[-122.436028664834, 37.782878202536125], [-122.436110003818, 37.78289015014913], [-122.437633453004, 37.78269434061113]]}, "properties": {"Corridor": "O'Farrell St", "Limits": "Pierce St  -  Scott St", "BlockSide": "North", "WeekDay": "Fri", "FromHour": "6", "ToHour": "8", "Week1": "0", "Week2": "1", "Week3": "0", "Week4": "1", "Week5": "0", "Holidays": "0"}}, {"type": "Feature", "geometry": {"type": "LineString", "coordinates": [[-122.433178634868, 37.76509209247413], [-122.435395726703, 37.764957901157125]]}, "properties": {"Corridor": "Beaver St", "Limits": "Noe St  -  Castro St", "BlockSide": "North", "WeekDay": "Tues", "FromHour": "9", "ToHour": "11", "Week1": "1", "Week2": "1", "Week3": "1", "Week4": "1", "Week5": "1", "Holidays": "0"}}, {"type": "Feature", "geometry": {"type": "LineString", "coordinates": [[-122.435000701127, 37.760857492195875], [-122.436114108657, 37.76079255396087]]}, "properties": {"Corridor": "18th St", "Limits": "Castro St  -  Collingwood St", "BlockSide": "South", "WeekDay": "Mon", "FromHour": "6", "ToHour": "8", "Week1": "1", "Week2": "1", "Week3": "1", "Week4": "1", "Week5": "1", "Holidays": "0"}}, {"type": "Feature", "geometry": {"type": "LineString", "coordinates": [[-122.44256556871133, 37.779694669004], [-122.44258202732632, 37.780064398476], [-122.44264076406434, 37.780493169242], [-122.44272446056033, 37.780837967922], [-122.44293240014034, 37.781460397497]]}, "properties": {"Corridor": "Fortuna Ave", "Limits": "Anzavista Ave  -  Terra Vista Ave", "BlockSide": "East", "WeekDay": "Wed", "FromHour": "9", "ToHour": "11", "Week1": "1", "Week2": "1", "Week3": "1", "Week4": "1", "Week5": "1", "Holidays": "0"}}, {"type": "Feature", "geometry": {"type": "LineString", "coordinates": [[-122.4319915825414, 37.779564149041], [-122.4321801696954, 37.780496260511]]}, "properties": {"Corridor": "Fillmore St", "Limits": "Golden Gate Ave  -  Turk St", "BlockSide": "West", "WeekDay": "Wed", "FromHour": "6", "ToHour": "8", "Week1": "1", "Week2": "0", "Week3": "1", "Week4": "0", "Week5": "0", "Holidays": "0"}}, {"type": "Feature", "geometry": {"type": "LineString", "coordinates": [[-122.437798747067, 37.77502338873813], [-122.439466217311, 37.77480967704113]]}, "properties": {"Corridor": "Hayes St", "Limits": "Divisadero St  -  Broderick St", "BlockSide": "North", "WeekDay": "Tues", "FromHour": "12", "ToHour": "14", "Week1": "1", "Week2": "1", "Week3": "1", "Week4": "1", "Week5": "1", "Holidays": "0"}}, {"type": "Feature", "geometry": {"type": "LineString", "coordinates": [[-122.43950599477297, 37.77477823615], [-122.43969628087397, 37.775713591337]]}, "properties": {"Corridor": "Broderick St", "Limits": "Hayes St  -  Grove St", "BlockSide": "West", "WeekDay": "Wed", "FromHour": "12", "ToHour": "14", "Week1": "1", "Week2": "1", "Week3": "1", "Week4": "1", "Week5": "1", "Holidays": "0"}}, {"type": "Feature", "geometry": {"type": "LineString", "coordinates": [[-122.44956043959405, 37.764026578938], [-122.44939355553404, 37.763199662528]]}, "properties": {"Corridor": "Cole St", "Limits": "Grattan St  -  Alma St", "BlockSide": "East", "WeekDay": "Tues", "FromHour": "8", "ToHour": "10", "Week1": "1", "Week2": "0", "Week3": "0", "Week4": "0", "Week5": "0", "Holidays": "0"}}, {"type": "Feature", "geometry": {"type": "LineString", "coordinates": [[-122.448578816473, 37.76982929213113], [-122.449645156134, 37.76969330989013]]}, "properties": {"Corridor": "Haight St", "Limits": "Clayton St  -  Belvedere St", "BlockSide": "North", "WeekDay": "Fri", "FromHour": "7", "ToHour": "9", "Week1": "1", "Week2": "1", "Week3": "1", "Week4": "1", "Week5": "1", "Holidays": "0"}}, {"type": "Feature", "geometry": {"type": "LineString", "coordinates": [[-122.434562099056, 37.784183304664126], [-122.434658906495, 37.78422565950813], [-122.437751685562, 37.783833742556126], [-122.437847943562, 37.78374907910113]]}, "properties": {"Corridor": "Geary Blvd", "Limits": "Steiner St  -  Scott St", "BlockSide": "North", "WeekDay": "Fri", "FromHour": "6", "ToHour": "8", "Week1": "1", "Week2": "0", "Week3": "1", "Week4": "0", "Week5": "0", "Holidays": "0"}}, {"type": "Feature", "geometry": {"type": "LineString", "coordinates": [[-122.45528074961, 37.781427219948874], [-122.455357767708, 37.781342522978875], [-122.455466548992, 37.78133073307787], [-122.455523985114, 37.78139969933887]]}, "properties": {"Corridor": "Geary Blvd", "Limits": "Beaumont Ave  -  Commonwealth Ave", "BlockSide": "South", "WeekDay": "Fri", "FromHour": "6", "ToHour": "8", "Week1": "0", "Week2": "1", "Week3": "0", "Week4": "1", "Week5": "0", "Holidays": "0"}}, {"type": "Feature", "geometry": {"type": "LineString", "coordinates": [[-122.44772773492542, 37.773732768627], [-122.44753702067442, 37.772790453561]]}, "properties": {"Corridor": "Ashbury St", "Limits": "Hayes St  -  Fell St", "BlockSide": "West", "WeekDay": "Wed", "FromHour": "9", "ToHour": "11", "Week1": "1", "Week2": "1", "Week3": "1", "Week4": "1", "Week5": "1", "Holidays": "0"}}, {"type": "Feature", "geometry": {"type": "LineString", "coordinates": [[-122.455252545029, 37.774718347240125], [-122.456283639802, 37.774586152826124]]}, "properties": {"Corridor": "Fulton St", "Limits": "Parsons St  -  Willard North St", "BlockSide": "North", "WeekDay": "Wed", "FromHour": "8", "ToHour": "10", "Week1": "1", "Week2": "1", "Week3": "1", "Week4": "1", "Week5": "1", "Holidays": "0"}}, {"type": "Feature", "geometry": {"type": "LineString", "coordinates": [[-122.432706179502, 37.78332403236513], [-122.434350395688, 37.783114458444125]]}, "properties": {"Corridor": "O'Farrell St", "Limits": "Fillmore St  -  Steiner St", "BlockSide": "North", "WeekDay": "Tues", "FromHour": "9", "ToHour": "11", "Week1": "1", "Week2": "1", "Week3": "1", "Week4": "1", "Week5": "1", "Holidays": "0"}}, {"type": "Feature", "geometry": {"type": "LineString", "coordinates": [[-122.45767841612238, 37.764810068568], [-122.45766026260338, 37.764549766048]]}, "properties": {"Corridor": "Arguello Blvd", "Limits": "Carl St  -  Irving St", "BlockSide": "East", "WeekDay": "Mon", "FromHour": "12", "ToHour": "14", "Week1": "1", "Week2": "0", "Week3": "1", "Week4": "0", "Week5": "0", "Holidays": "0"}}, {"type": "Feature", "geometry": {"type": "LineString", "coordinates": [[-122.45277304265184, 37.774040692434], [-122.45258406802184, 37.773106133372]]}, "properties": {"Corridor": "Shrader St", "Limits": "Grove St  -  Hayes St", "BlockSide": "East", "WeekDay": "Wed", "FromHour": "9", "ToHour": "11", "Week1": "1", "Week2": "1", "Week3": "1", "Week4": "1", "Week5": "1", "Holidays": "0"}}, {"type": "Feature", "geometry": {"type": "LineString", "coordinates": [[-122.43274596158017, 37.783292591474], [-122.43295403032516, 37.78435505664]]}, "properties": {"Corridor": "Fillmore St", "Limits": "O'Farrell St  -  Geary Blvd", "BlockSide": "West", "WeekDay": "Fri", "FromHour": "6", "ToHour": "8", "Week1": "0", "Week2": "1", "Week3": "0", "Week4": "1", "Week5": "0", "Holidays": "0"}}, {"type": "Feature", "geometry": {"type": "LineString", "coordinates": [[-122.444458023322, 37.782806105754126], [-122.444946380569, 37.78274873333713], [-122.445753568429, 37.78264717630313], [-122.445820511205, 37.782519472987126]]}, "properties": {"Corridor": "Geary Blvd", "Limits": "Lyon St  -  Presidio Ave", "BlockSide": "North", "WeekDay": "Mon", "FromHour": "6", "ToHour": "8", "Week1": "1", "Week2": "0", "Week3": "1", "Week4": "0", "Week5": "0", "Holidays": "0"}}, {"type": "Feature", "geometry": {"type": "LineString", "coordinates": [[-122.4349329667702, 37.76911379733], [-122.43509208896221, 37.769898394539]]}, "properties": {"Corridor": "Scott St", "Limits": "Duboce Ave  -  Lloyd St", "BlockSide": "West", "WeekDay": "Fri", "FromHour": "12", "ToHour": "14", "Week1": "1", "Week2": "1", "Week3": "1", "Week4": "1", "Week5": "1", "Holidays": "0"}}, {"type": "Feature", "geometry": {"type": "LineString", "coordinates": [[-122.45368645276625, 37.770098080068], [-122.45349710068625, 37.769165225265]]}, "properties": {"Corridor": "Stanyan St", "Limits": "Page St  -  Haight St", "BlockSide": "East", "WeekDay": "Mon", "FromHour": "6", "ToHour": "8", "Week1": "1", "Week2": "1", "Week3": "1", "Week4": "1", "Week5": "1", "Holidays": "0"}}, {"type": "Feature", "geometry": {"type": "LineString", "coordinates": [[-122.43504047043714, 37.760888933087], [-122.43489345066016, 37.759289170835]]}, "properties": {"Corridor": "Castro St", "Limits": "18th St  -  19th St", "BlockSide": "West", "WeekDay": "Fri", "FromHour": "6", "ToHour": "8", "Week1": "1", "Week2": "1", "Week3": "1", "Week4": "1", "Week5": "1", "Holidays": "0"}}, {"type": "Feature", "geometry": {"type": "LineString", "coordinates": [[-122.45260912515208, 37.764509361378], [-122.45243966093707, 37.763669482253]]}, "properties": {"Corridor": "Stanyan St", "Limits": "Parnassus Ave  -  Grattan St", "BlockSide": "West", "WeekDay": "Tues", "FromHour": "8", "ToHour": "10", "Week1": "1", "Week2": "0", "Week3": "0", "Week4": "0", "Week5": "0", "Holidays": "0"}}, {"type": "Feature", "geometry": {"type": "LineString", "coordinates": [[-122.45254424792073, 37.783652472723], [-122.45218290555972, 37.78185329184]]}, "properties": {"Corridor": "Cook St", "Limits": "Start: 01-99 Block  -  Geary Blvd", "BlockSide": "West", "WeekDay": "Tues", "FromHour": "6", "ToHour": "8", "Week1": "1", "Week2": "1", "Week3": "1", "Week4": "1", "Week5": "1", "Holidays": "0"}}, {"type": "Feature", "geometry": {"type": "LineString", "coordinates": [[-122.458858661406, 37.78128850221613], [-122.459048708608, 37.78135688112213], [-122.459880426527, 37.78132006354813], [-122.459999657963, 37.781244918803125]]}, "properties": {"Corridor": "Geary Blvd", "Limits": "Arguello Blvd  -  02nd Ave", "BlockSide": "North", "WeekDay": "Tues", "FromHour": "7", "ToHour": "8", "Week1": "0", "Week2": "1", "Week3": "0", "Week4": "1", "Week5": "1", "Holidays": "0"}}, {"type": "Feature", "geometry": {"type": "LineString", "coordinates": [[-122.45580334986879, 37.779941487488], [-122.45564454086879, 37.779725827403], [-122.45553438023079, 37.779476507331], [-122.45540229959978, 37.778827542043]]}, "properties": {"Corridor": "Stanyan Blvd", "Limits": "Anza St  -  Lone Mountain Ter", "BlockSide": "East", "WeekDay": "Wed", "FromHour": "9", "ToHour": "11", "Week1": "1", "Week2": "1", "Week3": "1", "Week4": "1", "Week5": "1", "Holidays": "0"}}, {"type": "Feature", "geometry": {"type": "LineString", "coordinates": [[-122.4310535936688, 37.76589021821812], [-122.4312588543828, 37.765810521180114], [-122.43295092030782, 37.764490555883114], [-122.43310259358582, 37.764217945063116]]}, "properties": {"Corridor": "Market St", "Limits": "Sanchez St  -  16th St", "BlockSide": "NorthWest", "WeekDay": "Holiday", "FromHour": "2", "ToHour": "6", "Week1": "1", "Week2": "1", "Week3": "1", "Week4": "1", "Week5": "1", "Holidays": "1"}}, {"type": "Feature", "geometry": {"type": "LineString", "coordinates": [[-122.430824713643, 37.77394108036887], [-122.432351019312, 37.773747391830874], [-122.432467068429, 37.77372554884487]]}, "properties": {"Corridor": "Oak St", "Limits": "Fillmore St  -  Steiner St", "BlockSide": "South", "WeekDay": "Tues", "FromHour": "12", "ToHour": "14", "Week1": "1", "Week2": "1", "Week3": "1", "Week4": "1", "Week5": "1", "Holidays": "0"}}, {"type": "Feature", "geometry": {"type": "LineString", "coordinates": [[-122.43004726535, 37.778850928395], [-122.430901634069, 37.778741946537]]}, "properties": {"Corridor": "McAllister St", "Limits": "Webster St  -  Friendship Ct", "BlockSide": "", "WeekDay": "Thu", "FromHour": "12", "ToHour": "14", "Week1": "1", "Week2": "1", "Week3": "1", "Week4": "1", "Week5": "1", "Holidays": "0"}}, {"type": "Feature", "geometry": {"type": "LineString", "coordinates": [[-122.4340129384469, 37.781218802442], [-122.4342015551679, 37.782150910402]]}, "properties": {"Corridor": "Steiner St", "Limits": "Eddy St  -  Ellis St", "BlockSide": "West", "WeekDay": "Wed", "FromHour": "9", "ToHour": "11", "Week1": "1", "Week2": "1", "Week3": "1", "Week4": "1", "Week5": "1", "Holidays": "0"}}, {"type": "Feature", "geometry": {"type": "LineString", "coordinates": [[-122.452569353691, 37.764477920486875], [-122.453515914261, 37.76436395359987]]}, "properties": {"Corridor": "Parnassus Ave", "Limits": "Stanyan St  -  Woodland Ave", "BlockSide": "South", "WeekDay": "Thu", "FromHour": "9", "ToHour": "11", "Week1": "1", "Week2": "0", "Week3": "0", "Week4": "0", "Week5": "0", "Holidays": "0"}}, {"type": "Feature", "geometry": {"type": "LineString", "coordinates": [[-122.446744894227, 37.76904291637887], [-122.447567740038, 37.76893799812687]]}, "properties": {"Corridor": "Waller St", "Limits": "Ashbury St  -  Downey St", "BlockSide": "South", "WeekDay": "Mon", "FromHour": "8", "ToHour": "10", "Week1": "1", "Week2": "1", "Week3": "1", "Week4": "1", "Week5": "1", "Holidays": "0"}}, {"type": "Feature", "geometry": {"type": "LineString", "coordinates": [[-122.44364908623, 37.77045781180813], [-122.445344990017, 37.770241615667125]]}, "properties": {"Corridor": "Haight St", "Limits": "Central Ave  -  Masonic Ave", "BlockSide": "North", "WeekDay": "Wed", "FromHour": "7", "ToHour": "9", "Week1": "1", "Week2": "1", "Week3": "1", "Week4": "1", "Week5": "1", "Holidays": "0"}}, {"type": "Feature", "geometry": {"type": "LineString", "coordinates": [[-122.435940328612, 37.77424523742387], [-122.437610623863, 37.774030205483875]]}, "properties": {"Corridor": "Fell St", "Limits": "Scott St  -  Divisadero St", "BlockSide": "South", "WeekDay": "Thu", "FromHour": "8", "ToHour": "10", "Week1": "1", "Week2": "1", "Week3": "1", "Week4": "1", "Week5": "1", "Holidays": "0"}}, {"type": "Feature", "geometry": {"type": "LineString", "coordinates": [[-122.442793099742, 37.782853895551874], [-122.442894233603, 37.78277738529187], [-122.44443147262, 37.78253825569787]]}, "properties": {"Corridor": "Geary Blvd", "Limits": "Baker St  -  Lyon St", "BlockSide": "South", "WeekDay": "Thu", "FromHour": "6", "ToHour": "8", "Week1": "1", "Week2": "1", "Week3": "1", "Week4": "1", "Week5": "1", "Holidays": "0"}}, {"type": "Feature", "geometry": {"type": "LineString", "coordinates": [[-122.431544840236, 37.76273461512413], [-122.432124056662, 37.762699568314126]]}, "properties": {"Corridor": "17th St", "Limits": "Prosper St  -  Pond St", "BlockSide": "North", "WeekDay": "Thu", "FromHour": "12", "ToHour": "14", "Week1": "1", "Week2": "1", "Week3": "1", "Week4": "1", "Week5": "1", "Holidays": "0"}}, {"type": "Feature", "geometry": {"type": "LineString", "coordinates": [[-122.43012760047972, 37.770709188615], [-122.43022102980173, 37.77117368409]]}, "properties": {"Corridor": "Fillmore St", "Limits": "Germania St  -  Waller St", "BlockSide": "East", "WeekDay": "Mon", "FromHour": "8", "ToHour": "10", "Week1": "1", "Week2": "1", "Week3": "1", "Week4": "1", "Week5": "1", "Holidays": "0"}}, {"type": "Feature", "geometry": {"type": "LineString", "coordinates": [[-122.446933819119, 37.76997616466987], [-122.448578816473, 37.76976641034887]]}, "properties": {"Corridor": "Haight St", "Limits": "Ashbury St  -  Clayton St", "BlockSide": "South", "WeekDay": "Tues", "FromHour": "6", "ToHour": "8", "Week1": "1", "Week2": "1", "Week3": "1", "Week4": "1", "Week5": "1", "Holidays": "0"}}, {"type": "Feature", "geometry": {"type": "LineString", "coordinates": [[-122.42892044335834, 37.76748222771688], [-122.42902556379033, 37.76728891250088], [-122.43056305233934, 37.76607306433888], [-122.43079627193434, 37.76599149909488]]}, "properties": {"Corridor": "Market St", "Limits": "Church St  -  15th St", "BlockSide": "SouthEast", "WeekDay": "Holiday", "FromHour": "2", "ToHour": "6", "Week1": "1", "Week2": "1", "Week3": "1", "Week4": "1", "Week5": "1", "Holidays": "1"}}, {"type": "Feature", "geometry": {"type": "LineString", "coordinates": [[-122.44096156921421, 37.77363529632], [-122.4411501946022, 37.774567482597]]}, "properties": {"Corridor": "Baker St", "Limits": "Fell St  -  Hayes St", "BlockSide": "West", "WeekDay": "Fri", "FromHour": "12", "ToHour": "14", "Week1": "1", "Week2": "1", "Week3": "1", "Week4": "1", "Week5": "1", "Holidays": "0"}}, {"type": "Feature", "geometry": {"type": "LineString", "coordinates": [[-122.455216942399, 37.77756783804287], [-122.456050662156, 37.777467903491875]]}, "properties": {"Corridor": "Turk Blvd", "Limits": "Stanyan St  -  Rossi Ave", "BlockSide": "South", "WeekDay": "Wed", "FromHour": "8", "ToHour": "10", "Week1": "1", "Week2": "1", "Week3": "1", "Week4": "1", "Week5": "1", "Holidays": "0"}}, {"type": "Feature", "geometry": {"type": "LineString", "coordinates": [[-122.42908821136085, 37.769456128163], [-122.42901401162585, 37.768674599598]]}, "properties": {"Corridor": "Church St", "Limits": "Duboce Ave  -  Reservoir St", "BlockSide": "East", "WeekDay": "Tues", "FromHour": "6", "ToHour": "8", "Week1": "1", "Week2": "1", "Week3": "1", "Week4": "1", "Week5": "1", "Holidays": "0"}}, {"type": "Feature", "geometry": {"type": "LineString", "coordinates": [[-122.45013208302105, 37.782116603421], [-122.44985722851405, 37.780752006126]]}, "properties": {"Corridor": "Collins St", "Limits": "Geary Blvd  -  Anza St", "BlockSide": "West", "WeekDay": "Wed", "FromHour": "8", "ToHour": "10", "Week1": "1", "Week2": "1", "Week3": "1", "Week4": "1", "Week5": "1", "Holidays": "0"}}, {"type": "Feature", "geometry": {"type": "LineString", "coordinates": [[-122.43115426083261, 37.766796198884], [-122.4310775516826, 37.76599633002]]}, "properties": {"Corridor": "Sanchez St", "Limits": "Henry St  -  15th St", "BlockSide": "West", "WeekDay": "Thu", "FromHour": "8", "ToHour": "10", "Week1": "1", "Week2": "1", "Week3": "1", "Week4": "1", "Week5": "1", "Holidays": "0"}}, {"type": "Feature", "geometry": {"type": "LineString", "coordinates": [[-122.45144749162128, 37.767517857634], [-122.45125576065529, 37.766591503085]]}, "properties": {"Corridor": "Shrader St", "Limits": "Beulah St  -  Frederick St", "BlockSide": "East", "WeekDay": "Fri", "FromHour": "8", "ToHour": "10", "Week1": "1", "Week2": "1", "Week3": "1", "Week4": "1", "Week5": "1", "Holidays": "0"}}, {"type": "Feature", "geometry": {"type": "LineString", "coordinates": [[-122.43410901053, 37.77358081788713], [-122.435751499209, 37.77337715333313]]}, "properties": {"Corridor": "Oak St", "Limits": "Pierce St  -  Scott St", "BlockSide": "North", "WeekDay": "Thu", "FromHour": "8", "ToHour": "10", "Week1": "1", "Week2": "1", "Week3": "1", "Week4": "1", "Week5": "1", "Holidays": "0"}}, {"type": "Feature", "geometry": {"type": "LineString", "coordinates": [[-122.455123871272, 37.77705769043913], [-122.456745900384, 37.776856466564126]]}, "properties": {"Corridor": "Golden Gate Ave", "Limits": "Stanyan St  -  Willard North St", "BlockSide": "North", "WeekDay": "Wed", "FromHour": "8", "ToHour": "10", "Week1": "1", "Week2": "1", "Week3": "1", "Week4": "1", "Week5": "1", "Holidays": "0"}}, {"type": "Feature", "geometry": {"type": "LineString", "coordinates": [[-122.43099800652897, 37.76599633002], [-122.43098569843997, 37.765867986364]]}, "properties": {"Corridor": "Sanchez St", "Limits": "15th St  -  Market St", "BlockSide": "East", "WeekDay": "Fri", "FromHour": "8", "ToHour": "10", "Week1": "1", "Week2": "1", "Week3": "1", "Week4": "1", "Week5": "1", "Holidays": "0"}}, {"type": "Feature", "geometry": {"type": "LineString", "coordinates": [[-122.43039433864195, 37.77163980695], [-122.43047369382995, 37.772108258339]]}, "properties": {"Corridor": "Fillmore St", "Limits": "Laussat St  -  Haight St", "BlockSide": "West", "WeekDay": "Tues", "FromHour": "8", "ToHour": "10", "Week1": "1", "Week2": "1", "Week3": "1", "Week4": "1", "Week5": "1", "Holidays": "0"}}, {"type": "Feature", "geometry": {"type": "LineString", "coordinates": [[-122.44880768870408, 37.770730883771], [-122.44861859125508, 37.76979785124]]}, "properties": {"Corridor": "Clayton St", "Limits": "Page St  -  Haight St", "BlockSide": "West", "WeekDay": "Wed", "FromHour": "8", "ToHour": "10", "Week1": "1", "Week2": "1", "Week3": "1", "Week4": "1", "Week5": "1", "Holidays": "0"}}, {"type": "Feature", "geometry": {"type": "LineString", "coordinates": [[-122.445716665627, 37.77204895331687], [-122.447312420448, 37.77184630125887]]}, "properties": {"Corridor": "Oak St", "Limits": "Masonic Ave  -  Ashbury St", "BlockSide": "South", "WeekDay": "Tues", "FromHour": "12", "ToHour": "14", "Week1": "1", "Week2": "1", "Week3": "1", "Week4": "1", "Week5": "1", "Holidays": "0"}}, {"type": "Feature", "geometry": {"type": "LineString", "coordinates": [[-122.452431111538, 37.777908211361876], [-122.453384996309, 37.77779542230587]]}, "properties": {"Corridor": "Turk Blvd", "Limits": "Temescal Ter  -  Parker Ave", "BlockSide": "South", "WeekDay": "Tues", "FromHour": "9", "ToHour": "11", "Week1": "1", "Week2": "1", "Week3": "1", "Week4": "1", "Week5": "1", "Holidays": "0"}}, {"type": "Feature", "geometry": {"type": "LineString", "coordinates": [[-122.42902982875111, 37.773247800795], [-122.42921811961912, 37.774181422682]]}, "properties": {"Corridor": "Webster St", "Limits": "Page St  -  Oak St", "BlockSide": "West", "WeekDay": "Wed", "FromHour": "8", "ToHour": "10", "Week1": "1", "Week2": "1", "Week3": "1", "Week4": "1", "Week5": "1", "Holidays": "0"}}, {"type": "Feature", "geometry": {"type": "LineString", "coordinates": [[-122.443506920068, 37.77812065436713], [-122.445155752658, 37.77791794756013]]}, "properties": {"Corridor": "Golden Gate Ave", "Limits": "Lyon St  -  Central Ave", "BlockSide": "North", "WeekDay": "Thu", "FromHour": "12", "ToHour": "14", "Week1": "1", "Week2": "1", "Week3": "1", "Week4": "1", "Week5": "1", "Holidays": "0"}}, {"type": "Feature", "geometry": {"type": "LineString", "coordinates": [[-122.4373831631149, 37.77313349266], [-122.43734987133291, 37.773229220106], [-122.43751175314691, 37.773987756733], [-122.4375708472849, 37.774061646375]]}, "properties": {"Corridor": "Divisadero St", "Limits": "Oak St  -  Fell St", "BlockSide": "East", "WeekDay": "Tues", "FromHour": "6", "ToHour": "8", "Week1": "1", "Week2": "1", "Week3": "1", "Week4": "1", "Week5": "1", "Holidays": "0"}}, {"type": "Feature", "geometry": {"type": "LineString", "coordinates": [[-122.439113936245, 37.78148891185087], [-122.440783842969, 37.78127861615587]]}, "properties": {"Corridor": "Ellis St", "Limits": "Divisadero St  -  Broderick St", "BlockSide": "South", "WeekDay": "Tues", "FromHour": "9", "ToHour": "11", "Week1": "1", "Week2": "1", "Week3": "1", "Week4": "1", "Week5": "1", "Holidays": "0"}}, {"type": "Feature", "geometry": {"type": "LineString", "coordinates": [[-122.45690314596384, 37.777401923198], [-122.45678567885085, 37.776825025673]]}, "properties": {"Corridor": "Willard St North", "Limits": "Turk Blvd  -  Golden Gate Ave", "BlockSide": "West", "WeekDay": "Thu", "FromHour": "9", "ToHour": "11", "Week1": "1", "Week2": "1", "Week3": "1", "Week4": "1", "Week5": "1", "Holidays": "0"}}, {"type": "Feature", "geometry": {"type": "LineString", "coordinates": [[-122.43504047043714, 37.760888933087], [-122.43489345066016, 37.759289170835]]}, "properties": {"Corridor": "Castro St", "Limits": "18th St  -  19th St", "BlockSide": "West", "WeekDay": "Mon", "FromHour": "6", "ToHour": "8", "Week1": "1", "Week2": "1", "Week3": "1", "Week4": "1", "Week5": "1", "Holidays": "0"}}, {"type": "Feature", "geometry": {"type": "LineString", "coordinates": [[-122.43311424200827, 37.764195713209], [-122.43312297085927, 37.763993710389], [-122.43298890859226, 37.762618199568]]}, "properties": {"Corridor": "Noe St", "Limits": "Market St  -  17th St", "BlockSide": "West", "WeekDay": "Fri", "FromHour": "9", "ToHour": "11", "Week1": "1", "Week2": "1", "Week3": "1", "Week4": "1", "Week5": "1", "Holidays": "0"}}, {"type": "Feature", "geometry": {"type": "LineString", "coordinates": [[-122.43105131580799, 37.774902830944], [-122.431238386783, 37.775834341878]]}, "properties": {"Corridor": "Fillmore St", "Limits": "Fell St  -  Hayes St", "BlockSide": "West", "WeekDay": "Fri", "FromHour": "8", "ToHour": "10", "Week1": "1", "Week2": "1", "Week3": "1", "Week4": "1", "Week5": "1", "Holidays": "0"}}, {"type": "Feature", "geometry": {"type": "LineString", "coordinates": [[-122.4319915825414, 37.779564149041], [-122.4321801696954, 37.780496260511]]}, "properties": {"Corridor": "Fillmore St", "Limits": "Golden Gate Ave  -  Turk St", "BlockSide": "West", "WeekDay": "Sat", "FromHour": "6", "ToHour": "8", "Week1": "1", "Week2": "1", "Week3": "1", "Week4": "1", "Week5": "1", "Holidays": "0"}}, {"type": "Feature", "geometry": {"type": "LineString", "coordinates": [[-122.43161442143818, 37.777699925082], [-122.43180299912619, 37.778632037466]]}, "properties": {"Corridor": "Fillmore St", "Limits": "Fulton St  -  McAllister St", "BlockSide": "West", "WeekDay": "Tues", "FromHour": "8", "ToHour": "10", "Week1": "1", "Week2": "1", "Week3": "1", "Week4": "1", "Week5": "1", "Holidays": "0"}}, {"type": "Feature", "geometry": {"type": "LineString", "coordinates": [[-122.45387432963872, 37.77103160594388], [-122.45377299131873, 37.77109144970788], [-122.45334720035373, 37.77114141863088], [-122.45327882585973, 37.77117747089988], [-122.45324895672073, 37.771225464225886], [-122.45324327392873, 37.771282556523886], [-122.45326700633773, 37.77136795845888]]}, "properties": {"Corridor": "Oak Access Rd", "Limits": "Stanyan St  -  Oak St", "BlockSide": "SouthEast", "WeekDay": "Mon", "FromHour": "7", "ToHour": "9", "Week1": "1", "Week2": "1", "Week3": "1", "Week4": "1", "Week5": "1", "Holidays": "0"}}, {"type": "Feature", "geometry": {"type": "LineString", "coordinates": [[-122.43085251844904, 37.766035962803116], [-122.43098286780604, 37.766015860403115], [-122.43104275613504, 37.76597245197912], [-122.43105359400204, 37.76589021821812]]}, "properties": {"Corridor": "Market St", "Limits": "15th St  -  Sanchez St", "BlockSide": "NorthWest", "WeekDay": "Holiday", "FromHour": "2", "ToHour": "6", "Week1": "1", "Week2": "1", "Week3": "1", "Week4": "1", "Week5": "1", "Holidays": "1"}}, {"type": "Feature", "geometry": {"type": "LineString", "coordinates": [[-122.43008704500093, 37.778850928395], [-122.43019698431493, 37.778958691322], [-122.43033952454793, 37.779663304235], [-122.43027301598093, 37.779782794313]]}, "properties": {"Corridor": "Webster St", "Limits": "McAllister St  -  Golden Gate Ave", "BlockSide": "West", "WeekDay": "Mon", "FromHour": "8", "ToHour": "10", "Week1": "1", "Week2": "1", "Week3": "1", "Week4": "1", "Week5": "1", "Holidays": "0"}}, {"type": "Feature", "geometry": {"type": "LineString", "coordinates": [[-122.44888967813196, 37.775499053132], [-122.44904379839195, 37.776256515616]]}, "properties": {"Corridor": "Loyola Ter", "Limits": "Fulton St  -  End: 01-99 Block", "BlockSide": "West", "WeekDay": "Wed", "FromHour": "9", "ToHour": "11", "Week1": "1", "Week2": "1", "Week3": "1", "Week4": "1", "Week5": "1", "Holidays": "0"}}, {"type": "Feature", "geometry": {"type": "LineString", "coordinates": [[-122.434483319719, 37.77544830225513], [-122.436128963952, 37.775237372049126]]}, "properties": {"Corridor": "Hayes St", "Limits": "Pierce St  -  Scott St", "BlockSide": "North", "WeekDay": "Tues", "FromHour": "12", "ToHour": "14", "Week1": "1", "Week2": "1", "Week3": "1", "Week4": "1", "Week5": "1", "Holidays": "0"}}, {"type": "Feature", "geometry": {"type": "LineString", "coordinates": [[-122.438709125448, 37.77108793557413], [-122.440357705342, 37.770878875310125]]}, "properties": {"Corridor": "Haight St", "Limits": "Broderick St  -  Baker St", "BlockSide": "North", "WeekDay": "Thu", "FromHour": "8", "ToHour": "10", "Week1": "1", "Week2": "1", "Week3": "1", "Week4": "1", "Week5": "1", "Holidays": "0"}}, {"type": "Feature", "geometry": {"type": "LineString", "coordinates": [[-122.430433918182, 37.772076817447875], [-122.432092300989, 37.77186582490487]]}, "properties": {"Corridor": "Haight St", "Limits": "Fillmore St  -  Steiner St", "BlockSide": "South", "WeekDay": "Wed", "FromHour": "8", "ToHour": "10", "Week1": "1", "Week2": "1", "Week3": "1", "Week4": "1", "Week5": "1", "Holidays": "0"}}, {"type": "Feature", "geometry": {"type": "LineString", "coordinates": [[-122.43374476511575, 37.780286694375], [-122.43393337709475, 37.781218802442]]}, "properties": {"Corridor": "Steiner St", "Limits": "Turk St  -  Eddy St", "BlockSide": "East", "WeekDay": "Fri", "FromHour": "9", "ToHour": "11", "Week1": "1", "Week2": "1", "Week3": "1", "Week4": "1", "Week5": "1", "Holidays": "0"}}, {"type": "Feature", "geometry": {"type": "LineString", "coordinates": [[-122.43325851690942, 37.77749036673], [-122.43344711469642, 37.778422476519]]}, "properties": {"Corridor": "Steiner St", "Limits": "Fulton St  -  McAllister St", "BlockSide": "West", "WeekDay": "Wed", "FromHour": "9", "ToHour": "11", "Week1": "1", "Week2": "1", "Week3": "1", "Week4": "1", "Week5": "1", "Holidays": "0"}}, {"type": "Feature", "geometry": {"type": "LineString", "coordinates": [[-122.4368208181244, 37.77036512890812], [-122.4367391987144, 37.770316034421114], [-122.4366631548944, 37.770224443433115], [-122.43650612985941, 37.770147560749116], [-122.4363947202204, 37.770084078593115], [-122.43628072445841, 37.76997383642712], [-122.43617421371641, 37.769835162991114], [-122.43617605531641, 37.76977301717212]]}, "properties": {"Corridor": "Castro St", "Limits": "Divisadero St  -  Lloyd St", "BlockSide": "NorthEast", "WeekDay": "Wed", "FromHour": "12", "ToHour": "14", "Week1": "1", "Week2": "1", "Week3": "1", "Week4": "1", "Week5": "1", "Holidays": "0"}}, {"type": "Feature", "geometry": {"type": "LineString", "coordinates": [[-122.43967851777603, 37.783846585463], [-122.43975249348303, 37.784230676109], [-122.43972446071002, 37.784318673891]]}, "properties": {"Corridor": "Divisadero St", "Limits": "Garden St  -  Post St", "BlockSide": "West", "WeekDay": "Fri", "FromHour": "6", "ToHour": "8", "Week1": "1", "Week2": "1", "Week3": "1", "Week4": "1", "Week5": "1", "Holidays": "0"}}, {"type": "Feature", "geometry": {"type": "LineString", "coordinates": [[-122.440546210309, 37.77181053904613], [-122.442187879796, 37.77160247887313]]}, "properties": {"Corridor": "Page St", "Limits": "Baker St  -  Lyon St", "BlockSide": "North", "WeekDay": "Tues", "FromHour": "12", "ToHour": "14", "Week1": "1", "Week2": "1", "Week3": "1", "Week4": "1", "Week5": "1", "Holidays": "0"}}, {"type": "Feature", "geometry": {"type": "LineString", "coordinates": [[-122.458998400743, 37.783220105807125], [-122.460137198557, 37.78316792929413]]}, "properties": {"Corridor": "Clement St", "Limits": "Arguello Blvd  -  02nd Ave", "BlockSide": "North", "WeekDay": "Wed", "FromHour": "7", "ToHour": "8", "Week1": "0", "Week2": "1", "Week3": "0", "Week4": "1", "Week5": "1", "Holidays": "0"}}, {"type": "Feature", "geometry": {"type": "LineString", "coordinates": [[-122.450843847746, 37.78065375532713], [-122.451869239684, 37.78052418138413]]}, "properties": {"Corridor": "Anza St", "Limits": "Blake St  -  Cook St", "BlockSide": "North", "WeekDay": "Tues", "FromHour": "9", "ToHour": "11", "Week1": "1", "Week2": "1", "Week3": "1", "Week4": "1", "Week5": "1", "Holidays": "0"}}, {"type": "Feature", "geometry": {"type": "LineString", "coordinates": [[-122.448957993601, 37.77170018045513], [-122.450600180642, 37.77149158382713]]}, "properties": {"Corridor": "Oak St", "Limits": "Clayton St  -  Cole St", "BlockSide": "North", "WeekDay": "Mon", "FromHour": "8", "ToHour": "10", "Week1": "1", "Week2": "1", "Week3": "1", "Week4": "1", "Week5": "1", "Holidays": "0"}}, {"type": "Feature", "geometry": {"type": "LineString", "coordinates": [[-122.44936565137658, 37.773524851193], [-122.44918295006958, 37.772578916912]]}, "properties": {"Corridor": "Clayton St", "Limits": "Hayes St  -  Fell St", "BlockSide": "West", "WeekDay": "Fri", "FromHour": "9", "ToHour": "11", "Week1": "1", "Week2": "1", "Week3": "1", "Week4": "1", "Week5": "1", "Holidays": "0"}}, {"type": "Feature", "geometry": {"type": "LineString", "coordinates": [[-122.436437451147, 37.76244002657213], [-122.437342368028, 37.762386188406126]]}, "properties": {"Corridor": "17th St", "Limits": "17th St  -  Diamond St", "BlockSide": "North", "WeekDay": "Thu", "FromHour": "9", "ToHour": "11", "Week1": "1", "Week2": "1", "Week3": "1", "Week4": "1", "Week5": "1", "Holidays": "0"}}, {"type": "Feature", "geometry": {"type": "LineString", "coordinates": [[-122.44546893202632, 37.780881359965], [-122.44554403011232, 37.781320687949]]}, "properties": {"Corridor": "Anzavista Ave", "Limits": "Terra Vista Ave  -  O'Farrell St", "BlockSide": "East", "WeekDay": "Fri", "FromHour": "9", "ToHour": "11", "Week1": "1", "Week2": "1", "Week3": "1", "Week4": "1", "Week5": "1", "Holidays": "0"}}, {"type": "Feature", "geometry": {"type": "LineString", "coordinates": [[-122.449047323854, 37.78214599681887], [-122.449988236955, 37.78202559093187], [-122.450092302229, 37.782085162529874]]}, "properties": {"Corridor": "Geary Blvd", "Limits": "Wood St  -  Collins St", "BlockSide": "South", "WeekDay": "Fri", "FromHour": "6", "ToHour": "8", "Week1": "0", "Week2": "1", "Week3": "0", "Week4": "1", "Week5": "0", "Holidays": "0"}}, {"type": "Feature", "geometry": {"type": "LineString", "coordinates": [[-122.438362146212, 37.76167235875787], [-122.438460222232, 37.761617025077875], [-122.439014682998, 37.761490812436875], [-122.439314134108, 37.761387377900874], [-122.439413852001, 37.761393125443874]]}, "properties": {"Corridor": "Market St", "Limits": "Eureka St  -  Douglass St", "BlockSide": "South", "WeekDay": "Fri", "FromHour": "12", "ToHour": "14", "Week1": "1", "Week2": "1", "Week3": "1", "Week4": "1", "Week5": "1", "Holidays": "0"}}, {"type": "Feature", "geometry": {"type": "LineString", "coordinates": [[-122.43925784337486, 37.78245048083], [-122.43923691201586, 37.782538128619], [-122.43936677214386, 37.783237727611], [-122.43944059946786, 37.783308488002]]}, "properties": {"Corridor": "Divisadero St", "Limits": "O'Farrell St  -  Geary Blvd", "BlockSide": "East", "WeekDay": "Tues", "FromHour": "6", "ToHour": "8", "Week1": "1", "Week2": "1", "Week3": "1", "Week4": "1", "Week5": "1", "Holidays": "0"}}, {"type": "Feature", "geometry": {"type": "LineString", "coordinates": [[-122.441931912731, 37.765295098935], [-122.442231561237, 37.765300180485], [-122.442481678264, 37.765269156297]]}, "properties": {"Corridor": "Roosevelt Way", "Limits": "Levant St  -  Masonic Ave", "BlockSide": "", "WeekDay": "Tues", "FromHour": "10", "ToHour": "12", "Week1": "1", "Week2": "1", "Week3": "1", "Week4": "1", "Week5": "1", "Holidays": "0"}}, {"type": "Feature", "geometry": {"type": "LineString", "coordinates": [[-122.43102903655577, 37.783507754267], [-122.43111251400776, 37.783603584166], [-122.43127996832877, 37.784333608785], [-122.43124472827476, 37.784568241392]]}, "properties": {"Corridor": "Webster St", "Limits": "O'Farrell St  -  Geary Blvd", "BlockSide": "West", "WeekDay": "Mon", "FromHour": "8", "ToHour": "10", "Week1": "1", "Week2": "1", "Week3": "1", "Week4": "1", "Week5": "1", "Holidays": "0"}}, {"type": "Feature", "geometry": {"type": "LineString", "coordinates": [[-122.43086449067013, 37.77397252126], [-122.43105131530713, 37.774902830944]]}, "properties": {"Corridor": "Fillmore St", "Limits": "Oak St  -  Fell St", "BlockSide": "West", "WeekDay": "Fri", "FromHour": "8", "ToHour": "10", "Week1": "1", "Week2": "1", "Week3": "1", "Week4": "1", "Week5": "1", "Holidays": "0"}}, {"type": "Feature", "geometry": {"type": "LineString", "coordinates": [[-122.43180299962779, 37.778632037466], [-122.43199158203979, 37.779564149041]]}, "properties": {"Corridor": "Fillmore St", "Limits": "McAllister St  -  Golden Gate Ave", "BlockSide": "West", "WeekDay": "Wed", "FromHour": "6", "ToHour": "8", "Week1": "0", "Week2": "1", "Week3": "0", "Week4": "1", "Week5": "0", "Holidays": "0"}}, {"type": "Feature", "geometry": {"type": "LineString", "coordinates": [[-122.456629211101, 37.78147058292913], [-122.457647181581, 37.78142732395613], [-122.45773304353, 37.781346026962126]]}, "properties": {"Corridor": "Geary Blvd", "Limits": "Jordan Ave  -  Palm Ave", "BlockSide": "North", "WeekDay": "Thu", "FromHour": "6", "ToHour": "8", "Week1": "1", "Week2": "1", "Week3": "1", "Week4": "1", "Week5": "1", "Holidays": "0"}}, {"type": "Feature", "geometry": {"type": "LineString", "coordinates": [[-122.436848942798, 37.77037433794513], [-122.437802449243, 37.77024520104213]]}, "properties": {"Corridor": "Waller St", "Limits": "Divisadero St  -  Alpine Ter", "BlockSide": "North", "WeekDay": "Fri", "FromHour": "12", "ToHour": "14", "Week1": "1", "Week2": "1", "Week3": "1", "Week4": "1", "Week5": "1", "Holidays": "0"}}, {"type": "Feature", "geometry": {"type": "LineString", "coordinates": [[-122.42892044335834, 37.76748222771688], [-122.42902556379033, 37.76728891250088], [-122.43056305233934, 37.76607306433888], [-122.43079627193434, 37.76599149909488]]}, "properties": {"Corridor": "Market St", "Limits": "Church St  -  15th St", "BlockSide": "SouthEast", "WeekDay": "Sun", "FromHour": "2", "ToHour": "6", "Week1": "1", "Week2": "1", "Week3": "1", "Week4": "1", "Week5": "1", "Holidays": "1"}}, {"type": "Feature", "geometry": {"type": "LineString", "coordinates": [[-122.43795007012118, 37.775925405585], [-122.43791204182818, 37.776009192734], [-122.43807105541318, 37.776793777221], [-122.43813726978318, 37.7768558892]]}, "properties": {"Corridor": "Divisadero St", "Limits": "Grove St  -  Fulton St", "BlockSide": "East", "WeekDay": "Sun", "FromHour": "6", "ToHour": "8", "Week1": "1", "Week2": "1", "Week3": "1", "Week4": "1", "Week5": "1", "Holidays": "0"}}, {"type": "Feature", "geometry": {"type": "LineString", "coordinates": [[-122.432467068429, 37.77378843062713], [-122.43410901053, 37.77358081788713]]}, "properties": {"Corridor": "Oak St", "Limits": "Steiner St  -  Pierce St", "BlockSide": "North", "WeekDay": "Thu", "FromHour": "8", "ToHour": "10", "Week1": "1", "Week2": "1", "Week3": "1", "Week4": "1", "Week5": "1", "Holidays": "0"}}, {"type": "Feature", "geometry": {"type": "LineString", "coordinates": [[-122.456871587426, 37.77955987273787], [-122.457745825441, 37.779447329576875]]}, "properties": {"Corridor": "Anza St", "Limits": "Loraine Ct  -  Almaden Ct", "BlockSide": "South", "WeekDay": "Wed", "FromHour": "8", "ToHour": "10", "Week1": "1", "Week2": "1", "Week3": "1", "Week4": "1", "Week5": "1", "Holidays": "0"}}, {"type": "Feature", "geometry": {"type": "LineString", "coordinates": [[-122.4366568517151, 37.778006397893], [-122.4368448503151, 37.778937753497]]}, "properties": {"Corridor": "Scott St", "Limits": "McAllister St  -  Golden Gate Ave", "BlockSide": "East", "WeekDay": "Wed", "FromHour": "12", "ToHour": "14", "Week1": "1", "Week2": "1", "Week3": "1", "Week4": "1", "Week5": "1", "Holidays": "0"}}, {"type": "Feature", "geometry": {"type": "LineString", "coordinates": [[-122.43952996308842, 37.766597756856115], [-122.44126980642342, 37.765293090694115]]}, "properties": {"Corridor": "Roosevelt Way", "Limits": "15th St  -  Fairbanks St", "BlockSide": "NorthWest", "WeekDay": "Mon", "FromHour": "10", "ToHour": "12", "Week1": "1", "Week2": "1", "Week3": "1", "Week4": "1", "Week5": "1", "Holidays": "0"}}, {"type": "Feature", "geometry": {"type": "LineString", "coordinates": [[-122.454846632625, 37.77571643070013], [-122.45544066946, 37.77564273889913]]}, "properties": {"Corridor": "McAllister St", "Limits": "Stanyan St  -  Parsons St", "BlockSide": "North", "WeekDay": "Fri", "FromHour": "8", "ToHour": "10", "Week1": "1", "Week2": "1", "Week3": "1", "Week4": "1", "Week5": "1", "Holidays": "0"}}, {"type": "Feature", "geometry": {"type": "LineString", "coordinates": [[-122.448389686041, 37.768896070252126], [-122.449454105126, 37.768760332913125]]}, "properties": {"Corridor": "Waller St", "Limits": "Clayton St  -  Belvedere St", "BlockSide": "North", "WeekDay": "Tues", "FromHour": "8", "ToHour": "10", "Week1": "1", "Week2": "1", "Week3": "1", "Week4": "1", "Week5": "1", "Holidays": "0"}}, {"type": "Feature", "geometry": {"type": "LineString", "coordinates": [[-122.43774694276073, 37.77883238048], [-122.43793430689972, 37.779764947852]]}, "properties": {"Corridor": "Seymour St", "Limits": "Golden Gate Ave  -  Turk St", "BlockSide": "West", "WeekDay": "Fri", "FromHour": "12", "ToHour": "14", "Week1": "1", "Week2": "1", "Week3": "1", "Week4": "1", "Week5": "1", "Holidays": "0"}}, {"type": "Feature", "geometry": {"type": "LineString", "coordinates": [[-122.45846485952171, 37.776190405671], [-122.45842312433372, 37.775618427704]]}, "properties": {"Corridor": "Arguello Blvd", "Limits": "Golden Gate Ave  -  Cabrillo St", "BlockSide": "East", "WeekDay": "Thu", "FromHour": "8", "ToHour": "10", "Week1": "1", "Week2": "0", "Week3": "1", "Week4": "0", "Week5": "0", "Holidays": "0"}}, {"type": "Feature", "geometry": {"type": "LineString", "coordinates": [[-122.433408258221, 37.76743014237887], [-122.435624141084, 37.767296518437874]]}, "properties": {"Corridor": "14th St", "Limits": "Noe St  -  Castro St", "BlockSide": "South", "WeekDay": "Tues", "FromHour": "9", "ToHour": "11", "Week1": "1", "Week2": "1", "Week3": "1", "Week4": "1", "Week5": "1", "Holidays": "0"}}, {"type": "Feature", "geometry": {"type": "LineString", "coordinates": [[-122.433784545541, 37.78031813526613], [-122.435424515259, 37.78010907888713]]}, "properties": {"Corridor": "Turk St", "Limits": "Steiner St  -  Pierce St", "BlockSide": "North", "WeekDay": "Tues", "FromHour": "8", "ToHour": "10", "Week1": "1", "Week2": "1", "Week3": "1", "Week4": "1", "Week5": "1", "Holidays": "0"}}, {"type": "Feature", "geometry": {"type": "LineString", "coordinates": [[-122.429686883083, 37.77694458186987], [-122.43138442355, 37.77672823683587]]}, "properties": {"Corridor": "Grove St", "Limits": "Webster St  -  Fillmore St", "BlockSide": "South", "WeekDay": "Thu", "FromHour": "12", "ToHour": "14", "Week1": "1", "Week2": "1", "Week3": "1", "Week4": "1", "Week5": "1", "Holidays": "0"}}, {"type": "Feature", "geometry": {"type": "LineString", "coordinates": [[-122.449454105126, 37.768760332913125], [-122.450521795018, 37.768624168211126]]}, "properties": {"Corridor": "Waller St", "Limits": "Belvedere St  -  Cole St", "BlockSide": "North", "WeekDay": "Tues", "FromHour": "8", "ToHour": "10", "Week1": "1", "Week2": "1", "Week3": "1", "Week4": "1", "Week5": "1", "Holidays": "0"}}, {"type": "Feature", "geometry": {"type": "LineString", "coordinates": [[-122.430117948604, 37.76445118106313], [-122.430882152608, 37.76440495115813]]}, "properties": {"Corridor": "16th St", "Limits": "Dehon St  -  Sanchez St", "BlockSide": "North", "WeekDay": "Mon", "FromHour": "9", "ToHour": "11", "Week1": "1", "Week2": "1", "Week3": "1", "Week4": "1", "Week5": "1", "Holidays": "0"}}, {"type": "Feature", "geometry": {"type": "LineString", "coordinates": [[-122.43577396054009, 37.781940324487], [-122.43594531522409, 37.782787014557], [-122.43598888345508, 37.782846761645]]}, "properties": {"Corridor": "Pierce St", "Limits": "Ellis St  -  O'Farrell St", "BlockSide": "East", "WeekDay": "Fri", "FromHour": "6", "ToHour": "8", "Week1": "0", "Week2": "1", "Week3": "0", "Week4": "1", "Week5": "0", "Holidays": "0"}}, {"type": "Feature", "geometry": {"type": "LineString", "coordinates": [[-122.43250684540621, 37.773756989736], [-122.4326737130272, 37.774585013348], [-122.4326883993112, 37.774692660499]]}, "properties": {"Corridor": "Steiner St", "Limits": "Oak St  -  Fell St", "BlockSide": "West", "WeekDay": "Wed", "FromHour": "9", "ToHour": "11", "Week1": "1", "Week2": "1", "Week3": "1", "Week4": "1", "Week5": "1", "Holidays": "0"}}, {"type": "Feature", "geometry": {"type": "LineString", "coordinates": [[-122.43275552909134, 37.760223565227], [-122.43267753895434, 37.759423290826]]}, "properties": {"Corridor": "Noe St", "Limits": "Hancock St  -  19th St", "BlockSide": "West", "WeekDay": "Fri", "FromHour": "9", "ToHour": "11", "Week1": "1", "Week2": "1", "Week3": "1", "Week4": "1", "Week5": "1", "Holidays": "0"}}, {"type": "Feature", "geometry": {"type": "LineString", "coordinates": [[-122.430497033158, 37.76038874612713], [-122.432715759924, 37.76025500611813]]}, "properties": {"Corridor": "Hancock St", "Limits": "Sanchez St  -  Noe St", "BlockSide": "North", "WeekDay": "Thu", "FromHour": "12", "ToHour": "14", "Week1": "1", "Week2": "1", "Week3": "1", "Week4": "1", "Week5": "1", "Holidays": "0"}}, {"type": "Feature", "geometry": {"type": "LineString", "coordinates": [[-122.4472617325581, 37.782391642084], [-122.4472709285171, 37.782183081865], [-122.4474623953461, 37.781694109513], [-122.44749927813909, 37.781510294369], [-122.4474268411521, 37.781160226051], [-122.44747820206909, 37.781069511093]]}, "properties": {"Corridor": "Masonic Ave", "Limits": "Geary Blvd  -  Anza St", "BlockSide": "East", "WeekDay": "Thu", "FromHour": "6", "ToHour": "8", "Week1": "1", "Week2": "1", "Week3": "1", "Week4": "1", "Week5": "1", "Holidays": "0"}}, {"type": "Feature", "geometry": {"type": "LineString", "coordinates": [[-122.45773304353, 37.781346026962126], [-122.457822891295, 37.78140776387513], [-122.458730412738, 37.781374382866126], [-122.458858661406, 37.78128850221613]]}, "properties": {"Corridor": "Geary Blvd", "Limits": "Palm Ave  -  Arguello Blvd", "BlockSide": "North", "WeekDay": "Thu", "FromHour": "6", "ToHour": "8", "Week1": "1", "Week2": "1", "Week3": "1", "Week4": "1", "Week5": "1", "Holidays": "0"}}, {"type": "Feature", "geometry": {"type": "LineString", "coordinates": [[-122.4585981170766, 37.778008350019], [-122.45854085162061, 37.777253918158]]}, "properties": {"Corridor": "Arguello Blvd", "Limits": "Edward St  -  Balboa St", "BlockSide": "East", "WeekDay": "Thu", "FromHour": "8", "ToHour": "10", "Week1": "1", "Week2": "0", "Week3": "1", "Week4": "0", "Week5": "0", "Holidays": "0"}}, {"type": "Feature", "geometry": {"type": "LineString", "coordinates": [[-122.456863367497, 37.77743336408913], [-122.458336844911, 37.77724567000413], [-122.458580630366, 37.77728535904913]]}, "properties": {"Corridor": "Turk Blvd", "Limits": "Willard North St  -  Balboa St", "BlockSide": "North", "WeekDay": "Fri", "FromHour": "8", "ToHour": "10", "Week1": "1", "Week2": "1", "Week3": "1", "Week4": "1", "Week5": "1", "Holidays": "0"}}, {"type": "Feature", "geometry": {"type": "LineString", "coordinates": [[-122.4310535936489, 37.76589021821812], [-122.43115268050491, 37.765695451695116], [-122.4327929525959, 37.764396194191114], [-122.4331025935659, 37.764217945063116]]}, "properties": {"Corridor": "Market St", "Limits": "Sanchez St  -  16th St", "BlockSide": "NorthWest", "WeekDay": "Sun", "FromHour": "8", "ToHour": "9", "Week1": "1", "Week2": "1", "Week3": "1", "Week4": "1", "Week5": "1", "Holidays": "0"}}, {"type": "Feature", "geometry": {"type": "LineString", "coordinates": [[-122.44129500894023, 37.78364169428], [-122.44138832090323, 37.784106550315]]}, "properties": {"Corridor": "Broderick St", "Limits": "Garden St  -  Post St", "BlockSide": "West", "WeekDay": "Wed", "FromHour": "12", "ToHour": "14", "Week1": "1", "Week2": "0", "Week3": "1", "Week4": "0", "Week5": "0", "Holidays": "0"}}, {"type": "Feature", "geometry": {"type": "LineString", "coordinates": [[-122.456295739929, 37.78134984159987], [-122.456367376717, 37.78126900493887], [-122.457636289848, 37.781212181004875], [-122.45773304353, 37.78128314517987]]}, "properties": {"Corridor": "Geary Blvd", "Limits": "Stanyan St  -  Palm Ave", "BlockSide": "South", "WeekDay": "Mon", "FromHour": "6", "ToHour": "8", "Week1": "1", "Week2": "1", "Week3": "1", "Week4": "1", "Week5": "1", "Holidays": "0"}}, {"type": "Feature", "geometry": {"type": "LineString", "coordinates": [[-122.44684646986, 37.777700549824125], [-122.44780219477, 37.777577648629126]]}, "properties": {"Corridor": "Golden Gate Ave", "Limits": "Masonic Ave  -  Annapolis Ter", "BlockSide": "North", "WeekDay": "Thu", "FromHour": "6", "ToHour": "8", "Week1": "1", "Week2": "1", "Week3": "1", "Week4": "1", "Week5": "1", "Holidays": "0"}}, {"type": "Feature", "geometry": {"type": "LineString", "coordinates": [[-122.448578816473, 37.76982929213113], [-122.449645156134, 37.76969330989013]]}, "properties": {"Corridor": "Haight St", "Limits": "Clayton St  -  Belvedere St", "BlockSide": "North", "WeekDay": "Mon", "FromHour": "7", "ToHour": "9", "Week1": "1", "Week2": "1", "Week3": "1", "Week4": "1", "Week5": "1", "Holidays": "0"}}, {"type": "Feature", "geometry": {"type": "LineString", "coordinates": [[-122.447312420448, 37.77184630125887], [-122.448957993601, 37.77163729867287]]}, "properties": {"Corridor": "Oak St", "Limits": "Ashbury St  -  Clayton St", "BlockSide": "South", "WeekDay": "Tues", "FromHour": "12", "ToHour": "14", "Week1": "1", "Week2": "1", "Week3": "1", "Week4": "1", "Week5": "1", "Holidays": "0"}}, {"type": "Feature", "geometry": {"type": "LineString", "coordinates": [[-122.440026921942, 37.77761820840213], [-122.441678193342, 37.77740472556213]]}, "properties": {"Corridor": "McAllister St", "Limits": "Broderick St  -  Baker St", "BlockSide": "North", "WeekDay": "Tues", "FromHour": "8", "ToHour": "10", "Week1": "1", "Week2": "1", "Week3": "1", "Week4": "1", "Week5": "1", "Holidays": "0"}}, {"type": "Feature", "geometry": {"type": "LineString", "coordinates": [[-122.44707958551328, 37.778622307539], [-122.44688624888228, 37.777669108933]]}, "properties": {"Corridor": "Masonic Ave", "Limits": "Turk Blvd  -  Golden Gate Ave", "BlockSide": "West", "WeekDay": "Wed", "FromHour": "8", "ToHour": "10", "Week1": "1", "Week2": "1", "Week3": "1", "Week4": "1", "Week5": "1", "Holidays": "0"}}, {"type": "Feature", "geometry": {"type": "LineString", "coordinates": [[-122.449120214336, 37.76167956648213], [-122.45057996957, 37.76159258003913]]}, "properties": {"Corridor": "17th St", "Limits": "Cole St  -  Shrader St", "BlockSide": "North", "WeekDay": "Thu", "FromHour": "9", "ToHour": "11", "Week1": "1", "Week2": "0", "Week3": "0", "Week4": "0", "Week5": "0", "Holidays": "0"}}, {"type": "Feature", "geometry": {"type": "LineString", "coordinates": [[-122.444731540167, 37.767457317005125], [-122.445544776181, 37.76735460307613]]}, "properties": {"Corridor": "Frederick St", "Limits": "Masonic Ave  -  Delmar St", "BlockSide": "North", "WeekDay": "Mon", "FromHour": "8", "ToHour": "10", "Week1": "1", "Week2": "1", "Week3": "1", "Week4": "1", "Week5": "1", "Holidays": "0"}}, {"type": "Feature", "geometry": {"type": "LineString", "coordinates": [[-122.45633845571332, 37.778717899764], [-122.45609044115832, 37.777499344383]]}, "properties": {"Corridor": "Rossi Ave", "Limits": "Lone Mountain Ter  -  Turk Blvd", "BlockSide": "West", "WeekDay": "Thu", "FromHour": "9", "ToHour": "11", "Week1": "1", "Week2": "1", "Week3": "1", "Week4": "1", "Week5": "1", "Holidays": "0"}}, {"type": "Feature", "geometry": {"type": "LineString", "coordinates": [[-122.435794213518, 37.76902701259287], [-122.436588267059, 37.76896936171787]]}, "properties": {"Corridor": "Duboce Ave", "Limits": "Castro St  -  Divisadero St", "BlockSide": "South", "WeekDay": "Fri", "FromHour": "12", "ToHour": "14", "Week1": "1", "Week2": "1", "Week3": "1", "Week4": "1", "Week5": "1", "Holidays": "0"}}, {"type": "Feature", "geometry": {"type": "LineString", "coordinates": [[-122.442481678264, 37.765269156297], [-122.442660852159, 37.765180359797], [-122.442814760196, 37.765081416824], [-122.443131250781, 37.764742863364], [-122.443215275093, 37.764557545475]]}, "properties": {"Corridor": "Roosevelt Way", "Limits": "Masonic Ave  -  Loma Vista Ter", "BlockSide": "", "WeekDay": "Mon", "FromHour": "10", "ToHour": "12", "Week1": "1", "Week2": "1", "Week3": "1", "Week4": "1", "Week5": "1", "Holidays": "0"}}, {"type": "Feature", "geometry": {"type": "LineString", "coordinates": [[-122.450092302229, 37.782085162529874], [-122.450161853489, 37.78200607659687], [-122.451021197777, 37.78189533312087], [-122.451119860207, 37.78195267508687]]}, "properties": {"Corridor": "Geary Blvd", "Limits": "Collins St  -  Blake St", "BlockSide": "South", "WeekDay": "Mon", "FromHour": "6", "ToHour": "8", "Week1": "1", "Week2": "1", "Week3": "1", "Week4": "1", "Week5": "1", "Holidays": "0"}}, {"type": "Feature", "geometry": {"type": "LineString", "coordinates": [[-122.437610623863, 37.77409308726613], [-122.439276798845, 37.77387856093713]]}, "properties": {"Corridor": "Fell St", "Limits": "Divisadero St  -  Broderick St", "BlockSide": "North", "WeekDay": "Tues", "FromHour": "12", "ToHour": "14", "Week1": "1", "Week2": "1", "Week3": "1", "Week4": "1", "Week5": "1", "Holidays": "0"}}, {"type": "Feature", "geometry": {"type": "LineString", "coordinates": [[-122.43210060912097, 37.780496260511], [-122.43228920099897, 37.781428371173]]}, "properties": {"Corridor": "Fillmore St", "Limits": "Turk St  -  Eddy St", "BlockSide": "East", "WeekDay": "Thu", "FromHour": "6", "ToHour": "8", "Week1": "0", "Week2": "1", "Week3": "0", "Week4": "1", "Week5": "0", "Holidays": "0"}}, {"type": "Feature", "geometry": {"type": "LineString", "coordinates": [[-122.45150336074585, 37.778052106491], [-122.45130637876584, 37.77709040063]]}, "properties": {"Corridor": "Chabot Ter", "Limits": "Turk Blvd  -  Golden Gate Ave", "BlockSide": "East", "WeekDay": "Wed", "FromHour": "8", "ToHour": "10", "Week1": "1", "Week2": "1", "Week3": "1", "Week4": "1", "Week5": "1", "Holidays": "0"}}, {"type": "Feature", "geometry": {"type": "LineString", "coordinates": [[-122.44099794364982, 37.779364139444], [-122.44118862426181, 37.78029273919]]}, "properties": {"Corridor": "Saint Joseph's Ave", "Limits": "Turk St  -  Eddy St", "BlockSide": "West", "WeekDay": "Fri", "FromHour": "9", "ToHour": "11", "Week1": "1", "Week2": "1", "Week3": "1", "Week4": "1", "Week5": "1", "Holidays": "0"}}, {"type": "Feature", "geometry": {"type": "LineString", "coordinates": [[-122.431904324647, 37.77099586714813], [-122.43271726222, 37.77089235239813]]}, "properties": {"Corridor": "Waller St", "Limits": "Steiner St  -  Potomac St", "BlockSide": "North", "WeekDay": "Thu", "FromHour": "8", "ToHour": "10", "Week1": "1", "Week2": "1", "Week3": "1", "Week4": "1", "Week5": "1", "Holidays": "0"}}, {"type": "Feature", "geometry": {"type": "LineString", "coordinates": [[-122.437802449243, 37.770182319259874], [-122.438516767683, 37.770094805862875]]}, "properties": {"Corridor": "Waller St", "Limits": "Alpine Ter  -  Broderick St", "BlockSide": "South", "WeekDay": "Tues", "FromHour": "12", "ToHour": "14", "Week1": "1", "Week2": "1", "Week3": "1", "Week4": "1", "Week5": "1", "Holidays": "0"}}, {"type": "Feature", "geometry": {"type": "LineString", "coordinates": [[-122.432280109599, 37.772797807139874], [-122.433922187634, 37.772588869909875]]}, "properties": {"Corridor": "Page St", "Limits": "Steiner St  -  Pierce St", "BlockSide": "South", "WeekDay": "Thu", "FromHour": "8", "ToHour": "10", "Week1": "1", "Week2": "1", "Week3": "1", "Week4": "1", "Week5": "1", "Holidays": "0"}}, {"type": "Feature", "geometry": {"type": "LineString", "coordinates": [[-122.45100252078191, 37.763842651404], [-122.45083438952491, 37.76301589417]]}, "properties": {"Corridor": "Shrader St", "Limits": "Grattan St  -  Alma St", "BlockSide": "East", "WeekDay": "Tues", "FromHour": "8", "ToHour": "10", "Week1": "1", "Week2": "0", "Week3": "0", "Week4": "0", "Week5": "0", "Holidays": "0"}}, {"type": "Feature", "geometry": {"type": "LineString", "coordinates": [[-122.42720275555, 37.781085686455874], [-122.427323616279, 37.78107863213087], [-122.430424415289, 37.78068413190087]]}, "properties": {"Corridor": "Turk St", "Limits": "Laguna St  -  Webster St", "BlockSide": "South", "WeekDay": "Thu", "FromHour": "12", "ToHour": "14", "Week1": "1", "Week2": "1", "Week3": "1", "Week4": "1", "Week5": "1", "Holidays": "0"}}, {"type": "Feature", "geometry": {"type": "LineString", "coordinates": [[-122.4470829257317, 37.770934640933], [-122.4468940442257, 37.770007605561]]}, "properties": {"Corridor": "Ashbury St", "Limits": "Page St  -  Haight St", "BlockSide": "East", "WeekDay": "Wed", "FromHour": "8", "ToHour": "10", "Week1": "1", "Week2": "1", "Week3": "1", "Week4": "1", "Week5": "1", "Holidays": "0"}}, {"type": "Feature", "geometry": {"type": "LineString", "coordinates": [[-122.437071864741, 37.77989883682613], [-122.437894527257, 37.77979638874313]]}, "properties": {"Corridor": "Turk St", "Limits": "Scott St  -  Seymour St", "BlockSide": "North", "WeekDay": "Tues", "FromHour": "8", "ToHour": "10", "Week1": "1", "Week2": "1", "Week3": "1", "Week4": "1", "Week5": "1", "Holidays": "0"}}, {"type": "Feature", "geometry": {"type": "LineString", "coordinates": [[-122.450216975604, 37.76962038589813], [-122.450710180318, 37.76955748527013]]}, "properties": {"Corridor": "Haight St", "Limits": "Cole St  -  Cole St", "BlockSide": "North", "WeekDay": "Fri", "FromHour": "7", "ToHour": "9", "Week1": "1", "Week2": "1", "Week3": "1", "Week4": "1", "Week5": "1", "Holidays": "0"}}, {"type": "Feature", "geometry": {"type": "LineString", "coordinates": [[-122.44991835968406, 37.765800029245], [-122.44972994135107, 37.764866453154]]}, "properties": {"Corridor": "Cole St", "Limits": "Carl St  -  Parnassus Ave", "BlockSide": "East", "WeekDay": "Tues", "FromHour": "8", "ToHour": "10", "Week1": "1", "Week2": "1", "Week3": "1", "Week4": "1", "Week5": "1", "Holidays": "0"}}, {"type": "Feature", "geometry": {"type": "LineString", "coordinates": [[-122.4309973481351, 37.76584575450988], [-122.4310964349911, 37.76565098798688], [-122.4327367070821, 37.76435173048288], [-122.4330463480521, 37.76417348135488]]}, "properties": {"Corridor": "Market St", "Limits": "Sanchez St  -  16th St", "BlockSide": "SouthEast", "WeekDay": "Mon", "FromHour": "2", "ToHour": "6", "Week1": "1", "Week2": "1", "Week3": "1", "Week4": "1", "Week5": "1", "Holidays": "1"}}, {"type": "Feature", "geometry": {"type": "LineString", "coordinates": [[-122.44290750746117, 37.761745841813116], [-122.44299365355516, 37.761731905558115], [-122.44353378951216, 37.76148123503112], [-122.44403614728317, 37.76130415497712]]}, "properties": {"Corridor": "Corbett Ave", "Limits": "Corbin Pl  -  Danvers St", "BlockSide": "NorthWest", "WeekDay": "Wed", "FromHour": "8", "ToHour": "10", "Week1": "1", "Week2": "1", "Week3": "1", "Week4": "1", "Week5": "1", "Holidays": "0"}}, {"type": "Feature", "geometry": {"type": "LineString", "coordinates": [[-122.43028713501668, 37.769392261731], [-122.43012122790769, 37.767662120428]]}, "properties": {"Corridor": "Belcher St", "Limits": "Duboce Ave  -  14th St", "BlockSide": "West", "WeekDay": "Fri", "FromHour": "8", "ToHour": "10", "Week1": "1", "Week2": "1", "Week3": "1", "Week4": "1", "Week5": "1", "Holidays": "0"}}, {"type": "Feature", "geometry": {"type": "LineString", "coordinates": [[-122.44417640590808, 37.773212067017], [-122.44436483657809, 37.77414948529]]}, "properties": {"Corridor": "Central Ave", "Limits": "Fell St  -  Hayes St", "BlockSide": "East", "WeekDay": "Wed", "FromHour": "12", "ToHour": "14", "Week1": "1", "Week2": "1", "Week3": "1", "Week4": "1", "Week5": "1", "Holidays": "0"}}, {"type": "Feature", "geometry": {"type": "LineString", "coordinates": [[-122.43255516496446, 37.782349635153], [-122.43274596104047, 37.783292591474]]}, "properties": {"Corridor": "Fillmore St", "Limits": "Ellis St  -  O'Farrell St", "BlockSide": "West", "WeekDay": "Sat", "FromHour": "6", "ToHour": "8", "Week1": "1", "Week2": "1", "Week3": "1", "Week4": "1", "Week5": "1", "Holidays": "0"}}, {"type": "Feature", "geometry": {"type": "LineString", "coordinates": [[-122.437633453004, 37.78269434061113], [-122.438452306685, 37.782589823158126]]}, "properties": {"Corridor": "O'Farrell St", "Limits": "Scott St  -  Beideman St", "BlockSide": "North", "WeekDay": "Tues", "FromHour": "9", "ToHour": "11", "Week1": "1", "Week2": "1", "Week3": "1", "Week4": "1", "Week5": "1", "Holidays": "0"}}, {"type": "Feature", "geometry": {"type": "LineString", "coordinates": [[-122.44688624837629, 37.777669108933], [-122.44669969039329, 37.776741636204]]}, "properties": {"Corridor": "Masonic Ave", "Limits": "Golden Gate Ave  -  McAllister St", "BlockSide": "West", "WeekDay": "Wed", "FromHour": "9", "ToHour": "11", "Week1": "1", "Week2": "1", "Week3": "1", "Week4": "1", "Week5": "1", "Holidays": "0"}}, {"type": "Feature", "geometry": {"type": "LineString", "coordinates": [[-122.44020805063094, 37.762186574295], [-122.44017280409095, 37.761829685901]]}, "properties": {"Corridor": "Ord St", "Limits": "17th St  -  Corbett Ave", "BlockSide": "West", "WeekDay": "Thu", "FromHour": "9", "ToHour": "11", "Week1": "1", "Week2": "1", "Week3": "1", "Week4": "1", "Week5": "1", "Holidays": "0"}}, {"type": "Feature", "geometry": {"type": "LineString", "coordinates": [[-122.437847943562, 37.78374907910113], [-122.438017048638, 37.78380422132913], [-122.438268370633, 37.78374758381913], [-122.438551144772, 37.78362829770213], [-122.43893687419, 37.78348156612213], [-122.439351930672, 37.78342631908413], [-122.43948038104, 37.78333992889313]]}, "properties": {"Corridor": "Geary Blvd", "Limits": "Scott St  -  Divisadero St", "BlockSide": "North", "WeekDay": "Wed", "FromHour": "6", "ToHour": "8", "Week1": "1", "Week2": "0", "Week3": "1", "Week4": "0", "Week5": "0", "Holidays": "0"}}, {"type": "Feature", "geometry": {"type": "LineString", "coordinates": [[-122.43757084678585, 37.774061646375], [-122.43754133341685, 37.774151859387], [-122.43769625866385, 37.774917163494], [-122.43775896998986, 37.774991947847]]}, "properties": {"Corridor": "Divisadero St", "Limits": "Fell St  -  Hayes St", "BlockSide": "East", "WeekDay": "Tues", "FromHour": "6", "ToHour": "8", "Week1": "1", "Week2": "1", "Week3": "1", "Week4": "1", "Week5": "1", "Holidays": "0"}}, {"type": "Feature", "geometry": {"type": "LineString", "coordinates": [[-122.453515914261, 37.76436395359987], [-122.4542172651, 37.76427950515287]]}, "properties": {"Corridor": "Parnassus Ave", "Limits": "Woodland Ave  -  Willard St", "BlockSide": "South", "WeekDay": "Thu", "FromHour": "9", "ToHour": "11", "Week1": "1", "Week2": "0", "Week3": "0", "Week4": "0", "Week5": "0", "Holidays": "0"}}, {"type": "Feature", "geometry": {"type": "LineString", "coordinates": [[-122.44853904219285, 37.76979785124], [-122.44834991176084, 37.768864629361]]}, "properties": {"Corridor": "Clayton St", "Limits": "Haight St  -  Waller St", "BlockSide": "East", "WeekDay": "Fri", "FromHour": "8", "ToHour": "10", "Week1": "1", "Week2": "1", "Week3": "1", "Week4": "1", "Week5": "1", "Holidays": "0"}}, {"type": "Feature", "geometry": {"type": "LineString", "coordinates": [[-122.44567689012047, 37.772080394208], [-122.44549550218346, 37.771141933725]]}, "properties": {"Corridor": "Masonic Ave", "Limits": "Oak St  -  Page St", "BlockSide": "East", "WeekDay": "Fri", "FromHour": "8", "ToHour": "10", "Week1": "1", "Week2": "1", "Week3": "1", "Week4": "1", "Week5": "1", "Holidays": "0"}}, {"type": "Feature", "geometry": {"type": "LineString", "coordinates": [[-122.44511597351956, 37.777886506669], [-122.44530696072057, 37.778836632598]]}, "properties": {"Corridor": "Central Ave", "Limits": "Golden Gate Ave  -  Turk Blvd", "BlockSide": "East", "WeekDay": "Wed", "FromHour": "12", "ToHour": "14", "Week1": "1", "Week2": "1", "Week3": "1", "Week4": "1", "Week5": "1", "Holidays": "0"}}, {"type": "Feature", "geometry": {"type": "LineString", "coordinates": [[-122.450092302229, 37.78214804431213], [-122.450199075808, 37.78220813886713], [-122.451046014176, 37.78210425708013], [-122.451119860207, 37.782015556869126]]}, "properties": {"Corridor": "Geary Blvd", "Limits": "Collins St  -  Blake St", "BlockSide": "North", "WeekDay": "Tues", "FromHour": "6", "ToHour": "8", "Week1": "1", "Week2": "1", "Week3": "1", "Week4": "1", "Week5": "1", "Holidays": "0"}}, {"type": "Feature", "geometry": {"type": "LineString", "coordinates": [[-122.444024306745, 37.77232673056913], [-122.445716665627, 37.772111835099125]]}, "properties": {"Corridor": "Oak St", "Limits": "Central Ave  -  Masonic Ave", "BlockSide": "North", "WeekDay": "Mon", "FromHour": "8", "ToHour": "10", "Week1": "1", "Week2": "1", "Week3": "1", "Week4": "1", "Week5": "1", "Holidays": "0"}}, {"type": "Feature", "geometry": {"type": "LineString", "coordinates": [[-122.43000748569355, 37.778850928395], [-122.42994721606755, 37.778978991738], [-122.43008983399655, 37.779683995949], [-122.43019345667355, 37.779782794313]]}, "properties": {"Corridor": "Webster St", "Limits": "McAllister St  -  Golden Gate Ave", "BlockSide": "East", "WeekDay": "Fri", "FromHour": "12", "ToHour": "14", "Week1": "1", "Week2": "1", "Week3": "1", "Week4": "1", "Week5": "1", "Holidays": "0"}}, {"type": "Feature", "geometry": {"type": "LineString", "coordinates": [[-122.442187879796, 37.77153959709087], [-122.443836148842, 37.77132667243687]]}, "properties": {"Corridor": "Page St", "Limits": "Lyon St  -  Central Ave", "BlockSide": "South", "WeekDay": "Thu", "FromHour": "8", "ToHour": "10", "Week1": "1", "Week2": "1", "Week3": "1", "Week4": "1", "Week5": "1", "Holidays": "0"}}, {"type": "Feature", "geometry": {"type": "LineString", "coordinates": [[-122.4319120224686, 37.779564149041], [-122.4321006096226, 37.780496260511]]}, "properties": {"Corridor": "Fillmore St", "Limits": "Golden Gate Ave  -  Turk St", "BlockSide": "East", "WeekDay": "Thu", "FromHour": "6", "ToHour": "8", "Week1": "0", "Week2": "1", "Week3": "0", "Week4": "1", "Week5": "0", "Holidays": "0"}}, {"type": "Feature", "geometry": {"type": "LineString", "coordinates": [[-122.45528074961, 37.781427219948874], [-122.455357767708, 37.781342522978875], [-122.455466548992, 37.78133073307787], [-122.455523985114, 37.78139969933887]]}, "properties": {"Corridor": "Geary Blvd", "Limits": "Beaumont Ave  -  Commonwealth Ave", "BlockSide": "South", "WeekDay": "Mon", "FromHour": "6", "ToHour": "8", "Week1": "1", "Week2": "1", "Week3": "1", "Week4": "1", "Week5": "1", "Holidays": "0"}}, {"type": "Feature", "geometry": {"type": "LineString", "coordinates": [[-122.4479175770513, 37.77466736623], [-122.4477277354303, 37.773732768627]]}, "properties": {"Corridor": "Ashbury St", "Limits": "Grove St  -  Hayes St", "BlockSide": "West", "WeekDay": "Wed", "FromHour": "9", "ToHour": "11", "Week1": "1", "Week2": "1", "Week3": "1", "Week4": "1", "Week5": "1", "Holidays": "0"}}, {"type": "Feature", "geometry": {"type": "LineString", "coordinates": [[-122.42966610885132, 37.776513152194], [-122.42973121541932, 37.77656200047], [-122.42977728518832, 37.776882376474], [-122.42972666134531, 37.776976022761]]}, "properties": {"Corridor": "Webster St", "Limits": "Ivy St  -  Grove St", "BlockSide": "West", "WeekDay": "Wed", "FromHour": "8", "ToHour": "10", "Week1": "1", "Week2": "1", "Week3": "1", "Week4": "1", "Week5": "1", "Holidays": "0"}}, {"type": "Feature", "geometry": {"type": "LineString", "coordinates": [[-122.4506197394567, 37.761561139148], [-122.4504573180117, 37.76076169168]]}, "properties": {"Corridor": "Shrader St", "Limits": "17th St  -  Carmel St", "BlockSide": "West", "WeekDay": "Wed", "FromHour": "9", "ToHour": "11", "Week1": "1", "Week2": "0", "Week3": "0", "Week4": "0", "Week5": "0", "Holidays": "0"}}, {"type": "Feature", "geometry": {"type": "LineString", "coordinates": [[-122.437610623863, 37.774030205483875], [-122.439276798845, 37.77381567915487]]}, "properties": {"Corridor": "Fell St", "Limits": "Divisadero St  -  Broderick St", "BlockSide": "South", "WeekDay": "Thu", "FromHour": "8", "ToHour": "10", "Week1": "1", "Week2": "1", "Week3": "1", "Week4": "1", "Week5": "1", "Holidays": "0"}}, {"type": "Feature", "geometry": {"type": "LineString", "coordinates": [[-122.431763220093, 37.77860059657487], [-122.433407335776, 37.77839103562787]]}, "properties": {"Corridor": "McAllister St", "Limits": "Fillmore St  -  Steiner St", "BlockSide": "South", "WeekDay": "Thu", "FromHour": "12", "ToHour": "14", "Week1": "1", "Week2": "1", "Week3": "1", "Week4": "1", "Week5": "1", "Holidays": "0"}}, {"type": "Feature", "geometry": {"type": "LineString", "coordinates": [[-122.43836645297563, 37.76902883259512], [-122.43884781897563, 37.768423200854116], [-122.43932952378462, 37.76818775700012]]}, "properties": {"Corridor": "Buena Vista Ave East", "Limits": "Duboce Ave  -  Park Hill Ave", "BlockSide": "NorthWest", "WeekDay": "Thu", "FromHour": "9", "ToHour": "11", "Week1": "1", "Week2": "1", "Week3": "1", "Week4": "1", "Week5": "1", "Holidays": "0"}}, {"type": "Feature", "geometry": {"type": "LineString", "coordinates": [[-122.43673641011091, 37.778006397893], [-122.43692440871091, 37.778937753497]]}, "properties": {"Corridor": "Scott St", "Limits": "McAllister St  -  Golden Gate Ave", "BlockSide": "West", "WeekDay": "Fri", "FromHour": "12", "ToHour": "14", "Week1": "1", "Week2": "1", "Week3": "1", "Week4": "1", "Week5": "1", "Holidays": "0"}}, {"type": "Feature", "geometry": {"type": "LineString", "coordinates": [[-122.454682648021, 37.77472404392587], [-122.455252545029, 37.77465546545787]]}, "properties": {"Corridor": "Fulton St", "Limits": "Stanyan St  -  Parsons St", "BlockSide": "South", "WeekDay": "Fri", "FromHour": "8", "ToHour": "10", "Week1": "1", "Week2": "1", "Week3": "1", "Week4": "1", "Week5": "1", "Holidays": "0"}}, {"type": "Feature", "geometry": {"type": "LineString", "coordinates": [[-122.441348538798, 37.78413799120613], [-122.442989104409, 37.78392880867813]]}, "properties": {"Corridor": "Post St", "Limits": "Broderick St  -  Baker St", "BlockSide": "North", "WeekDay": "Tues", "FromHour": "8", "ToHour": "10", "Week1": "1", "Week2": "0", "Week3": "1", "Week4": "0", "Week5": "0", "Holidays": "0"}}, {"type": "Feature", "geometry": {"type": "LineString", "coordinates": [[-122.442605349006, 37.77972610989513], [-122.443464723697, 37.77961717168413]]}, "properties": {"Corridor": "Anzavista Ave", "Limits": "Fortuna Ave  -  Encanto Ave", "BlockSide": "North", "WeekDay": "Fri", "FromHour": "9", "ToHour": "11", "Week1": "1", "Week2": "1", "Week3": "1", "Week4": "1", "Week5": "1", "Holidays": "0"}}, {"type": "Feature", "geometry": {"type": "LineString", "coordinates": [[-122.42897669018512, 37.76752669142512], [-122.42921008750312, 37.76743559951512], [-122.43077707021213, 37.76619895884312], [-122.43085251876113, 37.766035962803116]]}, "properties": {"Corridor": "Market St", "Limits": "Church St  -  15th St", "BlockSide": "NorthWest", "WeekDay": "Wed", "FromHour": "2", "ToHour": "6", "Week1": "1", "Week2": "1", "Week3": "1", "Week4": "1", "Week5": "1", "Holidays": "1"}}, {"type": "Feature", "geometry": {"type": "LineString", "coordinates": [[-122.45376600164974, 37.770098080068], [-122.45357664956974, 37.769165225265]]}, "properties": {"Corridor": "Stanyan St", "Limits": "Page St  -  Haight St", "BlockSide": "West", "WeekDay": "Wed", "FromHour": "6", "ToHour": "8", "Week1": "1", "Week2": "1", "Week3": "1", "Week4": "1", "Week5": "1", "Holidays": "0"}}, {"type": "Feature", "geometry": {"type": "LineString", "coordinates": [[-122.458858661406, 37.78128850221613], [-122.459048708608, 37.78135688112213], [-122.459880426527, 37.78132006354813], [-122.459999657963, 37.781244918803125]]}, "properties": {"Corridor": "Geary Blvd", "Limits": "Arguello Blvd  -  02nd Ave", "BlockSide": "North", "WeekDay": "Thu", "FromHour": "7", "ToHour": "8", "Week1": "1", "Week2": "0", "Week3": "1", "Week4": "0", "Week5": "1", "Holidays": "0"}}, {"type": "Feature", "geometry": {"type": "LineString", "coordinates": [[-122.43310259293304, 37.764217945063116], [-122.43343939283304, 37.76409096079212], [-122.43458834890704, 37.763160564773116], [-122.43518002649704, 37.762765242987115], [-122.43521608445104, 37.76269293962812]]}, "properties": {"Corridor": "Market St", "Limits": "16th St  -  17th St", "BlockSide": "NorthWest", "WeekDay": "Fri", "FromHour": "2", "ToHour": "6", "Week1": "1", "Week2": "1", "Week3": "1", "Week4": "1", "Week5": "1", "Holidays": "1"}}, {"type": "Feature", "geometry": {"type": "LineString", "coordinates": [[-122.450654812799, 37.77813315764787], [-122.451543139459, 37.778020665599875]]}, "properties": {"Corridor": "Turk Blvd", "Limits": "Kittredge Ter  -  Chabot Ter", "BlockSide": "South", "WeekDay": "Tues", "FromHour": "9", "ToHour": "11", "Week1": "1", "Week2": "1", "Week3": "1", "Week4": "1", "Week5": "1", "Holidays": "0"}}, {"type": "Feature", "geometry": {"type": "LineString", "coordinates": [[-122.44169976789422, 37.78221171485188], [-122.44184853712622, 37.78228517860088], [-122.44272059804223, 37.78262036953388], [-122.44282122915223, 37.782863104588884]]}, "properties": {"Corridor": "Saint Joseph's Ave", "Limits": "O'Farrell St  -  Geary Blvd", "BlockSide": "SouthWest", "WeekDay": "Mon", "FromHour": "6", "ToHour": "8", "Week1": "1", "Week2": "0", "Week3": "1", "Week4": "0", "Week5": "0", "Holidays": "0"}}, {"type": "Feature", "geometry": {"type": "LineString", "coordinates": [[-122.42980942050059, 37.777919295958], [-122.4297538683276, 37.778038208818], [-122.42989592062959, 37.778749118307], [-122.43000748619659, 37.778850928395]]}, "properties": {"Corridor": "Webster St", "Limits": "Fulton St  -  McAllister St", "BlockSide": "East", "WeekDay": "Fri", "FromHour": "12", "ToHour": "14", "Week1": "1", "Week2": "1", "Week3": "1", "Week4": "1", "Week5": "1", "Holidays": "0"}}, {"type": "Feature", "geometry": {"type": "LineString", "coordinates": [[-122.42900082011853, 37.781847439487], [-122.42908357880653, 37.782256553517], [-122.42907235906954, 37.782297073991]]}, "properties": {"Corridor": "Buchanan St", "Limits": "Eddy St  -  Willow St", "BlockSide": "East", "WeekDay": "Wed", "FromHour": "12", "ToHour": "14", "Week1": "1", "Week2": "1", "Week3": "1", "Week4": "1", "Week5": "1", "Holidays": "0"}}, {"type": "Feature", "geometry": {"type": "LineString", "coordinates": [[-122.449302527008, 37.78078562496887], [-122.449817447722, 37.78072056523487]]}, "properties": {"Corridor": "Anza St", "Limits": "Jean Way  -  Collins St", "BlockSide": "South", "WeekDay": "Mon", "FromHour": "6", "ToHour": "8", "Week1": "1", "Week2": "1", "Week3": "1", "Week4": "1", "Week5": "1", "Holidays": "0"}}, {"type": "Feature", "geometry": {"type": "LineString", "coordinates": [[-122.45773304353, 37.78128314517987], [-122.45781128481, 37.78121198670387], [-122.458707855012, 37.781169425437874], [-122.458858661406, 37.78122562043387]]}, "properties": {"Corridor": "Geary Blvd", "Limits": "Palm Ave  -  Arguello Blvd", "BlockSide": "South", "WeekDay": "Wed", "FromHour": "6", "ToHour": "8", "Week1": "1", "Week2": "1", "Week3": "1", "Week4": "1", "Week5": "1", "Holidays": "0"}}, {"type": "Feature", "geometry": {"type": "LineString", "coordinates": [[-122.43369499670028, 37.771688273732], [-122.43388241183528, 37.772620310801]]}, "properties": {"Corridor": "Pierce St", "Limits": "Haight St  -  Page St", "BlockSide": "East", "WeekDay": "Wed", "FromHour": "9", "ToHour": "11", "Week1": "1", "Week2": "1", "Week3": "1", "Week4": "1", "Week5": "1", "Holidays": "0"}}, {"type": "Feature", "geometry": {"type": "LineString", "coordinates": [[-122.44415608577978, 37.761946770403], [-122.44450383519879, 37.761575468275], [-122.44457107192679, 37.761245734513], [-122.44431062360478, 37.760513965232]]}, "properties": {"Corridor": "Mars St", "Limits": "17th St  -  Corbett Ave", "BlockSide": "East", "WeekDay": "Thu", "FromHour": "9", "ToHour": "11", "Week1": "1", "Week2": "1", "Week3": "1", "Week4": "1", "Week5": "1", "Holidays": "0"}}, {"type": "Feature", "geometry": {"type": "LineString", "coordinates": [[-122.45685300148068, 37.783928911752], [-122.45666899256568, 37.781439142038]]}, "properties": {"Corridor": "Jordan Ave", "Limits": "Euclid Ave  -  Geary Blvd", "BlockSide": "West", "WeekDay": "Thu", "FromHour": "7", "ToHour": "9", "Week1": "1", "Week2": "0", "Week3": "1", "Week4": "0", "Week5": "0", "Holidays": "0"}}, {"type": "Feature", "geometry": {"type": "LineString", "coordinates": [[-122.431198609255, 37.77586578276913], [-122.432829728662, 37.775657529555126]]}, "properties": {"Corridor": "Hayes St", "Limits": "Fillmore St  -  Steiner St", "BlockSide": "North", "WeekDay": "Tues", "FromHour": "12", "ToHour": "14", "Week1": "1", "Week2": "1", "Week3": "1", "Week4": "1", "Week5": "1", "Holidays": "0"}}, {"type": "Feature", "geometry": {"type": "LineString", "coordinates": [[-122.435187962327, 37.76270214866513], [-122.435321554369, 37.76272233956813], [-122.435803703003, 37.762530940164126], [-122.435972800963, 37.76248023486513], [-122.436369245103, 37.76246174076613], [-122.436437451147, 37.76244002657213]]}, "properties": {"Corridor": "17th St", "Limits": "Market St  -  17th St", "BlockSide": "North", "WeekDay": "Thu", "FromHour": "9", "ToHour": "11", "Week1": "1", "Week2": "1", "Week3": "1", "Week4": "1", "Week5": "1", "Holidays": "0"}}, {"type": "Feature", "geometry": {"type": "LineString", "coordinates": [[-122.439276798845, 37.77387856093713], [-122.440921792368, 37.77366673721113]]}, "properties": {"Corridor": "Fell St", "Limits": "Broderick St  -  Baker St", "BlockSide": "North", "WeekDay": "Tues", "FromHour": "12", "ToHour": "14", "Week1": "1", "Week2": "1", "Week3": "1", "Week4": "1", "Week5": "1", "Holidays": "0"}}, {"type": "Feature", "geometry": {"type": "LineString", "coordinates": [[-122.449325875095, 37.77355629208413], [-122.450973754365, 37.773347085617125]]}, "properties": {"Corridor": "Hayes St", "Limits": "Clayton St  -  Cole St", "BlockSide": "North", "WeekDay": "Thu", "FromHour": "9", "ToHour": "11", "Week1": "1", "Week2": "1", "Week3": "1", "Week4": "1", "Week5": "1", "Holidays": "0"}}, {"type": "Feature", "geometry": {"type": "LineString", "coordinates": [[-122.455282599772, 37.76814391761187], [-122.455356540762, 37.76809532729787], [-122.455541410811, 37.76805875706987], [-122.456699309413, 37.76771173918587]]}, "properties": {"Corridor": "Kezar Dr", "Limits": "Waller St  -  Unnamed #139", "BlockSide": "South", "WeekDay": "Wed", "FromHour": "6", "ToHour": "8", "Week1": "1", "Week2": "1", "Week3": "1", "Week4": "1", "Week5": "1", "Holidays": "0"}}, {"type": "Feature", "geometry": {"type": "LineString", "coordinates": [[-122.455523985114, 37.78139969933887], [-122.455618735828, 37.78131881132287], [-122.456190674026, 37.78128856315087], [-122.456295739929, 37.78134984159987]]}, "properties": {"Corridor": "Geary Blvd", "Limits": "Commonwealth Ave  -  Stanyan St", "BlockSide": "South", "WeekDay": "Fri", "FromHour": "6", "ToHour": "8", "Week1": "1", "Week2": "0", "Week3": "1", "Week4": "0", "Week5": "0", "Holidays": "0"}}, {"type": "Feature", "geometry": {"type": "LineString", "coordinates": [[-122.45357664907165, 37.769165225265], [-122.45339206224065, 37.768246025288]]}, "properties": {"Corridor": "Stanyan St", "Limits": "Haight St  -  Waller St", "BlockSide": "West", "WeekDay": "Wed", "FromHour": "6", "ToHour": "8", "Week1": "1", "Week2": "1", "Week3": "1", "Week4": "1", "Week5": "1", "Holidays": "0"}}, {"type": "Feature", "geometry": {"type": "LineString", "coordinates": [[-122.456295739929, 37.78134984159987], [-122.456367376717, 37.78126900493887], [-122.457636289848, 37.781212181004875], [-122.45773304353, 37.78128314517987]]}, "properties": {"Corridor": "Geary Blvd", "Limits": "Stanyan St  -  Palm Ave", "BlockSide": "South", "WeekDay": "Fri", "FromHour": "6", "ToHour": "8", "Week1": "0", "Week2": "1", "Week3": "0", "Week4": "1", "Week5": "0", "Holidays": "0"}}, {"type": "Feature", "geometry": {"type": "LineString", "coordinates": [[-122.4439682560845, 37.761281923123], [-122.44406442506249, 37.76124802342], [-122.44422411334149, 37.761100360865], [-122.4442497019645, 37.760988913952], [-122.4442443302555, 37.760763823995], [-122.44425343183549, 37.760668025568], [-122.4443106238105, 37.760513965232]]}, "properties": {"Corridor": "Corbett Ave", "Limits": "Danvers St  -  Mars St", "BlockSide": "East", "WeekDay": "Thu", "FromHour": "9", "ToHour": "11", "Week1": "1", "Week2": "1", "Week3": "1", "Week4": "1", "Week5": "1", "Holidays": "0"}}, {"type": "Feature", "geometry": {"type": "LineString", "coordinates": [[-122.43236876257377, 37.781428371173], [-122.43255516446277, 37.782349635153]]}, "properties": {"Corridor": "Fillmore St", "Limits": "Eddy St  -  Ellis St", "BlockSide": "West", "WeekDay": "Mon", "FromHour": "6", "ToHour": "8", "Week1": "0", "Week2": "1", "Week3": "0", "Week4": "1", "Week5": "0", "Holidays": "0"}}, {"type": "Feature", "geometry": {"type": "LineString", "coordinates": [[-122.43646745374714, 37.777068080246], [-122.43665685221815, 37.778006397893]]}, "properties": {"Corridor": "Scott St", "Limits": "Fulton St  -  McAllister St", "BlockSide": "East", "WeekDay": "Wed", "FromHour": "12", "ToHour": "14", "Week1": "1", "Week2": "1", "Week3": "1", "Week4": "1", "Week5": "1", "Holidays": "0"}}, {"type": "Feature", "geometry": {"type": "LineString", "coordinates": [[-122.4473412943955, 37.782391642084], [-122.4474906795945, 37.782195217664], [-122.4476770821845, 37.781719177507], [-122.44771904863349, 37.78151002451], [-122.44764267129449, 37.781140916794], [-122.44755776390649, 37.781069511093]]}, "properties": {"Corridor": "Masonic Ave", "Limits": "Geary Blvd  -  Anza St", "BlockSide": "West", "WeekDay": "Wed", "FromHour": "8", "ToHour": "10", "Week1": "1", "Week2": "1", "Week3": "1", "Week4": "1", "Week5": "1", "Holidays": "0"}}, {"type": "Feature", "geometry": {"type": "LineString", "coordinates": [[-122.44735219584427, 37.77187774215], [-122.44716247602128, 37.770934640933]]}, "properties": {"Corridor": "Ashbury St", "Limits": "Oak St  -  Page St", "BlockSide": "West", "WeekDay": "Fri", "FromHour": "8", "ToHour": "10", "Week1": "1", "Week2": "1", "Week3": "1", "Week4": "1", "Week5": "1", "Holidays": "0"}}, {"type": "Feature", "geometry": {"type": "LineString", "coordinates": [[-122.45077653761746, 37.762341704865], [-122.45061973988146, 37.761561139148]]}, "properties": {"Corridor": "Shrader St", "Limits": "Rivoli St  -  17th St", "BlockSide": "West", "WeekDay": "Wed", "FromHour": "9", "ToHour": "11", "Week1": "1", "Week2": "0", "Week3": "0", "Week4": "0", "Week5": "0", "Holidays": "0"}}, {"type": "Feature", "geometry": {"type": "LineString", "coordinates": [[-122.44613150365704, 37.773935371748], [-122.44594214247704, 37.772995405825]]}, "properties": {"Corridor": "Masonic Ave", "Limits": "Hayes St  -  Fell St", "BlockSide": "West", "WeekDay": "Fri", "FromHour": "9", "ToHour": "11", "Week1": "1", "Week2": "1", "Week3": "1", "Week4": "1", "Week5": "1", "Holidays": "0"}}, {"type": "Feature", "geometry": {"type": "LineString", "coordinates": [[-122.43283327486091, 37.761021311233], [-122.4327555295209, 37.760223565227]]}, "properties": {"Corridor": "Noe St", "Limits": "18th St  -  Hancock St", "BlockSide": "West", "WeekDay": "Fri", "FromHour": "9", "ToHour": "11", "Week1": "1", "Week2": "1", "Week3": "1", "Week4": "1", "Week5": "1", "Holidays": "0"}}, {"type": "Feature", "geometry": {"type": "LineString", "coordinates": [[-122.446283674527, 37.77483966183787], [-122.447877800152, 37.77463592533887]]}, "properties": {"Corridor": "Grove St", "Limits": "Masonic Ave  -  Ashbury St", "BlockSide": "South", "WeekDay": "Mon", "FromHour": "6", "ToHour": "8", "Week1": "1", "Week2": "1", "Week3": "1", "Week4": "1", "Week5": "1", "Holidays": "0"}}, {"type": "Feature", "geometry": {"type": "LineString", "coordinates": [[-122.430167375626, 37.77067774772387], [-122.431810933336, 37.77046952024387]]}, "properties": {"Corridor": "Germania St", "Limits": "Fillmore St  -  Steiner St", "BlockSide": "South", "WeekDay": "Thu", "FromHour": "8", "ToHour": "10", "Week1": "1", "Week2": "1", "Week3": "1", "Week4": "1", "Week5": "1", "Holidays": "0"}}, {"type": "Feature", "geometry": {"type": "LineString", "coordinates": [[-122.457922818413, 37.783905752771126], [-122.459044553148, 37.783858045356126]]}, "properties": {"Corridor": "Euclid Ave", "Limits": "Palm Ave  -  Arguello Blvd", "BlockSide": "North", "WeekDay": "Fri", "FromHour": "7", "ToHour": "9", "Week1": "1", "Week2": "0", "Week3": "1", "Week4": "0", "Week5": "0", "Holidays": "0"}}, {"type": "Feature", "geometry": {"type": "LineString", "coordinates": [[-122.44928609881342, 37.773524851193], [-122.44910339750642, 37.772578916912]]}, "properties": {"Corridor": "Clayton St", "Limits": "Hayes St  -  Fell St", "BlockSide": "East", "WeekDay": "Wed", "FromHour": "9", "ToHour": "11", "Week1": "1", "Week2": "1", "Week3": "1", "Week4": "1", "Week5": "1", "Holidays": "0"}}, {"type": "Feature", "geometry": {"type": "LineString", "coordinates": [[-122.431951802505, 37.77953270814987], [-122.433595938287, 37.779323144608874]]}, "properties": {"Corridor": "Golden Gate Ave", "Limits": "Fillmore St  -  Steiner St", "BlockSide": "South", "WeekDay": "Tues", "FromHour": "8", "ToHour": "10", "Week1": "1", "Week2": "1", "Week3": "1", "Week4": "1", "Week5": "1", "Holidays": "0"}}, {"type": "Feature", "geometry": {"type": "LineString", "coordinates": [[-122.437847943562, 37.78368619731887], [-122.437981289312, 37.783590468442874], [-122.438366823258, 37.78348769835687], [-122.438786398794, 37.78331067546387], [-122.438979029161, 37.78326846454187], [-122.439325621851, 37.78322893448287], [-122.43948038104, 37.78327704711087]]}, "properties": {"Corridor": "Geary Blvd", "Limits": "Scott St  -  Divisadero St", "BlockSide": "South", "WeekDay": "Tues", "FromHour": "6", "ToHour": "8", "Week1": "0", "Week2": "1", "Week3": "0", "Week4": "1", "Week5": "0", "Holidays": "0"}}, {"type": "Feature", "geometry": {"type": "LineString", "coordinates": [[-122.43310259293304, 37.764217945063116], [-122.43343939283304, 37.76409096079212], [-122.43458834890704, 37.763160564773116], [-122.43518002649704, 37.762765242987115], [-122.43521608445104, 37.76269293962812]]}, "properties": {"Corridor": "Market St", "Limits": "16th St  -  17th St", "BlockSide": "NorthWest", "WeekDay": "Sat", "FromHour": "2", "ToHour": "6", "Week1": "1", "Week2": "1", "Week3": "1", "Week4": "1", "Week5": "1", "Holidays": "1"}}, {"type": "Feature", "geometry": {"type": "LineString", "coordinates": [[-122.44731214778186, 37.780152061157], [-122.44724948322985, 37.780062010656], [-122.44697683305886, 37.778725703751], [-122.44700002679886, 37.778622307539]]}, "properties": {"Corridor": "Masonic Ave", "Limits": "Ewing Ter  -  Turk Blvd", "BlockSide": "East", "WeekDay": "Thu", "FromHour": "6", "ToHour": "8", "Week1": "1", "Week2": "1", "Week3": "1", "Week4": "1", "Week5": "1", "Holidays": "0"}}, {"type": "Feature", "geometry": {"type": "LineString", "coordinates": [[-122.427630998945, 37.77482650811487], [-122.429272629957, 37.77461748364287]]}, "properties": {"Corridor": "Hickory St", "Limits": "Buchanan St  -  Webster St", "BlockSide": "South", "WeekDay": "Tues", "FromHour": "12", "ToHour": "14", "Week1": "1", "Week2": "1", "Week3": "1", "Week4": "1", "Week5": "1", "Holidays": "0"}}, {"type": "Feature", "geometry": {"type": "LineString", "coordinates": [[-122.450521795018, 37.768624168211126], [-122.451675937091, 37.76847696666013]]}, "properties": {"Corridor": "Waller St", "Limits": "Cole St  -  Shrader St", "BlockSide": "North", "WeekDay": "Tues", "FromHour": "8", "ToHour": "10", "Week1": "1", "Week2": "1", "Week3": "1", "Week4": "1", "Week5": "1", "Holidays": "0"}}, {"type": "Feature", "geometry": {"type": "LineString", "coordinates": [[-122.43321840657315, 37.765060651583], [-122.43315249242315, 37.764373526418], [-122.43311424251415, 37.764195713209]]}, "properties": {"Corridor": "Noe St", "Limits": "Beaver St  -  Market St", "BlockSide": "West", "WeekDay": "Fri", "FromHour": "8", "ToHour": "10", "Week1": "1", "Week2": "1", "Week3": "1", "Week4": "1", "Week5": "1", "Holidays": "0"}}, {"type": "Feature", "geometry": {"type": "LineString", "coordinates": [[-122.43180299962779, 37.778632037466], [-122.43199158203979, 37.779564149041]]}, "properties": {"Corridor": "Fillmore St", "Limits": "McAllister St  -  Golden Gate Ave", "BlockSide": "West", "WeekDay": "Mon", "FromHour": "6", "ToHour": "8", "Week1": "0", "Week2": "1", "Week3": "0", "Week4": "1", "Week5": "0", "Holidays": "0"}}, {"type": "Feature", "geometry": {"type": "LineString", "coordinates": [[-122.43153060660511, 37.769307161246], [-122.43155556460012, 37.769431023024], [-122.43167723776911, 37.770034859116]]}, "properties": {"Corridor": "Steiner St", "Limits": "Duboce Ave  -  Hermann St", "BlockSide": "East", "WeekDay": "Fri", "FromHour": "9", "ToHour": "11", "Week1": "1", "Week2": "1", "Week3": "1", "Week4": "1", "Week5": "1", "Holidays": "0"}}, {"type": "Feature", "geometry": {"type": "LineString", "coordinates": [[-122.45590489809278, 37.786104707944], [-122.45575110954879, 37.783978891051]]}, "properties": {"Corridor": "Commonwealth Ave", "Limits": "California St  -  Euclid Ave", "BlockSide": "West", "WeekDay": "Fri", "FromHour": "7", "ToHour": "9", "Week1": "1", "Week2": "0", "Week3": "1", "Week4": "0", "Week5": "0", "Holidays": "0"}}, {"type": "Feature", "geometry": {"type": "LineString", "coordinates": [[-122.4309973481351, 37.76584575450988], [-122.4310964349911, 37.76565098798688], [-122.4327367070821, 37.76435173048288], [-122.4330463480521, 37.76417348135488]]}, "properties": {"Corridor": "Market St", "Limits": "Sanchez St  -  16th St", "BlockSide": "SouthEast", "WeekDay": "Wed", "FromHour": "2", "ToHour": "6", "Week1": "1", "Week2": "1", "Week3": "1", "Week4": "1", "Week5": "1", "Holidays": "1"}}, {"type": "Feature", "geometry": {"type": "LineString", "coordinates": [[-122.44549550268647, 37.771141933725], [-122.44530521501348, 37.770210174776]]}, "properties": {"Corridor": "Masonic Ave", "Limits": "Page St  -  Haight St", "BlockSide": "East", "WeekDay": "Fri", "FromHour": "8", "ToHour": "10", "Week1": "1", "Week2": "1", "Week3": "1", "Week4": "1", "Week5": "1", "Holidays": "0"}}, {"type": "Feature", "geometry": {"type": "LineString", "coordinates": [[-122.444731540167, 37.76739443522287], [-122.445544776181, 37.76729172129387]]}, "properties": {"Corridor": "Frederick St", "Limits": "Masonic Ave  -  Delmar St", "BlockSide": "South", "WeekDay": "Tues", "FromHour": "8", "ToHour": "10", "Week1": "1", "Week2": "1", "Week3": "1", "Week4": "1", "Week5": "1", "Holidays": "0"}}, {"type": "Feature", "geometry": {"type": "LineString", "coordinates": [[-122.429770567472, 37.76447219375013], [-122.430117948604, 37.76445118106313]]}, "properties": {"Corridor": "16th St", "Limits": "Sharon St  -  Dehon St", "BlockSide": "North", "WeekDay": "Mon", "FromHour": "9", "ToHour": "11", "Week1": "1", "Week2": "1", "Week3": "1", "Week4": "1", "Week5": "1", "Holidays": "0"}}, {"type": "Feature", "geometry": {"type": "LineString", "coordinates": [[-122.435000701127, 37.760857492195875], [-122.436114108657, 37.76079255396087]]}, "properties": {"Corridor": "18th St", "Limits": "Castro St  -  Collingwood St", "BlockSide": "South", "WeekDay": "Wed", "FromHour": "6", "ToHour": "8", "Week1": "1", "Week2": "1", "Week3": "1", "Week4": "1", "Week5": "1", "Holidays": "0"}}, {"type": "Feature", "geometry": {"type": "LineString", "coordinates": [[-122.45682358903015, 37.777401923198], [-122.45670612191716, 37.776825025673]]}, "properties": {"Corridor": "Willard St North", "Limits": "Turk Blvd  -  Golden Gate Ave", "BlockSide": "East", "WeekDay": "Wed", "FromHour": "9", "ToHour": "11", "Week1": "1", "Week2": "1", "Week3": "1", "Week4": "1", "Week5": "1", "Holidays": "0"}}, {"type": "Feature", "geometry": {"type": "LineString", "coordinates": [[-122.43783852464256, 37.774991947847], [-122.43790681467355, 37.775064840939], [-122.43806786133256, 37.775845795968], [-122.43802962577755, 37.775925405585]]}, "properties": {"Corridor": "Divisadero St", "Limits": "Hayes St  -  Grove St", "BlockSide": "West", "WeekDay": "Sat", "FromHour": "6", "ToHour": "8", "Week1": "1", "Week2": "1", "Week3": "1", "Week4": "1", "Week5": "1", "Holidays": "0"}}, {"type": "Feature", "geometry": {"type": "LineString", "coordinates": [[-122.43410901053, 37.773517936104874], [-122.435751499209, 37.77331427155087]]}, "properties": {"Corridor": "Oak St", "Limits": "Pierce St  -  Scott St", "BlockSide": "South", "WeekDay": "Tues", "FromHour": "12", "ToHour": "14", "Week1": "1", "Week2": "1", "Week3": "1", "Week4": "1", "Week5": "1", "Holidays": "0"}}, {"type": "Feature", "geometry": {"type": "LineString", "coordinates": [[-122.432280109599, 37.77286068892213], [-122.433922187634, 37.77265175169213]]}, "properties": {"Corridor": "Page St", "Limits": "Steiner St  -  Pierce St", "BlockSide": "North", "WeekDay": "Tues", "FromHour": "12", "ToHour": "14", "Week1": "1", "Week2": "1", "Week3": "1", "Week4": "1", "Week5": "1", "Holidays": "0"}}, {"type": "Feature", "geometry": {"type": "LineString", "coordinates": [[-122.4310535936688, 37.76589021821812], [-122.4312588543828, 37.765810521180114], [-122.43295092030782, 37.764490555883114], [-122.43310259358582, 37.764217945063116]]}, "properties": {"Corridor": "Market St", "Limits": "Sanchez St  -  16th St", "BlockSide": "NorthWest", "WeekDay": "Tues", "FromHour": "2", "ToHour": "6", "Week1": "1", "Week2": "1", "Week3": "1", "Week4": "1", "Week5": "1", "Holidays": "1"}}, {"type": "Feature", "geometry": {"type": "LineString", "coordinates": [[-122.42908038245547, 37.781847439487], [-122.42916314114346, 37.782256553517], [-122.42915192140647, 37.782297073991]]}, "properties": {"Corridor": "Buchanan St", "Limits": "Eddy St  -  Willow St", "BlockSide": "West", "WeekDay": "Wed", "FromHour": "12", "ToHour": "14", "Week1": "1", "Week2": "1", "Week3": "1", "Week4": "1", "Week5": "1", "Holidays": "0"}}, {"type": "Feature", "geometry": {"type": "LineString", "coordinates": [[-122.447634628354, 37.76517017532313], [-122.44844097576, 37.76506734902813]]}, "properties": {"Corridor": "Parnassus Ave", "Limits": "Clayton St  -  Belvedere St", "BlockSide": "North", "WeekDay": "Fri", "FromHour": "8", "ToHour": "10", "Week1": "1", "Week2": "0", "Week3": "0", "Week4": "0", "Week5": "0", "Holidays": "0"}}, {"type": "Feature", "geometry": {"type": "LineString", "coordinates": [[-122.45581500123286, 37.779919255633885], [-122.45646881480786, 37.77967310620788]]}, "properties": {"Corridor": "Anza St", "Limits": "Stanyan St  -  Rossi Ave", "BlockSide": "SouthEast", "WeekDay": "Wed", "FromHour": "8", "ToHour": "10", "Week1": "1", "Week2": "1", "Week3": "1", "Week4": "1", "Week5": "1", "Holidays": "0"}}, {"type": "Feature", "geometry": {"type": "LineString", "coordinates": [[-122.458858661406, 37.78122562043387], [-122.459039858278, 37.78115827244587], [-122.459874043119, 37.781115142969874], [-122.459999657963, 37.78118203702087]]}, "properties": {"Corridor": "Geary Blvd", "Limits": "Arguello Blvd  -  02nd Ave", "BlockSide": "South", "WeekDay": "Fri", "FromHour": "7", "ToHour": "8", "Week1": "0", "Week2": "1", "Week3": "0", "Week4": "1", "Week5": "1", "Holidays": "0"}}, {"type": "Feature", "geometry": {"type": "LineString", "coordinates": [[-122.439088600748, 37.772953422440125], [-122.440735147717, 37.772744314421125]]}, "properties": {"Corridor": "Oak St", "Limits": "Broderick St  -  Baker St", "BlockSide": "North", "WeekDay": "Thu", "FromHour": "8", "ToHour": "10", "Week1": "1", "Week2": "1", "Week3": "1", "Week4": "1", "Week5": "1", "Holidays": "0"}}, {"type": "Feature", "geometry": {"type": "LineString", "coordinates": [[-122.43420155566959, 37.782150910402], [-122.43439017711658, 37.783083017553]]}, "properties": {"Corridor": "Steiner St", "Limits": "Ellis St  -  O'Farrell St", "BlockSide": "West", "WeekDay": "Tues", "FromHour": "6", "ToHour": "8", "Week1": "1", "Week2": "0", "Week3": "1", "Week4": "0", "Week5": "0", "Holidays": "0"}}, {"type": "Feature", "geometry": {"type": "LineString", "coordinates": [[-122.458815067681, 37.76433441833287], [-122.459887554573, 37.76428739213587]]}, "properties": {"Corridor": "Irving St", "Limits": "02nd Ave  -  03rd Ave", "BlockSide": "South", "WeekDay": "Tues", "FromHour": "7", "ToHour": "8", "Week1": "1", "Week2": "0", "Week3": "1", "Week4": "0", "Week5": "0", "Holidays": "0"}}, {"type": "Feature", "geometry": {"type": "LineString", "coordinates": [[-122.45117329035185, 37.764682363972], [-122.45100252033384, 37.763842651404]]}, "properties": {"Corridor": "Shrader St", "Limits": "Parnassus Ave  -  Grattan St", "BlockSide": "East", "WeekDay": "Tues", "FromHour": "8", "ToHour": "10", "Week1": "1", "Week2": "0", "Week3": "0", "Week4": "0", "Week5": "0", "Holidays": "0"}}, {"type": "Feature", "geometry": {"type": "LineString", "coordinates": [[-122.4490075430107, 37.78217743771], [-122.44875146726869, 37.780881663355]]}, "properties": {"Corridor": "Wood St", "Limits": "Geary Blvd  -  Anza St", "BlockSide": "East", "WeekDay": "Wed", "FromHour": "8", "ToHour": "10", "Week1": "1", "Week2": "1", "Week3": "1", "Week4": "1", "Week5": "1", "Holidays": "0"}}, {"type": "Feature", "geometry": {"type": "LineString", "coordinates": [[-122.445155752658, 37.77791794756013], [-122.44684646986, 37.777700549824125]]}, "properties": {"Corridor": "Golden Gate Ave", "Limits": "Central Ave  -  Masonic Ave", "BlockSide": "North", "WeekDay": "Thu", "FromHour": "12", "ToHour": "14", "Week1": "1", "Week2": "1", "Week3": "1", "Week4": "1", "Week5": "1", "Holidays": "0"}}, {"type": "Feature", "geometry": {"type": "LineString", "coordinates": [[-122.451357654172, 37.77520656185813], [-122.452810237136, 37.77502675942113]]}, "properties": {"Corridor": "Fulton St", "Limits": "Cole St  -  Parker Ave", "BlockSide": "North", "WeekDay": "Mon", "FromHour": "6", "ToHour": "8", "Week1": "1", "Week2": "1", "Week3": "1", "Week4": "1", "Week5": "1", "Holidays": "0"}}, {"type": "Feature", "geometry": {"type": "LineString", "coordinates": [[-122.43062908467, 37.77307074012613], [-122.432280109599, 37.77286068892213]]}, "properties": {"Corridor": "Page St", "Limits": "Fillmore St  -  Steiner St", "BlockSide": "North", "WeekDay": "Tues", "FromHour": "12", "ToHour": "14", "Week1": "1", "Week2": "1", "Week3": "1", "Week4": "1", "Week5": "1", "Holidays": "0"}}, {"type": "Feature", "geometry": {"type": "LineString", "coordinates": [[-122.4453847644478, 37.770210174776], [-122.44521398491979, 37.769339442369], [-122.44514575631278, 37.769284228758]]}, "properties": {"Corridor": "Masonic Ave", "Limits": "Haight St  -  Waller St", "BlockSide": "West", "WeekDay": "Wed", "FromHour": "8", "ToHour": "10", "Week1": "1", "Week2": "1", "Week3": "1", "Week4": "1", "Week5": "1", "Holidays": "0"}}, {"type": "Feature", "geometry": {"type": "LineString", "coordinates": [[-122.432124056662, 37.76263668653187], [-122.432949137393, 37.762586758676875]]}, "properties": {"Corridor": "17th St", "Limits": "Pond St  -  Noe St", "BlockSide": "South", "WeekDay": "Mon", "FromHour": "9", "ToHour": "11", "Week1": "1", "Week2": "1", "Week3": "1", "Week4": "1", "Week5": "1", "Holidays": "0"}}, {"type": "Feature", "geometry": {"type": "LineString", "coordinates": [[-122.43286950651085, 37.775626088664], [-122.43290004067985, 37.775718605459], [-122.43306827670885, 37.776550121993]]}, "properties": {"Corridor": "Steiner St", "Limits": "Hayes St  -  Grove St", "BlockSide": "West", "WeekDay": "Wed", "FromHour": "9", "ToHour": "11", "Week1": "1", "Week2": "1", "Week3": "1", "Week4": "1", "Week5": "1", "Holidays": "0"}}, {"type": "Feature", "geometry": {"type": "LineString", "coordinates": [[-122.44108093322289, 37.761669673236], [-122.4410244705549, 37.761077984409]]}, "properties": {"Corridor": "Hattie St", "Limits": "Corbett Ave  -  Market St", "BlockSide": "West", "WeekDay": "Wed", "FromHour": "8", "ToHour": "10", "Week1": "1", "Week2": "1", "Week3": "1", "Week4": "1", "Week5": "1", "Holidays": "0"}}, {"type": "Feature", "geometry": {"type": "LineString", "coordinates": [[-122.44164350907377, 37.78225617856012], [-122.44179227830577, 37.782329642309115], [-122.44266433922178, 37.782664833242116], [-122.44276497033178, 37.78290756829712]]}, "properties": {"Corridor": "Saint Joseph's Ave", "Limits": "O'Farrell St  -  Geary Blvd", "BlockSide": "NorthEast", "WeekDay": "Tues", "FromHour": "6", "ToHour": "8", "Week1": "1", "Week2": "0", "Week3": "1", "Week4": "0", "Week5": "0", "Holidays": "0"}}, {"type": "Feature", "geometry": {"type": "LineString", "coordinates": [[-122.4510800794855, 37.781984115978], [-122.45080406702449, 37.780622314436]]}, "properties": {"Corridor": "Blake St", "Limits": "Geary Blvd  -  Anza St", "BlockSide": "East", "WeekDay": "Wed", "FromHour": "8", "ToHour": "10", "Week1": "1", "Week2": "1", "Week3": "1", "Week4": "1", "Week5": "1", "Holidays": "0"}}, {"type": "Feature", "geometry": {"type": "LineString", "coordinates": [[-122.44456987141439, 37.783137112817], [-122.44468284030039, 37.783686463642]]}, "properties": {"Corridor": "Lyon St", "Limits": "Leona Ter  -  Post St", "BlockSide": "West", "WeekDay": "Mon", "FromHour": "9", "ToHour": "11", "Week1": "1", "Week2": "0", "Week3": "1", "Week4": "0", "Week5": "0", "Holidays": "0"}}, {"type": "Feature", "geometry": {"type": "LineString", "coordinates": [[-122.43210060912097, 37.780496260511], [-122.43228920099897, 37.781428371173]]}, "properties": {"Corridor": "Fillmore St", "Limits": "Turk St  -  Eddy St", "BlockSide": "East", "WeekDay": "Tues", "FromHour": "6", "ToHour": "8", "Week1": "0", "Week2": "1", "Week3": "0", "Week4": "1", "Week5": "0", "Holidays": "0"}}, {"type": "Feature", "geometry": {"type": "LineString", "coordinates": [[-122.44195798725009, 37.770637635539], [-122.4421481045621, 37.771571037982]]}, "properties": {"Corridor": "Lyon St", "Limits": "Haight St  -  Page St", "BlockSide": "East", "WeekDay": "Fri", "FromHour": "8", "ToHour": "10", "Week1": "1", "Week2": "1", "Week3": "1", "Week4": "1", "Week5": "1", "Holidays": "0"}}, {"type": "Feature", "geometry": {"type": "LineString", "coordinates": [[-122.429365860021, 37.775111180048], [-122.429459885543, 37.775577376259]]}, "properties": {"Corridor": "Webster St", "Limits": "Fell St  -  Linden St", "BlockSide": "", "WeekDay": "Wed", "FromHour": "8", "ToHour": "10", "Week1": "1", "Week2": "1", "Week3": "1", "Week4": "1", "Week5": "1", "Holidays": "0"}}, {"type": "Feature", "geometry": {"type": "LineString", "coordinates": [[-122.44600242120991, 37.765216185612], [-122.4459510921539, 37.76495639874], [-122.44587794426191, 37.764577147577], [-122.4461134196469, 37.76418782243]]}, "properties": {"Corridor": "Ashbury St", "Limits": "Piedmont St  -  Clifford Ter", "BlockSide": "West", "WeekDay": "Fri", "FromHour": "8", "ToHour": "10", "Week1": "1", "Week2": "1", "Week3": "1", "Week4": "1", "Week5": "1", "Holidays": "0"}}, {"type": "Feature", "geometry": {"type": "LineString", "coordinates": [[-122.45292404772279, 37.775750129327], [-122.4527704596058, 37.77499531853]]}, "properties": {"Corridor": "Parker Ave", "Limits": "McAllister St  -  Fulton St", "BlockSide": "East", "WeekDay": "Wed", "FromHour": "6", "ToHour": "8", "Week1": "1", "Week2": "1", "Week3": "1", "Week4": "1", "Week5": "1", "Holidays": "0"}}, {"type": "Feature", "geometry": {"type": "LineString", "coordinates": [[-122.4342545075912, 37.774475816764], [-122.43444354241821, 37.775416861364]]}, "properties": {"Corridor": "Pierce St", "Limits": "Fell St  -  Hayes St", "BlockSide": "East", "WeekDay": "Wed", "FromHour": "9", "ToHour": "11", "Week1": "1", "Week2": "1", "Week3": "1", "Week4": "1", "Week5": "1", "Holidays": "0"}}, {"type": "Feature", "geometry": {"type": "LineString", "coordinates": [[-122.43740664936753, 37.7817270793], [-122.43759367180253, 37.78266289972]]}, "properties": {"Corridor": "Scott St", "Limits": "Ellis St  -  O'Farrell St", "BlockSide": "East", "WeekDay": "Wed", "FromHour": "12", "ToHour": "14", "Week1": "1", "Week2": "1", "Week3": "1", "Week4": "1", "Week5": "1", "Holidays": "0"}}, {"type": "Feature", "geometry": {"type": "LineString", "coordinates": [[-122.45141539984854, 37.783661826646], [-122.45108007866754, 37.781984115978]]}, "properties": {"Corridor": "Blake St", "Limits": "Start: 01-99 Block  -  Geary Blvd", "BlockSide": "East", "WeekDay": "Tues", "FromHour": "6", "ToHour": "8", "Week1": "1", "Week2": "1", "Week3": "1", "Week4": "1", "Week5": "1", "Holidays": "0"}}, {"type": "Feature", "geometry": {"type": "LineString", "coordinates": [[-122.432328981537, 37.78145981206413], [-122.43397315752, 37.781250243333126]]}, "properties": {"Corridor": "Eddy St", "Limits": "Fillmore St  -  Steiner St", "BlockSide": "North", "WeekDay": "Thu", "FromHour": "12", "ToHour": "14", "Week1": "1", "Week2": "1", "Week3": "1", "Week4": "1", "Week5": "1", "Holidays": "0"}}, {"type": "Feature", "geometry": {"type": "LineString", "coordinates": [[-122.45700315421739, 37.785963786834], [-122.4568530026984, 37.783928911752]]}, "properties": {"Corridor": "Jordan Ave", "Limits": "California St  -  Euclid Ave", "BlockSide": "West", "WeekDay": "Thu", "FromHour": "7", "ToHour": "9", "Week1": "1", "Week2": "0", "Week3": "1", "Week4": "0", "Week5": "0", "Holidays": "0"}}, {"type": "Feature", "geometry": {"type": "LineString", "coordinates": [[-122.43496093181685, 37.760888933087], [-122.43481391203986, 37.759289170835]]}, "properties": {"Corridor": "Castro St", "Limits": "18th St  -  19th St", "BlockSide": "East", "WeekDay": "Thu", "FromHour": "6", "ToHour": "8", "Week1": "1", "Week2": "1", "Week3": "1", "Week4": "1", "Week5": "1", "Holidays": "0"}}, {"type": "Feature", "geometry": {"type": "LineString", "coordinates": [[-122.43414878732843, 37.773549376996], [-122.43433406169044, 37.774475816764]]}, "properties": {"Corridor": "Pierce St", "Limits": "Oak St  -  Fell St", "BlockSide": "West", "WeekDay": "Fri", "FromHour": "9", "ToHour": "11", "Week1": "1", "Week2": "1", "Week3": "1", "Week4": "1", "Week5": "1", "Holidays": "0"}}, {"type": "Feature", "geometry": {"type": "LineString", "coordinates": [[-122.451295533711, 37.766560062193875], [-122.452947033768, 37.76634263331387]]}, "properties": {"Corridor": "Frederick St", "Limits": "Shrader St  -  Stanyan St", "BlockSide": "South", "WeekDay": "Tues", "FromHour": "8", "ToHour": "10", "Week1": "1", "Week2": "1", "Week3": "1", "Week4": "1", "Week5": "1", "Holidays": "0"}}, {"type": "Feature", "geometry": {"type": "LineString", "coordinates": [[-122.458371099376, 37.77427745471887], [-122.459486118713, 37.77413549314187]]}, "properties": {"Corridor": "Fulton St", "Limits": "Arguello Blvd  -  02nd Ave", "BlockSide": "South", "WeekDay": "Wed", "FromHour": "9", "ToHour": "11", "Week1": "0", "Week2": "1", "Week3": "0", "Week4": "1", "Week5": "0", "Holidays": "0"}}, {"type": "Feature", "geometry": {"type": "LineString", "coordinates": [[-122.458858661406, 37.78122562043387], [-122.459039858278, 37.78115827244587], [-122.459874043119, 37.781115142969874], [-122.459999657963, 37.78118203702087]]}, "properties": {"Corridor": "Geary Blvd", "Limits": "Arguello Blvd  -  02nd Ave", "BlockSide": "South", "WeekDay": "Wed", "FromHour": "7", "ToHour": "8", "Week1": "1", "Week2": "0", "Week3": "1", "Week4": "0", "Week5": "1", "Holidays": "0"}}, {"type": "Feature", "geometry": {"type": "LineString", "coordinates": [[-122.441671638484, 37.78226538759713], [-122.441740705765, 37.78216988875213], [-122.441964804562, 37.782120639312126], [-122.442328625749, 37.78205435214313], [-122.442851703569, 37.78198831073113], [-122.443498461412, 37.781946068134125], [-122.443831200101, 37.781903082281126]]}, "properties": {"Corridor": "O'Farrell St", "Limits": "Saint Joseph's Ave  -  Lyon St", "BlockSide": "North", "WeekDay": "Tues", "FromHour": "6", "ToHour": "8", "Week1": "1", "Week2": "0", "Week3": "1", "Week4": "0", "Week5": "0", "Holidays": "0"}}, {"type": "Feature", "geometry": {"type": "LineString", "coordinates": [[-122.453384996309, 37.77779542230587], [-122.454331407271, 37.77768134822287]]}, "properties": {"Corridor": "Turk Blvd", "Limits": "Parker Ave  -  Beaumont Ave", "BlockSide": "South", "WeekDay": "Mon", "FromHour": "6", "ToHour": "8", "Week1": "1", "Week2": "1", "Week3": "1", "Week4": "1", "Week5": "1", "Holidays": "0"}}, {"type": "Feature", "geometry": {"type": "LineString", "coordinates": [[-122.445820511205, 37.78245659120487], [-122.445893969059, 37.78235928431387], [-122.447234999916, 37.78219271444987], [-122.447301513476, 37.78236020119287]]}, "properties": {"Corridor": "Geary Blvd", "Limits": "Presidio Ave  -  Masonic Ave", "BlockSide": "South", "WeekDay": "Thu", "FromHour": "6", "ToHour": "8", "Week1": "1", "Week2": "1", "Week3": "1", "Week4": "1", "Week5": "1", "Holidays": "0"}}, {"type": "Feature", "geometry": {"type": "LineString", "coordinates": [[-122.44760751347202, 37.768969439018], [-122.44724863558302, 37.767194246872], [-122.44723896167403, 37.767110558401]]}, "properties": {"Corridor": "Downey St", "Limits": "Waller St  -  Frederick St", "BlockSide": "West", "WeekDay": "Wed", "FromHour": "8", "ToHour": "10", "Week1": "1", "Week2": "1", "Week3": "1", "Week4": "1", "Week5": "1", "Holidays": "0"}}, {"type": "Feature", "geometry": {"type": "LineString", "coordinates": [[-122.452143124058, 37.78188473273113], [-122.452252326715, 37.78194449198913], [-122.45309908421, 37.78183394136413], [-122.453170387508, 37.78174886939513]]}, "properties": {"Corridor": "Geary Blvd", "Limits": "Cook St  -  Spruce St", "BlockSide": "North", "WeekDay": "Thu", "FromHour": "6", "ToHour": "8", "Week1": "1", "Week2": "1", "Week3": "1", "Week4": "1", "Week5": "1", "Holidays": "0"}}, {"type": "Feature", "geometry": {"type": "LineString", "coordinates": [[-122.433547159621, 37.77072379058587], [-122.43440451328, 37.77061460779487]]}, "properties": {"Corridor": "Waller St", "Limits": "Pierce St  -  Carmelita St", "BlockSide": "South", "WeekDay": "Tues", "FromHour": "12", "ToHour": "14", "Week1": "1", "Week2": "1", "Week3": "1", "Week4": "1", "Week5": "1", "Holidays": "0"}}, {"type": "Feature", "geometry": {"type": "LineString", "coordinates": [[-122.445346739859, 37.77880519170687], [-122.446034825718, 37.778718089834875]]}, "properties": {"Corridor": "Turk Blvd", "Limits": "Central Ave  -  Nido Ave", "BlockSide": "South", "WeekDay": "Thu", "FromHour": "12", "ToHour": "14", "Week1": "1", "Week2": "1", "Week3": "1", "Week4": "1", "Week5": "1", "Holidays": "0"}}, {"type": "Feature", "geometry": {"type": "LineString", "coordinates": [[-122.44178354877903, 37.779866885998], [-122.44176211663303, 37.779935970355], [-122.44177858805102, 37.780129615052]]}, "properties": {"Corridor": "Baker St", "Limits": "Anzavista Ave  -  Pinar Ln", "BlockSide": "West", "WeekDay": "Wed", "FromHour": "9", "ToHour": "11", "Week1": "1", "Week2": "1", "Week3": "1", "Week4": "1", "Week5": "1", "Holidays": "0"}}, {"type": "Feature", "geometry": {"type": "LineString", "coordinates": [[-122.449143173788, 37.772547476020875], [-122.450786707808, 37.77233622309587]]}, "properties": {"Corridor": "Fell St", "Limits": "Clayton St  -  Cole St", "BlockSide": "South", "WeekDay": "Mon", "FromHour": "8", "ToHour": "10", "Week1": "1", "Week2": "1", "Week3": "1", "Week4": "1", "Week5": "1", "Holidays": "0"}}, {"type": "Feature", "geometry": {"type": "LineString", "coordinates": [[-122.458815067681, 37.76439730011513], [-122.459887554573, 37.764350273918126]]}, "properties": {"Corridor": "Irving St", "Limits": "02nd Ave  -  03rd Ave", "BlockSide": "North", "WeekDay": "Wed", "FromHour": "7", "ToHour": "8", "Week1": "0", "Week2": "1", "Week3": "0", "Week4": "1", "Week5": "0", "Holidays": "0"}}, {"type": "Feature", "geometry": {"type": "LineString", "coordinates": [[-122.4459228775941, 37.765216185612], [-122.4458715485381, 37.76495639874], [-122.4457984006461, 37.764577147577], [-122.4460338760311, 37.76418782243]]}, "properties": {"Corridor": "Ashbury St", "Limits": "Piedmont St  -  Clifford Ter", "BlockSide": "East", "WeekDay": "Mon", "FromHour": "8", "ToHour": "10", "Week1": "1", "Week2": "1", "Week3": "1", "Week4": "1", "Week5": "1", "Holidays": "0"}}, {"type": "Feature", "geometry": {"type": "LineString", "coordinates": [[-122.43031478734605, 37.77163980695], [-122.43039414253406, 37.772108258339]]}, "properties": {"Corridor": "Fillmore St", "Limits": "Laussat St  -  Haight St", "BlockSide": "East", "WeekDay": "Mon", "FromHour": "8", "ToHour": "10", "Week1": "1", "Week2": "1", "Week3": "1", "Week4": "1", "Week5": "1", "Holidays": "0"}}, {"type": "Feature", "geometry": {"type": "LineString", "coordinates": [[-122.457789624038, 37.76604620823013], [-122.457982067161, 37.76613558744213], [-122.458554131459, 37.76632103356513], [-122.458831543897, 37.76631643041713], [-122.458946891225, 37.76628704649113]]}, "properties": {"Corridor": "Lincoln Way", "Limits": "Arguello Blvd  -  02nd Ave", "BlockSide": "North", "WeekDay": "Fri", "FromHour": "11", "ToHour": "13", "Week1": "1", "Week2": "0", "Week3": "1", "Week4": "0", "Week5": "0", "Holidays": "0"}}, {"type": "Feature", "geometry": {"type": "LineString", "coordinates": [[-122.43174005859343, 37.764324012581], [-122.43158461138744, 37.762703174233]]}, "properties": {"Corridor": "Prosper St", "Limits": "16th St  -  17th St", "BlockSide": "West", "WeekDay": "Tues", "FromHour": "9", "ToHour": "11", "Week1": "1", "Week2": "1", "Week3": "1", "Week4": "1", "Week5": "1", "Holidays": "0"}}, {"type": "Feature", "geometry": {"type": "LineString", "coordinates": [[-122.44364908623, 37.77045781180813], [-122.445344990017, 37.770241615667125]]}, "properties": {"Corridor": "Haight St", "Limits": "Central Ave  -  Masonic Ave", "BlockSide": "North", "WeekDay": "Mon", "FromHour": "7", "ToHour": "9", "Week1": "1", "Week2": "1", "Week3": "1", "Week4": "1", "Week5": "1", "Holidays": "0"}}, {"type": "Feature", "geometry": {"type": "LineString", "coordinates": [[-122.44346714082084, 37.778089213476], [-122.44365933047985, 37.779038018823]]}, "properties": {"Corridor": "Lyon St", "Limits": "Golden Gate Ave  -  Turk Blvd", "BlockSide": "East", "WeekDay": "Fri", "FromHour": "12", "ToHour": "14", "Week1": "1", "Week2": "1", "Week3": "1", "Week4": "1", "Week5": "1", "Holidays": "0"}}, {"type": "Feature", "geometry": {"type": "LineString", "coordinates": [[-122.449143173788, 37.77261035780313], [-122.450786707808, 37.772399104878126]]}, "properties": {"Corridor": "Fell St", "Limits": "Clayton St  -  Cole St", "BlockSide": "North", "WeekDay": "Tues", "FromHour": "8", "ToHour": "10", "Week1": "1", "Week2": "1", "Week3": "1", "Week4": "1", "Week5": "1", "Holidays": "0"}}, {"type": "Feature", "geometry": {"type": "LineString", "coordinates": [[-122.450334518819, 37.767696322083125], [-122.451487264677, 37.767549298525125]]}, "properties": {"Corridor": "Beulah St", "Limits": "Cole St  -  Shrader St", "BlockSide": "North", "WeekDay": "Tues", "FromHour": "8", "ToHour": "10", "Week1": "1", "Week2": "1", "Week3": "1", "Week4": "1", "Week5": "1", "Holidays": "0"}}, {"type": "Feature", "geometry": {"type": "LineString", "coordinates": [[-122.42901401209028, 37.768674599598], [-122.42892899875628, 37.767729170383]]}, "properties": {"Corridor": "Church St", "Limits": "Reservoir St  -  14th St", "BlockSide": "East", "WeekDay": "Thu", "FromHour": "6", "ToHour": "8", "Week1": "1", "Week2": "1", "Week3": "1", "Week4": "1", "Week5": "1", "Holidays": "0"}}, {"type": "Feature", "geometry": {"type": "LineString", "coordinates": [[-122.446783403442, 37.76174997280387], [-122.447780351682, 37.76169497855187]]}, "properties": {"Corridor": "17th St", "Limits": "Clayton St  -  Belvedere St", "BlockSide": "South", "WeekDay": "Fri", "FromHour": "8", "ToHour": "10", "Week1": "1", "Week2": "0", "Week3": "0", "Week4": "0", "Week5": "0", "Holidays": "0"}}, {"type": "Feature", "geometry": {"type": "LineString", "coordinates": [[-122.43847699272503, 37.770126246754], [-122.43866935049003, 37.771056494683]]}, "properties": {"Corridor": "Broderick St", "Limits": "Waller St  -  Haight St", "BlockSide": "East", "WeekDay": "Fri", "FromHour": "12", "ToHour": "14", "Week1": "1", "Week2": "1", "Week3": "1", "Week4": "1", "Week5": "1", "Holidays": "0"}}, {"type": "Feature", "geometry": {"type": "LineString", "coordinates": [[-122.458858661406, 37.78122562043387], [-122.459039858278, 37.78115827244587], [-122.459874043119, 37.781115142969874], [-122.459999657963, 37.78118203702087]]}, "properties": {"Corridor": "Geary Blvd", "Limits": "Arguello Blvd  -  02nd Ave", "BlockSide": "South", "WeekDay": "Mon", "FromHour": "7", "ToHour": "8", "Week1": "1", "Week2": "0", "Week3": "1", "Week4": "0", "Week5": "1", "Holidays": "0"}}, {"type": "Feature", "geometry": {"type": "LineString", "coordinates": [[-122.43980445754013, 37.776644006945], [-122.43998714347414, 37.777586767511]]}, "properties": {"Corridor": "Broderick St", "Limits": "Fulton St  -  McAllister St", "BlockSide": "East", "WeekDay": "Fri", "FromHour": "12", "ToHour": "14", "Week1": "1", "Week2": "1", "Week3": "1", "Week4": "1", "Week5": "1", "Holidays": "0"}}, {"type": "Feature", "geometry": {"type": "LineString", "coordinates": [[-122.43027301648033, 37.779782794313], [-122.43036083738333, 37.779880198773], [-122.43050433076134, 37.780589073102], [-122.43046419543933, 37.780715572792]]}, "properties": {"Corridor": "Webster St", "Limits": "Golden Gate Ave  -  Turk St", "BlockSide": "West", "WeekDay": "Wed", "FromHour": "8", "ToHour": "10", "Week1": "1", "Week2": "1", "Week3": "1", "Week4": "1", "Week5": "1", "Holidays": "0"}}, {"type": "Feature", "geometry": {"type": "LineString", "coordinates": [[-122.449767079055, 37.77830844918213], [-122.450654812799, 37.77819603943013]]}, "properties": {"Corridor": "Turk Blvd", "Limits": "Roselyn Ter  -  Kittredge Ter", "BlockSide": "North", "WeekDay": "Wed", "FromHour": "6", "ToHour": "8", "Week1": "1", "Week2": "1", "Week3": "1", "Week4": "1", "Week5": "1", "Holidays": "0"}}, {"type": "Feature", "geometry": {"type": "LineString", "coordinates": [[-122.44444439032203, 37.77414948529], [-122.44463263959403, 37.775086086933]]}, "properties": {"Corridor": "Central Ave", "Limits": "Hayes St  -  Grove St", "BlockSide": "West", "WeekDay": "Fri", "FromHour": "12", "ToHour": "14", "Week1": "1", "Week2": "1", "Week3": "1", "Week4": "1", "Week5": "1", "Holidays": "0"}}, {"type": "Feature", "geometry": {"type": "LineString", "coordinates": [[-122.445346739859, 37.77886807348913], [-122.446034825718, 37.77878097161713]]}, "properties": {"Corridor": "Turk Blvd", "Limits": "Central Ave  -  Nido Ave", "BlockSide": "North", "WeekDay": "Tues", "FromHour": "8", "ToHour": "10", "Week1": "1", "Week2": "1", "Week3": "1", "Week4": "1", "Week5": "1", "Holidays": "0"}}, {"type": "Feature", "geometry": {"type": "LineString", "coordinates": [[-122.43363571821061, 37.7793545855], [-122.43382432546461, 37.780286694375]]}, "properties": {"Corridor": "Steiner St", "Limits": "Golden Gate Ave  -  Turk St", "BlockSide": "West", "WeekDay": "Wed", "FromHour": "9", "ToHour": "11", "Week1": "1", "Week2": "1", "Week3": "1", "Week4": "1", "Week5": "1", "Holidays": "0"}}, {"type": "Feature", "geometry": {"type": "LineString", "coordinates": [[-122.450458195642, 37.77723605721713], [-122.451346157479, 37.77712184152113]]}, "properties": {"Corridor": "Golden Gate Ave", "Limits": "Kittredge Ter  -  Chabot Ter", "BlockSide": "North", "WeekDay": "Thu", "FromHour": "6", "ToHour": "8", "Week1": "1", "Week2": "1", "Week3": "1", "Week4": "1", "Week5": "1", "Holidays": "0"}}, {"type": "Feature", "geometry": {"type": "LineString", "coordinates": [[-122.43623230441416, 37.769728553463885], [-122.43622634249316, 37.76965327813388], [-122.43613575696516, 37.769511501697885], [-122.43602033275816, 37.76932086282688], [-122.43589963166916, 37.76908738212288], [-122.43582233794216, 37.76903622162988]]}, "properties": {"Corridor": "Castro St", "Limits": "Lloyd St  -  Duboce Ave", "BlockSide": "SouthWest", "WeekDay": "Wed", "FromHour": "12", "ToHour": "14", "Week1": "1", "Week2": "1", "Week3": "1", "Week4": "1", "Week5": "1", "Holidays": "0"}}, {"type": "Feature", "geometry": {"type": "LineString", "coordinates": [[-122.44403614710313, 37.76125969126888], [-122.44376681553013, 37.760835813909885]]}, "properties": {"Corridor": "Danvers St", "Limits": "Corbett Ave  -  Merritt St", "BlockSide": "SouthWest", "WeekDay": "Thu", "FromHour": "9", "ToHour": "11", "Week1": "1", "Week2": "1", "Week3": "1", "Week4": "1", "Week5": "1", "Holidays": "0"}}, {"type": "Feature", "geometry": {"type": "LineString", "coordinates": [[-122.45454092587508, 37.778937788885], [-122.45429162815208, 37.777712789114]]}, "properties": {"Corridor": "Beaumont Ave", "Limits": "Lone Mountain Ter  -  Turk Blvd", "BlockSide": "East", "WeekDay": "Wed", "FromHour": "9", "ToHour": "11", "Week1": "1", "Week2": "1", "Week3": "1", "Week4": "1", "Week5": "1", "Holidays": "0"}}, {"type": "Feature", "geometry": {"type": "LineString", "coordinates": [[-122.43085251844904, 37.766035962803116], [-122.43098286780604, 37.766015860403115], [-122.43104275613504, 37.76597245197912], [-122.43105359400204, 37.76589021821812]]}, "properties": {"Corridor": "Market St", "Limits": "15th St  -  Sanchez St", "BlockSide": "NorthWest", "WeekDay": "Sat", "FromHour": "2", "ToHour": "6", "Week1": "1", "Week2": "1", "Week3": "1", "Week4": "1", "Week5": "1", "Holidays": "1"}}, {"type": "Feature", "geometry": {"type": "LineString", "coordinates": [[-122.42913856596599, 37.774181422682], [-122.42923285294198, 37.774648924534]]}, "properties": {"Corridor": "Webster St", "Limits": "Oak St  -  Hickory St", "BlockSide": "East", "WeekDay": "Fri", "FromHour": "12", "ToHour": "14", "Week1": "1", "Week2": "1", "Week3": "1", "Week4": "1", "Week5": "1", "Holidays": "0"}}, {"type": "Feature", "geometry": {"type": "LineString", "coordinates": [[-122.43537721417383, 37.779635001279], [-122.43546429520183, 37.780077637996]]}, "properties": {"Corridor": "Pierce St", "Limits": "Elm St  -  Turk St", "BlockSide": "West", "WeekDay": "Fri", "FromHour": "9", "ToHour": "11", "Week1": "1", "Week2": "1", "Week3": "1", "Week4": "1", "Week5": "1", "Holidays": "0"}}, {"type": "Feature", "geometry": {"type": "LineString", "coordinates": [[-122.43255516496446, 37.782349635153], [-122.43274596104047, 37.783292591474]]}, "properties": {"Corridor": "Fillmore St", "Limits": "Ellis St  -  O'Farrell St", "BlockSide": "West", "WeekDay": "Mon", "FromHour": "6", "ToHour": "8", "Week1": "1", "Week2": "0", "Week3": "1", "Week4": "0", "Week5": "0", "Holidays": "0"}}, {"type": "Feature", "geometry": {"type": "LineString", "coordinates": [[-122.44899776888626, 37.771668739564], [-122.44880768920726, 37.770730883771]]}, "properties": {"Corridor": "Clayton St", "Limits": "Oak St  -  Page St", "BlockSide": "West", "WeekDay": "Wed", "FromHour": "8", "ToHour": "10", "Week1": "1", "Week2": "1", "Week3": "1", "Week4": "1", "Week5": "1", "Holidays": "0"}}, {"type": "Feature", "geometry": {"type": "LineString", "coordinates": [[-122.44050643446096, 37.771779098155], [-122.44069537186897, 37.77271287353]]}, "properties": {"Corridor": "Baker St", "Limits": "Page St  -  Oak St", "BlockSide": "East", "WeekDay": "Wed", "FromHour": "12", "ToHour": "14", "Week1": "1", "Week2": "1", "Week3": "1", "Week4": "1", "Week5": "1", "Holidays": "0"}}, {"type": "Feature", "geometry": {"type": "LineString", "coordinates": [[-122.45842312458946, 37.775618427704], [-122.45839549477346, 37.77523976338]]}, "properties": {"Corridor": "Arguello Blvd", "Limits": "Cabrillo St  -  McAllister St", "BlockSide": "East", "WeekDay": "Thu", "FromHour": "8", "ToHour": "10", "Week1": "1", "Week2": "0", "Week3": "1", "Week4": "0", "Week5": "0", "Holidays": "0"}}, {"type": "Feature", "geometry": {"type": "LineString", "coordinates": [[-122.43336755635399, 37.778422476519], [-122.43355615886499, 37.7793545855]]}, "properties": {"Corridor": "Steiner St", "Limits": "McAllister St  -  Golden Gate Ave", "BlockSide": "East", "WeekDay": "Fri", "FromHour": "9", "ToHour": "11", "Week1": "1", "Week2": "1", "Week3": "1", "Week4": "1", "Week5": "1", "Holidays": "0"}}, {"type": "Feature", "geometry": {"type": "LineString", "coordinates": [[-122.45091393133356, 37.76301589417], [-122.45077653800855, 37.762341704865]]}, "properties": {"Corridor": "Shrader St", "Limits": "Alma St  -  Rivoli St", "BlockSide": "West", "WeekDay": "Wed", "FromHour": "9", "ToHour": "11", "Week1": "1", "Week2": "0", "Week3": "0", "Week4": "0", "Week5": "0", "Holidays": "0"}}, {"type": "Feature", "geometry": {"type": "LineString", "coordinates": [[-122.42916775963515, 37.769456128163], [-122.42909355990015, 37.768674599598]]}, "properties": {"Corridor": "Church St", "Limits": "Duboce Ave  -  Reservoir St", "BlockSide": "West", "WeekDay": "Mon", "FromHour": "6", "ToHour": "8", "Week1": "1", "Week2": "1", "Week3": "1", "Week4": "1", "Week5": "1", "Holidays": "0"}}, {"type": "Feature", "geometry": {"type": "LineString", "coordinates": [[-122.44682317341378, 37.761781413695], [-122.44656950638878, 37.761396213426], [-122.44644966577478, 37.761094344371], [-122.44647340670677, 37.76100671902]]}, "properties": {"Corridor": "Clayton St", "Limits": "17th St  -  Twin Peaks Blvd", "BlockSide": "West", "WeekDay": "Wed", "FromHour": "8", "ToHour": "10", "Week1": "1", "Week2": "1", "Week3": "1", "Week4": "1", "Week5": "1", "Holidays": "0"}}, {"type": "Feature", "geometry": {"type": "LineString", "coordinates": [[-122.4370058366966, 37.771267424403], [-122.4369695988776, 37.771348361327], [-122.43713402861759, 37.77213714976], [-122.4371951560786, 37.772203712438]]}, "properties": {"Corridor": "Divisadero St", "Limits": "Haight St  -  Page St", "BlockSide": "East", "WeekDay": "Sun", "FromHour": "6", "ToHour": "8", "Week1": "1", "Week2": "1", "Week3": "1", "Week4": "1", "Week5": "1", "Holidays": "0"}}, {"type": "Feature", "geometry": {"type": "LineString", "coordinates": [[-122.437422939693, 37.77316493355113], [-122.439088600748, 37.772953422440125]]}, "properties": {"Corridor": "Oak St", "Limits": "Divisadero St  -  Broderick St", "BlockSide": "North", "WeekDay": "Thu", "FromHour": "8", "ToHour": "10", "Week1": "1", "Week2": "1", "Week3": "1", "Week4": "1", "Week5": "1", "Holidays": "0"}}, {"type": "Feature", "geometry": {"type": "LineString", "coordinates": [[-122.452895517293, 37.78033160426087], [-122.45387662953, 37.78020760824487]]}, "properties": {"Corridor": "Anza St", "Limits": "Spruce St  -  Parker Ave", "BlockSide": "South", "WeekDay": "Mon", "FromHour": "6", "ToHour": "8", "Week1": "1", "Week2": "1", "Week3": "1", "Week4": "1", "Week5": "1", "Holidays": "0"}}, {"type": "Feature", "geometry": {"type": "LineString", "coordinates": [[-122.441865640697, 37.77833099460513], [-122.443506920068, 37.77812065436713]]}, "properties": {"Corridor": "Golden Gate Ave", "Limits": "Baker St  -  Lyon St", "BlockSide": "North", "WeekDay": "Thu", "FromHour": "12", "ToHour": "14", "Week1": "1", "Week2": "1", "Week3": "1", "Week4": "1", "Week5": "1", "Holidays": "0"}}, {"type": "Feature", "geometry": {"type": "LineString", "coordinates": [[-122.458858661406, 37.78122562043387], [-122.459039858278, 37.78115827244587], [-122.459874043119, 37.781115142969874], [-122.459999657963, 37.78118203702087]]}, "properties": {"Corridor": "Geary Blvd", "Limits": "Arguello Blvd  -  02nd Ave", "BlockSide": "South", "WeekDay": "Fri", "FromHour": "7", "ToHour": "8", "Week1": "1", "Week2": "0", "Week3": "1", "Week4": "0", "Week5": "1", "Holidays": "0"}}, {"type": "Feature", "geometry": {"type": "LineString", "coordinates": [[-122.432829728662, 37.77559464777287], [-122.434483319719, 37.77538542047287]]}, "properties": {"Corridor": "Hayes St", "Limits": "Steiner St  -  Pierce St", "BlockSide": "South", "WeekDay": "Thu", "FromHour": "9", "ToHour": "11", "Week1": "1", "Week2": "1", "Week3": "1", "Week4": "1", "Week5": "1", "Holidays": "0"}}, {"type": "Feature", "geometry": {"type": "LineString", "coordinates": [[-122.4309973481351, 37.76584575450988], [-122.4310964349911, 37.76565098798688], [-122.4327367070821, 37.76435173048288], [-122.4330463480521, 37.76417348135488]]}, "properties": {"Corridor": "Market St", "Limits": "Sanchez St  -  16th St", "BlockSide": "SouthEast", "WeekDay": "Sat", "FromHour": "2", "ToHour": "6", "Week1": "1", "Week2": "1", "Week3": "1", "Week4": "1", "Week5": "1", "Holidays": "1"}}, {"type": "Feature", "geometry": {"type": "LineString", "coordinates": [[-122.4348534180218, 37.76911379733], [-122.4350125402138, 37.769898394539]]}, "properties": {"Corridor": "Scott St", "Limits": "Duboce Ave  -  Lloyd St", "BlockSide": "East", "WeekDay": "Wed", "FromHour": "12", "ToHour": "14", "Week1": "1", "Week2": "1", "Week3": "1", "Week4": "1", "Week5": "1", "Holidays": "0"}}, {"type": "Feature", "geometry": {"type": "LineString", "coordinates": [[-122.4370058366966, 37.771267424403], [-122.4369695988776, 37.771348361327], [-122.43713402861759, 37.77213714976], [-122.4371951560786, 37.772203712438]]}, "properties": {"Corridor": "Divisadero St", "Limits": "Haight St  -  Page St", "BlockSide": "East", "WeekDay": "Thu", "FromHour": "6", "ToHour": "8", "Week1": "1", "Week2": "1", "Week3": "1", "Week4": "1", "Week5": "1", "Holidays": "0"}}, {"type": "Feature", "geometry": {"type": "LineString", "coordinates": [[-122.4498094851341, 37.764866453154], [-122.4496399824521, 37.764026578938]]}, "properties": {"Corridor": "Cole St", "Limits": "Parnassus Ave  -  Grattan St", "BlockSide": "West", "WeekDay": "Wed", "FromHour": "9", "ToHour": "11", "Week1": "1", "Week2": "0", "Week3": "0", "Week4": "0", "Week5": "0", "Holidays": "0"}}, {"type": "Feature", "geometry": {"type": "LineString", "coordinates": [[-122.43061333704993, 37.761155476485], [-122.43053680282694, 37.760357305236]]}, "properties": {"Corridor": "Sanchez St", "Limits": "18th St  -  Hancock St", "BlockSide": "West", "WeekDay": "Wed", "FromHour": "9", "ToHour": "11", "Week1": "1", "Week2": "1", "Week3": "1", "Week4": "1", "Week5": "1", "Holidays": "0"}}, {"type": "Feature", "geometry": {"type": "LineString", "coordinates": [[-122.42892044335834, 37.76748222771688], [-122.42902556379033, 37.76728891250088], [-122.43056305233934, 37.76607306433888], [-122.43079627193434, 37.76599149909488]]}, "properties": {"Corridor": "Market St", "Limits": "Church St  -  15th St", "BlockSide": "SouthEast", "WeekDay": "Sat", "FromHour": "2", "ToHour": "6", "Week1": "1", "Week2": "1", "Week3": "1", "Week4": "1", "Week5": "1", "Holidays": "1"}}, {"type": "Feature", "geometry": {"type": "LineString", "coordinates": [[-122.45219327287408, 37.762842561238], [-122.45205691927308, 37.762166750282]]}, "properties": {"Corridor": "Stanyan St", "Limits": "Alma St  -  Rivoli St", "BlockSide": "East", "WeekDay": "Wed", "FromHour": "9", "ToHour": "11", "Week1": "1", "Week2": "0", "Week3": "0", "Week4": "0", "Week5": "0", "Holidays": "0"}}, {"type": "Feature", "geometry": {"type": "LineString", "coordinates": [[-122.441997762484, 37.770606194647875], [-122.443311688785, 37.77043809752687]]}, "properties": {"Corridor": "Haight St", "Limits": "Lyon St  -  Buena Vista West Ave", "BlockSide": "South", "WeekDay": "Tues", "FromHour": "12", "ToHour": "14", "Week1": "1", "Week2": "1", "Week3": "1", "Week4": "1", "Week5": "1", "Holidays": "0"}}, {"type": "Feature", "geometry": {"type": "LineString", "coordinates": [[-122.43290936693748, 37.762618199568], [-122.43283162436549, 37.76182051848]]}, "properties": {"Corridor": "Noe St", "Limits": "17th St  -  Ford St", "BlockSide": "East", "WeekDay": "Wed", "FromHour": "9", "ToHour": "11", "Week1": "1", "Week2": "1", "Week3": "1", "Week4": "1", "Week5": "1", "Holidays": "0"}}, {"type": "Feature", "geometry": {"type": "LineString", "coordinates": [[-122.44727264505173, 37.77187774215], [-122.44708292522873, 37.770934640933]]}, "properties": {"Corridor": "Ashbury St", "Limits": "Oak St  -  Page St", "BlockSide": "East", "WeekDay": "Wed", "FromHour": "8", "ToHour": "10", "Week1": "1", "Week2": "1", "Week3": "1", "Week4": "1", "Week5": "1", "Holidays": "0"}}, {"type": "Feature", "geometry": {"type": "LineString", "coordinates": [[-122.43138442355, 37.77679111861813], [-122.43302849886, 37.776581562884125]]}, "properties": {"Corridor": "Grove St", "Limits": "Fillmore St  -  Steiner St", "BlockSide": "North", "WeekDay": "Tues", "FromHour": "8", "ToHour": "10", "Week1": "1", "Week2": "1", "Week3": "1", "Week4": "1", "Week5": "1", "Holidays": "0"}}, {"type": "Feature", "geometry": {"type": "LineString", "coordinates": [[-122.45017546857302, 37.784480901991], [-122.45017367158702, 37.784293194309], [-122.45024244947302, 37.784150690243], [-122.45041647640403, 37.783929736369], [-122.45044864835802, 37.783747288981], [-122.45013208428702, 37.782116603421]]}, "properties": {"Corridor": "Collins St", "Limits": "Euclid Ave  -  Geary Blvd", "BlockSide": "West", "WeekDay": "Mon", "FromHour": "8", "ToHour": "10", "Week1": "1", "Week2": "0", "Week3": "1", "Week4": "0", "Week5": "0", "Holidays": "0"}}, {"type": "Feature", "geometry": {"type": "LineString", "coordinates": [[-122.440010891537, 37.76055348844787], [-122.440930034894, 37.760496494415875]]}, "properties": {"Corridor": "18th St", "Limits": "Ord St  -  Hattie St", "BlockSide": "South", "WeekDay": "Fri", "FromHour": "12", "ToHour": "14", "Week1": "1", "Week2": "1", "Week3": "1", "Week4": "1", "Week5": "1", "Holidays": "0"}}, {"type": "Feature", "geometry": {"type": "LineString", "coordinates": [[-122.4577163612341, 37.765354151058], [-122.4576784159061, 37.764810068568]]}, "properties": {"Corridor": "Arguello Blvd", "Limits": "Hugo St  -  Carl St", "BlockSide": "East", "WeekDay": "Mon", "FromHour": "12", "ToHour": "14", "Week1": "1", "Week2": "0", "Week3": "1", "Week4": "0", "Week5": "0", "Holidays": "0"}}, {"type": "Feature", "geometry": {"type": "LineString", "coordinates": [[-122.437802449243, 37.77024520104213], [-122.438516767683, 37.77015768764513]]}, "properties": {"Corridor": "Waller St", "Limits": "Alpine Ter  -  Broderick St", "BlockSide": "North", "WeekDay": "Fri", "FromHour": "12", "ToHour": "14", "Week1": "1", "Week2": "1", "Week3": "1", "Week4": "1", "Week5": "1", "Holidays": "0"}}, {"type": "Feature", "geometry": {"type": "LineString", "coordinates": [[-122.42899570512076, 37.781428834941], [-122.42908038218876, 37.781847439487]]}, "properties": {"Corridor": "Buchanan St", "Limits": "Start: 1250-1299 Block  -  Eddy St", "BlockSide": "West", "WeekDay": "Wed", "FromHour": "12", "ToHour": "14", "Week1": "1", "Week2": "1", "Week3": "1", "Week4": "1", "Week5": "1", "Holidays": "0"}}, {"type": "Feature", "geometry": {"type": "LineString", "coordinates": [[-122.449570826213, 37.77735018992813], [-122.450458195642, 37.77723605721713]]}, "properties": {"Corridor": "Golden Gate Ave", "Limits": "Roselyn Ter  -  Kittredge Ter", "BlockSide": "North", "WeekDay": "Thu", "FromHour": "6", "ToHour": "8", "Week1": "1", "Week2": "1", "Week3": "1", "Week4": "1", "Week5": "1", "Holidays": "0"}}, {"type": "Feature", "geometry": {"type": "LineString", "coordinates": [[-122.456295739929, 37.781412723382125], [-122.456396055911, 37.78147804880513], [-122.456629211101, 37.78147058292913]]}, "properties": {"Corridor": "Geary Blvd", "Limits": "Stanyan St  -  Jordan Ave", "BlockSide": "North", "WeekDay": "Thu", "FromHour": "6", "ToHour": "8", "Week1": "1", "Week2": "1", "Week3": "1", "Week4": "1", "Week5": "1", "Holidays": "0"}}, {"type": "Feature", "geometry": {"type": "LineString", "coordinates": [[-122.447122700625, 37.77096608182413], [-122.448767913922, 37.77076232466213]]}, "properties": {"Corridor": "Page St", "Limits": "Ashbury St  -  Clayton St", "BlockSide": "North", "WeekDay": "Tues", "FromHour": "12", "ToHour": "14", "Week1": "1", "Week2": "1", "Week3": "1", "Week4": "1", "Week5": "1", "Holidays": "0"}}, {"type": "Feature", "geometry": {"type": "LineString", "coordinates": [[-122.451865727106, 37.769410104516126], [-122.453536875128, 37.76919666615613]]}, "properties": {"Corridor": "Haight St", "Limits": "Shrader St  -  Stanyan St", "BlockSide": "North", "WeekDay": "Fri", "FromHour": "7", "ToHour": "9", "Week1": "1", "Week2": "1", "Week3": "1", "Week4": "1", "Week5": "1", "Holidays": "0"}}, {"type": "Feature", "geometry": {"type": "LineString", "coordinates": [[-122.426828556374, 37.779226530121875], [-122.43004726535, 37.778819487503874]]}, "properties": {"Corridor": "McAllister St", "Limits": "Laguna St  -  Webster St", "BlockSide": "South", "WeekDay": "Wed", "FromHour": "8", "ToHour": "10", "Week1": "1", "Week2": "1", "Week3": "1", "Week4": "1", "Week5": "1", "Holidays": "0"}}, {"type": "Feature", "geometry": {"type": "LineString", "coordinates": [[-122.450600180642, 37.77149158382713], [-122.451870738551, 37.771330176586126], [-122.452241778019, 37.77126126811313]]}, "properties": {"Corridor": "Oak St", "Limits": "Cole St  -  Shrader St", "BlockSide": "North", "WeekDay": "Mon", "FromHour": "8", "ToHour": "10", "Week1": "1", "Week2": "1", "Week3": "1", "Week4": "1", "Week5": "1", "Holidays": "0"}}, {"type": "Feature", "geometry": {"type": "LineString", "coordinates": [[-122.43616874164317, 37.775205931158], [-122.43635792042618, 37.776137836709]]}, "properties": {"Corridor": "Scott St", "Limits": "Hayes St  -  Grove St", "BlockSide": "West", "WeekDay": "Fri", "FromHour": "12", "ToHour": "14", "Week1": "1", "Week2": "1", "Week3": "1", "Week4": "1", "Week5": "1", "Holidays": "0"}}, {"type": "Feature", "geometry": {"type": "LineString", "coordinates": [[-122.4451457556371, 37.769284228758], [-122.4447713139221, 37.767425876114]]}, "properties": {"Corridor": "Masonic Ave", "Limits": "Waller St  -  Frederick St", "BlockSide": "West", "WeekDay": "Wed", "FromHour": "8", "ToHour": "10", "Week1": "1", "Week2": "1", "Week3": "1", "Week4": "1", "Week5": "1", "Holidays": "0"}}, {"type": "Feature", "geometry": {"type": "LineString", "coordinates": [[-122.457745825441, 37.779447329576875], [-122.458559579336, 37.779341868608874], [-122.4587316232, 37.77930171804487]]}, "properties": {"Corridor": "Anza St", "Limits": "Almaden Ct  -  Arguello Blvd", "BlockSide": "South", "WeekDay": "Wed", "FromHour": "8", "ToHour": "10", "Week1": "1", "Week2": "1", "Week3": "1", "Week4": "1", "Week5": "1", "Holidays": "0"}}, {"type": "Feature", "geometry": {"type": "LineString", "coordinates": [[-122.43266639742384, 37.783292591474], [-122.43287446616884, 37.78435505664]]}, "properties": {"Corridor": "Fillmore St", "Limits": "O'Farrell St  -  Geary Blvd", "BlockSide": "East", "WeekDay": "Thu", "FromHour": "6", "ToHour": "8", "Week1": "1", "Week2": "0", "Week3": "1", "Week4": "0", "Week5": "0", "Holidays": "0"}}, {"type": "Feature", "geometry": {"type": "LineString", "coordinates": [[-122.43153486337181, 37.777699925082], [-122.43172344105982, 37.778632037466]]}, "properties": {"Corridor": "Fillmore St", "Limits": "Fulton St  -  McAllister St", "BlockSide": "East", "WeekDay": "Mon", "FromHour": "8", "ToHour": "10", "Week1": "1", "Week2": "1", "Week3": "1", "Week4": "1", "Week5": "1", "Holidays": "0"}}, {"type": "Feature", "geometry": {"type": "LineString", "coordinates": [[-122.429849199654, 37.777919295958], [-122.430712994763, 37.777809477095]]}, "properties": {"Corridor": "Fulton St", "Limits": "Webster St  -  Friendship Ct", "BlockSide": "", "WeekDay": "Thu", "FromHour": "12", "ToHour": "14", "Week1": "1", "Week2": "1", "Week3": "1", "Week4": "1", "Week5": "1", "Holidays": "0"}}, {"type": "Feature", "geometry": {"type": "LineString", "coordinates": [[-122.428520173465, 37.77094929472113], [-122.430167375626, 37.77074062950613]]}, "properties": {"Corridor": "Germania St", "Limits": "Webster St  -  Fillmore St", "BlockSide": "North", "WeekDay": "Mon", "FromHour": "9", "ToHour": "11", "Week1": "1", "Week2": "1", "Week3": "1", "Week4": "1", "Week5": "1", "Holidays": "0"}}, {"type": "Feature", "geometry": {"type": "LineString", "coordinates": [[-122.42892044335834, 37.76748222771688], [-122.42902556379033, 37.76728891250088], [-122.43056305233934, 37.76607306433888], [-122.43079627193434, 37.76599149909488]]}, "properties": {"Corridor": "Market St", "Limits": "Church St  -  15th St", "BlockSide": "SouthEast", "WeekDay": "Thu", "FromHour": "2", "ToHour": "6", "Week1": "1", "Week2": "1", "Week3": "1", "Week4": "1", "Week5": "1", "Holidays": "1"}}, {"type": "Feature", "geometry": {"type": "LineString", "coordinates": [[-122.43802962627929, 37.775925405585], [-122.4381008898573, 37.7759965894], [-122.43825314687429, 37.776780187481], [-122.4382168259413, 37.7768558892]]}, "properties": {"Corridor": "Divisadero St", "Limits": "Grove St  -  Fulton St", "BlockSide": "West", "WeekDay": "Mon", "FromHour": "6", "ToHour": "8", "Week1": "1", "Week2": "1", "Week3": "1", "Week4": "1", "Week5": "1", "Holidays": "0"}}, {"type": "Feature", "geometry": {"type": "LineString", "coordinates": [[-122.436507232442, 37.77709952113713], [-122.438177047864, 37.77688733009113]]}, "properties": {"Corridor": "Fulton St", "Limits": "Scott St  -  Divisadero St", "BlockSide": "North", "WeekDay": "Thu", "FromHour": "9", "ToHour": "11", "Week1": "1", "Week2": "1", "Week3": "1", "Week4": "1", "Week5": "1", "Holidays": "0"}}, {"type": "Feature", "geometry": {"type": "LineString", "coordinates": [[-122.427490665262, 37.78255443952813], [-122.429063131668, 37.782354080709126], [-122.429112140238, 37.78232851488213]]}, "properties": {"Corridor": "Willow St", "Limits": "Laguna St  -  Buchanan St", "BlockSide": "North", "WeekDay": "Wed", "FromHour": "12", "ToHour": "14", "Week1": "1", "Week2": "1", "Week3": "1", "Week4": "1", "Week5": "1", "Holidays": "0"}}, {"type": "Feature", "geometry": {"type": "LineString", "coordinates": [[-122.447517982987, 37.78110095198413], [-122.447699455967, 37.781051038448126], [-122.448791248112, 37.780913104246125]]}, "properties": {"Corridor": "Anza St", "Limits": "O'Farrell St  -  Wood St", "BlockSide": "North", "WeekDay": "Tues", "FromHour": "9", "ToHour": "11", "Week1": "1", "Week2": "1", "Week3": "1", "Week4": "1", "Week5": "1", "Holidays": "0"}}, {"type": "Feature", "geometry": {"type": "LineString", "coordinates": [[-122.43007817706102, 37.764419740172], [-122.43004404185301, 37.764063745315]]}, "properties": {"Corridor": "Dehon St", "Limits": "16th St  -  End: 01-99 Block", "BlockSide": "East", "WeekDay": "Thu", "FromHour": "12", "ToHour": "14", "Week1": "1", "Week2": "1", "Week3": "1", "Week4": "1", "Week5": "1", "Holidays": "0"}}, {"type": "Feature", "geometry": {"type": "LineString", "coordinates": [[-122.43577396054009, 37.781940324487], [-122.43594531522409, 37.782787014557], [-122.43598888345508, 37.782846761645]]}, "properties": {"Corridor": "Pierce St", "Limits": "Ellis St  -  O'Farrell St", "BlockSide": "East", "WeekDay": "Fri", "FromHour": "6", "ToHour": "8", "Week1": "1", "Week2": "0", "Week3": "1", "Week4": "0", "Week5": "0", "Holidays": "0"}}, {"type": "Feature", "geometry": {"type": "LineString", "coordinates": [[-122.438899101838, 37.77195898279887], [-122.440546210309, 37.77174765726387]]}, "properties": {"Corridor": "Page St", "Limits": "Broderick St  -  Baker St", "BlockSide": "South", "WeekDay": "Thu", "FromHour": "8", "ToHour": "10", "Week1": "1", "Week2": "1", "Week3": "1", "Week4": "1", "Week5": "1", "Holidays": "0"}}, {"type": "Feature", "geometry": {"type": "LineString", "coordinates": [[-122.45678567858637, 37.776825025673], [-122.45670298034436, 37.776418876863]]}, "properties": {"Corridor": "Willard St North", "Limits": "Golden Gate Ave  -  Golden Gate Ave", "BlockSide": "West", "WeekDay": "Thu", "FromHour": "9", "ToHour": "11", "Week1": "1", "Week2": "1", "Week3": "1", "Week4": "1", "Week5": "1", "Holidays": "0"}}, {"type": "Feature", "geometry": {"type": "LineString", "coordinates": [[-122.437894527257, 37.77979638874313], [-122.438740183561, 37.77969107089613]]}, "properties": {"Corridor": "Turk St", "Limits": "Seymour St  -  Divisadero St", "BlockSide": "North", "WeekDay": "Tues", "FromHour": "8", "ToHour": "10", "Week1": "1", "Week2": "1", "Week3": "1", "Week4": "1", "Week5": "1", "Holidays": "0"}}, {"type": "Feature", "geometry": {"type": "LineString", "coordinates": [[-122.433903579453, 37.76092329819987], [-122.435000701127, 37.760857492195875]]}, "properties": {"Corridor": "18th St", "Limits": "Hartford St  -  Castro St", "BlockSide": "South", "WeekDay": "Mon", "FromHour": "6", "ToHour": "8", "Week1": "1", "Week2": "1", "Week3": "1", "Week4": "1", "Week5": "1", "Holidays": "0"}}, {"type": "Feature", "geometry": {"type": "LineString", "coordinates": [[-122.42916775963515, 37.769456128163], [-122.42909355990015, 37.768674599598]]}, "properties": {"Corridor": "Church St", "Limits": "Duboce Ave  -  Reservoir St", "BlockSide": "West", "WeekDay": "Fri", "FromHour": "6", "ToHour": "8", "Week1": "1", "Week2": "1", "Week3": "1", "Week4": "1", "Week5": "1", "Holidays": "0"}}, {"type": "Feature", "geometry": {"type": "LineString", "coordinates": [[-122.446933819119, 37.770039046452126], [-122.448578816473, 37.76982929213113]]}, "properties": {"Corridor": "Haight St", "Limits": "Ashbury St  -  Clayton St", "BlockSide": "North", "WeekDay": "Fri", "FromHour": "7", "ToHour": "9", "Week1": "1", "Week2": "1", "Week3": "1", "Week4": "1", "Week5": "1", "Holidays": "0"}}, {"type": "Feature", "geometry": {"type": "LineString", "coordinates": [[-122.43420155566959, 37.782150910402], [-122.43439017711658, 37.783083017553]]}, "properties": {"Corridor": "Steiner St", "Limits": "Ellis St  -  O'Farrell St", "BlockSide": "West", "WeekDay": "Tues", "FromHour": "6", "ToHour": "8", "Week1": "0", "Week2": "1", "Week3": "0", "Week4": "1", "Week5": "0", "Holidays": "0"}}, {"type": "Feature", "geometry": {"type": "LineString", "coordinates": [[-122.45782939638113, 37.766014767339], [-122.45782840001714, 37.765820072794], [-122.45779590557213, 37.765354151058]]}, "properties": {"Corridor": "Arguello Blvd", "Limits": "Lincoln Way  -  Hugo St", "BlockSide": "West", "WeekDay": "Wed", "FromHour": "12", "ToHour": "14", "Week1": "1", "Week2": "0", "Week3": "1", "Week4": "0", "Week5": "0", "Holidays": "0"}}, {"type": "Feature", "geometry": {"type": "LineString", "coordinates": [[-122.4337745482977, 37.771688273732], [-122.43396196343271, 37.772620310801]]}, "properties": {"Corridor": "Pierce St", "Limits": "Haight St  -  Page St", "BlockSide": "West", "WeekDay": "Fri", "FromHour": "9", "ToHour": "11", "Week1": "1", "Week2": "1", "Week3": "1", "Week4": "1", "Week5": "1", "Holidays": "0"}}, {"type": "Feature", "geometry": {"type": "LineString", "coordinates": [[-122.42891614331724, 37.781428834941], [-122.42900082038524, 37.781847439487]]}, "properties": {"Corridor": "Buchanan St", "Limits": "Start: 1250-1299 Block  -  Eddy St", "BlockSide": "East", "WeekDay": "Wed", "FromHour": "12", "ToHour": "14", "Week1": "1", "Week2": "1", "Week3": "1", "Week4": "1", "Week5": "1", "Holidays": "0"}}, {"type": "Feature", "geometry": {"type": "LineString", "coordinates": [[-122.455523985114, 37.781462581121126], [-122.455632655845, 37.78152125296213], [-122.456226329561, 37.78148585765313], [-122.456295739929, 37.781412723382125]]}, "properties": {"Corridor": "Geary Blvd", "Limits": "Commonwealth Ave  -  Stanyan St", "BlockSide": "North", "WeekDay": "Tues", "FromHour": "6", "ToHour": "8", "Week1": "1", "Week2": "1", "Week3": "1", "Week4": "1", "Week5": "1", "Holidays": "0"}}, {"type": "Feature", "geometry": {"type": "LineString", "coordinates": [[-122.4395700282075, 37.763487643235], [-122.4394515519505, 37.762226867148]]}, "properties": {"Corridor": "Douglass St", "Limits": "Start: 01-99 Block  -  17th St", "BlockSide": "East", "WeekDay": "Wed", "FromHour": "12", "ToHour": "14", "Week1": "1", "Week2": "1", "Week3": "1", "Week4": "1", "Week5": "1", "Holidays": "0"}}, {"type": "Feature", "geometry": {"type": "LineString", "coordinates": [[-122.45892030324104, 37.765304320617], [-122.45885483954305, 37.764365859224]]}, "properties": {"Corridor": "02nd Ave", "Limits": "Hugo St  -  Irving St", "BlockSide": "West", "WeekDay": "Mon", "FromHour": "12", "ToHour": "14", "Week1": "1", "Week2": "0", "Week3": "1", "Week4": "0", "Week5": "0", "Holidays": "0"}}, {"type": "Feature", "geometry": {"type": "LineString", "coordinates": [[-122.44043653465138, 37.779438637103], [-122.44062909804639, 37.78037272194]]}, "properties": {"Corridor": "Broderick St", "Limits": "Turk St  -  Eddy St", "BlockSide": "West", "WeekDay": "Wed", "FromHour": "12", "ToHour": "14", "Week1": "1", "Week2": "1", "Week3": "1", "Week4": "1", "Week5": "1", "Holidays": "0"}}, {"type": "Feature", "geometry": {"type": "LineString", "coordinates": [[-122.442972180435, 37.78142895660587], [-122.443383952087, 37.78139914088687], [-122.443665893159, 37.78137012600887]]}, "properties": {"Corridor": "Terra Vista Ave", "Limits": "Fortuna Ave  -  Sonora Ln", "BlockSide": "South", "WeekDay": "Fri", "FromHour": "9", "ToHour": "11", "Week1": "1", "Week2": "1", "Week3": "1", "Week4": "1", "Week5": "1", "Holidays": "0"}}, {"type": "Feature", "geometry": {"type": "LineString", "coordinates": [[-122.4383223763056, 37.761703799649], [-122.4382256123456, 37.760692318584]]}, "properties": {"Corridor": "Eureka St", "Limits": "Market St  -  18th St", "BlockSide": "East", "WeekDay": "Fri", "FromHour": "8", "ToHour": "10", "Week1": "1", "Week2": "1", "Week3": "1", "Week4": "1", "Week5": "1", "Holidays": "0"}}, {"type": "Feature", "geometry": {"type": "LineString", "coordinates": [[-122.43266639742384, 37.783292591474], [-122.43287446616884, 37.78435505664]]}, "properties": {"Corridor": "Fillmore St", "Limits": "O'Farrell St  -  Geary Blvd", "BlockSide": "East", "WeekDay": "Sun", "FromHour": "6", "ToHour": "8", "Week1": "1", "Week2": "1", "Week3": "1", "Week4": "1", "Week5": "1", "Holidays": "0"}}, {"type": "Feature", "geometry": {"type": "LineString", "coordinates": [[-122.441743768771, 37.779898326889125], [-122.442004060985, 37.779831112450125], [-122.442372972791, 37.77975745191713], [-122.442605349006, 37.77972610989513]]}, "properties": {"Corridor": "Anzavista Ave", "Limits": "Baker St  -  Fortuna Ave", "BlockSide": "North", "WeekDay": "Fri", "FromHour": "9", "ToHour": "11", "Week1": "1", "Week2": "1", "Week3": "1", "Week4": "1", "Week5": "1", "Holidays": "0"}}, {"type": "Feature", "geometry": {"type": "LineString", "coordinates": [[-122.44009833496044, 37.761074793826], [-122.44005066124544, 37.760584929339]]}, "properties": {"Corridor": "Ord St", "Limits": "Market St  -  18th St", "BlockSide": "West", "WeekDay": "Wed", "FromHour": "12", "ToHour": "14", "Week1": "1", "Week2": "1", "Week3": "1", "Week4": "1", "Week5": "1", "Holidays": "0"}}, {"type": "Feature", "geometry": {"type": "LineString", "coordinates": [[-122.429459885543, 37.775577376259], [-122.429554056586, 37.776044285864]]}, "properties": {"Corridor": "Webster St", "Limits": "Linden St  -  Hayes St", "BlockSide": "", "WeekDay": "Wed", "FromHour": "8", "ToHour": "10", "Week1": "1", "Week2": "1", "Week3": "1", "Week4": "1", "Week5": "1", "Holidays": "0"}}, {"type": "Feature", "geometry": {"type": "LineString", "coordinates": [[-122.4480281513442, 37.775599294574], [-122.4481244672352, 37.775662057974], [-122.44828107267121, 37.776426819252]]}, "properties": {"Corridor": "Hemway Ter", "Limits": "Fulton St  -  End: 01-99 Block", "BlockSide": "East", "WeekDay": "Wed", "FromHour": "9", "ToHour": "11", "Week1": "1", "Week2": "1", "Week3": "1", "Week4": "1", "Week5": "1", "Holidays": "0"}}, {"type": "Feature", "geometry": {"type": "LineString", "coordinates": [[-122.43075809889454, 37.782569888528], [-122.43069747681054, 37.782697582398], [-122.43086281366854, 37.783415909127], [-122.43094947272054, 37.783507754267]]}, "properties": {"Corridor": "Webster St", "Limits": "Ellis St  -  O'Farrell St", "BlockSide": "East", "WeekDay": "Fri", "FromHour": "12", "ToHour": "14", "Week1": "1", "Week2": "1", "Week3": "1", "Week4": "1", "Week5": "1", "Holidays": "0"}}, {"type": "Feature", "geometry": {"type": "LineString", "coordinates": [[-122.44209308903996, 37.77924403056], [-122.44206623806096, 37.779369066471], [-122.44194690131796, 37.779559259244], [-122.44183492760796, 37.779701270545], [-122.44178354854796, 37.779866885998]]}, "properties": {"Corridor": "Baker St", "Limits": "Turk St  -  Anzavista Ave", "BlockSide": "West", "WeekDay": "Wed", "FromHour": "9", "ToHour": "11", "Week1": "1", "Week2": "1", "Week3": "1", "Week4": "1", "Week5": "1", "Holidays": "0"}}, {"type": "Feature", "geometry": {"type": "LineString", "coordinates": [[-122.43098569887633, 37.765867986364], [-122.43084238059234, 37.764373510267]]}, "properties": {"Corridor": "Sanchez St", "Limits": "Market St  -  16th St", "BlockSide": "East", "WeekDay": "Fri", "FromHour": "9", "ToHour": "11", "Week1": "1", "Week2": "1", "Week3": "1", "Week4": "1", "Week5": "1", "Holidays": "0"}}, {"type": "Feature", "geometry": {"type": "LineString", "coordinates": [[-122.44604552546798, 37.764165590575885], [-122.44607298831698, 37.76412018441688], [-122.44647658312898, 37.76368614962888]]}, "properties": {"Corridor": "Ashbury St", "Limits": "Clifford Ter  -  Downey St", "BlockSide": "SouthEast", "WeekDay": "Mon", "FromHour": "8", "ToHour": "10", "Week1": "1", "Week2": "1", "Week3": "1", "Week4": "1", "Week5": "1", "Holidays": "0"}}, {"type": "Feature", "geometry": {"type": "LineString", "coordinates": [[-122.43175678697298, 37.770034859116], [-122.43185070811998, 37.770500961135]]}, "properties": {"Corridor": "Steiner St", "Limits": "Hermann St  -  Germania St", "BlockSide": "West", "WeekDay": "Wed", "FromHour": "9", "ToHour": "11", "Week1": "1", "Week2": "1", "Week3": "1", "Week4": "1", "Week5": "1", "Holidays": "0"}}, {"type": "Feature", "geometry": {"type": "LineString", "coordinates": [[-122.44632948625613, 37.767220256546], [-122.44592287679613, 37.765216185612]]}, "properties": {"Corridor": "Ashbury St", "Limits": "Frederick St  -  Piedmont St", "BlockSide": "East", "WeekDay": "Mon", "FromHour": "8", "ToHour": "10", "Week1": "1", "Week2": "1", "Week3": "1", "Week4": "1", "Week5": "1", "Holidays": "0"}}, {"type": "Feature", "geometry": {"type": "LineString", "coordinates": [[-122.446933819119, 37.770039046452126], [-122.448578816473, 37.76982929213113]]}, "properties": {"Corridor": "Haight St", "Limits": "Ashbury St  -  Clayton St", "BlockSide": "North", "WeekDay": "Wed", "FromHour": "7", "ToHour": "9", "Week1": "1", "Week2": "1", "Week3": "1", "Week4": "1", "Week5": "1", "Holidays": "0"}}, {"type": "Feature", "geometry": {"type": "LineString", "coordinates": [[-122.43394334879889, 37.760954739091], [-122.43378431397389, 37.759356307644]]}, "properties": {"Corridor": "Hartford St", "Limits": "18th St  -  19th St", "BlockSide": "West", "WeekDay": "Wed", "FromHour": "8", "ToHour": "10", "Week1": "1", "Week2": "1", "Week3": "1", "Week4": "1", "Week5": "1", "Holidays": "0"}}, {"type": "Feature", "geometry": {"type": "LineString", "coordinates": [[-122.440251245197, 37.76101575537787], [-122.440382610932, 37.76101036571787], [-122.440894678297, 37.76100406692587], [-122.440984700554, 37.76104654351787]]}, "properties": {"Corridor": "Market St", "Limits": "Storrie St  -  Hattie St", "BlockSide": "South", "WeekDay": "Fri", "FromHour": "12", "ToHour": "14", "Week1": "1", "Week2": "1", "Week3": "1", "Week4": "1", "Week5": "1", "Holidays": "0"}}, {"type": "Feature", "geometry": {"type": "LineString", "coordinates": [[-122.440984700554, 37.76110942530013], [-122.441070544593, 37.761149930607125], [-122.442462115445, 37.76114194709413], [-122.442785606231, 37.76107456143713]]}, "properties": {"Corridor": "Market St", "Limits": "Hattie St  -  Merritt St", "BlockSide": "North", "WeekDay": "Wed", "FromHour": "12", "ToHour": "14", "Week1": "1", "Week2": "1", "Week3": "1", "Week4": "1", "Week5": "1", "Holidays": "0"}}, {"type": "Feature", "geometry": {"type": "LineString", "coordinates": [[-122.44190542005619, 37.778299553714], [-122.44209308862219, 37.77924403056]]}, "properties": {"Corridor": "Baker St", "Limits": "Golden Gate Ave  -  Turk St", "BlockSide": "West", "WeekDay": "Fri", "FromHour": "12", "ToHour": "14", "Week1": "1", "Week2": "1", "Week3": "1", "Week4": "1", "Week5": "1", "Holidays": "0"}}, {"type": "Feature", "geometry": {"type": "LineString", "coordinates": [[-122.438552277404, 37.77875554884613], [-122.440213334397, 37.77854290466113]]}, "properties": {"Corridor": "Golden Gate Ave", "Limits": "Divisadero St  -  Broderick St", "BlockSide": "North", "WeekDay": "Thu", "FromHour": "12", "ToHour": "14", "Week1": "1", "Week2": "1", "Week3": "1", "Week4": "1", "Week5": "1", "Holidays": "0"}}, {"type": "Feature", "geometry": {"type": "LineString", "coordinates": [[-122.43161442143818, 37.777699925082], [-122.43180299912619, 37.778632037466]]}, "properties": {"Corridor": "Fillmore St", "Limits": "Fulton St  -  McAllister St", "BlockSide": "West", "WeekDay": "Fri", "FromHour": "8", "ToHour": "10", "Week1": "1", "Week2": "1", "Week3": "1", "Week4": "1", "Week5": "1", "Holidays": "0"}}, {"type": "Feature", "geometry": {"type": "LineString", "coordinates": [[-122.442377976937, 37.77247287501487], [-122.444024306745, 37.77226384878687]]}, "properties": {"Corridor": "Oak St", "Limits": "Lyon St  -  Central Ave", "BlockSide": "South", "WeekDay": "Tues", "FromHour": "12", "ToHour": "14", "Week1": "1", "Week2": "1", "Week3": "1", "Week4": "1", "Week5": "1", "Holidays": "0"}}, {"type": "Feature", "geometry": {"type": "LineString", "coordinates": [[-122.44111841950752, 37.783163669751], [-122.44121544498351, 37.78364169428]]}, "properties": {"Corridor": "Broderick St", "Limits": "Geary Blvd  -  Garden St", "BlockSide": "East", "WeekDay": "Mon", "FromHour": "12", "ToHour": "14", "Week1": "1", "Week2": "0", "Week3": "1", "Week4": "0", "Week5": "0", "Holidays": "0"}}, {"type": "Feature", "geometry": {"type": "LineString", "coordinates": [[-122.4433279306714, 37.768922002594884], [-122.4431390240324, 37.769014410723884], [-122.4423828544194, 37.76947111091988], [-122.4423563155524, 37.76957769005188], [-122.4424779281654, 37.76966375841188], [-122.44261872401141, 37.769668135202885], [-122.4427370692114, 37.76963905123888]]}, "properties": {"Corridor": "Buena Vista Ave West", "Limits": "Central Ave  -  Waller St", "BlockSide": "SouthEast", "WeekDay": "Thu", "FromHour": "9", "ToHour": "11", "Week1": "1", "Week2": "1", "Week3": "1", "Week4": "1", "Week5": "1", "Holidays": "0"}}, {"type": "Feature", "geometry": {"type": "LineString", "coordinates": [[-122.43870040347089, 37.779659630005], [-122.43865782846589, 37.779742736489], [-122.43881459675289, 37.780529148771], [-122.4388869752529, 37.78058848642]]}, "properties": {"Corridor": "Divisadero St", "Limits": "Turk St  -  Eddy St", "BlockSide": "East", "WeekDay": "Tues", "FromHour": "6", "ToHour": "8", "Week1": "1", "Week2": "1", "Week3": "1", "Week4": "1", "Week5": "1", "Holidays": "0"}}, {"type": "Feature", "geometry": {"type": "LineString", "coordinates": [[-122.43218017019703, 37.780496260511], [-122.43236876207503, 37.781428371173]]}, "properties": {"Corridor": "Fillmore St", "Limits": "Turk St  -  Eddy St", "BlockSide": "West", "WeekDay": "Sat", "FromHour": "6", "ToHour": "8", "Week1": "1", "Week2": "1", "Week3": "1", "Week4": "1", "Week5": "1", "Holidays": "0"}}, {"type": "Feature", "geometry": {"type": "LineString", "coordinates": [[-122.43142420207943, 37.776759677727], [-122.43161442093442, 37.777699925082]]}, "properties": {"Corridor": "Fillmore St", "Limits": "Grove St  -  Fulton St", "BlockSide": "West", "WeekDay": "Fri", "FromHour": "8", "ToHour": "10", "Week1": "1", "Week2": "1", "Week3": "1", "Week4": "1", "Week5": "1", "Holidays": "0"}}, {"type": "Feature", "geometry": {"type": "LineString", "coordinates": [[-122.433922187634, 37.77265175169213], [-122.435563320055, 37.772449370751126]]}, "properties": {"Corridor": "Page St", "Limits": "Pierce St  -  Scott St", "BlockSide": "North", "WeekDay": "Tues", "FromHour": "12", "ToHour": "14", "Week1": "1", "Week2": "1", "Week3": "1", "Week4": "1", "Week5": "1", "Holidays": "0"}}, {"type": "Feature", "geometry": {"type": "LineString", "coordinates": [[-122.449433326739, 37.763168221636874], [-122.450874160631, 37.762984453278875]]}, "properties": {"Corridor": "Alma St", "Limits": "Cole St  -  Shrader St", "BlockSide": "South", "WeekDay": "Thu", "FromHour": "9", "ToHour": "11", "Week1": "1", "Week2": "0", "Week3": "0", "Week4": "0", "Week5": "0", "Holidays": "0"}}, {"type": "Feature", "geometry": {"type": "LineString", "coordinates": [[-122.437045612272, 37.77129886529413], [-122.438709125448, 37.77108793557413]]}, "properties": {"Corridor": "Haight St", "Limits": "Divisadero St  -  Broderick St", "BlockSide": "North", "WeekDay": "Thu", "FromHour": "8", "ToHour": "10", "Week1": "1", "Week2": "1", "Week3": "1", "Week4": "1", "Week5": "1", "Holidays": "0"}}, {"type": "Feature", "geometry": {"type": "LineString", "coordinates": [[-122.43733848926661, 37.761895474571], [-122.43723039720362, 37.760758107769]]}, "properties": {"Corridor": "Diamond St", "Limits": "Market St  -  18th St", "BlockSide": "West", "WeekDay": "Fri", "FromHour": "8", "ToHour": "10", "Week1": "1", "Week2": "1", "Week3": "1", "Week4": "1", "Week5": "1", "Holidays": "0"}}, {"type": "Feature", "geometry": {"type": "LineString", "coordinates": [[-122.458858661406, 37.78128850221613], [-122.459048708608, 37.78135688112213], [-122.459880426527, 37.78132006354813], [-122.459999657963, 37.781244918803125]]}, "properties": {"Corridor": "Geary Blvd", "Limits": "Arguello Blvd  -  02nd Ave", "BlockSide": "North", "WeekDay": "Thu", "FromHour": "7", "ToHour": "8", "Week1": "0", "Week2": "1", "Week3": "0", "Week4": "1", "Week5": "1", "Holidays": "0"}}, {"type": "Feature", "geometry": {"type": "LineString", "coordinates": [[-122.45405800896475, 37.771616239174], [-122.45401929771275, 37.771428395344]]}, "properties": {"Corridor": "Stanyan St", "Limits": "Ggp Access Road  -  Fell St", "BlockSide": "West", "WeekDay": "Wed", "FromHour": "6", "ToHour": "8", "Week1": "1", "Week2": "1", "Week3": "1", "Week4": "1", "Week5": "1", "Holidays": "0"}}, {"type": "Feature", "geometry": {"type": "LineString", "coordinates": [[-122.432706179502, 37.783261150582874], [-122.434350395688, 37.78305157666187]]}, "properties": {"Corridor": "O'Farrell St", "Limits": "Fillmore St  -  Steiner St", "BlockSide": "South", "WeekDay": "Thu", "FromHour": "12", "ToHour": "14", "Week1": "1", "Week2": "1", "Week3": "1", "Week4": "1", "Week5": "1", "Holidays": "0"}}, {"type": "Feature", "geometry": {"type": "LineString", "coordinates": [[-122.444779891058, 37.77604803266913], [-122.446470829719, 37.77583303246513]]}, "properties": {"Corridor": "Fulton St", "Limits": "Central Ave  -  Masonic Ave", "BlockSide": "North", "WeekDay": "Thu", "FromHour": "9", "ToHour": "11", "Week1": "1", "Week2": "1", "Week3": "1", "Week4": "1", "Week5": "1", "Holidays": "0"}}, {"type": "Feature", "geometry": {"type": "LineString", "coordinates": [[-122.433178634868, 37.76502921069187], [-122.435395726703, 37.76489501937487]]}, "properties": {"Corridor": "Beaver St", "Limits": "Noe St  -  Castro St", "BlockSide": "South", "WeekDay": "Mon", "FromHour": "9", "ToHour": "11", "Week1": "1", "Week2": "1", "Week3": "1", "Week4": "1", "Week5": "1", "Holidays": "0"}}, {"type": "Feature", "geometry": {"type": "LineString", "coordinates": [[-122.43228920050022, 37.781428371173], [-122.43247560238922, 37.782349635153]]}, "properties": {"Corridor": "Fillmore St", "Limits": "Eddy St  -  Ellis St", "BlockSide": "East", "WeekDay": "Sun", "FromHour": "6", "ToHour": "8", "Week1": "1", "Week2": "1", "Week3": "1", "Week4": "1", "Week5": "1", "Holidays": "0"}}, {"type": "Feature", "geometry": {"type": "LineString", "coordinates": [[-122.43083766221011, 37.782569888528], [-122.4309455593461, 37.782676106583], [-122.43108950346111, 37.783397598449], [-122.43102903603611, 37.783507754267]]}, "properties": {"Corridor": "Webster St", "Limits": "Ellis St  -  O'Farrell St", "BlockSide": "West", "WeekDay": "Wed", "FromHour": "8", "ToHour": "10", "Week1": "1", "Week2": "1", "Week3": "1", "Week4": "1", "Week5": "1", "Holidays": "0"}}, {"type": "Feature", "geometry": {"type": "LineString", "coordinates": [[-122.447301513476, 37.78236020119287], [-122.447539741536, 37.782238960933874], [-122.447887457606, 37.78225458471487], [-122.448951384563, 37.782122885244874], [-122.449047323854, 37.78214599681887]]}, "properties": {"Corridor": "Geary Blvd", "Limits": "Masonic Ave  -  Wood St", "BlockSide": "South", "WeekDay": "Fri", "FromHour": "6", "ToHour": "8", "Week1": "1", "Week2": "0", "Week3": "1", "Week4": "0", "Week5": "0", "Holidays": "0"}}, {"type": "Feature", "geometry": {"type": "LineString", "coordinates": [[-122.45048202138459, 37.76859272732], [-122.45029474518559, 37.767664881192]]}, "properties": {"Corridor": "Cole St", "Limits": "Waller St  -  Beulah St", "BlockSide": "East", "WeekDay": "Wed", "FromHour": "8", "ToHour": "10", "Week1": "1", "Week2": "1", "Week3": "1", "Week4": "1", "Week5": "1", "Holidays": "0"}}, {"type": "Feature", "geometry": {"type": "LineString", "coordinates": [[-122.458946891225, 37.76622416470887], [-122.459064323547, 37.76617750979687], [-122.460016419948, 37.76613434658587]]}, "properties": {"Corridor": "Lincoln Way", "Limits": "02nd Ave  -  03rd Ave", "BlockSide": "South", "WeekDay": "Tues", "FromHour": "11", "ToHour": "13", "Week1": "1", "Week2": "0", "Week3": "1", "Week4": "0", "Week5": "0", "Holidays": "0"}}, {"type": "Feature", "geometry": {"type": "LineString", "coordinates": [[-122.456759007372, 37.76496390224513], [-122.457718187901, 37.76484150945913]]}, "properties": {"Corridor": "Carl St", "Limits": "Hillway Ave  -  Arguello Blvd", "BlockSide": "North", "WeekDay": "Tues", "FromHour": "8", "ToHour": "10", "Week1": "1", "Week2": "1", "Week3": "1", "Week4": "1", "Week5": "1", "Holidays": "0"}}, {"type": "Feature", "geometry": {"type": "LineString", "coordinates": [[-122.44018130609746, 37.762776666883], [-122.44012850969246, 37.762186574295]]}, "properties": {"Corridor": "Ord St", "Limits": "Saturn St  -  17th St", "BlockSide": "East", "WeekDay": "Wed", "FromHour": "8", "ToHour": "10", "Week1": "1", "Week2": "1", "Week3": "1", "Week4": "1", "Week5": "1", "Holidays": "0"}}, {"type": "Feature", "geometry": {"type": "LineString", "coordinates": [[-122.437989848202, 37.77595684647613], [-122.439656503412, 37.77574503222813]]}, "properties": {"Corridor": "Grove St", "Limits": "Divisadero St  -  Broderick St", "BlockSide": "North", "WeekDay": "Tues", "FromHour": "8", "ToHour": "10", "Week1": "1", "Week2": "1", "Week3": "1", "Week4": "1", "Week5": "1", "Holidays": "0"}}, {"type": "Feature", "geometry": {"type": "LineString", "coordinates": [[-122.429459885543, 37.775577376259], [-122.429554056586, 37.776044285864]]}, "properties": {"Corridor": "Webster St", "Limits": "Linden St  -  Hayes St", "BlockSide": "", "WeekDay": "Fri", "FromHour": "12", "ToHour": "14", "Week1": "1", "Week2": "1", "Week3": "1", "Week4": "1", "Week5": "1", "Holidays": "0"}}, {"type": "Feature", "geometry": {"type": "LineString", "coordinates": [[-122.439088600748, 37.77289054065787], [-122.440735147717, 37.77268143263887]]}, "properties": {"Corridor": "Oak St", "Limits": "Broderick St  -  Baker St", "BlockSide": "South", "WeekDay": "Tues", "FromHour": "12", "ToHour": "14", "Week1": "1", "Week2": "1", "Week3": "1", "Week4": "1", "Week5": "1", "Holidays": "0"}}, {"type": "Feature", "geometry": {"type": "LineString", "coordinates": [[-122.438926755343, 37.78061992731113], [-122.440589318077, 37.780404162831125]]}, "properties": {"Corridor": "Eddy St", "Limits": "Divisadero St  -  Broderick St", "BlockSide": "North", "WeekDay": "Thu", "FromHour": "12", "ToHour": "14", "Week1": "1", "Week2": "1", "Week3": "1", "Week4": "1", "Week5": "1", "Holidays": "0"}}, {"type": "Feature", "geometry": {"type": "LineString", "coordinates": [[-122.44275331789662, 37.782885336443], [-122.4429493225636, 37.783897367787]]}, "properties": {"Corridor": "Baker St", "Limits": "Geary Blvd  -  Post St", "BlockSide": "East", "WeekDay": "Wed", "FromHour": "12", "ToHour": "14", "Week1": "1", "Week2": "0", "Week3": "1", "Week4": "0", "Week5": "0", "Holidays": "0"}}, {"type": "Feature", "geometry": {"type": "LineString", "coordinates": [[-122.447974630274, 37.76271591485613], [-122.449296023474, 37.76255074502313]]}, "properties": {"Corridor": "Rivoli St", "Limits": "Belvedere St  -  Cole St", "BlockSide": "North", "WeekDay": "Thu", "FromHour": "9", "ToHour": "11", "Week1": "1", "Week2": "0", "Week3": "0", "Week4": "0", "Week5": "0", "Holidays": "0"}}, {"type": "Feature", "geometry": {"type": "LineString", "coordinates": [[-122.45898666359517, 37.7662556056], [-122.45892030374917, 37.765304320617]]}, "properties": {"Corridor": "02nd Ave", "Limits": "Lincoln Way  -  Hugo St", "BlockSide": "West", "WeekDay": "Mon", "FromHour": "12", "ToHour": "14", "Week1": "1", "Week2": "0", "Week3": "1", "Week4": "0", "Week5": "0", "Holidays": "0"}}, {"type": "Feature", "geometry": {"type": "LineString", "coordinates": [[-122.429905643212, 37.76937648075887], [-122.430247361169, 37.76936082083987]]}, "properties": {"Corridor": "Duboce Ave", "Limits": "Fillmore St  -  Belcher St", "BlockSide": "South", "WeekDay": "Mon", "FromHour": "9", "ToHour": "11", "Week1": "1", "Week2": "1", "Week3": "1", "Week4": "1", "Week5": "1", "Holidays": "0"}}, {"type": "Feature", "geometry": {"type": "LineString", "coordinates": [[-122.428426180602, 37.77048320146213], [-122.429224618981, 37.77038205971813]]}, "properties": {"Corridor": "Hermann St", "Limits": "Webster St  -  Church St", "BlockSide": "North", "WeekDay": "Tues", "FromHour": "12", "ToHour": "14", "Week1": "1", "Week2": "1", "Week3": "1", "Week4": "1", "Week5": "1", "Holidays": "0"}}, {"type": "Feature", "geometry": {"type": "LineString", "coordinates": [[-122.458580630366, 37.777222477266875], [-122.458660977968, 37.777312293605874], [-122.458993942088, 37.777432204709875], [-122.459724821996, 37.77739842136187]]}, "properties": {"Corridor": "Balboa St", "Limits": "Arguello Blvd  -  02nd Ave", "BlockSide": "South", "WeekDay": "Tues", "FromHour": "8", "ToHour": "10", "Week1": "1", "Week2": "0", "Week3": "1", "Week4": "0", "Week5": "0", "Holidays": "0"}}, {"type": "Feature", "geometry": {"type": "LineString", "coordinates": [[-122.42897669018512, 37.76752669142512], [-122.42921008750312, 37.76743559951512], [-122.43077707021213, 37.76619895884312], [-122.43085251876113, 37.766035962803116]]}, "properties": {"Corridor": "Market St", "Limits": "Church St  -  15th St", "BlockSide": "NorthWest", "WeekDay": "Tues", "FromHour": "2", "ToHour": "6", "Week1": "1", "Week2": "1", "Week3": "1", "Week4": "1", "Week5": "1", "Holidays": "1"}}, {"type": "Feature", "geometry": {"type": "LineString", "coordinates": [[-122.450092302229, 37.78214804431213], [-122.450199075808, 37.78220813886713], [-122.451046014176, 37.78210425708013], [-122.451119860207, 37.782015556869126]]}, "properties": {"Corridor": "Geary Blvd", "Limits": "Collins St  -  Blake St", "BlockSide": "North", "WeekDay": "Thu", "FromHour": "6", "ToHour": "8", "Week1": "1", "Week2": "1", "Week3": "1", "Week4": "1", "Week5": "1", "Holidays": "0"}}, {"type": "Feature", "geometry": {"type": "LineString", "coordinates": [[-122.446933819119, 37.770039046452126], [-122.448578816473, 37.76982929213113]]}, "properties": {"Corridor": "Haight St", "Limits": "Ashbury St  -  Clayton St", "BlockSide": "North", "WeekDay": "Mon", "FromHour": "7", "ToHour": "9", "Week1": "1", "Week2": "1", "Week3": "1", "Week4": "1", "Week5": "1", "Holidays": "0"}}, {"type": "Feature", "geometry": {"type": "LineString", "coordinates": [[-122.438365501671, 37.77782563002113], [-122.440026921942, 37.77761820840213]]}, "properties": {"Corridor": "McAllister St", "Limits": "Divisadero St  -  Broderick St", "BlockSide": "North", "WeekDay": "Tues", "FromHour": "8", "ToHour": "10", "Week1": "1", "Week2": "1", "Week3": "1", "Week4": "1", "Week5": "1", "Holidays": "0"}}, {"type": "Feature", "geometry": {"type": "LineString", "coordinates": [[-122.435184078951, 37.77051663921887], [-122.436848942798, 37.77031145616287]]}, "properties": {"Corridor": "Waller St", "Limits": "Scott St  -  Divisadero St", "BlockSide": "South", "WeekDay": "Tues", "FromHour": "12", "ToHour": "14", "Week1": "1", "Week2": "1", "Week3": "1", "Week4": "1", "Week5": "1", "Holidays": "0"}}, {"type": "Feature", "geometry": {"type": "LineString", "coordinates": [[-122.43350738432393, 37.770755231477], [-122.43369499720193, 37.771688273732]]}, "properties": {"Corridor": "Pierce St", "Limits": "Waller St  -  Haight St", "BlockSide": "East", "WeekDay": "Wed", "FromHour": "9", "ToHour": "11", "Week1": "1", "Week2": "1", "Week3": "1", "Week4": "1", "Week5": "1", "Holidays": "0"}}, {"type": "Feature", "geometry": {"type": "LineString", "coordinates": [[-122.453515914261, 37.764426835382125], [-122.4542172651, 37.76434238693513]]}, "properties": {"Corridor": "Parnassus Ave", "Limits": "Woodland Ave  -  Willard St", "BlockSide": "North", "WeekDay": "Fri", "FromHour": "8", "ToHour": "10", "Week1": "1", "Week2": "0", "Week3": "0", "Week4": "0", "Week5": "0", "Holidays": "0"}}, {"type": "Feature", "geometry": {"type": "LineString", "coordinates": [[-122.43271726222, 37.77089235239813], [-122.433547159621, 37.770786672368125]]}, "properties": {"Corridor": "Waller St", "Limits": "Potomac St  -  Pierce St", "BlockSide": "North", "WeekDay": "Thu", "FromHour": "8", "ToHour": "10", "Week1": "1", "Week2": "1", "Week3": "1", "Week4": "1", "Week5": "1", "Holidays": "0"}}, {"type": "Feature", "geometry": {"type": "LineString", "coordinates": [[-122.438265382252, 37.76072375947513], [-122.439336813302, 37.76065816388313]]}, "properties": {"Corridor": "18th St", "Limits": "Eureka St  -  Douglass St", "BlockSide": "North", "WeekDay": "Thu", "FromHour": "12", "ToHour": "14", "Week1": "1", "Week2": "1", "Week3": "1", "Week4": "1", "Week5": "1", "Holidays": "0"}}, {"type": "Feature", "geometry": {"type": "LineString", "coordinates": [[-122.432124056662, 37.762699568314126], [-122.432949137393, 37.76264964045913]]}, "properties": {"Corridor": "17th St", "Limits": "Pond St  -  Noe St", "BlockSide": "North", "WeekDay": "Thu", "FromHour": "12", "ToHour": "14", "Week1": "1", "Week2": "1", "Week3": "1", "Week4": "1", "Week5": "1", "Holidays": "0"}}, {"type": "Feature", "geometry": {"type": "LineString", "coordinates": [[-122.43813726928168, 37.7768558892], [-122.43810167483367, 37.776940369829], [-122.43825789840967, 37.777721894831], [-122.43832572308868, 37.77779418913]]}, "properties": {"Corridor": "Divisadero St", "Limits": "Fulton St  -  McAllister St", "BlockSide": "East", "WeekDay": "Thu", "FromHour": "6", "ToHour": "8", "Week1": "1", "Week2": "1", "Week3": "1", "Week4": "1", "Week5": "1", "Holidays": "0"}}, {"type": "Feature", "geometry": {"type": "LineString", "coordinates": [[-122.44009326367824, 37.761829685901], [-122.44002889214323, 37.761177886012]]}, "properties": {"Corridor": "Ord St", "Limits": "Corbett Ave  -  Market St", "BlockSide": "East", "WeekDay": "Wed", "FromHour": "8", "ToHour": "10", "Week1": "1", "Week2": "1", "Week3": "1", "Week4": "1", "Week5": "1", "Holidays": "0"}}, {"type": "Feature", "geometry": {"type": "LineString", "coordinates": [[-122.43524101231, 37.77911343744987], [-122.436884629513, 37.77890631260587]]}, "properties": {"Corridor": "Golden Gate Ave", "Limits": "Pierce St  -  Scott St", "BlockSide": "South", "WeekDay": "Tues", "FromHour": "8", "ToHour": "10", "Week1": "1", "Week2": "1", "Week3": "1", "Week4": "1", "Week5": "1", "Holidays": "0"}}, {"type": "Feature", "geometry": {"type": "LineString", "coordinates": [[-122.452143124058, 37.78182185094887], [-122.452219382504, 37.78174568777387], [-122.45307662353, 37.781634964039874], [-122.453170387508, 37.781685987612875]]}, "properties": {"Corridor": "Geary Blvd", "Limits": "Cook St  -  Spruce St", "BlockSide": "South", "WeekDay": "Mon", "FromHour": "6", "ToHour": "8", "Week1": "1", "Week2": "1", "Week3": "1", "Week4": "1", "Week5": "1", "Holidays": "0"}}, {"type": "Feature", "geometry": {"type": "LineString", "coordinates": [[-122.44022312407002, 37.76102496441488], [-122.44080061890801, 37.76062516081888], [-122.44090191376701, 37.760505703452885]]}, "properties": {"Corridor": "Storrie St", "Limits": "Market St  -  18th St", "BlockSide": "SouthEast", "WeekDay": "Wed", "FromHour": "12", "ToHour": "14", "Week1": "1", "Week2": "1", "Week3": "1", "Week4": "1", "Week5": "1", "Holidays": "0"}}, {"type": "Feature", "geometry": {"type": "LineString", "coordinates": [[-122.43329213217967, 37.766662030407], [-122.43321569983569, 37.765861627815]]}, "properties": {"Corridor": "Noe St", "Limits": "Henry St  -  15th St", "BlockSide": "East", "WeekDay": "Thu", "FromHour": "8", "ToHour": "10", "Week1": "1", "Week2": "1", "Week3": "1", "Week4": "1", "Week5": "1", "Holidays": "0"}}, {"type": "Feature", "geometry": {"type": "LineString", "coordinates": [[-122.428802102088, 37.77228440570687], [-122.430433918182, 37.772076817447875]]}, "properties": {"Corridor": "Haight St", "Limits": "Webster St  -  Fillmore St", "BlockSide": "South", "WeekDay": "Fri", "FromHour": "8", "ToHour": "10", "Week1": "1", "Week2": "1", "Week3": "1", "Week4": "1", "Week5": "1", "Holidays": "0"}}, {"type": "Feature", "geometry": {"type": "LineString", "coordinates": [[-122.43767323474115, 37.78266289972], [-122.43788772529916, 37.78371763821]]}, "properties": {"Corridor": "Scott St", "Limits": "O'Farrell St  -  Geary Blvd", "BlockSide": "West", "WeekDay": "Fri", "FromHour": "12", "ToHour": "14", "Week1": "1", "Week2": "1", "Week3": "1", "Week4": "1", "Week5": "1", "Holidays": "0"}}, {"type": "Feature", "geometry": {"type": "LineString", "coordinates": [[-122.442754865592, 37.77432739137287], [-122.444404613198, 37.774118044398875]]}, "properties": {"Corridor": "Hayes St", "Limits": "Lyon St  -  Central Ave", "BlockSide": "South", "WeekDay": "Tues", "FromHour": "8", "ToHour": "10", "Week1": "1", "Week2": "1", "Week3": "1", "Week4": "1", "Week5": "1", "Holidays": "0"}}, {"type": "Feature", "geometry": {"type": "LineString", "coordinates": [[-122.45662342430062, 37.776418876863], [-122.45643292229661, 37.775483265156]]}, "properties": {"Corridor": "Willard St North", "Limits": "Golden Gate Ave  -  McAllister St", "BlockSide": "East", "WeekDay": "Wed", "FromHour": "9", "ToHour": "11", "Week1": "1", "Week2": "1", "Week3": "1", "Week4": "1", "Week5": "1", "Holidays": "0"}}, {"type": "Feature", "geometry": {"type": "LineString", "coordinates": [[-122.44778401990466, 37.766072215347], [-122.44759485607766, 37.765138734432]]}, "properties": {"Corridor": "Clayton St", "Limits": "Carl St  -  Parnassus Ave", "BlockSide": "East", "WeekDay": "Wed", "FromHour": "9", "ToHour": "11", "Week1": "1", "Week2": "0", "Week3": "0", "Week4": "0", "Week5": "0", "Holidays": "0"}}, {"type": "Feature", "geometry": {"type": "LineString", "coordinates": [[-122.449296023474, 37.76255074502313], [-122.450736767306, 37.76237314575613]]}, "properties": {"Corridor": "Rivoli St", "Limits": "Cole St  -  Shrader St", "BlockSide": "North", "WeekDay": "Thu", "FromHour": "9", "ToHour": "11", "Week1": "1", "Week2": "0", "Week3": "0", "Week4": "0", "Week5": "0", "Holidays": "0"}}, {"type": "Feature", "geometry": {"type": "LineString", "coordinates": [[-122.45773304353, 37.78128314517987], [-122.45781128481, 37.78121198670387], [-122.458707855012, 37.781169425437874], [-122.458858661406, 37.78122562043387]]}, "properties": {"Corridor": "Geary Blvd", "Limits": "Palm Ave  -  Arguello Blvd", "BlockSide": "South", "WeekDay": "Fri", "FromHour": "6", "ToHour": "8", "Week1": "0", "Week2": "1", "Week3": "0", "Week4": "1", "Week5": "0", "Holidays": "0"}}, {"type": "Feature", "geometry": {"type": "LineString", "coordinates": [[-122.447301513476, 37.78236020119287], [-122.447539741536, 37.782238960933874], [-122.447887457606, 37.78225458471487], [-122.448951384563, 37.782122885244874], [-122.449047323854, 37.78214599681887]]}, "properties": {"Corridor": "Geary Blvd", "Limits": "Masonic Ave  -  Wood St", "BlockSide": "South", "WeekDay": "Wed", "FromHour": "6", "ToHour": "8", "Week1": "1", "Week2": "1", "Week3": "1", "Week4": "1", "Week5": "1", "Holidays": "0"}}, {"type": "Feature", "geometry": {"type": "LineString", "coordinates": [[-122.44620744130214, 37.784438312616], [-122.44599324391814, 37.78350919879]]}, "properties": {"Corridor": "Presidio Ave", "Limits": "Sutter St  -  Post St", "BlockSide": "East", "WeekDay": "Mon", "FromHour": "6", "ToHour": "8", "Week1": "1", "Week2": "1", "Week3": "1", "Week4": "1", "Week5": "1", "Holidays": "0"}}, {"type": "Feature", "geometry": {"type": "LineString", "coordinates": [[-122.428008118668, 37.77668826878087], [-122.429626330589, 37.77648171130287]]}, "properties": {"Corridor": "Ivy St", "Limits": "Buchanan St  -  Webster St", "BlockSide": "South", "WeekDay": "Mon", "FromHour": "9", "ToHour": "11", "Week1": "1", "Week2": "1", "Week3": "1", "Week4": "1", "Week5": "1", "Holidays": "0"}}, {"type": "Feature", "geometry": {"type": "LineString", "coordinates": [[-122.444643058444, 37.78365502275087], [-122.446033026077, 37.78347775789887]]}, "properties": {"Corridor": "Post St", "Limits": "Lyon St  -  Presidio Ave", "BlockSide": "South", "WeekDay": "Thu", "FromHour": "12", "ToHour": "14", "Week1": "1", "Week2": "0", "Week3": "1", "Week4": "0", "Week5": "0", "Holidays": "0"}}, {"type": "Feature", "geometry": {"type": "LineString", "coordinates": [[-122.434562099056, 37.78412042288187], [-122.434658733905, 37.78404831914687], [-122.435268126338, 37.783926928774875], [-122.437720603307, 37.78362472762287], [-122.437847943562, 37.78368619731887]]}, "properties": {"Corridor": "Geary Blvd", "Limits": "Steiner St  -  Scott St", "BlockSide": "South", "WeekDay": "Thu", "FromHour": "6", "ToHour": "8", "Week1": "0", "Week2": "1", "Week3": "0", "Week4": "1", "Week5": "0", "Holidays": "0"}}, {"type": "Feature", "geometry": {"type": "LineString", "coordinates": [[-122.434483319719, 37.77538542047287], [-122.436128963952, 37.77517449026687]]}, "properties": {"Corridor": "Hayes St", "Limits": "Pierce St  -  Scott St", "BlockSide": "South", "WeekDay": "Thu", "FromHour": "9", "ToHour": "11", "Week1": "1", "Week2": "1", "Week3": "1", "Week4": "1", "Week5": "1", "Holidays": "0"}}, {"type": "Feature", "geometry": {"type": "LineString", "coordinates": [[-122.436696630913, 37.77803783878413], [-122.438365501671, 37.77782563002113]]}, "properties": {"Corridor": "McAllister St", "Limits": "Scott St  -  Divisadero St", "BlockSide": "North", "WeekDay": "Tues", "FromHour": "8", "ToHour": "10", "Week1": "1", "Week2": "1", "Week3": "1", "Week4": "1", "Week5": "1", "Holidays": "0"}}, {"type": "Feature", "geometry": {"type": "LineString", "coordinates": [[-122.44651060722964, 37.775801591574], [-122.44632345203763, 37.774871102729]]}, "properties": {"Corridor": "Masonic Ave", "Limits": "Fulton St  -  Grove St", "BlockSide": "West", "WeekDay": "Fri", "FromHour": "9", "ToHour": "11", "Week1": "1", "Week2": "1", "Week3": "1", "Week4": "1", "Week5": "1", "Holidays": "0"}}, {"type": "Feature", "geometry": {"type": "LineString", "coordinates": [[-122.428990052113, 37.773279241686126], [-122.43062908467, 37.77307074012613]]}, "properties": {"Corridor": "Page St", "Limits": "Webster St  -  Fillmore St", "BlockSide": "North", "WeekDay": "Tues", "FromHour": "12", "ToHour": "14", "Week1": "1", "Week2": "1", "Week3": "1", "Week4": "1", "Week5": "1", "Holidays": "0"}}, {"type": "Feature", "geometry": {"type": "LineString", "coordinates": [[-122.435563320055, 37.77238648896887], [-122.437234931654, 37.77217227154687]]}, "properties": {"Corridor": "Page St", "Limits": "Scott St  -  Divisadero St", "BlockSide": "South", "WeekDay": "Thu", "FromHour": "8", "ToHour": "10", "Week1": "1", "Week2": "1", "Week3": "1", "Week4": "1", "Week5": "1", "Holidays": "0"}}, {"type": "Feature", "geometry": {"type": "LineString", "coordinates": [[-122.441865640697, 37.77826811282287], [-122.443506920068, 37.77805777258487]]}, "properties": {"Corridor": "Golden Gate Ave", "Limits": "Baker St  -  Lyon St", "BlockSide": "South", "WeekDay": "Tues", "FromHour": "9", "ToHour": "11", "Week1": "1", "Week2": "1", "Week3": "1", "Week4": "1", "Week5": "1", "Holidays": "0"}}, {"type": "Feature", "geometry": {"type": "LineString", "coordinates": [[-122.43266639742384, 37.783292591474], [-122.43287446616884, 37.78435505664]]}, "properties": {"Corridor": "Fillmore St", "Limits": "O'Farrell St  -  Geary Blvd", "BlockSide": "East", "WeekDay": "Tues", "FromHour": "6", "ToHour": "8", "Week1": "1", "Week2": "0", "Week3": "1", "Week4": "0", "Week5": "0", "Holidays": "0"}}, {"type": "Feature", "geometry": {"type": "LineString", "coordinates": [[-122.44695457223418, 37.762722234963], [-122.44679277721318, 37.761849236227], [-122.44674363304118, 37.761781413695]]}, "properties": {"Corridor": "Clayton St", "Limits": "Ashbury St  -  17th St", "BlockSide": "East", "WeekDay": "Tues", "FromHour": "8", "ToHour": "10", "Week1": "1", "Week2": "0", "Week3": "0", "Week4": "0", "Week5": "0", "Holidays": "0"}}, {"type": "Feature", "geometry": {"type": "LineString", "coordinates": [[-122.449047323854, 37.78214599681887], [-122.449988236955, 37.78202559093187], [-122.450092302229, 37.782085162529874]]}, "properties": {"Corridor": "Geary Blvd", "Limits": "Wood St  -  Collins St", "BlockSide": "South", "WeekDay": "Wed", "FromHour": "6", "ToHour": "8", "Week1": "1", "Week2": "1", "Week3": "1", "Week4": "1", "Week5": "1", "Holidays": "0"}}, {"type": "Feature", "geometry": {"type": "LineString", "coordinates": [[-122.43538473494637, 37.780077637996], [-122.43557648466737, 37.781009345955]]}, "properties": {"Corridor": "Pierce St", "Limits": "Turk St  -  Eddy St", "BlockSide": "East", "WeekDay": "Wed", "FromHour": "9", "ToHour": "11", "Week1": "1", "Week2": "1", "Week3": "1", "Week4": "1", "Week5": "1", "Holidays": "0"}}, {"type": "Feature", "geometry": {"type": "LineString", "coordinates": [[-122.458998400743, 37.78315722402487], [-122.460137198557, 37.783105047511874]]}, "properties": {"Corridor": "Clement St", "Limits": "Arguello Blvd  -  02nd Ave", "BlockSide": "South", "WeekDay": "Tues", "FromHour": "7", "ToHour": "8", "Week1": "1", "Week2": "0", "Week3": "1", "Week4": "0", "Week5": "1", "Holidays": "0"}}, {"type": "Feature", "geometry": {"type": "LineString", "coordinates": [[-122.442127648396, 37.78149743447887], [-122.442510126409, 37.78147322728987], [-122.442972180435, 37.78142895660587]]}, "properties": {"Corridor": "Terra Vista Ave", "Limits": "Baker St  -  Fortuna Ave", "BlockSide": "South", "WeekDay": "Fri", "FromHour": "9", "ToHour": "11", "Week1": "1", "Week2": "1", "Week3": "1", "Week4": "1", "Week5": "1", "Holidays": "0"}}, {"type": "Feature", "geometry": {"type": "LineString", "coordinates": [[-122.455781065387, 37.764070070258], [-122.456038895899, 37.763994844524]]}, "properties": {"Corridor": "Parnassus Ave", "Limits": "Hill Point Ave  -  Medical Center Way", "BlockSide": "", "WeekDay": "Fri", "FromHour": "6", "ToHour": "7", "Week1": "1", "Week2": "1", "Week3": "1", "Week4": "1", "Week5": "1", "Holidays": "0"}}, {"type": "Feature", "geometry": {"type": "LineString", "coordinates": [[-122.433734772499, 37.771656832840875], [-122.435372983052, 37.77144804415787]]}, "properties": {"Corridor": "Haight St", "Limits": "Pierce St  -  Scott St", "BlockSide": "South", "WeekDay": "Wed", "FromHour": "8", "ToHour": "10", "Week1": "1", "Week2": "1", "Week3": "1", "Week4": "1", "Week5": "1", "Holidays": "0"}}, {"type": "Feature", "geometry": {"type": "LineString", "coordinates": [[-122.449120214336, 37.761616684699874], [-122.45057996957, 37.76152969825687]]}, "properties": {"Corridor": "17th St", "Limits": "Cole St  -  Shrader St", "BlockSide": "South", "WeekDay": "Fri", "FromHour": "8", "ToHour": "10", "Week1": "1", "Week2": "0", "Week3": "0", "Week4": "0", "Week5": "0", "Holidays": "0"}}, {"type": "Feature", "geometry": {"type": "LineString", "coordinates": [[-122.44074406199377, 37.781310057047], [-122.44092334930677, 37.782239230433]]}, "properties": {"Corridor": "Broderick St", "Limits": "Ellis St  -  O'Farrell St", "BlockSide": "East", "WeekDay": "Fri", "FromHour": "12", "ToHour": "14", "Week1": "1", "Week2": "1", "Week3": "1", "Week4": "1", "Week5": "1", "Holidays": "0"}}, {"type": "Feature", "geometry": {"type": "LineString", "coordinates": [[-122.446470829719, 37.775770150682874], [-122.447443019169, 37.77564652689687]]}, "properties": {"Corridor": "Fulton St", "Limits": "Masonic Ave  -  Atalaya Ter", "BlockSide": "South", "WeekDay": "Fri", "FromHour": "9", "ToHour": "11", "Week1": "1", "Week2": "1", "Week3": "1", "Week4": "1", "Week5": "1", "Holidays": "0"}}, {"type": "Feature", "geometry": {"type": "LineString", "coordinates": [[-122.4319120224686, 37.779564149041], [-122.4321006096226, 37.780496260511]]}, "properties": {"Corridor": "Fillmore St", "Limits": "Golden Gate Ave  -  Turk St", "BlockSide": "East", "WeekDay": "Tues", "FromHour": "6", "ToHour": "8", "Week1": "1", "Week2": "0", "Week3": "1", "Week4": "0", "Week5": "0", "Holidays": "0"}}, {"type": "Feature", "geometry": {"type": "LineString", "coordinates": [[-122.4310535936688, 37.76589021821812], [-122.4312588543828, 37.765810521180114], [-122.43295092030782, 37.764490555883114], [-122.43310259358582, 37.764217945063116]]}, "properties": {"Corridor": "Market St", "Limits": "Sanchez St  -  16th St", "BlockSide": "NorthWest", "WeekDay": "Fri", "FromHour": "2", "ToHour": "6", "Week1": "1", "Week2": "1", "Week3": "1", "Week4": "1", "Week5": "1", "Holidays": "1"}}, {"type": "Feature", "geometry": {"type": "LineString", "coordinates": [[-122.442053309263, 37.77927547145113], [-122.443699109727, 37.77906945971413]]}, "properties": {"Corridor": "Turk Blvd", "Limits": "Baker St  -  Lyon St", "BlockSide": "North", "WeekDay": "Tues", "FromHour": "8", "ToHour": "10", "Week1": "1", "Week2": "1", "Week3": "1", "Week4": "1", "Week5": "1", "Holidays": "0"}}, {"type": "Feature", "geometry": {"type": "LineString", "coordinates": [[-122.4339333765931, 37.781218802442], [-122.43412199331411, 37.782150910402]]}, "properties": {"Corridor": "Steiner St", "Limits": "Eddy St  -  Ellis St", "BlockSide": "East", "WeekDay": "Fri", "FromHour": "9", "ToHour": "11", "Week1": "1", "Week2": "1", "Week3": "1", "Week4": "1", "Week5": "1", "Holidays": "0"}}, {"type": "Feature", "geometry": {"type": "LineString", "coordinates": [[-122.45056040546974, 37.771460142936], [-122.45036773025474, 37.770519318385]]}, "properties": {"Corridor": "Cole St", "Limits": "Oak St  -  Page St", "BlockSide": "East", "WeekDay": "Wed", "FromHour": "8", "ToHour": "10", "Week1": "1", "Week2": "1", "Week3": "1", "Week4": "1", "Week5": "1", "Holidays": "0"}}, {"type": "Feature", "geometry": {"type": "LineString", "coordinates": [[-122.44442681977553, 37.779458720585], [-122.44447424409053, 37.779734774303], [-122.44451926362252, 37.780157801704], [-122.44457880205853, 37.781052567937]]}, "properties": {"Corridor": "Barcelona Ave", "Limits": "Anzavista Ave  -  Terra Vista Ave", "BlockSide": "East", "WeekDay": "Wed", "FromHour": "9", "ToHour": "11", "Week1": "1", "Week2": "1", "Week3": "1", "Week4": "1", "Week5": "1", "Holidays": "0"}}, {"type": "Feature", "geometry": {"type": "LineString", "coordinates": [[-122.441158201359, 37.783195110642126], [-122.442702053885, 37.78300379815913], [-122.442793099742, 37.78291677733413]]}, "properties": {"Corridor": "Geary Blvd", "Limits": "Broderick St  -  Baker St", "BlockSide": "North", "WeekDay": "Mon", "FromHour": "6", "ToHour": "8", "Week1": "1", "Week2": "0", "Week3": "1", "Week4": "0", "Week5": "0", "Holidays": "0"}}, {"type": "Feature", "geometry": {"type": "LineString", "coordinates": [[-122.4546575847789, 37.784029989169], [-122.4546094677049, 37.78356161496], [-122.4542157752259, 37.78159882148]]}, "properties": {"Corridor": "Parker Ave", "Limits": "Euclid Ave  -  Geary Blvd", "BlockSide": "West", "WeekDay": "Wed", "FromHour": "7", "ToHour": "9", "Week1": "1", "Week2": "1", "Week3": "1", "Week4": "1", "Week5": "1", "Holidays": "0"}}, {"type": "Feature", "geometry": {"type": "LineString", "coordinates": [[-122.44432227274712, 37.76049173337788], [-122.44471767678412, 37.76011103022788], [-122.44560600645812, 37.759684284054885], [-122.44583576447612, 37.75946129597988]]}, "properties": {"Corridor": "Corbett Ave", "Limits": "Mars St  -  19th St", "BlockSide": "SouthEast", "WeekDay": "Thu", "FromHour": "9", "ToHour": "11", "Week1": "1", "Week2": "1", "Week3": "1", "Week4": "1", "Week5": "1", "Holidays": "0"}}, {"type": "Feature", "geometry": {"type": "LineString", "coordinates": [[-122.43928241657443, 37.770002698402884], [-122.43917847156844, 37.769915456032884], [-122.43885109885044, 37.769661888782885], [-122.43837945764943, 37.769162903283885], [-122.43836645337244, 37.76898436888688]]}, "properties": {"Corridor": "Buena Vista Ave East", "Limits": "Waller St  -  Duboce Ave", "BlockSide": "SouthWest", "WeekDay": "Fri", "FromHour": "12", "ToHour": "14", "Week1": "1", "Week2": "1", "Week3": "1", "Week4": "1", "Week5": "1", "Holidays": "0"}}, {"type": "Feature", "geometry": {"type": "LineString", "coordinates": [[-122.42923285269185, 37.774648924534], [-122.42932608275585, 37.775111180048]]}, "properties": {"Corridor": "Webster St", "Limits": "Hickory St  -  Fell St", "BlockSide": "East", "WeekDay": "Fri", "FromHour": "12", "ToHour": "14", "Week1": "1", "Week2": "1", "Week3": "1", "Week4": "1", "Week5": "1", "Holidays": "0"}}, {"type": "Feature", "geometry": {"type": "LineString", "coordinates": [[-122.444497804933, 37.782774664863], [-122.444569871169, 37.783137112817]]}, "properties": {"Corridor": "Lyon St", "Limits": "Geary Blvd  -  Leona Ter", "BlockSide": "West", "WeekDay": "Mon", "FromHour": "9", "ToHour": "11", "Week1": "1", "Week2": "0", "Week3": "1", "Week4": "0", "Week5": "0", "Holidays": "0"}}, {"type": "Feature", "geometry": {"type": "LineString", "coordinates": [[-122.426641498175, 37.77829712335387], [-122.429849199654, 37.77788785506687]]}, "properties": {"Corridor": "Fulton St", "Limits": "Laguna St  -  Webster St", "BlockSide": "South", "WeekDay": "Tues", "FromHour": "8", "ToHour": "10", "Week1": "1", "Week2": "1", "Week3": "1", "Week4": "1", "Week5": "1", "Holidays": "0"}}, {"type": "Feature", "geometry": {"type": "LineString", "coordinates": [[-122.44605195064896, 37.773935371748], [-122.44586258946896, 37.772995405825]]}, "properties": {"Corridor": "Masonic Ave", "Limits": "Hayes St  -  Fell St", "BlockSide": "East", "WeekDay": "Thu", "FromHour": "6", "ToHour": "8", "Week1": "1", "Week2": "1", "Week3": "1", "Week4": "1", "Week5": "1", "Holidays": "0"}}, {"type": "Feature", "geometry": {"type": "LineString", "coordinates": [[-122.434161774241, 37.78218235129313], [-122.435813741919, 37.78197176537813]]}, "properties": {"Corridor": "Ellis St", "Limits": "Steiner St  -  Pierce St", "BlockSide": "North", "WeekDay": "Thu", "FromHour": "12", "ToHour": "14", "Week1": "1", "Week2": "1", "Week3": "1", "Week4": "1", "Week5": "1", "Holidays": "0"}}, {"type": "Feature", "geometry": {"type": "LineString", "coordinates": [[-122.451487264677, 37.76748641674287], [-122.453164789755, 37.767275454271875]]}, "properties": {"Corridor": "Beulah St", "Limits": "Shrader St  -  Stanyan St", "BlockSide": "South", "WeekDay": "Mon", "FromHour": "8", "ToHour": "10", "Week1": "1", "Week2": "1", "Week3": "1", "Week4": "1", "Week5": "1", "Holidays": "0"}}, {"type": "Feature", "geometry": {"type": "LineString", "coordinates": [[-122.43310259291252, 37.764217945063116], [-122.43328710176851, 37.76401079982012], [-122.43448388405052, 37.76306114234712], [-122.43507921345551, 37.76267498307412], [-122.43521608443052, 37.76269293962812]]}, "properties": {"Corridor": "Market St", "Limits": "16th St  -  17th St", "BlockSide": "NorthWest", "WeekDay": "Sun", "FromHour": "8", "ToHour": "9", "Week1": "1", "Week2": "1", "Week3": "1", "Week4": "1", "Week5": "1", "Holidays": "0"}}, {"type": "Feature", "geometry": {"type": "LineString", "coordinates": [[-122.434562099056, 37.784183304664126], [-122.434658906495, 37.78422565950813], [-122.437751685562, 37.783833742556126], [-122.437847943562, 37.78374907910113]]}, "properties": {"Corridor": "Geary Blvd", "Limits": "Steiner St  -  Scott St", "BlockSide": "North", "WeekDay": "Wed", "FromHour": "6", "ToHour": "8", "Week1": "1", "Week2": "0", "Week3": "1", "Week4": "0", "Week5": "0", "Holidays": "0"}}, {"type": "Feature", "geometry": {"type": "LineString", "coordinates": [[-122.433572207694, 37.76914692852687], [-122.434893192396, 37.76908235643887]]}, "properties": {"Corridor": "Duboce Ave", "Limits": "Noe St  -  Scott St", "BlockSide": "South", "WeekDay": "Fri", "FromHour": "6", "ToHour": "8", "Week1": "1", "Week2": "1", "Week3": "1", "Week4": "1", "Week5": "1", "Holidays": "0"}}, {"type": "Feature", "geometry": {"type": "LineString", "coordinates": [[-122.44599504604233, 37.778749530726], [-122.44605844034433, 37.778908646547], [-122.44618850200033, 37.779432348562], [-122.44624402869633, 37.779750833817], [-122.44624946165533, 37.779958147956]]}, "properties": {"Corridor": "Nido Ave", "Limits": "Turk Blvd  -  Vega St", "BlockSide": "East", "WeekDay": "Fri", "FromHour": "9", "ToHour": "11", "Week1": "1", "Week2": "1", "Week3": "1", "Week4": "1", "Week5": "1", "Holidays": "0"}}, {"type": "Feature", "geometry": {"type": "LineString", "coordinates": [[-122.45391640945698, 37.780239049136], [-122.45389524708898, 37.780126071114], [-122.45388101027498, 37.779887865078], [-122.45370837035398, 37.779054523049]]}, "properties": {"Corridor": "Parker Ave", "Limits": "Anza St  -  Lone Mountain Ter", "BlockSide": "West", "WeekDay": "Wed", "FromHour": "9", "ToHour": "11", "Week1": "1", "Week2": "1", "Week3": "1", "Week4": "1", "Week5": "1", "Holidays": "0"}}, {"type": "Feature", "geometry": {"type": "LineString", "coordinates": [[-122.430260804948, 37.77120512498113], [-122.431904324647, 37.77099586714813]]}, "properties": {"Corridor": "Waller St", "Limits": "Fillmore St  -  Steiner St", "BlockSide": "North", "WeekDay": "Thu", "FromHour": "8", "ToHour": "10", "Week1": "1", "Week2": "1", "Week3": "1", "Week4": "1", "Week5": "1", "Holidays": "0"}}, {"type": "Feature", "geometry": {"type": "LineString", "coordinates": [[-122.44831372463258, 37.764196132275], [-122.4481492070336, 37.763367231799]]}, "properties": {"Corridor": "Belvedere St", "Limits": "Grattan St  -  Alma St", "BlockSide": "West", "WeekDay": "Tues", "FromHour": "8", "ToHour": "10", "Week1": "1", "Week2": "0", "Week3": "0", "Week4": "0", "Week5": "0", "Holidays": "0"}}, {"type": "Feature", "geometry": {"type": "LineString", "coordinates": [[-122.431191119425, 37.76762668209713], [-122.432299239412, 37.767559885591126]]}, "properties": {"Corridor": "14th St", "Limits": "Sanchez St  -  Walter St", "BlockSide": "North", "WeekDay": "Mon", "FromHour": "9", "ToHour": "11", "Week1": "1", "Week2": "1", "Week3": "1", "Week4": "1", "Week5": "1", "Holidays": "0"}}, {"type": "Feature", "geometry": {"type": "LineString", "coordinates": [[-122.441564133792, 37.76052005262213], [-122.443374429728, 37.76040776882313]]}, "properties": {"Corridor": "18th St", "Limits": "Clover St  -  Danvers St", "BlockSide": "North", "WeekDay": "Wed", "FromHour": "12", "ToHour": "14", "Week1": "1", "Week2": "1", "Week3": "1", "Week4": "1", "Week5": "1", "Holidays": "0"}}, {"type": "Feature", "geometry": {"type": "LineString", "coordinates": [[-122.43608918626083, 37.775205931158], [-122.43627836504383, 37.776137836709]]}, "properties": {"Corridor": "Scott St", "Limits": "Hayes St  -  Grove St", "BlockSide": "East", "WeekDay": "Wed", "FromHour": "12", "ToHour": "14", "Week1": "1", "Week2": "1", "Week3": "1", "Week4": "1", "Week5": "1", "Holidays": "0"}}, {"type": "Feature", "geometry": {"type": "LineString", "coordinates": [[-122.44131137314214, 37.78125769938712], [-122.44140659805815, 37.781258472665115], [-122.44164280297615, 37.78136763515012], [-122.44194575189914, 37.781529765735115], [-122.44209951942214, 37.78155110722412]]}, "properties": {"Corridor": "Terra Vista Ave", "Limits": "Ellis St  -  Baker St", "BlockSide": "NorthEast", "WeekDay": "Thu", "FromHour": "12", "ToHour": "14", "Week1": "1", "Week2": "1", "Week3": "1", "Week4": "1", "Week5": "1", "Holidays": "0"}}, {"type": "Feature", "geometry": {"type": "LineString", "coordinates": [[-122.44354516773045, 37.76053144185412], [-122.44363779857446, 37.76052196696312], [-122.44388132205245, 37.76036374509412], [-122.44466804532546, 37.75985925717012], [-122.44480590591745, 37.75974353821512], [-122.44488970088145, 37.75963162433112], [-122.44495691555045, 37.759488701060114], [-122.44497577291945, 37.75942956758712]]}, "properties": {"Corridor": "Market St", "Limits": "Danvers St  -  19th St", "BlockSide": "NorthWest", "WeekDay": "Wed", "FromHour": "12", "ToHour": "14", "Week1": "1", "Week2": "1", "Week3": "1", "Week4": "1", "Week5": "1", "Holidays": "0"}}, {"type": "Feature", "geometry": {"type": "LineString", "coordinates": [[-122.434893192396, 37.76914523822113], [-122.435794213518, 37.76908989437513]]}, "properties": {"Corridor": "Duboce Ave", "Limits": "Scott St  -  Castro St", "BlockSide": "North", "WeekDay": "Wed", "FromHour": "9", "ToHour": "11", "Week1": "1", "Week2": "1", "Week3": "1", "Week4": "1", "Week5": "1", "Holidays": "0"}}, {"type": "Feature", "geometry": {"type": "LineString", "coordinates": [[-122.45213646012412, 37.762166750282], [-122.45199753907812, 37.761478202787]]}, "properties": {"Corridor": "Stanyan St", "Limits": "Rivoli St  -  17th St", "BlockSide": "West", "WeekDay": "Tues", "FromHour": "8", "ToHour": "10", "Week1": "1", "Week2": "0", "Week3": "0", "Week4": "0", "Week5": "0", "Holidays": "0"}}, {"type": "Feature", "geometry": {"type": "LineString", "coordinates": [[-122.43561626498, 37.78104078684613], [-122.437260058298, 37.78083321158413]]}, "properties": {"Corridor": "Eddy St", "Limits": "Pierce St  -  Scott St", "BlockSide": "North", "WeekDay": "Mon", "FromHour": "6", "ToHour": "8", "Week1": "0", "Week2": "1", "Week3": "0", "Week4": "1", "Week5": "0", "Holidays": "0"}}, {"type": "Feature", "geometry": {"type": "LineString", "coordinates": [[-122.43795007012118, 37.775925405585], [-122.43791204182818, 37.776009192734], [-122.43807105541318, 37.776793777221], [-122.43813726978318, 37.7768558892]]}, "properties": {"Corridor": "Divisadero St", "Limits": "Grove St  -  Fulton St", "BlockSide": "East", "WeekDay": "Thu", "FromHour": "6", "ToHour": "8", "Week1": "1", "Week2": "1", "Week3": "1", "Week4": "1", "Week5": "1", "Holidays": "0"}}, {"type": "Feature", "geometry": {"type": "LineString", "coordinates": [[-122.442481678264, 37.765269156297], [-122.442660852159, 37.765180359797], [-122.442814760196, 37.765081416824], [-122.443131250781, 37.764742863364], [-122.443215275093, 37.764557545475]]}, "properties": {"Corridor": "Roosevelt Way", "Limits": "Masonic Ave  -  Loma Vista Ter", "BlockSide": "", "WeekDay": "Tues", "FromHour": "10", "ToHour": "12", "Week1": "1", "Week2": "1", "Week3": "1", "Week4": "1", "Week5": "1", "Holidays": "0"}}, {"type": "Feature", "geometry": {"type": "LineString", "coordinates": [[-122.44764818213659, 37.773732768627], [-122.44745746788558, 37.772790453561]]}, "properties": {"Corridor": "Ashbury St", "Limits": "Hayes St  -  Fell St", "BlockSide": "East", "WeekDay": "Fri", "FromHour": "9", "ToHour": "11", "Week1": "1", "Week2": "1", "Week3": "1", "Week4": "1", "Week5": "1", "Holidays": "0"}}, {"type": "Feature", "geometry": {"type": "LineString", "coordinates": [[-122.448982440107, 37.78043680112512], [-122.44880705494701, 37.77958041569712], [-122.448070356878, 37.77967349133312], [-122.448151379197, 37.780069740697115]]}, "properties": {"Corridor": "Ewing Ter", "Limits": "Jean Way  -  Ewing Ter", "BlockSide": "NorthEast", "WeekDay": "Fri", "FromHour": "9", "ToHour": "11", "Week1": "1", "Week2": "1", "Week3": "1", "Week4": "1", "Week5": "1", "Holidays": "0"}}, {"type": "Feature", "geometry": {"type": "LineString", "coordinates": [[-122.43079627224225, 37.76599149909488], [-122.43081157667925, 37.76590602807988], [-122.43088396025725, 37.765853562621885], [-122.43099734779524, 37.76584575450988]]}, "properties": {"Corridor": "Market St", "Limits": "15th St  -  Sanchez St", "BlockSide": "SouthEast", "WeekDay": "Holiday", "FromHour": "2", "ToHour": "6", "Week1": "1", "Week2": "1", "Week3": "1", "Week4": "1", "Week5": "1", "Holidays": "1"}}, {"type": "Feature", "geometry": {"type": "LineString", "coordinates": [[-122.43115883122748, 37.775834341878], [-122.43134464552247, 37.776759677727]]}, "properties": {"Corridor": "Fillmore St", "Limits": "Hayes St  -  Grove St", "BlockSide": "East", "WeekDay": "Wed", "FromHour": "8", "ToHour": "10", "Week1": "1", "Week2": "1", "Week3": "1", "Week4": "1", "Week5": "1", "Holidays": "0"}}, {"type": "Feature", "geometry": {"type": "LineString", "coordinates": [[-122.43855654264097, 37.770126246754], [-122.43874890040597, 37.771056494683]]}, "properties": {"Corridor": "Broderick St", "Limits": "Waller St  -  Haight St", "BlockSide": "West", "WeekDay": "Wed", "FromHour": "12", "ToHour": "14", "Week1": "1", "Week2": "1", "Week3": "1", "Week4": "1", "Week5": "1", "Holidays": "0"}}, {"type": "Feature", "geometry": {"type": "LineString", "coordinates": [[-122.44449030770161, 37.783137112817], [-122.44460327658761, 37.783686463642]]}, "properties": {"Corridor": "Lyon St", "Limits": "Leona Ter  -  Post St", "BlockSide": "East", "WeekDay": "Wed", "FromHour": "9", "ToHour": "11", "Week1": "1", "Week2": "0", "Week3": "1", "Week4": "0", "Week5": "0", "Holidays": "0"}}, {"type": "Feature", "geometry": {"type": "LineString", "coordinates": [[-122.429178342981, 37.774212863573126], [-122.430824713643, 37.77400396215113]]}, "properties": {"Corridor": "Oak St", "Limits": "Webster St  -  Fillmore St", "BlockSide": "North", "WeekDay": "Thu", "FromHour": "7", "ToHour": "9", "Week1": "1", "Week2": "1", "Week3": "1", "Week4": "1", "Week5": "1", "Holidays": "0"}}, {"type": "Feature", "geometry": {"type": "LineString", "coordinates": [[-122.441671638484, 37.78220250581487], [-122.441740705765, 37.78210700696987], [-122.441964804562, 37.78205775752987], [-122.442328625749, 37.78199147036087], [-122.442851703569, 37.781925428948874], [-122.443498461412, 37.78188318635187], [-122.443831200101, 37.78184020049887]]}, "properties": {"Corridor": "O'Farrell St", "Limits": "Saint Joseph's Ave  -  Lyon St", "BlockSide": "South", "WeekDay": "Tues", "FromHour": "9", "ToHour": "11", "Week1": "1", "Week2": "1", "Week3": "1", "Week4": "1", "Week5": "1", "Holidays": "0"}}, {"type": "Feature", "geometry": {"type": "LineString", "coordinates": [[-122.444618582133, 37.78108400882813], [-122.444831678934, 37.78100841080113], [-122.445108338021, 37.78094416101113], [-122.445324705224, 37.780910748058126], [-122.445508712639, 37.78091280085613]]}, "properties": {"Corridor": "Terra Vista Ave", "Limits": "Barcelona Ave  -  Anzavista Ave", "BlockSide": "North", "WeekDay": "Thu", "FromHour": "12", "ToHour": "14", "Week1": "1", "Week2": "1", "Week3": "1", "Week4": "1", "Week5": "1", "Holidays": "0"}}, {"type": "Feature", "geometry": {"type": "LineString", "coordinates": [[-122.43427746168601, 37.769815505129], [-122.434444288044, 37.770646048686]]}, "properties": {"Corridor": "Carmelita St", "Limits": "Start: 01-99 Block  -  Waller St", "BlockSide": "West", "WeekDay": "Wed", "FromHour": "9", "ToHour": "11", "Week1": "1", "Week2": "1", "Week3": "1", "Week4": "1", "Week5": "1", "Holidays": "0"}}, {"type": "Feature", "geometry": {"type": "LineString", "coordinates": [[-122.43635792092715, 37.776137836709], [-122.43654701063414, 37.777068080246]]}, "properties": {"Corridor": "Scott St", "Limits": "Grove St  -  Fulton St", "BlockSide": "West", "WeekDay": "Fri", "FromHour": "12", "ToHour": "14", "Week1": "1", "Week2": "1", "Week3": "1", "Week4": "1", "Week5": "1", "Holidays": "0"}}, {"type": "Feature", "geometry": {"type": "LineString", "coordinates": [[-122.44012850994706, 37.762186574295], [-122.44009326340706, 37.761829685901]]}, "properties": {"Corridor": "Ord St", "Limits": "17th St  -  Corbett Ave", "BlockSide": "East", "WeekDay": "Wed", "FromHour": "8", "ToHour": "10", "Week1": "1", "Week2": "1", "Week3": "1", "Week4": "1", "Week5": "1", "Holidays": "0"}}, {"type": "Feature", "geometry": {"type": "LineString", "coordinates": [[-122.44749724428, 37.77275901266987], [-122.449143173788, 37.772547476020875]]}, "properties": {"Corridor": "Fell St", "Limits": "Ashbury St  -  Clayton St", "BlockSide": "South", "WeekDay": "Mon", "FromHour": "8", "ToHour": "10", "Week1": "1", "Week2": "1", "Week3": "1", "Week4": "1", "Week5": "1", "Holidays": "0"}}, {"type": "Feature", "geometry": {"type": "LineString", "coordinates": [[-122.439844236008, 37.776675447836126], [-122.441488326734, 37.77646647701113]]}, "properties": {"Corridor": "Fulton St", "Limits": "Broderick St  -  Baker St", "BlockSide": "North", "WeekDay": "Thu", "FromHour": "9", "ToHour": "11", "Week1": "1", "Week2": "1", "Week3": "1", "Week4": "1", "Week5": "1", "Holidays": "0"}}, {"type": "Feature", "geometry": {"type": "LineString", "coordinates": [[-122.446369258862, 37.76718881565487], [-122.44719918824, 37.76707911750987]]}, "properties": {"Corridor": "Frederick St", "Limits": "Ashbury St  -  Downey St", "BlockSide": "South", "WeekDay": "Tues", "FromHour": "8", "ToHour": "10", "Week1": "1", "Week2": "1", "Week3": "1", "Week4": "1", "Week5": "1", "Holidays": "0"}}, {"type": "Feature", "geometry": {"type": "LineString", "coordinates": [[-122.45462048411292, 37.778937788885], [-122.45437118638992, 37.777712789114]]}, "properties": {"Corridor": "Beaumont Ave", "Limits": "Lone Mountain Ter  -  Turk Blvd", "BlockSide": "West", "WeekDay": "Fri", "FromHour": "8", "ToHour": "10", "Week1": "1", "Week2": "1", "Week3": "1", "Week4": "1", "Week5": "1", "Holidays": "0"}}, {"type": "Feature", "geometry": {"type": "LineString", "coordinates": [[-122.43236876257377, 37.781428371173], [-122.43255516446277, 37.782349635153]]}, "properties": {"Corridor": "Fillmore St", "Limits": "Eddy St  -  Ellis St", "BlockSide": "West", "WeekDay": "Wed", "FromHour": "6", "ToHour": "8", "Week1": "0", "Week2": "1", "Week3": "0", "Week4": "1", "Week5": "0", "Holidays": "0"}}, {"type": "Feature", "geometry": {"type": "LineString", "coordinates": [[-122.431951802505, 37.77959558993213], [-122.433595938287, 37.77938602639113]]}, "properties": {"Corridor": "Golden Gate Ave", "Limits": "Fillmore St  -  Steiner St", "BlockSide": "North", "WeekDay": "Thu", "FromHour": "12", "ToHour": "14", "Week1": "1", "Week2": "1", "Week3": "1", "Week4": "1", "Week5": "1", "Holidays": "0"}}, {"type": "Feature", "geometry": {"type": "LineString", "coordinates": [[-122.455523985114, 37.78139969933887], [-122.455618735828, 37.78131881132287], [-122.456190674026, 37.78128856315087], [-122.456295739929, 37.78134984159987]]}, "properties": {"Corridor": "Geary Blvd", "Limits": "Commonwealth Ave  -  Stanyan St", "BlockSide": "South", "WeekDay": "Mon", "FromHour": "6", "ToHour": "8", "Week1": "1", "Week2": "1", "Week3": "1", "Week4": "1", "Week5": "1", "Holidays": "0"}}, {"type": "Feature", "geometry": {"type": "LineString", "coordinates": [[-122.44689404472602, 37.770007605561], [-122.44670511983402, 37.76907435727]]}, "properties": {"Corridor": "Ashbury St", "Limits": "Haight St  -  Waller St", "BlockSide": "East", "WeekDay": "Wed", "FromHour": "8", "ToHour": "10", "Week1": "1", "Week2": "1", "Week3": "1", "Week4": "1", "Week5": "1", "Holidays": "0"}}, {"type": "Feature", "geometry": {"type": "LineString", "coordinates": [[-122.435940328612, 37.774308119206125], [-122.437610623863, 37.77409308726613]]}, "properties": {"Corridor": "Fell St", "Limits": "Scott St  -  Divisadero St", "BlockSide": "North", "WeekDay": "Tues", "FromHour": "12", "ToHour": "14", "Week1": "1", "Week2": "1", "Week3": "1", "Week4": "1", "Week5": "1", "Holidays": "0"}}, {"type": "Feature", "geometry": {"type": "LineString", "coordinates": [[-122.43228920050022, 37.781428371173], [-122.43247560238922, 37.782349635153]]}, "properties": {"Corridor": "Fillmore St", "Limits": "Eddy St  -  Ellis St", "BlockSide": "East", "WeekDay": "Thu", "FromHour": "6", "ToHour": "8", "Week1": "1", "Week2": "0", "Week3": "1", "Week4": "0", "Week5": "0", "Holidays": "0"}}, {"type": "Feature", "geometry": {"type": "LineString", "coordinates": [[-122.43802962627929, 37.775925405585], [-122.4381008898573, 37.7759965894], [-122.43825314687429, 37.776780187481], [-122.4382168259413, 37.7768558892]]}, "properties": {"Corridor": "Divisadero St", "Limits": "Grove St  -  Fulton St", "BlockSide": "West", "WeekDay": "Sat", "FromHour": "6", "ToHour": "8", "Week1": "1", "Week2": "1", "Week3": "1", "Week4": "1", "Week5": "1", "Holidays": "0"}}, {"type": "Feature", "geometry": {"type": "LineString", "coordinates": [[-122.458998400743, 37.78315722402487], [-122.460137198557, 37.783105047511874]]}, "properties": {"Corridor": "Clement St", "Limits": "Arguello Blvd  -  02nd Ave", "BlockSide": "South", "WeekDay": "Thu", "FromHour": "7", "ToHour": "8", "Week1": "0", "Week2": "1", "Week3": "0", "Week4": "1", "Week5": "1", "Holidays": "0"}}, {"type": "Feature", "geometry": {"type": "LineString", "coordinates": [[-122.443699109727, 37.779006577931874], [-122.445346739859, 37.77880519170687]]}, "properties": {"Corridor": "Turk Blvd", "Limits": "Lyon St  -  Central Ave", "BlockSide": "South", "WeekDay": "Thu", "FromHour": "12", "ToHour": "14", "Week1": "1", "Week2": "1", "Week3": "1", "Week4": "1", "Week5": "1", "Holidays": "0"}}, {"type": "Feature", "geometry": {"type": "LineString", "coordinates": [[-122.44279464282869, 37.774358832264], [-122.44298522243669, 37.775295528914]]}, "properties": {"Corridor": "Lyon St", "Limits": "Hayes St  -  Grove St", "BlockSide": "West", "WeekDay": "Wed", "FromHour": "12", "ToHour": "14", "Week1": "1", "Week2": "1", "Week3": "1", "Week4": "1", "Week5": "1", "Holidays": "0"}}, {"type": "Feature", "geometry": {"type": "LineString", "coordinates": [[-122.44519553179643, 37.777886506669], [-122.44538651899744, 37.778836632598]]}, "properties": {"Corridor": "Central Ave", "Limits": "Golden Gate Ave  -  Turk Blvd", "BlockSide": "West", "WeekDay": "Fri", "FromHour": "12", "ToHour": "14", "Week1": "1", "Week2": "1", "Week3": "1", "Week4": "1", "Week5": "1", "Holidays": "0"}}, {"type": "Feature", "geometry": {"type": "LineString", "coordinates": [[-122.43535595501342, 37.764926460266], [-122.43527752588642, 37.764102271947]]}, "properties": {"Corridor": "Castro St", "Limits": "Beaver St  -  16th St", "BlockSide": "East", "WeekDay": "Fri", "FromHour": "8", "ToHour": "10", "Week1": "1", "Week2": "1", "Week3": "1", "Week4": "1", "Week5": "1", "Holidays": "0"}}, {"type": "Feature", "geometry": {"type": "LineString", "coordinates": [[-122.452143124058, 37.78182185094887], [-122.452219382504, 37.78174568777387], [-122.45307662353, 37.781634964039874], [-122.453170387508, 37.781685987612875]]}, "properties": {"Corridor": "Geary Blvd", "Limits": "Cook St  -  Spruce St", "BlockSide": "South", "WeekDay": "Fri", "FromHour": "6", "ToHour": "8", "Week1": "0", "Week2": "1", "Week3": "0", "Week4": "1", "Week5": "0", "Holidays": "0"}}, {"type": "Feature", "geometry": {"type": "LineString", "coordinates": [[-122.43274596158017, 37.783292591474], [-122.43295403032516, 37.78435505664]]}, "properties": {"Corridor": "Fillmore St", "Limits": "O'Farrell St  -  Geary Blvd", "BlockSide": "West", "WeekDay": "Wed", "FromHour": "6", "ToHour": "8", "Week1": "1", "Week2": "0", "Week3": "1", "Week4": "0", "Week5": "0", "Holidays": "0"}}, {"type": "Feature", "geometry": {"type": "LineString", "coordinates": [[-122.44294932204113, 37.783897367787], [-122.44314277034414, 37.784826685341]]}, "properties": {"Corridor": "Baker St", "Limits": "Post St  -  Sutter St", "BlockSide": "East", "WeekDay": "Wed", "FromHour": "12", "ToHour": "14", "Week1": "1", "Week2": "0", "Week3": "1", "Week4": "0", "Week5": "0", "Holidays": "0"}}, {"type": "Feature", "geometry": {"type": "LineString", "coordinates": [[-122.43247560188753, 37.782349635153], [-122.43266639796354, 37.783292591474]]}, "properties": {"Corridor": "Fillmore St", "Limits": "Ellis St  -  O'Farrell St", "BlockSide": "East", "WeekDay": "Sun", "FromHour": "6", "ToHour": "8", "Week1": "1", "Week2": "1", "Week3": "1", "Week4": "1", "Week5": "1", "Holidays": "0"}}, {"type": "Feature", "geometry": {"type": "LineString", "coordinates": [[-122.43353243395777, 37.769178369418], [-122.43336848448476, 37.76746158327]]}, "properties": {"Corridor": "Noe St", "Limits": "Duboce Ave  -  14th St", "BlockSide": "East", "WeekDay": "Thu", "FromHour": "8", "ToHour": "10", "Week1": "1", "Week2": "1", "Week3": "1", "Week4": "1", "Week5": "1", "Holidays": "0"}}, {"type": "Feature", "geometry": {"type": "LineString", "coordinates": [[-122.430497033158, 37.76032586434487], [-122.432715759924, 37.76019212433587]]}, "properties": {"Corridor": "Hancock St", "Limits": "Sanchez St  -  Noe St", "BlockSide": "South", "WeekDay": "Mon", "FromHour": "9", "ToHour": "11", "Week1": "1", "Week2": "1", "Week3": "1", "Week4": "1", "Week5": "1", "Holidays": "0"}}, {"type": "Feature", "geometry": {"type": "LineString", "coordinates": [[-122.44459286247, 37.77511752782413], [-122.446283674527, 37.77490254362013]]}, "properties": {"Corridor": "Grove St", "Limits": "Central Ave  -  Masonic Ave", "BlockSide": "North", "WeekDay": "Tues", "FromHour": "9", "ToHour": "11", "Week1": "1", "Week2": "1", "Week3": "1", "Week4": "1", "Week5": "1", "Holidays": "0"}}, {"type": "Feature", "geometry": {"type": "LineString", "coordinates": [[-122.43172344055822, 37.778632037466], [-122.43191202297021, 37.779564149041]]}, "properties": {"Corridor": "Fillmore St", "Limits": "McAllister St  -  Golden Gate Ave", "BlockSide": "East", "WeekDay": "Thu", "FromHour": "6", "ToHour": "8", "Week1": "0", "Week2": "1", "Week3": "0", "Week4": "1", "Week5": "0", "Holidays": "0"}}, {"type": "Feature", "geometry": {"type": "LineString", "coordinates": [[-122.443877268758, 37.779501991848875], [-122.44446659985, 37.77942727969387]]}, "properties": {"Corridor": "Anzavista Ave", "Limits": "Arbol Ln  -  Barcelona Ave", "BlockSide": "South", "WeekDay": "Wed", "FromHour": "9", "ToHour": "11", "Week1": "1", "Week2": "1", "Week3": "1", "Week4": "1", "Week5": "1", "Holidays": "0"}}, {"type": "Feature", "geometry": {"type": "LineString", "coordinates": [[-122.43047369420638, 37.772108258339], [-122.43066886069438, 37.773039299235]]}, "properties": {"Corridor": "Fillmore St", "Limits": "Haight St  -  Page St", "BlockSide": "West", "WeekDay": "Tues", "FromHour": "8", "ToHour": "10", "Week1": "1", "Week2": "1", "Week3": "1", "Week4": "1", "Week5": "1", "Holidays": "0"}}, {"type": "Feature", "geometry": {"type": "LineString", "coordinates": [[-122.451402888872, 37.765647201292126], [-122.452758421206, 37.76547429519213]]}, "properties": {"Corridor": "Carl St", "Limits": "Shrader St  -  Stanyan St", "BlockSide": "North", "WeekDay": "Tues", "FromHour": "8", "ToHour": "10", "Week1": "1", "Week2": "1", "Week3": "1", "Week4": "1", "Week5": "1", "Holidays": "0"}}, {"type": "Feature", "geometry": {"type": "LineString", "coordinates": [[-122.43236876257377, 37.781428371173], [-122.43255516446277, 37.782349635153]]}, "properties": {"Corridor": "Fillmore St", "Limits": "Eddy St  -  Ellis St", "BlockSide": "West", "WeekDay": "Wed", "FromHour": "6", "ToHour": "8", "Week1": "1", "Week2": "0", "Week3": "1", "Week4": "0", "Week5": "0", "Holidays": "0"}}, {"type": "Feature", "geometry": {"type": "LineString", "coordinates": [[-122.43680916772303, 37.770342897054], [-122.43678611306403, 37.770425179867], [-122.43694148402004, 37.771199952288], [-122.43700583719703, 37.771267424403]]}, "properties": {"Corridor": "Divisadero St", "Limits": "Castro St  -  Haight St", "BlockSide": "East", "WeekDay": "Fri", "FromHour": "12", "ToHour": "14", "Week1": "1", "Week2": "1", "Week3": "1", "Week4": "1", "Week5": "1", "Holidays": "0"}}, {"type": "Feature", "geometry": {"type": "LineString", "coordinates": [[-122.458371099376, 37.774340336501126], [-122.459486118713, 37.774198374924126]]}, "properties": {"Corridor": "Fulton St", "Limits": "Arguello Blvd  -  02nd Ave", "BlockSide": "North", "WeekDay": "Mon", "FromHour": "10", "ToHour": "12", "Week1": "0", "Week2": "1", "Week3": "0", "Week4": "1", "Week5": "0", "Holidays": "0"}}, {"type": "Feature", "geometry": {"type": "LineString", "coordinates": [[-122.438365501671, 37.77776274823887], [-122.440026921942, 37.777555326619876]]}, "properties": {"Corridor": "McAllister St", "Limits": "Divisadero St  -  Broderick St", "BlockSide": "South", "WeekDay": "Thu", "FromHour": "9", "ToHour": "11", "Week1": "1", "Week2": "1", "Week3": "1", "Week4": "1", "Week5": "1", "Holidays": "0"}}, {"type": "Feature", "geometry": {"type": "LineString", "coordinates": [[-122.43967851777603, 37.783846585463], [-122.43975249348303, 37.784230676109], [-122.43972446071002, 37.784318673891]]}, "properties": {"Corridor": "Divisadero St", "Limits": "Garden St  -  Post St", "BlockSide": "West", "WeekDay": "Sat", "FromHour": "6", "ToHour": "8", "Week1": "1", "Week2": "1", "Week3": "1", "Week4": "1", "Week5": "1", "Holidays": "0"}}, {"type": "Feature", "geometry": {"type": "LineString", "coordinates": [[-122.4319915825414, 37.779564149041], [-122.4321801696954, 37.780496260511]]}, "properties": {"Corridor": "Fillmore St", "Limits": "Golden Gate Ave  -  Turk St", "BlockSide": "West", "WeekDay": "Mon", "FromHour": "6", "ToHour": "8", "Week1": "1", "Week2": "0", "Week3": "1", "Week4": "0", "Week5": "0", "Holidays": "0"}}, {"type": "Feature", "geometry": {"type": "LineString", "coordinates": [[-122.443321055279, 37.77719588675413], [-122.444966615114, 37.77698910866113]]}, "properties": {"Corridor": "McAllister St", "Limits": "Lyon St  -  Central Ave", "BlockSide": "North", "WeekDay": "Tues", "FromHour": "9", "ToHour": "11", "Week1": "1", "Week2": "1", "Week3": "1", "Week4": "1", "Week5": "1", "Holidays": "0"}}, {"type": "Feature", "geometry": {"type": "LineString", "coordinates": [[-122.442793099742, 37.78291677733413], [-122.442922543116, 37.78297236184213], [-122.444458023322, 37.782806105754126]]}, "properties": {"Corridor": "Geary Blvd", "Limits": "Baker St  -  Lyon St", "BlockSide": "North", "WeekDay": "Mon", "FromHour": "6", "ToHour": "8", "Week1": "0", "Week2": "1", "Week3": "0", "Week4": "1", "Week5": "0", "Holidays": "0"}}, {"type": "Feature", "geometry": {"type": "LineString", "coordinates": [[-122.4319915825414, 37.779564149041], [-122.4321801696954, 37.780496260511]]}, "properties": {"Corridor": "Fillmore St", "Limits": "Golden Gate Ave  -  Turk St", "BlockSide": "West", "WeekDay": "Fri", "FromHour": "6", "ToHour": "8", "Week1": "1", "Week2": "0", "Week3": "1", "Week4": "0", "Week5": "0", "Holidays": "0"}}, {"type": "Feature", "geometry": {"type": "LineString", "coordinates": [[-122.431114488131, 37.76682763977513], [-122.433331904809, 37.766693471298126]]}, "properties": {"Corridor": "Henry St", "Limits": "Sanchez St  -  Noe St", "BlockSide": "North", "WeekDay": "Wed", "FromHour": "9", "ToHour": "11", "Week1": "1", "Week2": "1", "Week3": "1", "Week4": "1", "Week5": "1", "Holidays": "0"}}, {"type": "Feature", "geometry": {"type": "LineString", "coordinates": [[-122.43210060912097, 37.780496260511], [-122.43228920099897, 37.781428371173]]}, "properties": {"Corridor": "Fillmore St", "Limits": "Turk St  -  Eddy St", "BlockSide": "East", "WeekDay": "Sun", "FromHour": "6", "ToHour": "8", "Week1": "1", "Week2": "1", "Week3": "1", "Week4": "1", "Week5": "1", "Holidays": "0"}}, {"type": "Feature", "geometry": {"type": "LineString", "coordinates": [[-122.435052314588, 37.769929835430126], [-122.43620417999, 37.76978222620913]]}, "properties": {"Corridor": "Lloyd St", "Limits": "Scott St  -  Castro St", "BlockSide": "North", "WeekDay": "Fri", "FromHour": "12", "ToHour": "14", "Week1": "1", "Week2": "1", "Week3": "1", "Week4": "1", "Week5": "1", "Holidays": "0"}}, {"type": "Feature", "geometry": {"type": "LineString", "coordinates": [[-122.430424415289, 37.78068413190087], [-122.432140389659, 37.78046481961987]]}, "properties": {"Corridor": "Turk St", "Limits": "Webster St  -  Fillmore St", "BlockSide": "South", "WeekDay": "Thu", "FromHour": "12", "ToHour": "14", "Week1": "1", "Week2": "1", "Week3": "1", "Week4": "1", "Week5": "1", "Holidays": "0"}}, {"type": "Feature", "geometry": {"type": "LineString", "coordinates": [[-122.44290566746099, 37.775295528914], [-122.44309267638299, 37.77622603633]]}, "properties": {"Corridor": "Lyon St", "Limits": "Grove St  -  Fulton St", "BlockSide": "East", "WeekDay": "Fri", "FromHour": "12", "ToHour": "14", "Week1": "1", "Week2": "1", "Week3": "1", "Week4": "1", "Week5": "1", "Holidays": "0"}}, {"type": "Feature", "geometry": {"type": "LineString", "coordinates": [[-122.43085251844904, 37.766035962803116], [-122.43098286780604, 37.766015860403115], [-122.43104275613504, 37.76597245197912], [-122.43105359400204, 37.76589021821812]]}, "properties": {"Corridor": "Market St", "Limits": "15th St  -  Sanchez St", "BlockSide": "NorthWest", "WeekDay": "Fri", "FromHour": "2", "ToHour": "6", "Week1": "1", "Week2": "1", "Week3": "1", "Week4": "1", "Week5": "1", "Holidays": "1"}}, {"type": "Feature", "geometry": {"type": "LineString", "coordinates": [[-122.435813741919, 37.781908883595875], [-122.437446430569, 37.78169563840887]]}, "properties": {"Corridor": "Ellis St", "Limits": "Pierce St  -  Scott St", "BlockSide": "South", "WeekDay": "Fri", "FromHour": "6", "ToHour": "8", "Week1": "0", "Week2": "1", "Week3": "0", "Week4": "1", "Week5": "0", "Holidays": "0"}}, {"type": "Feature", "geometry": {"type": "LineString", "coordinates": [[-122.43053379771207, 37.761155476485], [-122.43045726348907, 37.760357305236]]}, "properties": {"Corridor": "Sanchez St", "Limits": "18th St  -  Hancock St", "BlockSide": "East", "WeekDay": "Fri", "FromHour": "9", "ToHour": "11", "Week1": "1", "Week2": "1", "Week3": "1", "Week4": "1", "Week5": "1", "Holidays": "0"}}, {"type": "Feature", "geometry": {"type": "LineString", "coordinates": [[-122.42958655230325, 37.776513152194], [-122.42951389057225, 37.776716337708], [-122.42954077541924, 37.776902208003], [-122.42964710479724, 37.776976022761]]}, "properties": {"Corridor": "Webster St", "Limits": "Ivy St  -  Grove St", "BlockSide": "East", "WeekDay": "Fri", "FromHour": "12", "ToHour": "14", "Week1": "1", "Week2": "1", "Week3": "1", "Week4": "1", "Week5": "1", "Holidays": "0"}}, {"type": "Feature", "geometry": {"type": "LineString", "coordinates": [[-122.43440451328, 37.77061460779487], [-122.435184078951, 37.77051663921887]]}, "properties": {"Corridor": "Waller St", "Limits": "Carmelita St  -  Scott St", "BlockSide": "South", "WeekDay": "Tues", "FromHour": "12", "ToHour": "14", "Week1": "1", "Week2": "1", "Week3": "1", "Week4": "1", "Week5": "1", "Holidays": "0"}}, {"type": "Feature", "geometry": {"type": "LineString", "coordinates": [[-122.444418241711, 37.782774664863], [-122.444490307947, 37.783137112817]]}, "properties": {"Corridor": "Lyon St", "Limits": "Geary Blvd  -  Leona Ter", "BlockSide": "East", "WeekDay": "Wed", "FromHour": "9", "ToHour": "11", "Week1": "1", "Week2": "0", "Week3": "1", "Week4": "0", "Week5": "0", "Holidays": "0"}}, {"type": "Feature", "geometry": {"type": "LineString", "coordinates": [[-122.456813220016, 37.78396035264313], [-122.457922818413, 37.783905752771126]]}, "properties": {"Corridor": "Euclid Ave", "Limits": "Jordan Ave  -  Palm Ave", "BlockSide": "North", "WeekDay": "Fri", "FromHour": "7", "ToHour": "9", "Week1": "1", "Week2": "0", "Week3": "1", "Week4": "0", "Week5": "0", "Holidays": "0"}}, {"type": "Feature", "geometry": {"type": "LineString", "coordinates": [[-122.43097176075202, 37.774902830944], [-122.43115883172702, 37.775834341878]]}, "properties": {"Corridor": "Fillmore St", "Limits": "Fell St  -  Hayes St", "BlockSide": "East", "WeekDay": "Mon", "FromHour": "8", "ToHour": "10", "Week1": "1", "Week2": "1", "Week3": "1", "Week4": "1", "Week5": "1", "Holidays": "0"}}, {"type": "Feature", "geometry": {"type": "LineString", "coordinates": [[-122.4587316232, 37.779364599827126], [-122.45986037295, 37.779314070430125]]}, "properties": {"Corridor": "Anza St", "Limits": "Arguello Blvd  -  02nd Ave", "BlockSide": "North", "WeekDay": "Fri", "FromHour": "8", "ToHour": "10", "Week1": "0", "Week2": "1", "Week3": "0", "Week4": "1", "Week5": "0", "Holidays": "0"}}, {"type": "Feature", "geometry": {"type": "LineString", "coordinates": [[-122.431574642405, 37.777731365973125], [-122.433218737989, 37.77752180762113]]}, "properties": {"Corridor": "Fulton St", "Limits": "Fillmore St  -  Steiner St", "BlockSide": "North", "WeekDay": "Thu", "FromHour": "12", "ToHour": "14", "Week1": "1", "Week2": "1", "Week3": "1", "Week4": "1", "Week5": "1", "Holidays": "0"}}, {"type": "Feature", "geometry": {"type": "LineString", "coordinates": [[-122.440958163722, 37.77939558033513], [-122.441119217151, 37.77940386539813], [-122.442053309263, 37.77927547145113]]}, "properties": {"Corridor": "Turk St", "Limits": "Saint Joseph's Ave  -  Baker St", "BlockSide": "North", "WeekDay": "Tues", "FromHour": "8", "ToHour": "10", "Week1": "1", "Week2": "1", "Week3": "1", "Week4": "1", "Week5": "1", "Holidays": "0"}}, {"type": "Feature", "geometry": {"type": "LineString", "coordinates": [[-122.44747820263396, 37.781069511093], [-122.44740473053997, 37.781011698732], [-122.44728335660896, 37.780241034452], [-122.44731214712097, 37.780152061157]]}, "properties": {"Corridor": "Masonic Ave", "Limits": "Anza St  -  Ewing Ter", "BlockSide": "East", "WeekDay": "Thu", "FromHour": "6", "ToHour": "8", "Week1": "1", "Week2": "1", "Week3": "1", "Week4": "1", "Week5": "1", "Holidays": "0"}}, {"type": "Feature", "geometry": {"type": "LineString", "coordinates": [[-122.430050782252, 37.782640961813875], [-122.430797880555, 37.782538447636874]]}, "properties": {"Corridor": "Ellis St", "Limits": "Hollis St  -  Webster St", "BlockSide": "South", "WeekDay": "Tues", "FromHour": "9", "ToHour": "11", "Week1": "1", "Week2": "1", "Week3": "1", "Week4": "1", "Week5": "1", "Holidays": "0"}}, {"type": "Feature", "geometry": {"type": "LineString", "coordinates": [[-122.452055220447, 37.77034419343513], [-122.453593183677, 37.77014851808213], [-122.453726227208, 37.77012952095913]]}, "properties": {"Corridor": "Page St", "Limits": "Shrader St  -  Stanyan St", "BlockSide": "North", "WeekDay": "Tues", "FromHour": "12", "ToHour": "14", "Week1": "1", "Week2": "1", "Week3": "1", "Week4": "1", "Week5": "1", "Holidays": "0"}}, {"type": "Feature", "geometry": {"type": "LineString", "coordinates": [[-122.4536932808356, 37.78405448097], [-122.45360292387659, 37.783628568195], [-122.45321016921459, 37.781717428504]]}, "properties": {"Corridor": "Spruce St", "Limits": "Euclid Ave  -  Geary Blvd", "BlockSide": "West", "WeekDay": "Wed", "FromHour": "8", "ToHour": "10", "Week1": "1", "Week2": "0", "Week3": "1", "Week4": "0", "Week5": "0", "Holidays": "0"}}, {"type": "Feature", "geometry": {"type": "LineString", "coordinates": [[-122.449325875095, 37.773493410301874], [-122.450973754365, 37.77328420383487]]}, "properties": {"Corridor": "Hayes St", "Limits": "Clayton St  -  Cole St", "BlockSide": "South", "WeekDay": "Tues", "FromHour": "8", "ToHour": "10", "Week1": "1", "Week2": "1", "Week3": "1", "Week4": "1", "Week5": "1", "Holidays": "0"}}, {"type": "Feature", "geometry": {"type": "LineString", "coordinates": [[-122.453170387508, 37.781685987612875], [-122.453244752492, 37.78160712207687], [-122.454055406868, 37.78150860640887], [-122.454175993557, 37.781567380588875]]}, "properties": {"Corridor": "Geary Blvd", "Limits": "Spruce St  -  Parker Ave", "BlockSide": "South", "WeekDay": "Mon", "FromHour": "6", "ToHour": "8", "Week1": "1", "Week2": "1", "Week3": "1", "Week4": "1", "Week5": "1", "Holidays": "0"}}, {"type": "Feature", "geometry": {"type": "LineString", "coordinates": [[-122.4319915825414, 37.779564149041], [-122.4321801696954, 37.780496260511]]}, "properties": {"Corridor": "Fillmore St", "Limits": "Golden Gate Ave  -  Turk St", "BlockSide": "West", "WeekDay": "Wed", "FromHour": "6", "ToHour": "8", "Week1": "0", "Week2": "1", "Week3": "0", "Week4": "1", "Week5": "0", "Holidays": "0"}}, {"type": "Feature", "geometry": {"type": "LineString", "coordinates": [[-122.44530521558622, 37.770210174776], [-122.44513443605821, 37.769339442369], [-122.4450662074512, 37.769284228758]]}, "properties": {"Corridor": "Masonic Ave", "Limits": "Haight St  -  Waller St", "BlockSide": "East", "WeekDay": "Fri", "FromHour": "8", "ToHour": "10", "Week1": "1", "Week2": "1", "Week3": "1", "Week4": "1", "Week5": "1", "Holidays": "0"}}, {"type": "Feature", "geometry": {"type": "LineString", "coordinates": [[-122.45149496292746, 37.783661826646], [-122.45115964174646, 37.781984115978]]}, "properties": {"Corridor": "Blake St", "Limits": "Start: 01-99 Block  -  Geary Blvd", "BlockSide": "West", "WeekDay": "Thu", "FromHour": "6", "ToHour": "8", "Week1": "1", "Week2": "1", "Week3": "1", "Week4": "1", "Week5": "1", "Holidays": "0"}}, {"type": "Feature", "geometry": {"type": "LineString", "coordinates": [[-122.428354064554, 37.76125813209687], [-122.430573567381, 37.76112403559387]]}, "properties": {"Corridor": "18th St", "Limits": "Church St  -  Sanchez St", "BlockSide": "South", "WeekDay": "Mon", "FromHour": "6", "ToHour": "8", "Week1": "1", "Week2": "1", "Week3": "1", "Week4": "1", "Week5": "1", "Holidays": "0"}}, {"type": "Feature", "geometry": {"type": "LineString", "coordinates": [[-122.4450063937469, 37.77695766777], [-122.44519553129089, 37.777886506669]]}, "properties": {"Corridor": "Central Ave", "Limits": "McAllister St  -  Golden Gate Ave", "BlockSide": "West", "WeekDay": "Fri", "FromHour": "12", "ToHour": "14", "Week1": "1", "Week2": "1", "Week3": "1", "Week4": "1", "Week5": "1", "Holidays": "0"}}, {"type": "Feature", "geometry": {"type": "LineString", "coordinates": [[-122.450654812799, 37.77819603943013], [-122.451543139459, 37.77808354738213]]}, "properties": {"Corridor": "Turk Blvd", "Limits": "Kittredge Ter  -  Chabot Ter", "BlockSide": "North", "WeekDay": "Wed", "FromHour": "6", "ToHour": "8", "Week1": "1", "Week2": "1", "Week3": "1", "Week4": "1", "Week5": "1", "Holidays": "0"}}, {"type": "Feature", "geometry": {"type": "LineString", "coordinates": [[-122.45791403159254, 37.780452122941], [-122.45788068669053, 37.7803663714], [-122.45770604536753, 37.779478770468]]}, "properties": {"Corridor": "Almaden Ct", "Limits": "Start: 01-99 Block  -  Anza St", "BlockSide": "East", "WeekDay": "Thu", "FromHour": "9", "ToHour": "11", "Week1": "1", "Week2": "1", "Week3": "1", "Week4": "1", "Week5": "1", "Holidays": "0"}}, {"type": "Feature", "geometry": {"type": "LineString", "coordinates": [[-122.45044566902271, 37.760739459825885], [-122.4503010893097, 37.76001845255388], [-122.44924307984871, 37.75958862241388]]}, "properties": {"Corridor": "Shrader St", "Limits": "Carmel St  -  Belgrave Ave", "BlockSide": "SouthWest", "WeekDay": "Wed", "FromHour": "9", "ToHour": "11", "Week1": "1", "Week2": "0", "Week3": "0", "Week4": "0", "Week5": "0", "Holidays": "0"}}, {"type": "Feature", "geometry": {"type": "LineString", "coordinates": [[-122.44749724428, 37.77282189445213], [-122.449143173788, 37.77261035780313]]}, "properties": {"Corridor": "Fell St", "Limits": "Ashbury St  -  Clayton St", "BlockSide": "North", "WeekDay": "Tues", "FromHour": "8", "ToHour": "10", "Week1": "1", "Week2": "1", "Week3": "1", "Week4": "1", "Week5": "1", "Holidays": "0"}}, {"type": "Feature", "geometry": {"type": "LineString", "coordinates": [[-122.43746271626762, 37.77313349266], [-122.43752581149762, 37.773213673653], [-122.43767807022662, 37.773977498984], [-122.43765040043762, 37.774061646375]]}, "properties": {"Corridor": "Divisadero St", "Limits": "Oak St  -  Fell St", "BlockSide": "West", "WeekDay": "Mon", "FromHour": "6", "ToHour": "8", "Week1": "1", "Week2": "1", "Week3": "1", "Week4": "1", "Week5": "1", "Holidays": "0"}}, {"type": "Feature", "geometry": {"type": "LineString", "coordinates": [[-122.433903579453, 37.76092329819987], [-122.435000701127, 37.760857492195875]]}, "properties": {"Corridor": "18th St", "Limits": "Hartford St  -  Castro St", "BlockSide": "South", "WeekDay": "Fri", "FromHour": "6", "ToHour": "8", "Week1": "1", "Week2": "1", "Week3": "1", "Week4": "1", "Week5": "1", "Holidays": "0"}}, {"type": "Feature", "geometry": {"type": "LineString", "coordinates": [[-122.428802102088, 37.772347287489126], [-122.430433918182, 37.77213969923013]]}, "properties": {"Corridor": "Haight St", "Limits": "Webster St  -  Fillmore St", "BlockSide": "North", "WeekDay": "Tues", "FromHour": "8", "ToHour": "10", "Week1": "1", "Week2": "1", "Week3": "1", "Week4": "1", "Week5": "1", "Holidays": "0"}}, {"type": "Feature", "geometry": {"type": "LineString", "coordinates": [[-122.436848942798, 37.77031145616287], [-122.437802449243, 37.770182319259874]]}, "properties": {"Corridor": "Waller St", "Limits": "Divisadero St  -  Alpine Ter", "BlockSide": "South", "WeekDay": "Tues", "FromHour": "12", "ToHour": "14", "Week1": "1", "Week2": "1", "Week3": "1", "Week4": "1", "Week5": "1", "Holidays": "0"}}, {"type": "Feature", "geometry": {"type": "LineString", "coordinates": [[-122.452233765594, 37.77694478219387], [-122.453188327897, 37.77682198461987]]}, "properties": {"Corridor": "Golden Gate Ave", "Limits": "Temescal Ter  -  Parker Ave", "BlockSide": "South", "WeekDay": "Wed", "FromHour": "6", "ToHour": "8", "Week1": "1", "Week2": "1", "Week3": "1", "Week4": "1", "Week5": "1", "Holidays": "0"}}, {"type": "Feature", "geometry": {"type": "LineString", "coordinates": [[-122.4319915825414, 37.779564149041], [-122.4321801696954, 37.780496260511]]}, "properties": {"Corridor": "Fillmore St", "Limits": "Golden Gate Ave  -  Turk St", "BlockSide": "West", "WeekDay": "Mon", "FromHour": "6", "ToHour": "8", "Week1": "0", "Week2": "1", "Week3": "0", "Week4": "1", "Week5": "0", "Holidays": "0"}}, {"type": "Feature", "geometry": {"type": "LineString", "coordinates": [[-122.45697435089977, 37.78025291531], [-122.45683180744777, 37.779591313629]]}, "properties": {"Corridor": "Loraine Ct", "Limits": "Start: 01-99 Block  -  Anza St", "BlockSide": "East", "WeekDay": "Thu", "FromHour": "9", "ToHour": "11", "Week1": "1", "Week2": "1", "Week3": "1", "Week4": "1", "Week5": "1", "Holidays": "0"}}, {"type": "Feature", "geometry": {"type": "LineString", "coordinates": [[-122.43313886316285, 37.765060651583], [-122.43307294901285, 37.764373526418], [-122.43303469910386, 37.764195713209]]}, "properties": {"Corridor": "Noe St", "Limits": "Beaver St  -  Market St", "BlockSide": "East", "WeekDay": "Thu", "FromHour": "8", "ToHour": "10", "Week1": "1", "Week2": "1", "Week3": "1", "Week4": "1", "Week5": "1", "Holidays": "0"}}, {"type": "Feature", "geometry": {"type": "LineString", "coordinates": [[-122.444404613198, 37.77418092618113], [-122.446091727153, 37.77396681263913]]}, "properties": {"Corridor": "Hayes St", "Limits": "Central Ave  -  Masonic Ave", "BlockSide": "North", "WeekDay": "Thu", "FromHour": "9", "ToHour": "11", "Week1": "1", "Week2": "1", "Week3": "1", "Week4": "1", "Week5": "1", "Holidays": "0"}}, {"type": "Feature", "geometry": {"type": "LineString", "coordinates": [[-122.43123838728253, 37.775834341878], [-122.43142420157753, 37.776759677727]]}, "properties": {"Corridor": "Fillmore St", "Limits": "Hayes St  -  Grove St", "BlockSide": "West", "WeekDay": "Fri", "FromHour": "8", "ToHour": "10", "Week1": "1", "Week2": "1", "Week3": "1", "Week4": "1", "Week5": "1", "Holidays": "0"}}, {"type": "Feature", "geometry": {"type": "LineString", "coordinates": [[-122.43693873848294, 37.779403924695], [-122.43703208491694, 37.779867395935]]}, "properties": {"Corridor": "Scott St", "Limits": "Elm St  -  Turk St", "BlockSide": "East", "WeekDay": "Wed", "FromHour": "12", "ToHour": "14", "Week1": "1", "Week2": "1", "Week3": "1", "Week4": "1", "Week5": "1", "Holidays": "0"}}, {"type": "Feature", "geometry": {"type": "LineString", "coordinates": [[-122.429905643212, 37.76943936254113], [-122.430247361169, 37.76942370262213]]}, "properties": {"Corridor": "Duboce Ave", "Limits": "Fillmore St  -  Belcher St", "BlockSide": "North", "WeekDay": "Wed", "FromHour": "9", "ToHour": "11", "Week1": "1", "Week2": "1", "Week3": "1", "Week4": "1", "Week5": "1", "Holidays": "0"}}, {"type": "Feature", "geometry": {"type": "LineString", "coordinates": [[-122.454404021899, 37.765264367665125], [-122.456759007372, 37.76496390224513]]}, "properties": {"Corridor": "Carl St", "Limits": "Willard St  -  Hillway Ave", "BlockSide": "North", "WeekDay": "Tues", "FromHour": "8", "ToHour": "10", "Week1": "1", "Week2": "1", "Week3": "1", "Week4": "1", "Week5": "1", "Holidays": "0"}}, {"type": "Feature", "geometry": {"type": "LineString", "coordinates": [[-122.457756133229, 37.76532271016687], [-122.458880531379, 37.76527287972587]]}, "properties": {"Corridor": "Hugo St", "Limits": "Arguello Blvd  -  02nd Ave", "BlockSide": "South", "WeekDay": "Fri", "FromHour": "11", "ToHour": "13", "Week1": "1", "Week2": "0", "Week3": "1", "Week4": "0", "Week5": "0", "Holidays": "0"}}, {"type": "Feature", "geometry": {"type": "LineString", "coordinates": [[-122.45775795967961, 37.764810068568], [-122.45773980616062, 37.764549766048]]}, "properties": {"Corridor": "Arguello Blvd", "Limits": "Carl St  -  Irving St", "BlockSide": "West", "WeekDay": "Wed", "FromHour": "12", "ToHour": "14", "Week1": "1", "Week2": "0", "Week3": "1", "Week4": "0", "Week5": "0", "Holidays": "0"}}, {"type": "Feature", "geometry": {"type": "LineString", "coordinates": [[-122.452623844584, 37.773074692480876], [-122.454285117083, 37.77286373693687]]}, "properties": {"Corridor": "Hayes St", "Limits": "Shrader St  -  Stanyan St", "BlockSide": "South", "WeekDay": "Tues", "FromHour": "8", "ToHour": "10", "Week1": "1", "Week2": "1", "Week3": "1", "Week4": "1", "Week5": "1", "Holidays": "0"}}, {"type": "Feature", "geometry": {"type": "LineString", "coordinates": [[-122.437847943562, 37.78374907910113], [-122.438017048638, 37.78380422132913], [-122.438268370633, 37.78374758381913], [-122.438551144772, 37.78362829770213], [-122.43893687419, 37.78348156612213], [-122.439351930672, 37.78342631908413], [-122.43948038104, 37.78333992889313]]}, "properties": {"Corridor": "Geary Blvd", "Limits": "Scott St  -  Divisadero St", "BlockSide": "North", "WeekDay": "Mon", "FromHour": "6", "ToHour": "8", "Week1": "0", "Week2": "1", "Week3": "0", "Week4": "1", "Week5": "0", "Holidays": "0"}}, {"type": "Feature", "geometry": {"type": "LineString", "coordinates": [[-122.429824919783, 37.78267219788387], [-122.430050782252, 37.782640961813875]]}, "properties": {"Corridor": "Ellis St", "Limits": "Start: 1350-1441 Block  -  Hollis St", "BlockSide": "South", "WeekDay": "Tues", "FromHour": "9", "ToHour": "11", "Week1": "1", "Week2": "1", "Week3": "1", "Week4": "1", "Week5": "1", "Holidays": "0"}}, {"type": "Feature", "geometry": {"type": "LineString", "coordinates": [[-122.43180299962779, 37.778632037466], [-122.43199158203979, 37.779564149041]]}, "properties": {"Corridor": "Fillmore St", "Limits": "McAllister St  -  Golden Gate Ave", "BlockSide": "West", "WeekDay": "Wed", "FromHour": "6", "ToHour": "8", "Week1": "1", "Week2": "0", "Week3": "1", "Week4": "0", "Week5": "0", "Holidays": "0"}}, {"type": "Feature", "geometry": {"type": "LineString", "coordinates": [[-122.45900477124003, 37.783826604465], [-122.45895861883503, 37.783188664916]]}, "properties": {"Corridor": "Arguello Blvd", "Limits": "Euclid Ave  -  Clement St", "BlockSide": "East", "WeekDay": "Thu", "FromHour": "7", "ToHour": "9", "Week1": "1", "Week2": "0", "Week3": "1", "Week4": "0", "Week5": "0", "Holidays": "0"}}, {"type": "Feature", "geometry": {"type": "LineString", "coordinates": [[-122.439844236008, 37.77661256605387], [-122.441488326734, 37.77640359522887]]}, "properties": {"Corridor": "Fulton St", "Limits": "Broderick St  -  Baker St", "BlockSide": "South", "WeekDay": "Tues", "FromHour": "8", "ToHour": "10", "Week1": "1", "Week2": "1", "Week3": "1", "Week4": "1", "Week5": "1", "Holidays": "0"}}, {"type": "Feature", "geometry": {"type": "LineString", "coordinates": [[-122.43748621177046, 37.7817270793], [-122.43767323420546, 37.78266289972]]}, "properties": {"Corridor": "Scott St", "Limits": "Ellis St  -  O'Farrell St", "BlockSide": "West", "WeekDay": "Fri", "FromHour": "12", "ToHour": "14", "Week1": "1", "Week2": "1", "Week3": "1", "Week4": "1", "Week5": "1", "Holidays": "0"}}, {"type": "Feature", "geometry": {"type": "LineString", "coordinates": [[-122.439491322749, 37.76219542625687], [-122.440168280289, 37.76215513340387]]}, "properties": {"Corridor": "17th St", "Limits": "Douglass St  -  Ord St", "BlockSide": "South", "WeekDay": "Wed", "FromHour": "12", "ToHour": "14", "Week1": "1", "Week2": "1", "Week3": "1", "Week4": "1", "Week5": "1", "Holidays": "0"}}, {"type": "Feature", "geometry": {"type": "LineString", "coordinates": [[-122.43528079200183, 37.779144878341], [-122.43537721392283, 37.779635001279]]}, "properties": {"Corridor": "Pierce St", "Limits": "Golden Gate Ave  -  Elm St", "BlockSide": "West", "WeekDay": "Fri", "FromHour": "9", "ToHour": "11", "Week1": "1", "Week2": "1", "Week3": "1", "Week4": "1", "Week5": "1", "Holidays": "0"}}, {"type": "Feature", "geometry": {"type": "LineString", "coordinates": [[-122.43527752627995, 37.764102271947], [-122.43521888959494, 37.763462837145]]}, "properties": {"Corridor": "Castro St", "Limits": "16th St  -  States St", "BlockSide": "East", "WeekDay": "Tues", "FromHour": "6", "ToHour": "8", "Week1": "1", "Week2": "1", "Week3": "1", "Week4": "1", "Week5": "1", "Holidays": "0"}}, {"type": "Feature", "geometry": {"type": "LineString", "coordinates": [[-122.43180299962779, 37.778632037466], [-122.43199158203979, 37.779564149041]]}, "properties": {"Corridor": "Fillmore St", "Limits": "McAllister St  -  Golden Gate Ave", "BlockSide": "West", "WeekDay": "Fri", "FromHour": "6", "ToHour": "8", "Week1": "1", "Week2": "0", "Week3": "1", "Week4": "0", "Week5": "0", "Holidays": "0"}}, {"type": "Feature", "geometry": {"type": "LineString", "coordinates": [[-122.42972666172558, 37.776976022761], [-122.42981229696359, 37.777067087367], [-122.42996015157459, 37.777798008565], [-122.42988897829659, 37.777919295958]]}, "properties": {"Corridor": "Webster St", "Limits": "Grove St  -  Fulton St", "BlockSide": "West", "WeekDay": "Mon", "FromHour": "8", "ToHour": "10", "Week1": "1", "Week2": "1", "Week3": "1", "Week4": "1", "Week5": "1", "Holidays": "0"}}, {"type": "Feature", "geometry": {"type": "LineString", "coordinates": [[-122.43952016295063, 37.783308488002], [-122.43958429899763, 37.783382626383], [-122.43967851744263, 37.783846585463]]}, "properties": {"Corridor": "Divisadero St", "Limits": "Geary Blvd  -  Garden St", "BlockSide": "West", "WeekDay": "Wed", "FromHour": "6", "ToHour": "8", "Week1": "1", "Week2": "1", "Week3": "1", "Week4": "1", "Week5": "1", "Holidays": "0"}}, {"type": "Feature", "geometry": {"type": "LineString", "coordinates": [[-122.437707163118, 37.77880093958887], [-122.438552277404, 37.77869266706387]]}, "properties": {"Corridor": "Golden Gate Ave", "Limits": "Seymour St  -  Divisadero St", "BlockSide": "South", "WeekDay": "Tues", "FromHour": "8", "ToHour": "10", "Week1": "1", "Week2": "1", "Week3": "1", "Week4": "1", "Week5": "1", "Holidays": "0"}}, {"type": "Feature", "geometry": {"type": "LineString", "coordinates": [[-122.444216182528, 37.77318062612587], [-122.445902365973, 37.77296396493387]]}, "properties": {"Corridor": "Fell St", "Limits": "Central Ave  -  Masonic Ave", "BlockSide": "South", "WeekDay": "Mon", "FromHour": "8", "ToHour": "10", "Week1": "1", "Week2": "1", "Week3": "1", "Week4": "1", "Week5": "1", "Holidays": "0"}}, {"type": "Feature", "geometry": {"type": "LineString", "coordinates": [[-122.444618582133, 37.781021127045875], [-122.444831678934, 37.78094552901887], [-122.445108338021, 37.78088127922887], [-122.445324705224, 37.78084786627587], [-122.445508712639, 37.78084991907387]]}, "properties": {"Corridor": "Terra Vista Ave", "Limits": "Barcelona Ave  -  Anzavista Ave", "BlockSide": "South", "WeekDay": "Fri", "FromHour": "9", "ToHour": "11", "Week1": "1", "Week2": "1", "Week3": "1", "Week4": "1", "Week5": "1", "Holidays": "0"}}, {"type": "Feature", "geometry": {"type": "LineString", "coordinates": [[-122.43022102955143, 37.77117368409], [-122.43031478759742, 37.77163980695]]}, "properties": {"Corridor": "Fillmore St", "Limits": "Waller St  -  Laussat St", "BlockSide": "East", "WeekDay": "Mon", "FromHour": "8", "ToHour": "10", "Week1": "1", "Week2": "1", "Week3": "1", "Week4": "1", "Week5": "1", "Holidays": "0"}}, {"type": "Feature", "geometry": {"type": "LineString", "coordinates": [[-122.44006670091231, 37.777586767511], [-122.4402531133673, 37.77851146377]]}, "properties": {"Corridor": "Broderick St", "Limits": "McAllister St  -  Golden Gate Ave", "BlockSide": "West", "WeekDay": "Wed", "FromHour": "12", "ToHour": "14", "Week1": "1", "Week2": "1", "Week3": "1", "Week4": "1", "Week5": "1", "Holidays": "0"}}, {"type": "Feature", "geometry": {"type": "LineString", "coordinates": [[-122.443359054239, 37.76202804640513], [-122.444195855752, 37.76197821129413]]}, "properties": {"Corridor": "17th St", "Limits": "Temple St  -  Mars St", "BlockSide": "North", "WeekDay": "Thu", "FromHour": "9", "ToHour": "11", "Week1": "1", "Week2": "1", "Week3": "1", "Week4": "1", "Week5": "1", "Holidays": "0"}}, {"type": "Feature", "geometry": {"type": "LineString", "coordinates": [[-122.443132454122, 37.77625747722113], [-122.444779891058, 37.77604803266913]]}, "properties": {"Corridor": "Fulton St", "Limits": "Lyon St  -  Central Ave", "BlockSide": "North", "WeekDay": "Thu", "FromHour": "9", "ToHour": "11", "Week1": "1", "Week2": "1", "Week3": "1", "Week4": "1", "Week5": "1", "Holidays": "0"}}, {"type": "Feature", "geometry": {"type": "LineString", "coordinates": [[-122.43180299962779, 37.778632037466], [-122.43199158203979, 37.779564149041]]}, "properties": {"Corridor": "Fillmore St", "Limits": "McAllister St  -  Golden Gate Ave", "BlockSide": "West", "WeekDay": "Fri", "FromHour": "6", "ToHour": "8", "Week1": "0", "Week2": "1", "Week3": "0", "Week4": "1", "Week5": "0", "Holidays": "0"}}, {"type": "Feature", "geometry": {"type": "LineString", "coordinates": [[-122.439297624947, 37.78241903993887], [-122.440963130282, 37.78220778954187]]}, "properties": {"Corridor": "O'Farrell St", "Limits": "Divisadero St  -  Broderick St", "BlockSide": "South", "WeekDay": "Mon", "FromHour": "6", "ToHour": "8", "Week1": "1", "Week2": "0", "Week3": "1", "Week4": "0", "Week5": "0", "Holidays": "0"}}, {"type": "Feature", "geometry": {"type": "LineString", "coordinates": [[-122.457922818413, 37.78384287098887], [-122.459044553148, 37.78379516357387]]}, "properties": {"Corridor": "Euclid Ave", "Limits": "Palm Ave  -  Arguello Blvd", "BlockSide": "South", "WeekDay": "Thu", "FromHour": "11", "ToHour": "13", "Week1": "1", "Week2": "0", "Week3": "1", "Week4": "0", "Week5": "0", "Holidays": "0"}}, {"type": "Feature", "geometry": {"type": "LineString", "coordinates": [[-122.429770567472, 37.764409311967874], [-122.430117948604, 37.764388299280874]]}, "properties": {"Corridor": "16th St", "Limits": "Sharon St  -  Dehon St", "BlockSide": "South", "WeekDay": "Thu", "FromHour": "12", "ToHour": "14", "Week1": "1", "Week2": "1", "Week3": "1", "Week4": "1", "Week5": "1", "Holidays": "0"}}, {"type": "Feature", "geometry": {"type": "LineString", "coordinates": [[-122.44594214197808, 37.772995405825], [-122.44575644163208, 37.772080394208]]}, "properties": {"Corridor": "Masonic Ave", "Limits": "Fell St  -  Oak St", "BlockSide": "West", "WeekDay": "Tues", "FromHour": "12", "ToHour": "14", "Week1": "1", "Week2": "1", "Week3": "1", "Week4": "1", "Week5": "1", "Holidays": "0"}}, {"type": "Feature", "geometry": {"type": "LineString", "coordinates": [[-122.42892044335834, 37.76748222771688], [-122.42902556379033, 37.76728891250088], [-122.43056305233934, 37.76607306433888], [-122.43079627193434, 37.76599149909488]]}, "properties": {"Corridor": "Market St", "Limits": "Church St  -  15th St", "BlockSide": "SouthEast", "WeekDay": "Fri", "FromHour": "2", "ToHour": "6", "Week1": "1", "Week2": "1", "Week3": "1", "Week4": "1", "Week5": "1", "Holidays": "1"}}, {"type": "Feature", "geometry": {"type": "LineString", "coordinates": [[-122.43210060912097, 37.780496260511], [-122.43228920099897, 37.781428371173]]}, "properties": {"Corridor": "Fillmore St", "Limits": "Turk St  -  Eddy St", "BlockSide": "East", "WeekDay": "Thu", "FromHour": "6", "ToHour": "8", "Week1": "1", "Week2": "0", "Week3": "1", "Week4": "0", "Week5": "0", "Holidays": "0"}}, {"type": "Feature", "geometry": {"type": "LineString", "coordinates": [[-122.437847943562, 37.78374907910113], [-122.437981289312, 37.78365335022513], [-122.438366823258, 37.78355058013913], [-122.438786398794, 37.78337355724613], [-122.438979029161, 37.783331346324125], [-122.439325621851, 37.78329181626513], [-122.43948038104, 37.78333992889313]]}, "properties": {"Corridor": "Geary Blvd", "Limits": "Scott St  -  Divisadero St", "BlockSide": "North", "WeekDay": "Thu", "FromHour": "12", "ToHour": "14", "Week1": "1", "Week2": "0", "Week3": "1", "Week4": "0", "Week5": "0", "Holidays": "0"}}, {"type": "Feature", "geometry": {"type": "LineString", "coordinates": [[-122.4376504009366, 37.774061646375], [-122.4377126462286, 37.774139110663], [-122.4378720178026, 37.774903523387], [-122.43783852414062, 37.774991947847]]}, "properties": {"Corridor": "Divisadero St", "Limits": "Fell St  -  Hayes St", "BlockSide": "West", "WeekDay": "Sat", "FromHour": "6", "ToHour": "8", "Week1": "1", "Week2": "1", "Week3": "1", "Week4": "1", "Week5": "1", "Holidays": "0"}}, {"type": "Feature", "geometry": {"type": "LineString", "coordinates": [[-122.43185070836999, 37.770500961135], [-122.43194409968099, 37.770964426257]]}, "properties": {"Corridor": "Steiner St", "Limits": "Germania St  -  Waller St", "BlockSide": "West", "WeekDay": "Wed", "FromHour": "9", "ToHour": "11", "Week1": "1", "Week2": "1", "Week3": "1", "Week4": "1", "Week5": "1", "Holidays": "0"}}, {"type": "Feature", "geometry": {"type": "LineString", "coordinates": [[-122.432793505264, 37.76105275212413], [-122.433903579453, 37.760986179982126]]}, "properties": {"Corridor": "18th St", "Limits": "Noe St  -  Hartford St", "BlockSide": "North", "WeekDay": "Thu", "FromHour": "6", "ToHour": "8", "Week1": "1", "Week2": "1", "Week3": "1", "Week4": "1", "Week5": "1", "Holidays": "0"}}, {"type": "Feature", "geometry": {"type": "LineString", "coordinates": [[-122.43172344055822, 37.778632037466], [-122.43191202297021, 37.779564149041]]}, "properties": {"Corridor": "Fillmore St", "Limits": "McAllister St  -  Golden Gate Ave", "BlockSide": "East", "WeekDay": "Tues", "FromHour": "6", "ToHour": "8", "Week1": "1", "Week2": "0", "Week3": "1", "Week4": "0", "Week5": "0", "Holidays": "0"}}, {"type": "Feature", "geometry": {"type": "LineString", "coordinates": [[-122.458880531379, 37.765335761508126], [-122.459952996111, 37.76528822231913]]}, "properties": {"Corridor": "Hugo St", "Limits": "02nd Ave  -  03rd Ave", "BlockSide": "North", "WeekDay": "Tues", "FromHour": "11", "ToHour": "13", "Week1": "1", "Week2": "0", "Week3": "1", "Week4": "0", "Week5": "0", "Holidays": "0"}}, {"type": "Feature", "geometry": {"type": "LineString", "coordinates": [[-122.44342166635673, 37.769496998081], [-122.44360931161073, 37.770426370917]]}, "properties": {"Corridor": "Central Ave", "Limits": "Waller St  -  Haight St", "BlockSide": "East", "WeekDay": "Wed", "FromHour": "8", "ToHour": "10", "Week1": "1", "Week2": "1", "Week3": "1", "Week4": "1", "Week5": "1", "Holidays": "0"}}, {"type": "Feature", "geometry": {"type": "LineString", "coordinates": [[-122.44281372736073, 37.76106535240012], [-122.44294479485573, 37.76097998317112], [-122.44340247493173, 37.76067486021112], [-122.44351820022773, 37.76059967199212], [-122.44354516804373, 37.76053144185412]]}, "properties": {"Corridor": "Market St", "Limits": "Merritt St  -  Danvers St", "BlockSide": "NorthWest", "WeekDay": "Wed", "FromHour": "12", "ToHour": "14", "Week1": "1", "Week2": "1", "Week3": "1", "Week4": "1", "Week5": "1", "Holidays": "0"}}, {"type": "Feature", "geometry": {"type": "LineString", "coordinates": [[-122.427490665262, 37.78249155774587], [-122.429063131668, 37.78229119892687], [-122.429112140238, 37.782265633099875]]}, "properties": {"Corridor": "Willow St", "Limits": "Laguna St  -  Buchanan St", "BlockSide": "South", "WeekDay": "Tues", "FromHour": "9", "ToHour": "11", "Week1": "1", "Week2": "1", "Week3": "1", "Week4": "1", "Week5": "1", "Holidays": "0"}}, {"type": "Feature", "geometry": {"type": "LineString", "coordinates": [[-122.45540089205011, 37.775611298008], [-122.4552127676191, 37.774686906349]]}, "properties": {"Corridor": "Parsons St", "Limits": "McAllister St  -  Fulton St", "BlockSide": "East", "WeekDay": "Thu", "FromHour": "9", "ToHour": "11", "Week1": "1", "Week2": "1", "Week3": "1", "Week4": "1", "Week5": "1", "Holidays": "0"}}, {"type": "Feature", "geometry": {"type": "LineString", "coordinates": [[-122.43948038104, 37.78327704711087], [-122.439604107068, 37.78319116029187], [-122.44265084398, 37.78280585969587], [-122.442793099742, 37.782853895551874]]}, "properties": {"Corridor": "Geary Blvd", "Limits": "Divisadero St  -  Baker St", "BlockSide": "South", "WeekDay": "Tues", "FromHour": "6", "ToHour": "8", "Week1": "1", "Week2": "0", "Week3": "1", "Week4": "0", "Week5": "0", "Holidays": "0"}}, {"type": "Feature", "geometry": {"type": "LineString", "coordinates": [[-122.44404779561751, 37.761281923123], [-122.4441439645955, 37.76124802342], [-122.4443036528745, 37.761100360865], [-122.4443292414975, 37.760988913952], [-122.4443238697885, 37.760763823995], [-122.4443329713685, 37.760668025568], [-122.4443901633435, 37.760513965232]]}, "properties": {"Corridor": "Corbett Ave", "Limits": "Danvers St  -  Mars St", "BlockSide": "West", "WeekDay": "Wed", "FromHour": "8", "ToHour": "10", "Week1": "1", "Week2": "1", "Week3": "1", "Week4": "1", "Week5": "1", "Holidays": "0"}}, {"type": "Feature", "geometry": {"type": "LineString", "coordinates": [[-122.458998400743, 37.78315722402487], [-122.460137198557, 37.783105047511874]]}, "properties": {"Corridor": "Clement St", "Limits": "Arguello Blvd  -  02nd Ave", "BlockSide": "South", "WeekDay": "Sun", "FromHour": "7", "ToHour": "8", "Week1": "1", "Week2": "1", "Week3": "1", "Week4": "1", "Week5": "1", "Holidays": "0"}}, {"type": "Feature", "geometry": {"type": "LineString", "coordinates": [[-122.433074470809, 37.76416427231787], [-122.433274259666, 37.76419448892687], [-122.435317297576, 37.764070831055875]]}, "properties": {"Corridor": "16th St", "Limits": "Market St  -  Castro St", "BlockSide": "South", "WeekDay": "Tues", "FromHour": "9", "ToHour": "11", "Week1": "1", "Week2": "1", "Week3": "1", "Week4": "1", "Week5": "1", "Holidays": "0"}}, {"type": "Feature", "geometry": {"type": "LineString", "coordinates": [[-122.45544066946, 37.775579857116874], [-122.456472700138, 37.77545182426487]]}, "properties": {"Corridor": "McAllister St", "Limits": "Parsons St  -  Willard North St", "BlockSide": "South", "WeekDay": "Wed", "FromHour": "8", "ToHour": "10", "Week1": "1", "Week2": "1", "Week3": "1", "Week4": "1", "Week5": "1", "Holidays": "0"}}, {"type": "Feature", "geometry": {"type": "LineString", "coordinates": [[-122.4513631168411, 37.765615760401], [-122.4511732898751, 37.764682363972]]}, "properties": {"Corridor": "Shrader St", "Limits": "Carl St  -  Parnassus Ave", "BlockSide": "East", "WeekDay": "Tues", "FromHour": "8", "ToHour": "10", "Week1": "1", "Week2": "0", "Week3": "0", "Week4": "0", "Week5": "0", "Holidays": "0"}}, {"type": "Feature", "geometry": {"type": "LineString", "coordinates": [[-122.442989104409, 37.78386592689587], [-122.444643058444, 37.78365502275087]]}, "properties": {"Corridor": "Post St", "Limits": "Baker St  -  Lyon St", "BlockSide": "South", "WeekDay": "Thu", "FromHour": "12", "ToHour": "14", "Week1": "1", "Week2": "0", "Week3": "1", "Week4": "0", "Week5": "0", "Holidays": "0"}}, {"type": "Feature", "geometry": {"type": "LineString", "coordinates": [[-122.437847943562, 37.78368619731887], [-122.437981289312, 37.783590468442874], [-122.438366823258, 37.78348769835687], [-122.438786398794, 37.78331067546387], [-122.438979029161, 37.78326846454187], [-122.439325621851, 37.78322893448287], [-122.43948038104, 37.78327704711087]]}, "properties": {"Corridor": "Geary Blvd", "Limits": "Scott St  -  Divisadero St", "BlockSide": "South", "WeekDay": "Thu", "FromHour": "6", "ToHour": "8", "Week1": "1", "Week2": "0", "Week3": "1", "Week4": "0", "Week5": "0", "Holidays": "0"}}, {"type": "Feature", "geometry": {"type": "LineString", "coordinates": [[-122.43948038104, 37.78327704711087], [-122.439604107068, 37.78319116029187], [-122.44265084398, 37.78280585969587], [-122.442793099742, 37.782853895551874]]}, "properties": {"Corridor": "Geary Blvd", "Limits": "Divisadero St  -  Baker St", "BlockSide": "South", "WeekDay": "Tues", "FromHour": "6", "ToHour": "8", "Week1": "0", "Week2": "1", "Week3": "0", "Week4": "1", "Week5": "0", "Holidays": "0"}}, {"type": "Feature", "geometry": {"type": "LineString", "coordinates": [[-122.43529843174832, 37.763462837145], [-122.43523456787833, 37.762766387776], [-122.43522773318433, 37.762670707774]]}, "properties": {"Corridor": "Castro St", "Limits": "States St  -  Market St", "BlockSide": "West", "WeekDay": "Wed", "FromHour": "6", "ToHour": "8", "Week1": "1", "Week2": "1", "Week3": "1", "Week4": "1", "Week5": "1", "Holidays": "0"}}, {"type": "Feature", "geometry": {"type": "LineString", "coordinates": [[-122.44110906390263, 37.78029273919], [-122.44129972168463, 37.781235467533]]}, "properties": {"Corridor": "Saint Joseph's Ave", "Limits": "Eddy St  -  Ellis St", "BlockSide": "East", "WeekDay": "Wed", "FromHour": "9", "ToHour": "11", "Week1": "1", "Week2": "1", "Week3": "1", "Week4": "1", "Week5": "1", "Holidays": "0"}}, {"type": "Feature", "geometry": {"type": "LineString", "coordinates": [[-122.43522385413618, 37.77054808011], [-122.43541275823719, 37.771479485049]]}, "properties": {"Corridor": "Scott St", "Limits": "Waller St  -  Haight St", "BlockSide": "West", "WeekDay": "Fri", "FromHour": "12", "ToHour": "14", "Week1": "1", "Week2": "1", "Week3": "1", "Week4": "1", "Week5": "1", "Holidays": "0"}}, {"type": "Feature", "geometry": {"type": "LineString", "coordinates": [[-122.431904324647, 37.770932985365874], [-122.43271726222, 37.77082947061587]]}, "properties": {"Corridor": "Waller St", "Limits": "Steiner St  -  Potomac St", "BlockSide": "South", "WeekDay": "Tues", "FromHour": "12", "ToHour": "14", "Week1": "1", "Week2": "1", "Week3": "1", "Week4": "1", "Week5": "1", "Holidays": "0"}}, {"type": "Feature", "geometry": {"type": "LineString", "coordinates": [[-122.448957993601, 37.77163729867287], [-122.450600180642, 37.77142870204487]]}, "properties": {"Corridor": "Oak St", "Limits": "Clayton St  -  Cole St", "BlockSide": "South", "WeekDay": "Tues", "FromHour": "12", "ToHour": "14", "Week1": "1", "Week2": "1", "Week3": "1", "Week4": "1", "Week5": "1", "Holidays": "0"}}, {"type": "Feature", "geometry": {"type": "LineString", "coordinates": [[-122.441241683326, 37.76523941794887], [-122.441931912731, 37.76526365804387]]}, "properties": {"Corridor": "Roosevelt Way", "Limits": "Fairbanks St  -  Levant St", "BlockSide": "South", "WeekDay": "Tues", "FromHour": "10", "ToHour": "12", "Week1": "1", "Week2": "1", "Week3": "1", "Week4": "1", "Week5": "1", "Holidays": "0"}}, {"type": "Feature", "geometry": {"type": "LineString", "coordinates": [[-122.434062387332, 37.762582265521125], [-122.434939552916, 37.76253375375913], [-122.435187962327, 37.76270214866513]]}, "properties": {"Corridor": "17th St", "Limits": "Hartford St  -  Market St", "BlockSide": "North", "WeekDay": "Mon", "FromHour": "6", "ToHour": "8", "Week1": "1", "Week2": "1", "Week3": "1", "Week4": "1", "Week5": "1", "Holidays": "0"}}, {"type": "Feature", "geometry": {"type": "LineString", "coordinates": [[-122.430901634069, 37.778741946537], [-122.431763220093, 37.778632037466]]}, "properties": {"Corridor": "McAllister St", "Limits": "Friendship Ct  -  Fillmore St", "BlockSide": "", "WeekDay": "Tues", "FromHour": "8", "ToHour": "10", "Week1": "1", "Week2": "1", "Week3": "1", "Week4": "1", "Week5": "1", "Holidays": "0"}}, {"type": "Feature", "geometry": {"type": "LineString", "coordinates": [[-122.441488326734, 37.77640359522887], [-122.443132454122, 37.776194595438874]]}, "properties": {"Corridor": "Fulton St", "Limits": "Baker St  -  Lyon St", "BlockSide": "South", "WeekDay": "Tues", "FromHour": "9", "ToHour": "11", "Week1": "1", "Week2": "1", "Week3": "1", "Week4": "1", "Week5": "1", "Holidays": "0"}}, {"type": "Feature", "geometry": {"type": "LineString", "coordinates": [[-122.452431111538, 37.77797109314413], [-122.453384996309, 37.77785830408813]]}, "properties": {"Corridor": "Turk Blvd", "Limits": "Temescal Ter  -  Parker Ave", "BlockSide": "North", "WeekDay": "Wed", "FromHour": "6", "ToHour": "8", "Week1": "1", "Week2": "1", "Week3": "1", "Week4": "1", "Week5": "1", "Holidays": "0"}}, {"type": "Feature", "geometry": {"type": "LineString", "coordinates": [[-122.449769713481, 37.76489789404513], [-122.451213061906, 37.76471380486313]]}, "properties": {"Corridor": "Parnassus Ave", "Limits": "Cole St  -  Shrader St", "BlockSide": "North", "WeekDay": "Fri", "FromHour": "8", "ToHour": "10", "Week1": "1", "Week2": "0", "Week3": "0", "Week4": "0", "Week5": "0", "Holidays": "0"}}, {"type": "Feature", "geometry": {"type": "LineString", "coordinates": [[-122.43003384503201, 37.77024306553], [-122.43012760073002, 37.770709188615]]}, "properties": {"Corridor": "Fillmore St", "Limits": "Hermann St  -  Germania St", "BlockSide": "East", "WeekDay": "Wed", "FromHour": "8", "ToHour": "10", "Week1": "1", "Week2": "1", "Week3": "1", "Week4": "1", "Week5": "1", "Holidays": "0"}}, {"type": "Feature", "geometry": {"type": "LineString", "coordinates": [[-122.44939355593928, 37.763199662528], [-122.44925625267429, 37.762519304132]]}, "properties": {"Corridor": "Cole St", "Limits": "Alma St  -  Rivoli St", "BlockSide": "East", "WeekDay": "Tues", "FromHour": "8", "ToHour": "10", "Week1": "1", "Week2": "0", "Week3": "0", "Week4": "0", "Week5": "0", "Holidays": "0"}}, {"type": "Feature", "geometry": {"type": "LineString", "coordinates": [[-122.455711326815, 37.78401033194213], [-122.456813220016, 37.78396035264313]]}, "properties": {"Corridor": "Euclid Ave", "Limits": "Commonwealth Ave  -  Jordan Ave", "BlockSide": "North", "WeekDay": "Fri", "FromHour": "7", "ToHour": "9", "Week1": "1", "Week2": "0", "Week3": "1", "Week4": "0", "Week5": "0", "Holidays": "0"}}, {"type": "Feature", "geometry": {"type": "LineString", "coordinates": [[-122.4319120224686, 37.779564149041], [-122.4321006096226, 37.780496260511]]}, "properties": {"Corridor": "Fillmore St", "Limits": "Golden Gate Ave  -  Turk St", "BlockSide": "East", "WeekDay": "Sun", "FromHour": "6", "ToHour": "8", "Week1": "1", "Week2": "1", "Week3": "1", "Week4": "1", "Week5": "1", "Holidays": "0"}}, {"type": "Feature", "geometry": {"type": "LineString", "coordinates": [[-122.436114108657, 37.76079255396087], [-122.437190627228, 37.76072666687787]]}, "properties": {"Corridor": "18th St", "Limits": "Collingwood St  -  Diamond St", "BlockSide": "South", "WeekDay": "Wed", "FromHour": "6", "ToHour": "8", "Week1": "1", "Week2": "1", "Week3": "1", "Week4": "1", "Week5": "1", "Holidays": "0"}}, {"type": "Feature", "geometry": {"type": "LineString", "coordinates": [[-122.442754865592, 37.77439027315513], [-122.444404613198, 37.77418092618113]]}, "properties": {"Corridor": "Hayes St", "Limits": "Lyon St  -  Central Ave", "BlockSide": "North", "WeekDay": "Thu", "FromHour": "9", "ToHour": "11", "Week1": "1", "Week2": "1", "Week3": "1", "Week4": "1", "Week5": "1", "Holidays": "0"}}, {"type": "Feature", "geometry": {"type": "LineString", "coordinates": [[-122.430726723147, 37.76278411174513], [-122.431544840236, 37.76273461512413]]}, "properties": {"Corridor": "17th St", "Limits": "Sanchez St  -  Prosper St", "BlockSide": "North", "WeekDay": "Thu", "FromHour": "12", "ToHour": "14", "Week1": "1", "Week2": "1", "Week3": "1", "Week4": "1", "Week5": "1", "Holidays": "0"}}, {"type": "Feature", "geometry": {"type": "LineString", "coordinates": [[-122.45528074961, 37.781427219948874], [-122.455357767708, 37.781342522978875], [-122.455466548992, 37.78133073307787], [-122.455523985114, 37.78139969933887]]}, "properties": {"Corridor": "Geary Blvd", "Limits": "Beaumont Ave  -  Commonwealth Ave", "BlockSide": "South", "WeekDay": "Wed", "FromHour": "6", "ToHour": "8", "Week1": "1", "Week2": "1", "Week3": "1", "Week4": "1", "Week5": "1", "Holidays": "0"}}, {"type": "Feature", "geometry": {"type": "LineString", "coordinates": [[-122.43931657580488, 37.773847120046], [-122.43950599427087, 37.77477823615]]}, "properties": {"Corridor": "Broderick St", "Limits": "Fell St  -  Hayes St", "BlockSide": "West", "WeekDay": "Wed", "FromHour": "12", "ToHour": "14", "Week1": "1", "Week2": "1", "Week3": "1", "Week4": "1", "Week5": "1", "Holidays": "0"}}, {"type": "Feature", "geometry": {"type": "LineString", "coordinates": [[-122.456472700138, 37.775514706047126], [-122.458435272334, 37.77527120427113]]}, "properties": {"Corridor": "McAllister St", "Limits": "Willard North St  -  Arguello Blvd", "BlockSide": "North", "WeekDay": "Fri", "FromHour": "8", "ToHour": "10", "Week1": "1", "Week2": "1", "Week3": "1", "Week4": "1", "Week5": "1", "Holidays": "0"}}, {"type": "Feature", "geometry": {"type": "LineString", "coordinates": [[-122.43719515557737, 37.772203712438], [-122.43716363883337, 37.772286038019], [-122.43732058574537, 37.773060370428], [-122.43738316361636, 37.77313349266]]}, "properties": {"Corridor": "Divisadero St", "Limits": "Page St  -  Oak St", "BlockSide": "East", "WeekDay": "Sun", "FromHour": "6", "ToHour": "8", "Week1": "1", "Week2": "1", "Week3": "1", "Week4": "1", "Week5": "1", "Holidays": "0"}}, {"type": "Feature", "geometry": {"type": "LineString", "coordinates": [[-122.457700034382, 37.76451832515687], [-122.457821273797, 37.764377985311874], [-122.458815067681, 37.76433441833287]]}, "properties": {"Corridor": "Irving St", "Limits": "Arguello Blvd  -  02nd Ave", "BlockSide": "South", "WeekDay": "Tues", "FromHour": "7", "ToHour": "8", "Week1": "1", "Week2": "0", "Week3": "1", "Week4": "0", "Week5": "0", "Holidays": "0"}}, {"type": "Feature", "geometry": {"type": "LineString", "coordinates": [[-122.458858661406, 37.78128850221613], [-122.459048708608, 37.78135688112213], [-122.459880426527, 37.78132006354813], [-122.459999657963, 37.781244918803125]]}, "properties": {"Corridor": "Geary Blvd", "Limits": "Arguello Blvd  -  02nd Ave", "BlockSide": "North", "WeekDay": "Tues", "FromHour": "7", "ToHour": "8", "Week1": "1", "Week2": "0", "Week3": "1", "Week4": "0", "Week5": "1", "Holidays": "0"}}, {"type": "Feature", "geometry": {"type": "LineString", "coordinates": [[-122.45625889770868, 37.778717899764], [-122.45601088315368, 37.777499344383]]}, "properties": {"Corridor": "Rossi Ave", "Limits": "Lone Mountain Ter  -  Turk Blvd", "BlockSide": "East", "WeekDay": "Wed", "FromHour": "8", "ToHour": "10", "Week1": "1", "Week2": "1", "Week3": "1", "Week4": "1", "Week5": "1", "Holidays": "0"}}, {"type": "Feature", "geometry": {"type": "LineString", "coordinates": [[-122.44646493443918, 37.763708381483], [-122.44655385320917, 37.763606750078], [-122.44670782732217, 37.763342997091], [-122.44695457157417, 37.762722234963]]}, "properties": {"Corridor": "Ashbury St", "Limits": "Downey St  -  Clayton St", "BlockSide": "East", "WeekDay": "Mon", "FromHour": "8", "ToHour": "10", "Week1": "1", "Week2": "1", "Week3": "1", "Week4": "1", "Week5": "1", "Holidays": "0"}}, {"type": "Feature", "geometry": {"type": "LineString", "coordinates": [[-122.447823792181, 37.76610365623813], [-122.449958131814, 37.76583147013613]]}, "properties": {"Corridor": "Carl St", "Limits": "Clayton St  -  Cole St", "BlockSide": "North", "WeekDay": "Tues", "FromHour": "8", "ToHour": "10", "Week1": "1", "Week2": "1", "Week3": "1", "Week4": "1", "Week5": "1", "Holidays": "0"}}, {"type": "Feature", "geometry": {"type": "LineString", "coordinates": [[-122.44883942819594, 37.778389429068], [-122.44864353962093, 37.777432892426]]}, "properties": {"Corridor": "Tamalpais Ter", "Limits": "Turk Blvd  -  Golden Gate Ave", "BlockSide": "East", "WeekDay": "Fri", "FromHour": "9", "ToHour": "11", "Week1": "1", "Week2": "1", "Week3": "1", "Week4": "1", "Week5": "1", "Holidays": "0"}}, {"type": "Feature", "geometry": {"type": "LineString", "coordinates": [[-122.452623844584, 37.77313757426313], [-122.454285117083, 37.772926618719126]]}, "properties": {"Corridor": "Hayes St", "Limits": "Shrader St  -  Stanyan St", "BlockSide": "North", "WeekDay": "Mon", "FromHour": "6", "ToHour": "8", "Week1": "1", "Week2": "1", "Week3": "1", "Week4": "1", "Week5": "1", "Holidays": "0"}}, {"type": "Feature", "geometry": {"type": "LineString", "coordinates": [[-122.431763220093, 37.778663478357124], [-122.433407335776, 37.778453917410125]]}, "properties": {"Corridor": "McAllister St", "Limits": "Fillmore St  -  Steiner St", "BlockSide": "North", "WeekDay": "Tues", "FromHour": "8", "ToHour": "10", "Week1": "1", "Week2": "1", "Week3": "1", "Week4": "1", "Week5": "1", "Holidays": "0"}}, {"type": "Feature", "geometry": {"type": "LineString", "coordinates": [[-122.44640903146788, 37.767220256546], [-122.44600242200788, 37.765216185612]]}, "properties": {"Corridor": "Ashbury St", "Limits": "Frederick St  -  Piedmont St", "BlockSide": "West", "WeekDay": "Fri", "FromHour": "8", "ToHour": "10", "Week1": "1", "Week2": "1", "Week3": "1", "Week4": "1", "Week5": "1", "Holidays": "0"}}, {"type": "Feature", "geometry": {"type": "LineString", "coordinates": [[-122.44171797219785, 37.777373284671], [-122.44190541955285, 37.778299553714]]}, "properties": {"Corridor": "Baker St", "Limits": "McAllister St  -  Golden Gate Ave", "BlockSide": "West", "WeekDay": "Fri", "FromHour": "12", "ToHour": "14", "Week1": "1", "Week2": "1", "Week3": "1", "Week4": "1", "Week5": "1", "Holidays": "0"}}, {"type": "Feature", "geometry": {"type": "LineString", "coordinates": [[-122.43821682644207, 37.7768558892], [-122.43828372269508, 37.776925080431], [-122.43844057646707, 37.7777056421], [-122.43840528024907, 37.77779418913]]}, "properties": {"Corridor": "Divisadero St", "Limits": "Fulton St  -  McAllister St", "BlockSide": "West", "WeekDay": "Mon", "FromHour": "6", "ToHour": "8", "Week1": "1", "Week2": "1", "Week3": "1", "Week4": "1", "Week5": "1", "Holidays": "0"}}, {"type": "Feature", "geometry": {"type": "LineString", "coordinates": [[-122.45700702354152, 37.778174291217], [-122.45696963061853, 37.778120521017], [-122.45682358860752, 37.777401923198]]}, "properties": {"Corridor": "Willard St North", "Limits": "Edward St  -  Turk Blvd", "BlockSide": "East", "WeekDay": "Wed", "FromHour": "9", "ToHour": "11", "Week1": "1", "Week2": "1", "Week3": "1", "Week4": "1", "Week5": "1", "Holidays": "0"}}, {"type": "Feature", "geometry": {"type": "LineString", "coordinates": [[-122.43039414215762, 37.772108258339], [-122.43058930864562, 37.773039299235]]}, "properties": {"Corridor": "Fillmore St", "Limits": "Haight St  -  Page St", "BlockSide": "East", "WeekDay": "Wed", "FromHour": "8", "ToHour": "10", "Week1": "1", "Week2": "1", "Week3": "1", "Week4": "1", "Week5": "1", "Holidays": "0"}}, {"type": "Feature", "geometry": {"type": "LineString", "coordinates": [[-122.45846290215, 37.775586986812876], [-122.459588500206, 37.775535018831874]]}, "properties": {"Corridor": "Cabrillo St", "Limits": "Arguello Blvd  -  02nd Ave", "BlockSide": "South", "WeekDay": "Tues", "FromHour": "12", "ToHour": "14", "Week1": "0", "Week2": "1", "Week3": "0", "Week4": "1", "Week5": "0", "Holidays": "0"}}, {"type": "Feature", "geometry": {"type": "LineString", "coordinates": [[-122.43932952303555, 37.76818775700012], [-122.44016558744556, 37.767779103491115], [-122.44063241195956, 37.76697674340712], [-122.44196638173555, 37.76597507658812], [-122.44203758099356, 37.76592932534012], [-122.44219473364856, 37.76591005682112], [-122.44238909349455, 37.76590685417812], [-122.44260336815056, 37.765950516482114]]}, "properties": {"Corridor": "Buena Vista Ave East", "Limits": "Park Hill Ave  -  Upper Ter", "BlockSide": "NorthWest", "WeekDay": "Thu", "FromHour": "9", "ToHour": "11", "Week1": "1", "Week2": "1", "Week3": "1", "Week4": "1", "Week5": "1", "Holidays": "0"}}, {"type": "Feature", "geometry": {"type": "LineString", "coordinates": [[-122.429365860021, 37.77514262093913], [-122.43101153828, 37.77493427183513]]}, "properties": {"Corridor": "Fell St", "Limits": "Webster St  -  Fillmore St", "BlockSide": "North", "WeekDay": "Tues", "FromHour": "12", "ToHour": "14", "Week1": "1", "Week2": "1", "Week3": "1", "Week4": "1", "Week5": "1", "Holidays": "0"}}, {"type": "Feature", "geometry": {"type": "LineString", "coordinates": [[-122.4394405989654, 37.783308488002], [-122.43941067083041, 37.783398293238], [-122.4395801533514, 37.784243280842], [-122.4396448963914, 37.784318673891]]}, "properties": {"Corridor": "Divisadero St", "Limits": "Geary Blvd  -  Post St", "BlockSide": "East", "WeekDay": "Tues", "FromHour": "6", "ToHour": "8", "Week1": "1", "Week2": "1", "Week3": "1", "Week4": "1", "Week5": "1", "Holidays": "0"}}, {"type": "Feature", "geometry": {"type": "LineString", "coordinates": [[-122.43085251844904, 37.766035962803116], [-122.43098286780604, 37.766015860403115], [-122.43104275613504, 37.76597245197912], [-122.43105359400204, 37.76589021821812]]}, "properties": {"Corridor": "Market St", "Limits": "15th St  -  Sanchez St", "BlockSide": "NorthWest", "WeekDay": "Tues", "FromHour": "2", "ToHour": "6", "Week1": "1", "Week2": "1", "Week3": "1", "Week4": "1", "Week5": "1", "Holidays": "1"}}, {"type": "Feature", "geometry": {"type": "LineString", "coordinates": [[-122.430712994763, 37.777809477095], [-122.431574642405, 37.777699925082]]}, "properties": {"Corridor": "Fulton St", "Limits": "Friendship Ct  -  Fillmore St", "BlockSide": "", "WeekDay": "Thu", "FromHour": "12", "ToHour": "14", "Week1": "1", "Week2": "1", "Week3": "1", "Week4": "1", "Week5": "1", "Holidays": "0"}}, {"type": "Feature", "geometry": {"type": "LineString", "coordinates": [[-122.429849199654, 37.777919295958], [-122.430712994763, 37.777809477095]]}, "properties": {"Corridor": "Fulton St", "Limits": "Webster St  -  Friendship Ct", "BlockSide": "", "WeekDay": "Tues", "FromHour": "8", "ToHour": "10", "Week1": "1", "Week2": "1", "Week3": "1", "Week4": "1", "Week5": "1", "Holidays": "0"}}, {"type": "Feature", "geometry": {"type": "LineString", "coordinates": [[-122.443464723697, 37.77961717168413], [-122.443877268758, 37.77956487363113]]}, "properties": {"Corridor": "Anzavista Ave", "Limits": "Encanto Ave  -  Arbol Ln", "BlockSide": "North", "WeekDay": "Fri", "FromHour": "9", "ToHour": "11", "Week1": "1", "Week2": "1", "Week3": "1", "Week4": "1", "Week5": "1", "Holidays": "0"}}, {"type": "Feature", "geometry": {"type": "LineString", "coordinates": [[-122.45290726132872, 37.766374074205], [-122.45271864876672, 37.765442854301]]}, "properties": {"Corridor": "Stanyan St", "Limits": "Frederick St  -  Carl St", "BlockSide": "East", "WeekDay": "Mon", "FromHour": "8", "ToHour": "10", "Week1": "1", "Week2": "1", "Week3": "1", "Week4": "1", "Week5": "1", "Holidays": "0"}}, {"type": "Feature", "geometry": {"type": "LineString", "coordinates": [[-122.431114488131, 37.766764757992874], [-122.433331904809, 37.76663058951587]]}, "properties": {"Corridor": "Henry St", "Limits": "Sanchez St  -  Noe St", "BlockSide": "South", "WeekDay": "Mon", "FromHour": "9", "ToHour": "11", "Week1": "1", "Week2": "1", "Week3": "1", "Week4": "1", "Week5": "1", "Holidays": "0"}}, {"type": "Feature", "geometry": {"type": "LineString", "coordinates": [[-122.446433636735, 37.760975278128875], [-122.447624825869, 37.76090124662487]]}, "properties": {"Corridor": "Carmel St", "Limits": "Clayton St  -  Belvedere St", "BlockSide": "South", "WeekDay": "Thu", "FromHour": "9", "ToHour": "11", "Week1": "1", "Week2": "0", "Week3": "0", "Week4": "0", "Week5": "0", "Holidays": "0"}}, {"type": "Feature", "geometry": {"type": "LineString", "coordinates": [[-122.44364908623, 37.77039493002587], [-122.445344990017, 37.77017873388487]]}, "properties": {"Corridor": "Haight St", "Limits": "Central Ave  -  Masonic Ave", "BlockSide": "South", "WeekDay": "Tues", "FromHour": "6", "ToHour": "8", "Week1": "1", "Week2": "1", "Week3": "1", "Week4": "1", "Week5": "1", "Holidays": "0"}}, {"type": "Feature", "geometry": {"type": "LineString", "coordinates": [[-122.454331407271, 37.77768134822287], [-122.455216942399, 37.77756783804287]]}, "properties": {"Corridor": "Turk Blvd", "Limits": "Beaumont Ave  -  Stanyan St", "BlockSide": "South", "WeekDay": "Mon", "FromHour": "6", "ToHour": "8", "Week1": "1", "Week2": "1", "Week3": "1", "Week4": "1", "Week5": "1", "Holidays": "0"}}, {"type": "Feature", "geometry": {"type": "LineString", "coordinates": [[-122.45839549512574, 37.77523976338], [-122.45833132216774, 37.77430889561]]}, "properties": {"Corridor": "Arguello Blvd", "Limits": "McAllister St  -  Fulton St", "BlockSide": "East", "WeekDay": "Thu", "FromHour": "8", "ToHour": "10", "Week1": "1", "Week2": "0", "Week3": "1", "Week4": "0", "Week5": "0", "Holidays": "0"}}, {"type": "Feature", "geometry": {"type": "LineString", "coordinates": [[-122.45788303699653, 37.78387431188], [-122.45769326211354, 37.781314586071]]}, "properties": {"Corridor": "Palm Ave", "Limits": "Euclid Ave  -  Geary Blvd", "BlockSide": "East", "WeekDay": "Fri", "FromHour": "7", "ToHour": "9", "Week1": "1", "Week2": "0", "Week3": "1", "Week4": "0", "Week5": "0", "Holidays": "0"}}, {"type": "Feature", "geometry": {"type": "LineString", "coordinates": [[-122.428520173465, 37.77088641293887], [-122.430167375626, 37.77067774772387]]}, "properties": {"Corridor": "Germania St", "Limits": "Webster St  -  Fillmore St", "BlockSide": "South", "WeekDay": "Thu", "FromHour": "8", "ToHour": "10", "Week1": "1", "Week2": "1", "Week3": "1", "Week4": "1", "Week5": "1", "Holidays": "0"}}, {"type": "Feature", "geometry": {"type": "LineString", "coordinates": [[-122.44557505269353, 37.771141933725], [-122.44538476502053, 37.770210174776]]}, "properties": {"Corridor": "Masonic Ave", "Limits": "Page St  -  Haight St", "BlockSide": "West", "WeekDay": "Wed", "FromHour": "8", "ToHour": "10", "Week1": "1", "Week2": "1", "Week3": "1", "Week4": "1", "Week5": "1", "Holidays": "0"}}, {"type": "Feature", "geometry": {"type": "LineString", "coordinates": [[-122.444458023322, 37.782806105754126], [-122.444946380569, 37.78274873333713], [-122.445753568429, 37.78264717630313], [-122.445820511205, 37.782519472987126]]}, "properties": {"Corridor": "Geary Blvd", "Limits": "Lyon St  -  Presidio Ave", "BlockSide": "North", "WeekDay": "Mon", "FromHour": "6", "ToHour": "8", "Week1": "0", "Week2": "1", "Week3": "0", "Week4": "1", "Week5": "0", "Holidays": "0"}}, {"type": "Feature", "geometry": {"type": "LineString", "coordinates": [[-122.44027936632399, 37.761069428123115], [-122.44085686116199, 37.76066962452712], [-122.44095815602098, 37.76055016716112]]}, "properties": {"Corridor": "Storrie St", "Limits": "Market St  -  18th St", "BlockSide": "NorthWest", "WeekDay": "Wed", "FromHour": "12", "ToHour": "14", "Week1": "1", "Week2": "1", "Week3": "1", "Week4": "1", "Week5": "1", "Holidays": "0"}}, {"type": "Feature", "geometry": {"type": "LineString", "coordinates": [[-122.44670512058363, 37.76907435727], [-122.44632948521864, 37.767220256546]]}, "properties": {"Corridor": "Ashbury St", "Limits": "Waller St  -  Frederick St", "BlockSide": "East", "WeekDay": "Wed", "FromHour": "8", "ToHour": "10", "Week1": "1", "Week2": "1", "Week3": "1", "Week4": "1", "Week5": "1", "Holidays": "0"}}, {"type": "Feature", "geometry": {"type": "LineString", "coordinates": [[-122.45884075951695, 37.765304320617], [-122.45877529581895, 37.764365859224]]}, "properties": {"Corridor": "02nd Ave", "Limits": "Hugo St  -  Irving St", "BlockSide": "East", "WeekDay": "Wed", "FromHour": "12", "ToHour": "14", "Week1": "1", "Week2": "0", "Week3": "1", "Week4": "0", "Week5": "0", "Holidays": "0"}}, {"type": "Feature", "geometry": {"type": "LineString", "coordinates": [[-122.43859205698844, 37.778724107955], [-122.43866100748944, 37.778799571969], [-122.43881501258144, 37.779578158116], [-122.43877996314544, 37.779659630005]]}, "properties": {"Corridor": "Divisadero St", "Limits": "Golden Gate Ave  -  Turk St", "BlockSide": "West", "WeekDay": "Fri", "FromHour": "6", "ToHour": "8", "Week1": "1", "Week2": "1", "Week3": "1", "Week4": "1", "Week5": "1", "Holidays": "0"}}, {"type": "Feature", "geometry": {"type": "LineString", "coordinates": [[-122.430609199213, 37.781677025284125], [-122.432328981537, 37.78145981206413]]}, "properties": {"Corridor": "Eddy St", "Limits": "Webster St  -  Fillmore St", "BlockSide": "North", "WeekDay": "Thu", "FromHour": "12", "ToHour": "14", "Week1": "1", "Week2": "1", "Week3": "1", "Week4": "1", "Week5": "1", "Holidays": "0"}}, {"type": "Feature", "geometry": {"type": "LineString", "coordinates": [[-122.441488326734, 37.77646647701113], [-122.443132454122, 37.77625747722113]]}, "properties": {"Corridor": "Fulton St", "Limits": "Baker St  -  Lyon St", "BlockSide": "North", "WeekDay": "Thu", "FromHour": "9", "ToHour": "11", "Week1": "1", "Week2": "1", "Week3": "1", "Week4": "1", "Week5": "1", "Holidays": "0"}}, {"type": "Feature", "geometry": {"type": "LineString", "coordinates": [[-122.43274596158017, 37.783292591474], [-122.43295403032516, 37.78435505664]]}, "properties": {"Corridor": "Fillmore St", "Limits": "O'Farrell St  -  Geary Blvd", "BlockSide": "West", "WeekDay": "Wed", "FromHour": "6", "ToHour": "8", "Week1": "0", "Week2": "1", "Week3": "0", "Week4": "1", "Week5": "0", "Holidays": "0"}}, {"type": "Feature", "geometry": {"type": "LineString", "coordinates": [[-122.440068662214, 37.76120932690313], [-122.440226926566, 37.761168891187125], [-122.440386670872, 37.761160620224125], [-122.440907599483, 37.761152043001125], [-122.440984700554, 37.76110942530013]]}, "properties": {"Corridor": "Market St", "Limits": "Ord St  -  Hattie St", "BlockSide": "North", "WeekDay": "Wed", "FromHour": "12", "ToHour": "14", "Week1": "1", "Week2": "1", "Week3": "1", "Week4": "1", "Week5": "1", "Holidays": "0"}}, {"type": "Feature", "geometry": {"type": "LineString", "coordinates": [[-122.440168280289, 37.76221801518613], [-122.442908034169, 37.762054904108126]]}, "properties": {"Corridor": "17th St", "Limits": "Ord St  -  Corbin Pl", "BlockSide": "North", "WeekDay": "Thu", "FromHour": "9", "ToHour": "11", "Week1": "1", "Week2": "1", "Week3": "1", "Week4": "1", "Week5": "1", "Holidays": "0"}}, {"type": "Feature", "geometry": {"type": "LineString", "coordinates": [[-122.441564133792, 37.76045717083987], [-122.443374429728, 37.76034488704087]]}, "properties": {"Corridor": "18th St", "Limits": "Clover St  -  Danvers St", "BlockSide": "South", "WeekDay": "Fri", "FromHour": "12", "ToHour": "14", "Week1": "1", "Week2": "1", "Week3": "1", "Week4": "1", "Week5": "1", "Holidays": "0"}}, {"type": "Feature", "geometry": {"type": "LineString", "coordinates": [[-122.45266362064811, 37.773106133372], [-122.45247723822811, 37.772189172576]]}, "properties": {"Corridor": "Shrader St", "Limits": "Hayes St  -  Fell St", "BlockSide": "West", "WeekDay": "Fri", "FromHour": "9", "ToHour": "11", "Week1": "1", "Week2": "1", "Week3": "1", "Week4": "1", "Week5": "1", "Holidays": "0"}}, {"type": "Feature", "geometry": {"type": "LineString", "coordinates": [[-122.45108206299409, 37.763842651404], [-122.45091393173709, 37.76301589417]]}, "properties": {"Corridor": "Shrader St", "Limits": "Grattan St  -  Alma St", "BlockSide": "West", "WeekDay": "Wed", "FromHour": "9", "ToHour": "11", "Week1": "1", "Week2": "0", "Week3": "0", "Week4": "0", "Week5": "0", "Holidays": "0"}}, {"type": "Feature", "geometry": {"type": "LineString", "coordinates": [[-122.43766738347529, 37.77883238048], [-122.43785474761428, 37.779764947852]]}, "properties": {"Corridor": "Seymour St", "Limits": "Golden Gate Ave  -  Turk St", "BlockSide": "East", "WeekDay": "Fri", "FromHour": "12", "ToHour": "14", "Week1": "1", "Week2": "1", "Week3": "1", "Week4": "1", "Week5": "1", "Holidays": "0"}}, {"type": "Feature", "geometry": {"type": "LineString", "coordinates": [[-122.432140389659, 37.78046481961987], [-122.433784545541, 37.78025525348387]]}, "properties": {"Corridor": "Turk St", "Limits": "Fillmore St  -  Steiner St", "BlockSide": "South", "WeekDay": "Thu", "FromHour": "12", "ToHour": "14", "Week1": "1", "Week2": "1", "Week3": "1", "Week4": "1", "Week5": "1", "Holidays": "0"}}, {"type": "Feature", "geometry": {"type": "LineString", "coordinates": [[-122.43944197335394, 37.76144679818912], [-122.43953751474395, 37.76146423008312], [-122.43986107041094, 37.76131848135212], [-122.44009678356694, 37.76120011786612]]}, "properties": {"Corridor": "Market St", "Limits": "Douglass St  -  Ord St", "BlockSide": "NorthWest", "WeekDay": "Wed", "FromHour": "12", "ToHour": "14", "Week1": "1", "Week2": "1", "Week3": "1", "Week4": "1", "Week5": "1", "Holidays": "0"}}, {"type": "Feature", "geometry": {"type": "LineString", "coordinates": [[-122.45773304353, 37.781346026962126], [-122.457822891295, 37.78140776387513], [-122.458730412738, 37.781374382866126], [-122.458858661406, 37.78128850221613]]}, "properties": {"Corridor": "Geary Blvd", "Limits": "Palm Ave  -  Arguello Blvd", "BlockSide": "North", "WeekDay": "Tues", "FromHour": "6", "ToHour": "8", "Week1": "1", "Week2": "1", "Week3": "1", "Week4": "1", "Week5": "1", "Holidays": "0"}}, {"type": "Feature", "geometry": {"type": "LineString", "coordinates": [[-122.452947033768, 37.76634263331387], [-122.454592922865, 37.766134029225874]]}, "properties": {"Corridor": "Frederick St", "Limits": "Stanyan St  -  Willard St", "BlockSide": "South", "WeekDay": "Tues", "FromHour": "8", "ToHour": "10", "Week1": "1", "Week2": "1", "Week3": "1", "Week4": "1", "Week5": "1", "Holidays": "0"}}, {"type": "Feature", "geometry": {"type": "LineString", "coordinates": [[-122.45582533262522, 37.786104707944], [-122.45567154408123, 37.783978891051]]}, "properties": {"Corridor": "Commonwealth Ave", "Limits": "California St  -  Euclid Ave", "BlockSide": "East", "WeekDay": "Tues", "FromHour": "7", "ToHour": "9", "Week1": "1", "Week2": "0", "Week3": "1", "Week4": "0", "Week5": "0", "Holidays": "0"}}, {"type": "Feature", "geometry": {"type": "LineString", "coordinates": [[-122.43101153828, 37.77493427183513], [-122.432648622334, 37.77472410139013]]}, "properties": {"Corridor": "Fell St", "Limits": "Fillmore St  -  Steiner St", "BlockSide": "North", "WeekDay": "Tues", "FromHour": "12", "ToHour": "14", "Week1": "1", "Week2": "1", "Week3": "1", "Week4": "1", "Week5": "1", "Holidays": "0"}}, {"type": "Feature", "geometry": {"type": "LineString", "coordinates": [[-122.44390558918825, 37.767535852074], [-122.44339582880124, 37.768944234449]]}, "properties": {"Corridor": "Buena Vista Ave West", "Limits": "Frederick St  -  Central Ave", "BlockSide": "West", "WeekDay": "Tues", "FromHour": "8", "ToHour": "10", "Week1": "1", "Week2": "1", "Week3": "1", "Week4": "1", "Week5": "1", "Holidays": "0"}}, {"type": "Feature", "geometry": {"type": "LineString", "coordinates": [[-122.4587316232, 37.77930171804487], [-122.45986037295, 37.77925118864787]]}, "properties": {"Corridor": "Anza St", "Limits": "Arguello Blvd  -  02nd Ave", "BlockSide": "South", "WeekDay": "Mon", "FromHour": "10", "ToHour": "12", "Week1": "0", "Week2": "1", "Week3": "0", "Week4": "1", "Week5": "0", "Holidays": "0"}}, {"type": "Feature", "geometry": {"type": "LineString", "coordinates": [[-122.45677343855132, 37.783928911752], [-122.45658942963632, 37.781439142038]]}, "properties": {"Corridor": "Jordan Ave", "Limits": "Euclid Ave  -  Geary Blvd", "BlockSide": "East", "WeekDay": "Wed", "FromHour": "7", "ToHour": "9", "Week1": "1", "Week2": "1", "Week3": "1", "Week4": "1", "Week5": "1", "Holidays": "0"}}, {"type": "Feature", "geometry": {"type": "LineString", "coordinates": [[-122.452437462164, 37.77215773168487], [-122.453959429051, 37.77196522639487], [-122.454083217588, 37.771898963413875]]}, "properties": {"Corridor": "Fell St", "Limits": "Shrader St  -  Stanyan St", "BlockSide": "South", "WeekDay": "Mon", "FromHour": "8", "ToHour": "10", "Week1": "1", "Week2": "1", "Week3": "1", "Week4": "1", "Week5": "1", "Holidays": "0"}}, {"type": "Feature", "geometry": {"type": "LineString", "coordinates": [[-122.45854085210972, 37.777253918158], [-122.45846485908172, 37.776190405671]]}, "properties": {"Corridor": "Arguello Blvd", "Limits": "Balboa St  -  Golden Gate Ave", "BlockSide": "East", "WeekDay": "Thu", "FromHour": "8", "ToHour": "10", "Week1": "1", "Week2": "0", "Week3": "1", "Week4": "0", "Week5": "0", "Holidays": "0"}}, {"type": "Feature", "geometry": {"type": "LineString", "coordinates": [[-122.450367730758, 37.770519318385], [-122.450177200935, 37.769588945007]]}, "properties": {"Corridor": "Cole St", "Limits": "Page St  -  Haight St", "BlockSide": "East", "WeekDay": "Wed", "FromHour": "8", "ToHour": "10", "Week1": "1", "Week2": "1", "Week3": "1", "Week4": "1", "Week5": "1", "Holidays": "0"}}, {"type": "Feature", "geometry": {"type": "LineString", "coordinates": [[-122.43727470772765, 37.772203712438], [-122.43733760704865, 37.772274280654], [-122.43749499234664, 37.77304998018], [-122.43746271576664, 37.77313349266]]}, "properties": {"Corridor": "Divisadero St", "Limits": "Page St  -  Oak St", "BlockSide": "West", "WeekDay": "Sat", "FromHour": "6", "ToHour": "8", "Week1": "1", "Week2": "1", "Week3": "1", "Week4": "1", "Week5": "1", "Holidays": "0"}}, {"type": "Feature", "geometry": {"type": "LineString", "coordinates": [[-122.451402888872, 37.76558431950987], [-122.452758421206, 37.76541141340987]]}, "properties": {"Corridor": "Carl St", "Limits": "Shrader St  -  Stanyan St", "BlockSide": "South", "WeekDay": "Mon", "FromHour": "8", "ToHour": "10", "Week1": "1", "Week2": "1", "Week3": "1", "Week4": "1", "Week5": "1", "Holidays": "0"}}, {"type": "Feature", "geometry": {"type": "LineString", "coordinates": [[-122.452241778019, 37.77119838633087], [-122.453781998124, 37.77099050653687], [-122.453902454747, 37.77102239690687]]}, "properties": {"Corridor": "Oak St", "Limits": "Shrader St  -  Stanyan St", "BlockSide": "South", "WeekDay": "Tues", "FromHour": "12", "ToHour": "14", "Week1": "1", "Week2": "1", "Week3": "1", "Week4": "1", "Week5": "1", "Holidays": "0"}}, {"type": "Feature", "geometry": {"type": "LineString", "coordinates": [[-122.444643058444, 37.78371790453313], [-122.446033026077, 37.78354063968113]]}, "properties": {"Corridor": "Post St", "Limits": "Lyon St  -  Presidio Ave", "BlockSide": "North", "WeekDay": "Tues", "FromHour": "8", "ToHour": "10", "Week1": "1", "Week2": "0", "Week3": "1", "Week4": "0", "Week5": "0", "Holidays": "0"}}, {"type": "Feature", "geometry": {"type": "LineString", "coordinates": [[-122.445440229006, 37.780093600362875], [-122.446196884481, 37.77999955240387], [-122.446289241331, 37.779926707064874]]}, "properties": {"Corridor": "Vega St", "Limits": "Anzavista Ave  -  Nido Ave", "BlockSide": "South", "WeekDay": "Fri", "FromHour": "9", "ToHour": "11", "Week1": "1", "Week2": "1", "Week3": "1", "Week4": "1", "Week5": "1", "Holidays": "0"}}, {"type": "Feature", "geometry": {"type": "LineString", "coordinates": [[-122.43947371689357, 37.76655329314788], [-122.44121356022858, 37.76524862698588]]}, "properties": {"Corridor": "Roosevelt Way", "Limits": "15th St  -  Fairbanks St", "BlockSide": "SouthEast", "WeekDay": "Tues", "FromHour": "10", "ToHour": "12", "Week1": "1", "Week2": "1", "Week3": "1", "Week4": "1", "Week5": "1", "Holidays": "0"}}, {"type": "Feature", "geometry": {"type": "LineString", "coordinates": [[-122.45587125799914, 37.77996371934212], [-122.45652507157413, 37.779717569916116]]}, "properties": {"Corridor": "Anza St", "Limits": "Stanyan St  -  Rossi Ave", "BlockSide": "NorthWest", "WeekDay": "Fri", "FromHour": "8", "ToHour": "10", "Week1": "1", "Week2": "1", "Week3": "1", "Week4": "1", "Week5": "1", "Holidays": "0"}}, {"type": "Feature", "geometry": {"type": "LineString", "coordinates": [[-122.43306827727667, 37.776550121993], [-122.43325851640567, 37.77749036673]]}, "properties": {"Corridor": "Steiner St", "Limits": "Grove St  -  Fulton St", "BlockSide": "West", "WeekDay": "Wed", "FromHour": "9", "ToHour": "11", "Week1": "1", "Week2": "1", "Week3": "1", "Week4": "1", "Week5": "1", "Holidays": "0"}}, {"type": "Feature", "geometry": {"type": "LineString", "coordinates": [[-122.450092302229, 37.782085162529874], [-122.450161853489, 37.78200607659687], [-122.451021197777, 37.78189533312087], [-122.451119860207, 37.78195267508687]]}, "properties": {"Corridor": "Geary Blvd", "Limits": "Collins St  -  Blake St", "BlockSide": "South", "WeekDay": "Fri", "FromHour": "6", "ToHour": "8", "Week1": "0", "Week2": "1", "Week3": "0", "Week4": "1", "Week5": "0", "Holidays": "0"}}, {"type": "Feature", "geometry": {"type": "LineString", "coordinates": [[-122.434562099056, 37.784183304664126], [-122.434658733905, 37.784111200929125], [-122.435268126338, 37.78398981055713], [-122.437720603307, 37.78368760940513], [-122.437847943562, 37.78374907910113]]}, "properties": {"Corridor": "Geary Blvd", "Limits": "Steiner St  -  Scott St", "BlockSide": "North", "WeekDay": "Thu", "FromHour": "12", "ToHour": "14", "Week1": "1", "Week2": "0", "Week3": "1", "Week4": "0", "Week5": "0", "Holidays": "0"}}, {"type": "Feature", "geometry": {"type": "LineString", "coordinates": [[-122.433407335776, 37.778453917410125], [-122.435052389688, 37.77824421284813]]}, "properties": {"Corridor": "McAllister St", "Limits": "Steiner St  -  Pierce St", "BlockSide": "North", "WeekDay": "Tues", "FromHour": "8", "ToHour": "10", "Week1": "1", "Week2": "1", "Week3": "1", "Week4": "1", "Week5": "1", "Holidays": "0"}}, {"type": "Feature", "geometry": {"type": "LineString", "coordinates": [[-122.43397315752, 37.781250243333126], [-122.43561626498, 37.78104078684613]]}, "properties": {"Corridor": "Eddy St", "Limits": "Steiner St  -  Pierce St", "BlockSide": "North", "WeekDay": "Mon", "FromHour": "6", "ToHour": "8", "Week1": "1", "Week2": "0", "Week3": "1", "Week4": "0", "Week5": "0", "Holidays": "0"}}, {"type": "Feature", "geometry": {"type": "LineString", "coordinates": [[-122.45243966048893, 37.763669482253], [-122.45227281449594, 37.762842561238]]}, "properties": {"Corridor": "Stanyan St", "Limits": "Grattan St  -  Alma St", "BlockSide": "West", "WeekDay": "Tues", "FromHour": "8", "ToHour": "10", "Week1": "1", "Week2": "0", "Week3": "0", "Week4": "0", "Week5": "0", "Holidays": "0"}}, {"type": "Feature", "geometry": {"type": "LineString", "coordinates": [[-122.428278231632, 37.76045956649487], [-122.430497033158, 37.76032586434487]]}, "properties": {"Corridor": "Hancock St", "Limits": "Church St  -  Sanchez St", "BlockSide": "South", "WeekDay": "Mon", "FromHour": "9", "ToHour": "11", "Week1": "1", "Week2": "1", "Week3": "1", "Week4": "1", "Week5": "1", "Holidays": "0"}}, {"type": "Feature", "geometry": {"type": "LineString", "coordinates": [[-122.440930034894, 37.76055937619813], [-122.441564133792, 37.76052005262213]]}, "properties": {"Corridor": "18th St", "Limits": "Hattie St  -  Clover St", "BlockSide": "North", "WeekDay": "Wed", "FromHour": "12", "ToHour": "14", "Week1": "1", "Week2": "1", "Week3": "1", "Week4": "1", "Week5": "1", "Holidays": "0"}}, {"type": "Feature", "geometry": {"type": "LineString", "coordinates": [[-122.43247560188753, 37.782349635153], [-122.43266639796354, 37.783292591474]]}, "properties": {"Corridor": "Fillmore St", "Limits": "Ellis St  -  O'Farrell St", "BlockSide": "East", "WeekDay": "Tues", "FromHour": "6", "ToHour": "8", "Week1": "0", "Week2": "1", "Week3": "0", "Week4": "1", "Week5": "0", "Holidays": "0"}}, {"type": "Feature", "geometry": {"type": "LineString", "coordinates": [[-122.45889844158495, 37.781257061325], [-122.45877140337895, 37.779333158936]]}, "properties": {"Corridor": "Arguello Blvd", "Limits": "Geary Blvd  -  Anza St", "BlockSide": "West", "WeekDay": "Tues", "FromHour": "7", "ToHour": "9", "Week1": "1", "Week2": "0", "Week3": "1", "Week4": "0", "Week5": "0", "Holidays": "0"}}, {"type": "Feature", "geometry": {"type": "LineString", "coordinates": [[-122.448879207092, 37.77842086995913], [-122.449767079055, 37.77830844918213]]}, "properties": {"Corridor": "Turk Blvd", "Limits": "Tamalpais Ter  -  Roselyn Ter", "BlockSide": "North", "WeekDay": "Wed", "FromHour": "6", "ToHour": "8", "Week1": "1", "Week2": "1", "Week3": "1", "Week4": "1", "Week5": "1", "Holidays": "0"}}, {"type": "Feature", "geometry": {"type": "LineString", "coordinates": [[-122.450334518819, 37.76763344030087], [-122.451487264677, 37.76748641674287]]}, "properties": {"Corridor": "Beulah St", "Limits": "Cole St  -  Shrader St", "BlockSide": "South", "WeekDay": "Mon", "FromHour": "8", "ToHour": "10", "Week1": "1", "Week2": "1", "Week3": "1", "Week4": "1", "Week5": "1", "Holidays": "0"}}, {"type": "Feature", "geometry": {"type": "LineString", "coordinates": [[-122.44364908623, 37.77039493002587], [-122.445344990017, 37.77017873388487]]}, "properties": {"Corridor": "Haight St", "Limits": "Central Ave  -  Masonic Ave", "BlockSide": "South", "WeekDay": "Thu", "FromHour": "6", "ToHour": "8", "Week1": "1", "Week2": "1", "Week3": "1", "Week4": "1", "Week5": "1", "Holidays": "0"}}, {"type": "Feature", "geometry": {"type": "LineString", "coordinates": [[-122.455216942399, 37.777630719825126], [-122.456050662156, 37.77753078527413]]}, "properties": {"Corridor": "Turk Blvd", "Limits": "Stanyan St  -  Rossi Ave", "BlockSide": "North", "WeekDay": "Fri", "FromHour": "8", "ToHour": "10", "Week1": "1", "Week2": "1", "Week3": "1", "Week4": "1", "Week5": "1", "Holidays": "0"}}, {"type": "Feature", "geometry": {"type": "LineString", "coordinates": [[-122.43514430376581, 37.77054808011], [-122.43533320786682, 37.771479485049]]}, "properties": {"Corridor": "Scott St", "Limits": "Waller St  -  Haight St", "BlockSide": "East", "WeekDay": "Wed", "FromHour": "12", "ToHour": "14", "Week1": "1", "Week2": "1", "Week3": "1", "Week4": "1", "Week5": "1", "Holidays": "0"}}, {"type": "Feature", "geometry": {"type": "LineString", "coordinates": [[-122.44425595914791, 37.773212067017], [-122.44444438981792, 37.77414948529]]}, "properties": {"Corridor": "Central Ave", "Limits": "Fell St  -  Hayes St", "BlockSide": "West", "WeekDay": "Fri", "FromHour": "12", "ToHour": "14", "Week1": "1", "Week2": "1", "Week3": "1", "Week4": "1", "Week5": "1", "Holidays": "0"}}, {"type": "Feature", "geometry": {"type": "LineString", "coordinates": [[-122.434562099056, 37.784183304664126], [-122.434658906495, 37.78422565950813], [-122.437751685562, 37.783833742556126], [-122.437847943562, 37.78374907910113]]}, "properties": {"Corridor": "Geary Blvd", "Limits": "Steiner St  -  Scott St", "BlockSide": "North", "WeekDay": "Wed", "FromHour": "6", "ToHour": "8", "Week1": "0", "Week2": "1", "Week3": "0", "Week4": "1", "Week5": "0", "Holidays": "0"}}, {"type": "Feature", "geometry": {"type": "LineString", "coordinates": [[-122.45010586781521, 37.766729074069], [-122.44991835918321, 37.765800029245]]}, "properties": {"Corridor": "Cole St", "Limits": "Frederick St  -  Carl St", "BlockSide": "East", "WeekDay": "Tues", "FromHour": "8", "ToHour": "10", "Week1": "1", "Week2": "1", "Week3": "1", "Week4": "1", "Week5": "1", "Holidays": "0"}}, {"type": "Feature", "geometry": {"type": "LineString", "coordinates": [[-122.449645156134, 37.76969330989013], [-122.450216975604, 37.76962038589813]]}, "properties": {"Corridor": "Haight St", "Limits": "Belvedere St  -  Cole St", "BlockSide": "North", "WeekDay": "Mon", "FromHour": "7", "ToHour": "9", "Week1": "1", "Week2": "1", "Week3": "1", "Week4": "1", "Week5": "1", "Holidays": "0"}}, {"type": "Feature", "geometry": {"type": "LineString", "coordinates": [[-122.434562099056, 37.78412042288187], [-122.434658733905, 37.78404831914687], [-122.435268126338, 37.783926928774875], [-122.437720603307, 37.78362472762287], [-122.437847943562, 37.78368619731887]]}, "properties": {"Corridor": "Geary Blvd", "Limits": "Steiner St  -  Scott St", "BlockSide": "South", "WeekDay": "Tues", "FromHour": "6", "ToHour": "8", "Week1": "0", "Week2": "1", "Week3": "0", "Week4": "1", "Week5": "0", "Holidays": "0"}}, {"type": "Feature", "geometry": {"type": "LineString", "coordinates": [[-122.450874160631, 37.76304733506113], [-122.452233043483, 37.76287400212913]]}, "properties": {"Corridor": "Alma St", "Limits": "Shrader St  -  Stanyan St", "BlockSide": "North", "WeekDay": "Fri", "FromHour": "8", "ToHour": "10", "Week1": "1", "Week2": "0", "Week3": "0", "Week4": "0", "Week5": "0", "Holidays": "0"}}, {"type": "Feature", "geometry": {"type": "LineString", "coordinates": [[-122.428802102088, 37.77228440570687], [-122.430433918182, 37.772076817447875]]}, "properties": {"Corridor": "Haight St", "Limits": "Webster St  -  Fillmore St", "BlockSide": "South", "WeekDay": "Wed", "FromHour": "8", "ToHour": "10", "Week1": "1", "Week2": "1", "Week3": "1", "Week4": "1", "Week5": "1", "Holidays": "0"}}, {"type": "Feature", "geometry": {"type": "LineString", "coordinates": [[-122.453442356695, 37.77178721691813], [-122.45342760883, 37.771903622069125], [-122.453466754455, 37.77196823674813], [-122.453556605751, 37.771997752533125], [-122.453968601427, 37.771945626046126], [-122.454083217588, 37.77196184519613]]}, "properties": {"Corridor": "Fell Access Rd", "Limits": "Fell St  -  Stanyan St", "BlockSide": "North", "WeekDay": "Mon", "FromHour": "7", "ToHour": "9", "Week1": "1", "Week2": "1", "Week3": "1", "Week4": "1", "Week5": "1", "Holidays": "0"}}, {"type": "Feature", "geometry": {"type": "LineString", "coordinates": [[-122.44371057317275, 37.76088027761812], [-122.44348892580875, 37.76053144185412]]}, "properties": {"Corridor": "Danvers St", "Limits": "Merritt St  -  Market St", "BlockSide": "NorthEast", "WeekDay": "Wed", "FromHour": "8", "ToHour": "10", "Week1": "1", "Week2": "1", "Week3": "1", "Week4": "1", "Week5": "1", "Holidays": "0"}}, {"type": "Feature", "geometry": {"type": "LineString", "coordinates": [[-122.43298890784851, 37.762618199568], [-122.43291116527652, 37.76182051848]]}, "properties": {"Corridor": "Noe St", "Limits": "17th St  -  Ford St", "BlockSide": "West", "WeekDay": "Fri", "FromHour": "9", "ToHour": "11", "Week1": "1", "Week2": "1", "Week3": "1", "Week4": "1", "Week5": "1", "Holidays": "0"}}, {"type": "Feature", "geometry": {"type": "LineString", "coordinates": [[-122.45321016808796, 37.781717428504], [-122.45293529787297, 37.780363045152]]}, "properties": {"Corridor": "Spruce St", "Limits": "Geary Blvd  -  Anza St", "BlockSide": "West", "WeekDay": "Fri", "FromHour": "8", "ToHour": "10", "Week1": "1", "Week2": "1", "Week3": "1", "Week4": "1", "Week5": "1", "Holidays": "0"}}, {"type": "Feature", "geometry": {"type": "LineString", "coordinates": [[-122.444871600426, 37.76047903871887], [-122.445309433326, 37.76044935907087]]}, "properties": {"Corridor": "Deming St", "Limits": "Start: 01-43 Block  -  Uranus Ter", "BlockSide": "South", "WeekDay": "Wed", "FromHour": "8", "ToHour": "10", "Week1": "1", "Week2": "1", "Week3": "1", "Week4": "1", "Week5": "1", "Holidays": "0"}}, {"type": "Feature", "geometry": {"type": "LineString", "coordinates": [[-122.43565604579386, 37.781009345955], [-122.43585352273287, 37.781940324487]]}, "properties": {"Corridor": "Pierce St", "Limits": "Eddy St  -  Ellis St", "BlockSide": "West", "WeekDay": "Fri", "FromHour": "6", "ToHour": "8", "Week1": "1", "Week2": "0", "Week3": "1", "Week4": "0", "Week5": "0", "Holidays": "0"}}, {"type": "Feature", "geometry": {"type": "LineString", "coordinates": [[-122.45544066946, 37.77564273889913], [-122.456472700138, 37.775514706047126]]}, "properties": {"Corridor": "McAllister St", "Limits": "Parsons St  -  Willard North St", "BlockSide": "North", "WeekDay": "Fri", "FromHour": "8", "ToHour": "10", "Week1": "1", "Week2": "1", "Week3": "1", "Week4": "1", "Week5": "1", "Holidays": "0"}}, {"type": "Feature", "geometry": {"type": "LineString", "coordinates": [[-122.44169902764176, 37.780129615052], [-122.44171196048777, 37.780281664241], [-122.44176094290677, 37.780597192325], [-122.44188490601876, 37.781003276819], [-122.44208786799476, 37.78152887537]]}, "properties": {"Corridor": "Baker St", "Limits": "Pinar Ln  -  Terra Vista Ave", "BlockSide": "East", "WeekDay": "Fri", "FromHour": "9", "ToHour": "11", "Week1": "1", "Week2": "1", "Week3": "1", "Week4": "1", "Week5": "1", "Holidays": "0"}}, {"type": "Feature", "geometry": {"type": "LineString", "coordinates": [[-122.430882152608, 37.76434206937587], [-122.431700287442, 37.76429257168987]]}, "properties": {"Corridor": "16th St", "Limits": "Sanchez St  -  Prosper St", "BlockSide": "South", "WeekDay": "Thu", "FromHour": "12", "ToHour": "14", "Week1": "1", "Week2": "1", "Week3": "1", "Week4": "1", "Week5": "1", "Holidays": "0"}}, {"type": "Feature", "geometry": {"type": "LineString", "coordinates": [[-122.440357705342, 37.77081599352787], [-122.441997762484, 37.770606194647875]]}, "properties": {"Corridor": "Haight St", "Limits": "Baker St  -  Lyon St", "BlockSide": "South", "WeekDay": "Tues", "FromHour": "12", "ToHour": "14", "Week1": "1", "Week2": "1", "Week3": "1", "Week4": "1", "Week5": "1", "Holidays": "0"}}, {"type": "Feature", "geometry": {"type": "LineString", "coordinates": [[-122.4429454452, 37.77526408802287], [-122.44459286247, 37.77505464604187]]}, "properties": {"Corridor": "Grove St", "Limits": "Lyon St  -  Central Ave", "BlockSide": "South", "WeekDay": "Thu", "FromHour": "9", "ToHour": "11", "Week1": "1", "Week2": "1", "Week3": "1", "Week4": "1", "Week5": "1", "Holidays": "0"}}, {"type": "Feature", "geometry": {"type": "LineString", "coordinates": [[-122.43967851777603, 37.783846585463], [-122.43975249348303, 37.784230676109], [-122.43972446071002, 37.784318673891]]}, "properties": {"Corridor": "Divisadero St", "Limits": "Garden St  -  Post St", "BlockSide": "West", "WeekDay": "Wed", "FromHour": "6", "ToHour": "8", "Week1": "1", "Week2": "1", "Week3": "1", "Week4": "1", "Week5": "1", "Holidays": "0"}}, {"type": "Feature", "geometry": {"type": "LineString", "coordinates": [[-122.44129972109748, 37.781235467533], [-122.44147235229349, 37.782095823686], [-122.44163185746548, 37.782233946706]]}, "properties": {"Corridor": "Saint Joseph's Ave", "Limits": "Ellis St  -  O'Farrell St", "BlockSide": "East", "WeekDay": "Wed", "FromHour": "9", "ToHour": "11", "Week1": "1", "Week2": "1", "Week3": "1", "Week4": "1", "Week5": "1", "Holidays": "0"}}, {"type": "Feature", "geometry": {"type": "LineString", "coordinates": [[-122.437298719291, 37.761926915462126], [-122.437404697376, 37.76194585538913], [-122.437867386898, 37.76186192942913], [-122.438258379833, 37.76179195037613], [-122.438362146212, 37.761735240540126]]}, "properties": {"Corridor": "Market St", "Limits": "Diamond St  -  Eureka St", "BlockSide": "North", "WeekDay": "Wed", "FromHour": "8", "ToHour": "10", "Week1": "1", "Week2": "1", "Week3": "1", "Week4": "1", "Week5": "1", "Holidays": "0"}}, {"type": "Feature", "geometry": {"type": "LineString", "coordinates": [[-122.4449268364811, 37.77695766777], [-122.4451159740251, 37.777886506669]]}, "properties": {"Corridor": "Central Ave", "Limits": "McAllister St  -  Golden Gate Ave", "BlockSide": "East", "WeekDay": "Wed", "FromHour": "12", "ToHour": "14", "Week1": "1", "Week2": "1", "Week3": "1", "Week4": "1", "Week5": "1", "Holidays": "0"}}, {"type": "Feature", "geometry": {"type": "LineString", "coordinates": [[-122.447039806491, 37.77865374843013], [-122.447997721726, 37.77853247455513]]}, "properties": {"Corridor": "Turk Blvd", "Limits": "Masonic Ave  -  Annapolis Ter", "BlockSide": "North", "WeekDay": "Wed", "FromHour": "6", "ToHour": "8", "Week1": "1", "Week2": "1", "Week3": "1", "Week4": "1", "Week5": "1", "Holidays": "0"}}, {"type": "Feature", "geometry": {"type": "LineString", "coordinates": [[-122.441041163222, 37.76170111412713], [-122.441187082085, 37.76165074429613], [-122.441951723365, 37.76170575447413], [-122.442193179947, 37.76170854087313], [-122.442653559097, 37.761791583114125], [-122.442879386029, 37.76175505085013]]}, "properties": {"Corridor": "Corbett Ave", "Limits": "Hattie St  -  Corbin Pl", "BlockSide": "North", "WeekDay": "Wed", "FromHour": "8", "ToHour": "10", "Week1": "1", "Week2": "1", "Week3": "1", "Week4": "1", "Week5": "1", "Holidays": "0"}}, {"type": "Feature", "geometry": {"type": "LineString", "coordinates": [[-122.44118862476536, 37.78029273919], [-122.44137928254736, 37.781235467533]]}, "properties": {"Corridor": "Saint Joseph's Ave", "Limits": "Eddy St  -  Ellis St", "BlockSide": "West", "WeekDay": "Fri", "FromHour": "9", "ToHour": "11", "Week1": "1", "Week2": "1", "Week3": "1", "Week4": "1", "Week5": "1", "Holidays": "0"}}, {"type": "Feature", "geometry": {"type": "LineString", "coordinates": [[-122.44437851440688, 37.76053619708612], [-122.44477391844389, 37.76015549393612], [-122.44566224811788, 37.75972874776312], [-122.44589200613588, 37.75950575968812]]}, "properties": {"Corridor": "Corbett Ave", "Limits": "Mars St  -  19th St", "BlockSide": "NorthWest", "WeekDay": "Wed", "FromHour": "8", "ToHour": "10", "Week1": "1", "Week2": "1", "Week3": "1", "Week4": "1", "Week5": "1", "Holidays": "0"}}, {"type": "Feature", "geometry": {"type": "LineString", "coordinates": [[-122.435052314588, 37.76986695364787], [-122.43620417999, 37.769719344426875]]}, "properties": {"Corridor": "Lloyd St", "Limits": "Scott St  -  Castro St", "BlockSide": "South", "WeekDay": "Wed", "FromHour": "12", "ToHour": "14", "Week1": "1", "Week2": "1", "Week3": "1", "Week4": "1", "Week5": "1", "Holidays": "0"}}, {"type": "Feature", "geometry": {"type": "LineString", "coordinates": [[-122.44628700561987, 37.784438312616], [-122.44607280823587, 37.78350919879]]}, "properties": {"Corridor": "Presidio Ave", "Limits": "Sutter St  -  Post St", "BlockSide": "West", "WeekDay": "Tues", "FromHour": "6", "ToHour": "8", "Week1": "1", "Week2": "1", "Week3": "1", "Week4": "1", "Week5": "1", "Holidays": "0"}}, {"type": "Feature", "geometry": {"type": "LineString", "coordinates": [[-122.450216975604, 37.76962038589813], [-122.450710180318, 37.76955748527013]]}, "properties": {"Corridor": "Haight St", "Limits": "Cole St  -  Cole St", "BlockSide": "North", "WeekDay": "Mon", "FromHour": "7", "ToHour": "9", "Week1": "1", "Week2": "1", "Week3": "1", "Week4": "1", "Week5": "1", "Holidays": "0"}}, {"type": "Feature", "geometry": {"type": "LineString", "coordinates": [[-122.430712994763, 37.777809477095], [-122.431574642405, 37.777699925082]]}, "properties": {"Corridor": "Fulton St", "Limits": "Friendship Ct  -  Fillmore St", "BlockSide": "", "WeekDay": "Tues", "FromHour": "8", "ToHour": "10", "Week1": "1", "Week2": "1", "Week3": "1", "Week4": "1", "Week5": "1", "Holidays": "0"}}, {"type": "Feature", "geometry": {"type": "LineString", "coordinates": [[-122.445309433326, 37.76044935907087], [-122.446343474129, 37.76037925711587]]}, "properties": {"Corridor": "Deming St", "Limits": "Uranus Ter  -  Clayton St", "BlockSide": "South", "WeekDay": "Wed", "FromHour": "8", "ToHour": "10", "Week1": "1", "Week2": "1", "Week3": "1", "Week4": "1", "Week5": "1", "Holidays": "0"}}, {"type": "Feature", "geometry": {"type": "LineString", "coordinates": [[-122.43218017019703, 37.780496260511], [-122.43236876207503, 37.781428371173]]}, "properties": {"Corridor": "Fillmore St", "Limits": "Turk St  -  Eddy St", "BlockSide": "West", "WeekDay": "Fri", "FromHour": "6", "ToHour": "8", "Week1": "0", "Week2": "1", "Week3": "0", "Week4": "1", "Week5": "0", "Holidays": "0"}}, {"type": "Feature", "geometry": {"type": "LineString", "coordinates": [[-122.45401929756149, 37.771428395344], [-122.45394223005448, 37.771053837798]]}, "properties": {"Corridor": "Stanyan St", "Limits": "Fell St  -  Oak St", "BlockSide": "West", "WeekDay": "Wed", "FromHour": "6", "ToHour": "8", "Week1": "1", "Week2": "1", "Week3": "1", "Week4": "1", "Week5": "1", "Holidays": "0"}}, {"type": "Feature", "geometry": {"type": "LineString", "coordinates": [[-122.45773304353, 37.78128314517987], [-122.45781128481, 37.78121198670387], [-122.458707855012, 37.781169425437874], [-122.458858661406, 37.78122562043387]]}, "properties": {"Corridor": "Geary Blvd", "Limits": "Palm Ave  -  Arguello Blvd", "BlockSide": "South", "WeekDay": "Mon", "FromHour": "6", "ToHour": "8", "Week1": "1", "Week2": "1", "Week3": "1", "Week4": "1", "Week5": "1", "Holidays": "0"}}, {"type": "Feature", "geometry": {"type": "LineString", "coordinates": [[-122.443865815495, 37.767567292965126], [-122.444731540167, 37.767457317005125]]}, "properties": {"Corridor": "Frederick St", "Limits": "Buena Vista West Ave  -  Masonic Ave", "BlockSide": "North", "WeekDay": "Mon", "FromHour": "8", "ToHour": "10", "Week1": "1", "Week2": "1", "Week3": "1", "Week4": "1", "Week5": "1", "Holidays": "0"}}, {"type": "Feature", "geometry": {"type": "LineString", "coordinates": [[-122.43115134629342, 37.767595241206], [-122.43107471499943, 37.766796198884]]}, "properties": {"Corridor": "Sanchez St", "Limits": "14th St  -  Henry St", "BlockSide": "East", "WeekDay": "Fri", "FromHour": "8", "ToHour": "10", "Week1": "1", "Week2": "1", "Week3": "1", "Week4": "1", "Week5": "1", "Holidays": "0"}}, {"type": "Feature", "geometry": {"type": "LineString", "coordinates": [[-122.43247560188753, 37.782349635153], [-122.43266639796354, 37.783292591474]]}, "properties": {"Corridor": "Fillmore St", "Limits": "Ellis St  -  O'Farrell St", "BlockSide": "East", "WeekDay": "Thu", "FromHour": "6", "ToHour": "8", "Week1": "0", "Week2": "1", "Week3": "0", "Week4": "1", "Week5": "0", "Holidays": "0"}}, {"type": "Feature", "geometry": {"type": "LineString", "coordinates": [[-122.447301513476, 37.78242308297513], [-122.447366432676, 37.78258618440313], [-122.448063773939, 37.782514042424125]]}, "properties": {"Corridor": "Geary Blvd", "Limits": "Masonic Ave  -  Emerson St", "BlockSide": "North", "WeekDay": "Tues", "FromHour": "6", "ToHour": "8", "Week1": "1", "Week2": "1", "Week3": "1", "Week4": "1", "Week5": "1", "Holidays": "0"}}, {"type": "Feature", "geometry": {"type": "LineString", "coordinates": [[-122.447351927474, 37.78012062026587], [-122.448179507618, 37.78001606795187]]}, "properties": {"Corridor": "Ewing Ter", "Limits": "Masonic Ave  -  Ewing Ter", "BlockSide": "South", "WeekDay": "Fri", "FromHour": "9", "ToHour": "11", "Week1": "1", "Week2": "1", "Week3": "1", "Week4": "1", "Week5": "1", "Holidays": "0"}}, {"type": "Feature", "geometry": {"type": "LineString", "coordinates": [[-122.43759367126684, 37.78266289972], [-122.43780816182485, 37.78371763821]]}, "properties": {"Corridor": "Scott St", "Limits": "O'Farrell St  -  Geary Blvd", "BlockSide": "East", "WeekDay": "Thu", "FromHour": "6", "ToHour": "8", "Week1": "1", "Week2": "1", "Week3": "1", "Week4": "1", "Week5": "1", "Holidays": "0"}}, {"type": "Feature", "geometry": {"type": "LineString", "coordinates": [[-122.4370058366966, 37.771267424403], [-122.4369695988776, 37.771348361327], [-122.43713402861759, 37.77213714976], [-122.4371951560786, 37.772203712438]]}, "properties": {"Corridor": "Divisadero St", "Limits": "Haight St  -  Page St", "BlockSide": "East", "WeekDay": "Tues", "FromHour": "6", "ToHour": "8", "Week1": "1", "Week2": "1", "Week3": "1", "Week4": "1", "Week5": "1", "Holidays": "0"}}, {"type": "Feature", "geometry": {"type": "LineString", "coordinates": [[-122.43386381010711, 37.760954739091], [-122.43370477528211, 37.759356307644]]}, "properties": {"Corridor": "Hartford St", "Limits": "18th St  -  19th St", "BlockSide": "East", "WeekDay": "Fri", "FromHour": "8", "ToHour": "10", "Week1": "1", "Week2": "1", "Week3": "1", "Week4": "1", "Week5": "1", "Holidays": "0"}}, {"type": "Feature", "geometry": {"type": "LineString", "coordinates": [[-122.44780219477, 37.777577648629126], [-122.448683318517, 37.77746433331713]]}, "properties": {"Corridor": "Golden Gate Ave", "Limits": "Annapolis Ter  -  Tamalpais Ter", "BlockSide": "North", "WeekDay": "Thu", "FromHour": "6", "ToHour": "8", "Week1": "1", "Week2": "1", "Week3": "1", "Week4": "1", "Week5": "1", "Holidays": "0"}}, {"type": "Feature", "geometry": {"type": "LineString", "coordinates": [[-122.43079627222896, 37.76599149909488], [-122.43092662158595, 37.76597139669488], [-122.43098650991496, 37.76592798827088], [-122.43099734778195, 37.76584575450988]]}, "properties": {"Corridor": "Market St", "Limits": "15th St  -  Sanchez St", "BlockSide": "SouthEast", "WeekDay": "Sun", "FromHour": "8", "ToHour": "9", "Week1": "1", "Week2": "1", "Week3": "1", "Week4": "1", "Week5": "1", "Holidays": "0"}}, {"type": "Feature", "geometry": {"type": "LineString", "coordinates": [[-122.43134464502057, 37.776759677727], [-122.43153486387557, 37.777699925082]]}, "properties": {"Corridor": "Fillmore St", "Limits": "Grove St  -  Fulton St", "BlockSide": "East", "WeekDay": "Wed", "FromHour": "8", "ToHour": "10", "Week1": "1", "Week2": "1", "Week3": "1", "Week4": "1", "Week5": "1", "Holidays": "0"}}, {"type": "Feature", "geometry": {"type": "LineString", "coordinates": [[-122.4427150883553, 37.774358832264], [-122.4429056679633, 37.775295528914]]}, "properties": {"Corridor": "Lyon St", "Limits": "Hayes St  -  Grove St", "BlockSide": "East", "WeekDay": "Fri", "FromHour": "12", "ToHour": "14", "Week1": "1", "Week2": "1", "Week3": "1", "Week4": "1", "Week5": "1", "Holidays": "0"}}, {"type": "Feature", "geometry": {"type": "LineString", "coordinates": [[-122.4436548307889, 37.766954286028], [-122.4437237387579, 37.767066559005], [-122.4438260423689, 37.767535852074]]}, "properties": {"Corridor": "Buena Vista Ave West", "Limits": "Java St  -  Frederick St", "BlockSide": "East", "WeekDay": "Thu", "FromHour": "9", "ToHour": "11", "Week1": "1", "Week2": "1", "Week3": "1", "Week4": "1", "Week5": "1", "Holidays": "0"}}, {"type": "Feature", "geometry": {"type": "LineString", "coordinates": [[-122.458998400743, 37.783220105807125], [-122.460137198557, 37.78316792929413]]}, "properties": {"Corridor": "Clement St", "Limits": "Arguello Blvd  -  02nd Ave", "BlockSide": "North", "WeekDay": "Fri", "FromHour": "7", "ToHour": "8", "Week1": "1", "Week2": "0", "Week3": "1", "Week4": "0", "Week5": "1", "Holidays": "0"}}, {"type": "Feature", "geometry": {"type": "LineString", "coordinates": [[-122.437798747067, 37.77496050695587], [-122.439466217311, 37.77474679525887]]}, "properties": {"Corridor": "Hayes St", "Limits": "Divisadero St  -  Broderick St", "BlockSide": "South", "WeekDay": "Thu", "FromHour": "9", "ToHour": "11", "Week1": "1", "Week2": "1", "Week3": "1", "Week4": "1", "Week5": "1", "Holidays": "0"}}, {"type": "Feature", "geometry": {"type": "LineString", "coordinates": [[-122.45485800917778, 37.780116945113], [-122.45462048475979, 37.778937788885]]}, "properties": {"Corridor": "Beaumont Ave", "Limits": "Anza St  -  Lone Mountain Ter", "BlockSide": "West", "WeekDay": "Fri", "FromHour": "8", "ToHour": "10", "Week1": "1", "Week2": "1", "Week3": "1", "Week4": "1", "Week5": "1", "Holidays": "0"}}, {"type": "Feature", "geometry": {"type": "LineString", "coordinates": [[-122.44810770696779, 37.775599294574], [-122.44820402285879, 37.775662057974], [-122.4483606282948, 37.776426819252]]}, "properties": {"Corridor": "Hemway Ter", "Limits": "Fulton St  -  End: 01-99 Block", "BlockSide": "West", "WeekDay": "Wed", "FromHour": "9", "ToHour": "11", "Week1": "1", "Week2": "1", "Week3": "1", "Week4": "1", "Week5": "1", "Holidays": "0"}}, {"type": "Feature", "geometry": {"type": "LineString", "coordinates": [[-122.43746271626762, 37.77313349266], [-122.43752581149762, 37.773213673653], [-122.43767807022662, 37.773977498984], [-122.43765040043762, 37.774061646375]]}, "properties": {"Corridor": "Divisadero St", "Limits": "Oak St  -  Fell St", "BlockSide": "West", "WeekDay": "Fri", "FromHour": "6", "ToHour": "8", "Week1": "1", "Week2": "1", "Week3": "1", "Week4": "1", "Week5": "1", "Holidays": "0"}}, {"type": "Feature", "geometry": {"type": "LineString", "coordinates": [[-122.4309973481351, 37.76584575450988], [-122.4310964349911, 37.76565098798688], [-122.4327367070821, 37.76435173048288], [-122.4330463480521, 37.76417348135488]]}, "properties": {"Corridor": "Market St", "Limits": "Sanchez St  -  16th St", "BlockSide": "SouthEast", "WeekDay": "Tues", "FromHour": "2", "ToHour": "6", "Week1": "1", "Week2": "1", "Week3": "1", "Week4": "1", "Week5": "1", "Holidays": "1"}}, {"type": "Feature", "geometry": {"type": "LineString", "coordinates": [[-122.440735147717, 37.77268143263887], [-122.442377976937, 37.77247287501487]]}, "properties": {"Corridor": "Oak St", "Limits": "Baker St  -  Lyon St", "BlockSide": "South", "WeekDay": "Tues", "FromHour": "12", "ToHour": "14", "Week1": "1", "Week2": "1", "Week3": "1", "Week4": "1", "Week5": "1", "Holidays": "0"}}, {"type": "Feature", "geometry": {"type": "LineString", "coordinates": [[-122.439297624947, 37.78248192172113], [-122.440963130282, 37.78227067132413]]}, "properties": {"Corridor": "O'Farrell St", "Limits": "Divisadero St  -  Broderick St", "BlockSide": "North", "WeekDay": "Tues", "FromHour": "6", "ToHour": "8", "Week1": "1", "Week2": "0", "Week3": "1", "Week4": "0", "Week5": "0", "Holidays": "0"}}, {"type": "Feature", "geometry": {"type": "LineString", "coordinates": [[-122.439336813302, 37.76065816388313], [-122.440010891537, 37.760616370230125]]}, "properties": {"Corridor": "18th St", "Limits": "Douglass St  -  Ord St", "BlockSide": "North", "WeekDay": "Wed", "FromHour": "12", "ToHour": "14", "Week1": "1", "Week2": "1", "Week3": "1", "Week4": "1", "Week5": "1", "Holidays": "0"}}, {"type": "Feature", "geometry": {"type": "LineString", "coordinates": [[-122.43439017765508, 37.783083017553], [-122.43460188102307, 37.784151863773]]}, "properties": {"Corridor": "Steiner St", "Limits": "O'Farrell St  -  Geary Blvd", "BlockSide": "West", "WeekDay": "Tues", "FromHour": "6", "ToHour": "8", "Week1": "0", "Week2": "1", "Week3": "0", "Week4": "1", "Week5": "0", "Holidays": "0"}}, {"type": "Feature", "geometry": {"type": "LineString", "coordinates": [[-122.44468284069868, 37.783686463642], [-122.44487112576968, 37.784617014829]]}, "properties": {"Corridor": "Lyon St", "Limits": "Post St  -  Sutter St", "BlockSide": "West", "WeekDay": "Mon", "FromHour": "9", "ToHour": "11", "Week1": "1", "Week2": "0", "Week3": "1", "Week4": "0", "Week5": "0", "Holidays": "0"}}, {"type": "Feature", "geometry": {"type": "LineString", "coordinates": [[-122.45493859763332, 37.776322359192], [-122.45480685475532, 37.775684989809]]}, "properties": {"Corridor": "Stanyan St", "Limits": "Paramount Ter  -  McAllister St", "BlockSide": "East", "WeekDay": "Thu", "FromHour": "6", "ToHour": "8", "Week1": "1", "Week2": "1", "Week3": "1", "Week4": "1", "Week5": "1", "Holidays": "0"}}, {"type": "Feature", "geometry": {"type": "LineString", "coordinates": [[-122.451119860207, 37.78195267508687], [-122.451205860743, 37.78186388231387], [-122.452040288745, 37.78176147633587], [-122.452143124058, 37.78182185094887]]}, "properties": {"Corridor": "Geary Blvd", "Limits": "Blake St  -  Cook St", "BlockSide": "South", "WeekDay": "Fri", "FromHour": "6", "ToHour": "8", "Week1": "0", "Week2": "1", "Week3": "0", "Week4": "1", "Week5": "0", "Holidays": "0"}}, {"type": "Feature", "geometry": {"type": "LineString", "coordinates": [[-122.44317223236379, 37.77622603633], [-122.4433608335208, 37.777164445863]]}, "properties": {"Corridor": "Lyon St", "Limits": "Fulton St  -  McAllister St", "BlockSide": "West", "WeekDay": "Wed", "FromHour": "12", "ToHour": "14", "Week1": "1", "Week2": "1", "Week3": "1", "Week4": "1", "Week5": "1", "Holidays": "0"}}, {"type": "Feature", "geometry": {"type": "LineString", "coordinates": [[-122.451487264677, 37.767549298525125], [-122.453164789755, 37.76733833605413]]}, "properties": {"Corridor": "Beulah St", "Limits": "Shrader St  -  Stanyan St", "BlockSide": "North", "WeekDay": "Tues", "FromHour": "8", "ToHour": "10", "Week1": "1", "Week2": "1", "Week3": "1", "Week4": "1", "Week5": "1", "Holidays": "0"}}, {"type": "Feature", "geometry": {"type": "LineString", "coordinates": [[-122.4479579427694, 37.778501033664], [-122.44776241581341, 37.777546207738]]}, "properties": {"Corridor": "Annapolis Ter", "Limits": "Turk Blvd  -  Golden Gate Ave", "BlockSide": "East", "WeekDay": "Wed", "FromHour": "8", "ToHour": "10", "Week1": "1", "Week2": "1", "Week3": "1", "Week4": "1", "Week5": "1", "Holidays": "0"}}, {"type": "Feature", "geometry": {"type": "LineString", "coordinates": [[-122.45322810592708, 37.776853425511], [-122.45300360328308, 37.775750129327]]}, "properties": {"Corridor": "Parker Ave", "Limits": "Golden Gate Ave  -  McAllister St", "BlockSide": "West", "WeekDay": "Mon", "FromHour": "6", "ToHour": "8", "Week1": "1", "Week2": "1", "Week3": "1", "Week4": "1", "Week5": "1", "Holidays": "0"}}, {"type": "Feature", "geometry": {"type": "LineString", "coordinates": [[-122.43431061372092, 37.783083017553], [-122.43452231708892, 37.784151863773]]}, "properties": {"Corridor": "Steiner St", "Limits": "O'Farrell St  -  Geary Blvd", "BlockSide": "East", "WeekDay": "Mon", "FromHour": "6", "ToHour": "8", "Week1": "1", "Week2": "0", "Week3": "1", "Week4": "0", "Week5": "0", "Holidays": "0"}}, {"type": "Feature", "geometry": {"type": "LineString", "coordinates": [[-122.44840120401574, 37.765035908137], [-122.44823418159274, 37.764196132275]]}, "properties": {"Corridor": "Belvedere St", "Limits": "Parnassus Ave  -  Grattan St", "BlockSide": "East", "WeekDay": "Wed", "FromHour": "9", "ToHour": "11", "Week1": "1", "Week2": "0", "Week3": "0", "Week4": "0", "Week5": "0", "Holidays": "0"}}, {"type": "Feature", "geometry": {"type": "LineString", "coordinates": [[-122.42897669018512, 37.76752669142512], [-122.42921008750312, 37.76743559951512], [-122.43077707021213, 37.76619895884312], [-122.43085251876113, 37.766035962803116]]}, "properties": {"Corridor": "Market St", "Limits": "Church St  -  15th St", "BlockSide": "NorthWest", "WeekDay": "Sat", "FromHour": "2", "ToHour": "6", "Week1": "1", "Week2": "1", "Week3": "1", "Week4": "1", "Week5": "1", "Holidays": "1"}}, {"type": "Feature", "geometry": {"type": "LineString", "coordinates": [[-122.4471624755183, 37.770934640933], [-122.44697359401229, 37.770007605561]]}, "properties": {"Corridor": "Ashbury St", "Limits": "Page St  -  Haight St", "BlockSide": "West", "WeekDay": "Fri", "FromHour": "8", "ToHour": "10", "Week1": "1", "Week2": "1", "Week3": "1", "Week4": "1", "Week5": "1", "Holidays": "0"}}, {"type": "Feature", "geometry": {"type": "LineString", "coordinates": [[-122.43180299962779, 37.778632037466], [-122.43199158203979, 37.779564149041]]}, "properties": {"Corridor": "Fillmore St", "Limits": "McAllister St  -  Golden Gate Ave", "BlockSide": "West", "WeekDay": "Mon", "FromHour": "6", "ToHour": "8", "Week1": "1", "Week2": "0", "Week3": "1", "Week4": "0", "Week5": "0", "Holidays": "0"}}, {"type": "Feature", "geometry": {"type": "LineString", "coordinates": [[-122.44388221543618, 37.781389990877116], [-122.44399364144218, 37.781365633934115], [-122.44422248855517, 37.781290237282114], [-122.44443713900617, 37.78119119986812], [-122.44464671105717, 37.78107479979112]]}, "properties": {"Corridor": "Terra Vista Ave", "Limits": "Encanto Ave  -  Barcelona Ave", "BlockSide": "NorthWest", "WeekDay": "Thu", "FromHour": "12", "ToHour": "14", "Week1": "1", "Week2": "1", "Week3": "1", "Week4": "1", "Week5": "1", "Holidays": "0"}}, {"type": "Feature", "geometry": {"type": "LineString", "coordinates": [[-122.428968772429, 37.76776061127413], [-122.43008145406, 37.76769356131913]]}, "properties": {"Corridor": "14th St", "Limits": "Church St  -  Belcher St", "BlockSide": "North", "WeekDay": "Mon", "FromHour": "9", "ToHour": "11", "Week1": "1", "Week2": "1", "Week3": "1", "Week4": "1", "Week5": "1", "Holidays": "0"}}, {"type": "Feature", "geometry": {"type": "LineString", "coordinates": [[-122.441300063688, 37.775536128647126], [-122.4429454452, 37.77532696980513]]}, "properties": {"Corridor": "Grove St", "Limits": "Baker St  -  Lyon St", "BlockSide": "North", "WeekDay": "Tues", "FromHour": "9", "ToHour": "11", "Week1": "1", "Week2": "1", "Week3": "1", "Week4": "1", "Week5": "1", "Holidays": "0"}}, {"type": "Feature", "geometry": {"type": "LineString", "coordinates": [[-122.451213061906, 37.76465092308087], [-122.452569353691, 37.764477920486875]]}, "properties": {"Corridor": "Parnassus Ave", "Limits": "Shrader St  -  Stanyan St", "BlockSide": "South", "WeekDay": "Thu", "FromHour": "9", "ToHour": "11", "Week1": "1", "Week2": "0", "Week3": "0", "Week4": "0", "Week5": "0", "Holidays": "0"}}, {"type": "Feature", "geometry": {"type": "LineString", "coordinates": [[-122.455123871272, 37.77699480865687], [-122.456745900384, 37.77679358478187]]}, "properties": {"Corridor": "Golden Gate Ave", "Limits": "Stanyan St  -  Willard North St", "BlockSide": "South", "WeekDay": "Fri", "FromHour": "8", "ToHour": "10", "Week1": "1", "Week2": "1", "Week3": "1", "Week4": "1", "Week5": "1", "Holidays": "0"}}, {"type": "Feature", "geometry": {"type": "LineString", "coordinates": [[-122.44292291405861, 37.763655727120884], [-122.4428865137296, 37.76362580513288], [-122.44288821124661, 37.76357945318188], [-122.44293877129061, 37.76349305142188], [-122.4430631370986, 37.763422569597886], [-122.44318599772761, 37.76339482260188], [-122.44355224601061, 37.76335803611888], [-122.4436677108696, 37.763293001253885], [-122.44376734770661, 37.763273364253884]]}, "properties": {"Corridor": "Roosevelt Way", "Limits": "Clifford Ter  -  Lower Ter", "BlockSide": "SouthEast", "WeekDay": "Tues", "FromHour": "10", "ToHour": "12", "Week1": "1", "Week2": "1", "Week3": "1", "Week4": "1", "Week5": "1", "Holidays": "0"}}, {"type": "Feature", "geometry": {"type": "LineString", "coordinates": [[-122.44624389751839, 37.774871102729], [-122.4460519501444, 37.773935371748]]}, "properties": {"Corridor": "Masonic Ave", "Limits": "Grove St  -  Hayes St", "BlockSide": "East", "WeekDay": "Thu", "FromHour": "6", "ToHour": "8", "Week1": "1", "Week2": "1", "Week3": "1", "Week4": "1", "Week5": "1", "Holidays": "0"}}, {"type": "Feature", "geometry": {"type": "LineString", "coordinates": [[-122.450973754365, 37.77328420383487], [-122.452623844584, 37.773074692480876]]}, "properties": {"Corridor": "Hayes St", "Limits": "Cole St  -  Shrader St", "BlockSide": "South", "WeekDay": "Tues", "FromHour": "8", "ToHour": "10", "Week1": "1", "Week2": "1", "Week3": "1", "Week4": "1", "Week5": "1", "Holidays": "0"}}, {"type": "Feature", "geometry": {"type": "LineString", "coordinates": [[-122.452810237136, 37.774963877638875], [-122.453003330429, 37.77493931372387]]}, "properties": {"Corridor": "Fulton St", "Limits": "Parker Ave  -  Shrader St", "BlockSide": "South", "WeekDay": "Fri", "FromHour": "8", "ToHour": "10", "Week1": "1", "Week2": "1", "Week3": "1", "Week4": "1", "Week5": "1", "Holidays": "0"}}, {"type": "Feature", "geometry": {"type": "LineString", "coordinates": [[-122.454175993557, 37.78163026237113], [-122.454282627591, 37.78168618200813], [-122.455210987201, 37.78156760643213], [-122.45528074961, 37.78149010173113]]}, "properties": {"Corridor": "Geary Blvd", "Limits": "Parker Ave  -  Beaumont Ave", "BlockSide": "North", "WeekDay": "Tues", "FromHour": "6", "ToHour": "8", "Week1": "1", "Week2": "1", "Week3": "1", "Week4": "1", "Week5": "1", "Holidays": "0"}}, {"type": "Feature", "geometry": {"type": "LineString", "coordinates": [[-122.448578816473, 37.76976641034887], [-122.449645156134, 37.769630428107874]]}, "properties": {"Corridor": "Haight St", "Limits": "Clayton St  -  Belvedere St", "BlockSide": "South", "WeekDay": "Tues", "FromHour": "6", "ToHour": "8", "Week1": "1", "Week2": "1", "Week3": "1", "Week4": "1", "Week5": "1", "Holidays": "0"}}, {"type": "Feature", "geometry": {"type": "LineString", "coordinates": [[-122.441678193342, 37.77734184377987], [-122.443321055279, 37.77713300497187]]}, "properties": {"Corridor": "McAllister St", "Limits": "Baker St  -  Lyon St", "BlockSide": "South", "WeekDay": "Thu", "FromHour": "9", "ToHour": "11", "Week1": "1", "Week2": "1", "Week3": "1", "Week4": "1", "Week5": "1", "Holidays": "0"}}, {"type": "Feature", "geometry": {"type": "LineString", "coordinates": [[-122.43757084678585, 37.774061646375], [-122.43754133341685, 37.774151859387], [-122.43769625866385, 37.774917163494], [-122.43775896998986, 37.774991947847]]}, "properties": {"Corridor": "Divisadero St", "Limits": "Fell St  -  Hayes St", "BlockSide": "East", "WeekDay": "Thu", "FromHour": "6", "ToHour": "8", "Week1": "1", "Week2": "1", "Week3": "1", "Week4": "1", "Week5": "1", "Holidays": "0"}}, {"type": "Feature", "geometry": {"type": "LineString", "coordinates": [[-122.44960538192692, 37.769661868999], [-122.44941433091891, 37.768728892022]]}, "properties": {"Corridor": "Belvedere St", "Limits": "Haight St  -  Waller St", "BlockSide": "East", "WeekDay": "Wed", "FromHour": "8", "ToHour": "10", "Week1": "1", "Week2": "1", "Week3": "1", "Week4": "1", "Week5": "1", "Holidays": "0"}}, {"type": "Feature", "geometry": {"type": "LineString", "coordinates": [[-122.430354562994, 37.77160836605887], [-122.431998248153, 37.77139908751087]]}, "properties": {"Corridor": "Laussat St", "Limits": "Fillmore St  -  Steiner St", "BlockSide": "South", "WeekDay": "Wed", "FromHour": "8", "ToHour": "10", "Week1": "1", "Week2": "1", "Week3": "1", "Week4": "1", "Week5": "1", "Holidays": "0"}}, {"type": "Feature", "geometry": {"type": "LineString", "coordinates": [[-122.44963998200396, 37.764026578938], [-122.44947309794395, 37.763199662528]]}, "properties": {"Corridor": "Cole St", "Limits": "Grattan St  -  Alma St", "BlockSide": "West", "WeekDay": "Wed", "FromHour": "9", "ToHour": "11", "Week1": "1", "Week2": "0", "Week3": "0", "Week4": "0", "Week5": "0", "Holidays": "0"}}, {"type": "Feature", "geometry": {"type": "LineString", "coordinates": [[-122.437847943562, 37.78368619731887], [-122.437981289312, 37.783590468442874], [-122.438366823258, 37.78348769835687], [-122.438786398794, 37.78331067546387], [-122.438979029161, 37.78326846454187], [-122.439325621851, 37.78322893448287], [-122.43948038104, 37.78327704711087]]}, "properties": {"Corridor": "Geary Blvd", "Limits": "Scott St  -  Divisadero St", "BlockSide": "South", "WeekDay": "Thu", "FromHour": "6", "ToHour": "8", "Week1": "0", "Week2": "1", "Week3": "0", "Week4": "1", "Week5": "0", "Holidays": "0"}}, {"type": "Feature", "geometry": {"type": "LineString", "coordinates": [[-122.44387592446448, 37.771358113328], [-122.44406408236749, 37.772295289678]]}, "properties": {"Corridor": "Central Ave", "Limits": "Page St  -  Oak St", "BlockSide": "West", "WeekDay": "Fri", "FromHour": "8", "ToHour": "10", "Week1": "1", "Week2": "1", "Week3": "1", "Week4": "1", "Week5": "1", "Holidays": "0"}}, {"type": "Feature", "geometry": {"type": "LineString", "coordinates": [[-122.43085251844904, 37.766035962803116], [-122.43098286780604, 37.766015860403115], [-122.43104275613504, 37.76597245197912], [-122.43105359400204, 37.76589021821812]]}, "properties": {"Corridor": "Market St", "Limits": "15th St  -  Sanchez St", "BlockSide": "NorthWest", "WeekDay": "Thu", "FromHour": "2", "ToHour": "6", "Week1": "1", "Week2": "1", "Week3": "1", "Week4": "1", "Week5": "1", "Holidays": "1"}}, {"type": "Feature", "geometry": {"type": "LineString", "coordinates": [[-122.43228920050022, 37.781428371173], [-122.43247560238922, 37.782349635153]]}, "properties": {"Corridor": "Fillmore St", "Limits": "Eddy St  -  Ellis St", "BlockSide": "East", "WeekDay": "Thu", "FromHour": "6", "ToHour": "8", "Week1": "0", "Week2": "1", "Week3": "0", "Week4": "1", "Week5": "0", "Holidays": "0"}}, {"type": "Feature", "geometry": {"type": "LineString", "coordinates": [[-122.45061503402484, 37.778164598539], [-122.45041841686783, 37.777204616326]]}, "properties": {"Corridor": "Kittredge Ter", "Limits": "Turk Blvd  -  Golden Gate Ave", "BlockSide": "East", "WeekDay": "Fri", "FromHour": "9", "ToHour": "11", "Week1": "1", "Week2": "1", "Week3": "1", "Week4": "1", "Week5": "1", "Holidays": "0"}}, {"type": "Feature", "geometry": {"type": "LineString", "coordinates": [[-122.44797338788437, 37.767006680873], [-122.44778401940238, 37.766072215347]]}, "properties": {"Corridor": "Clayton St", "Limits": "Frederick St  -  Carl St", "BlockSide": "East", "WeekDay": "Wed", "FromHour": "9", "ToHour": "11", "Week1": "1", "Week2": "0", "Week3": "0", "Week4": "0", "Week5": "0", "Holidays": "0"}}, {"type": "Feature", "geometry": {"type": "LineString", "coordinates": [[-122.45067040618406, 37.769526044379], [-122.45048202088407, 37.76859272732]]}, "properties": {"Corridor": "Cole St", "Limits": "Haight St  -  Waller St", "BlockSide": "East", "WeekDay": "Wed", "FromHour": "8", "ToHour": "10", "Week1": "1", "Week2": "1", "Week3": "1", "Week4": "1", "Week5": "1", "Holidays": "0"}}, {"type": "Feature", "geometry": {"type": "LineString", "coordinates": [[-122.43079627224225, 37.76599149909488], [-122.43081157667925, 37.76590602807988], [-122.43088396025725, 37.765853562621885], [-122.43099734779524, 37.76584575450988]]}, "properties": {"Corridor": "Market St", "Limits": "15th St  -  Sanchez St", "BlockSide": "SouthEast", "WeekDay": "Mon", "FromHour": "2", "ToHour": "6", "Week1": "1", "Week2": "1", "Week3": "1", "Week4": "1", "Week5": "1", "Holidays": "1"}}, {"type": "Feature", "geometry": {"type": "LineString", "coordinates": [[-122.447122700625, 37.77090320004187], [-122.448767913922, 37.770699442879874]]}, "properties": {"Corridor": "Page St", "Limits": "Ashbury St  -  Clayton St", "BlockSide": "South", "WeekDay": "Thu", "FromHour": "8", "ToHour": "10", "Week1": "1", "Week2": "1", "Week3": "1", "Week4": "1", "Week5": "1", "Holidays": "0"}}, {"type": "Feature", "geometry": {"type": "LineString", "coordinates": [[-122.433407335776, 37.77839103562787], [-122.435052389688, 37.77818133106587]]}, "properties": {"Corridor": "McAllister St", "Limits": "Steiner St  -  Pierce St", "BlockSide": "South", "WeekDay": "Thu", "FromHour": "9", "ToHour": "11", "Week1": "1", "Week2": "1", "Week3": "1", "Week4": "1", "Week5": "1", "Holidays": "0"}}, {"type": "Feature", "geometry": {"type": "LineString", "coordinates": [[-122.43952016295063, 37.783308488002], [-122.43958429899763, 37.783382626383], [-122.43967851744263, 37.783846585463]]}, "properties": {"Corridor": "Divisadero St", "Limits": "Geary Blvd  -  Garden St", "BlockSide": "West", "WeekDay": "Mon", "FromHour": "6", "ToHour": "8", "Week1": "1", "Week2": "1", "Week3": "1", "Week4": "1", "Week5": "1", "Holidays": "0"}}, {"type": "Feature", "geometry": {"type": "LineString", "coordinates": [[-122.43509208934796, 37.769898394539], [-122.43522385371095, 37.77054808011]]}, "properties": {"Corridor": "Scott St", "Limits": "Lloyd St  -  Waller St", "BlockSide": "West", "WeekDay": "Fri", "FromHour": "12", "ToHour": "14", "Week1": "1", "Week2": "1", "Week3": "1", "Week4": "1", "Week5": "1", "Holidays": "0"}}, {"type": "Feature", "geometry": {"type": "LineString", "coordinates": [[-122.44342494337523, 37.779585730793], [-122.44348813134023, 37.780186742263], [-122.44357263013123, 37.780646053599], [-122.44367873637023, 37.78101609923], [-122.44381430619023, 37.781367759023]]}, "properties": {"Corridor": "Encanto Ave", "Limits": "Anzavista Ave  -  Terra Vista Ave", "BlockSide": "East", "WeekDay": "Fri", "FromHour": "9", "ToHour": "11", "Week1": "1", "Week2": "1", "Week3": "1", "Week4": "1", "Week5": "1", "Holidays": "0"}}, {"type": "Feature", "geometry": {"type": "LineString", "coordinates": [[-122.43501253982805, 37.769898394539], [-122.43514430419104, 37.77054808011]]}, "properties": {"Corridor": "Scott St", "Limits": "Lloyd St  -  Waller St", "BlockSide": "East", "WeekDay": "Wed", "FromHour": "12", "ToHour": "14", "Week1": "1", "Week2": "1", "Week3": "1", "Week4": "1", "Week5": "1", "Holidays": "0"}}, {"type": "Feature", "geometry": {"type": "LineString", "coordinates": [[-122.45387662953, 37.78020760824487], [-122.454818229412, 37.78008550422187]]}, "properties": {"Corridor": "Anza St", "Limits": "Parker Ave  -  Beaumont Ave", "BlockSide": "South", "WeekDay": "Wed", "FromHour": "8", "ToHour": "10", "Week1": "1", "Week2": "1", "Week3": "1", "Week4": "1", "Week5": "1", "Holidays": "0"}}, {"type": "Feature", "geometry": {"type": "LineString", "coordinates": [[-122.437422939693, 37.77310205176887], [-122.439088600748, 37.77289054065787]]}, "properties": {"Corridor": "Oak St", "Limits": "Divisadero St  -  Broderick St", "BlockSide": "South", "WeekDay": "Tues", "FromHour": "12", "ToHour": "14", "Week1": "1", "Week2": "1", "Week3": "1", "Week4": "1", "Week5": "1", "Holidays": "0"}}, {"type": "Feature", "geometry": {"type": "LineString", "coordinates": [[-122.43501261037883, 37.778212771957], [-122.43520123300084, 37.779144878341]]}, "properties": {"Corridor": "Pierce St", "Limits": "McAllister St  -  Golden Gate Ave", "BlockSide": "East", "WeekDay": "Wed", "FromHour": "9", "ToHour": "11", "Week1": "1", "Week2": "1", "Week3": "1", "Week4": "1", "Week5": "1", "Holidays": "0"}}, {"type": "Feature", "geometry": {"type": "LineString", "coordinates": [[-122.44767439989037, 37.765138734432], [-122.44760586239939, 37.764800511707], [-122.44734497964139, 37.76425638943], [-122.44703411417137, 37.762722234963]]}, "properties": {"Corridor": "Clayton St", "Limits": "Parnassus Ave  -  Ashbury St", "BlockSide": "West", "WeekDay": "Tues", "FromHour": "8", "ToHour": "10", "Week1": "1", "Week2": "0", "Week3": "0", "Week4": "0", "Week5": "0", "Holidays": "0"}}, {"type": "Feature", "geometry": {"type": "LineString", "coordinates": [[-122.43522773265978, 37.762670707774], [-122.43518059611577, 37.762413604864], [-122.43504047145977, 37.760888933087]]}, "properties": {"Corridor": "Castro St", "Limits": "Market St  -  18th St", "BlockSide": "West", "WeekDay": "Mon", "FromHour": "6", "ToHour": "8", "Week1": "1", "Week2": "1", "Week3": "1", "Week4": "1", "Week5": "1", "Holidays": "0"}}, {"type": "Feature", "geometry": {"type": "LineString", "coordinates": [[-122.44646175781794, 37.76102895087412], [-122.44660745004495, 37.76092378691812], [-122.44689433450895, 37.76044380002012], [-122.44698093783695, 37.760192361210116]]}, "properties": {"Corridor": "Twin Peaks Blvd", "Limits": "Clayton St  -  Villa Ter", "BlockSide": "NorthWest", "WeekDay": "Thu", "FromHour": "9", "ToHour": "11", "Week1": "1", "Week2": "1", "Week3": "1", "Week4": "1", "Week5": "1", "Holidays": "0"}}, {"type": "Feature", "geometry": {"type": "LineString", "coordinates": [[-122.449570826213, 37.77728730814587], [-122.450458195642, 37.777173175434875]]}, "properties": {"Corridor": "Golden Gate Ave", "Limits": "Roselyn Ter  -  Kittredge Ter", "BlockSide": "South", "WeekDay": "Wed", "FromHour": "6", "ToHour": "8", "Week1": "1", "Week2": "1", "Week3": "1", "Week4": "1", "Week5": "1", "Holidays": "0"}}, {"type": "Feature", "geometry": {"type": "LineString", "coordinates": [[-122.445105981882, 37.76931566964913], [-122.445922005478, 37.76921071591013]]}, "properties": {"Corridor": "Waller St", "Limits": "Masonic Ave  -  Delmar St", "BlockSide": "North", "WeekDay": "Tues", "FromHour": "8", "ToHour": "10", "Week1": "1", "Week2": "1", "Week3": "1", "Week4": "1", "Week5": "1", "Holidays": "0"}}, {"type": "Feature", "geometry": {"type": "LineString", "coordinates": [[-122.43078493661588, 37.77397252126], [-122.43097176125288, 37.774902830944]]}, "properties": {"Corridor": "Fillmore St", "Limits": "Oak St  -  Fell St", "BlockSide": "East", "WeekDay": "Mon", "FromHour": "8", "ToHour": "10", "Week1": "1", "Week2": "1", "Week3": "1", "Week4": "1", "Week5": "1", "Holidays": "0"}}, {"type": "Feature", "geometry": {"type": "LineString", "coordinates": [[-122.442377976937, 37.772535756797126], [-122.444024306745, 37.77232673056913]]}, "properties": {"Corridor": "Oak St", "Limits": "Lyon St  -  Central Ave", "BlockSide": "North", "WeekDay": "Mon", "FromHour": "8", "ToHour": "10", "Week1": "1", "Week2": "1", "Week3": "1", "Week4": "1", "Week5": "1", "Holidays": "0"}}, {"type": "Feature", "geometry": {"type": "LineString", "coordinates": [[-122.43008145406, 37.76763067953687], [-122.431191119425, 37.767563800314875]]}, "properties": {"Corridor": "14th St", "Limits": "Belcher St  -  Sanchez St", "BlockSide": "South", "WeekDay": "Tues", "FromHour": "9", "ToHour": "11", "Week1": "1", "Week2": "1", "Week3": "1", "Week4": "1", "Week5": "1", "Holidays": "0"}}, {"type": "Feature", "geometry": {"type": "LineString", "coordinates": [[-122.4463037050623, 37.760410698007], [-122.4463590904003, 37.760013056423], [-122.44637357762231, 37.75985518733], [-122.44641447072631, 37.759046652588], [-122.44635547463831, 37.758855513741]]}, "properties": {"Corridor": "Clayton St", "Limits": "Deming St  -  Pemberton Pl", "BlockSide": "East", "WeekDay": "Fri", "FromHour": "9", "ToHour": "11", "Week1": "1", "Week2": "1", "Week3": "1", "Week4": "1", "Week5": "1", "Holidays": "0"}}, {"type": "Feature", "geometry": {"type": "LineString", "coordinates": [[-122.44325504661535, 37.764557545475], [-122.44323959858636, 37.764468898956], [-122.44298953109535, 37.764109072202], [-122.44299080774836, 37.763677958975]]}, "properties": {"Corridor": "Roosevelt Way", "Limits": "Loma Vista Ter  -  Clifford Ter", "BlockSide": "West", "WeekDay": "Mon", "FromHour": "10", "ToHour": "12", "Week1": "1", "Week2": "1", "Week3": "1", "Week4": "1", "Week5": "1", "Holidays": "0"}}, {"type": "Feature", "geometry": {"type": "LineString", "coordinates": [[-122.42994541770399, 37.76940792165], [-122.42996882178299, 37.769524282337], [-122.43011339441999, 37.77024306553]]}, "properties": {"Corridor": "Fillmore St", "Limits": "Duboce Ave  -  Hermann St", "BlockSide": "West", "WeekDay": "Tues", "FromHour": "8", "ToHour": "10", "Week1": "1", "Week2": "1", "Week3": "1", "Week4": "1", "Week5": "1", "Holidays": "0"}}, {"type": "Feature", "geometry": {"type": "LineString", "coordinates": [[-122.451869239684, 37.78052418138413], [-122.452895517293, 37.78039448604313]]}, "properties": {"Corridor": "Anza St", "Limits": "Cook St  -  Spruce St", "BlockSide": "North", "WeekDay": "Tues", "FromHour": "9", "ToHour": "11", "Week1": "1", "Week2": "1", "Week3": "1", "Week4": "1", "Week5": "1", "Holidays": "0"}}, {"type": "Feature", "geometry": {"type": "LineString", "coordinates": [[-122.458880531379, 37.76527287972587], [-122.459952996111, 37.76522534053687]]}, "properties": {"Corridor": "Hugo St", "Limits": "02nd Ave  -  03rd Ave", "BlockSide": "South", "WeekDay": "Fri", "FromHour": "11", "ToHour": "13", "Week1": "1", "Week2": "0", "Week3": "1", "Week4": "0", "Week5": "0", "Holidays": "0"}}, {"type": "Feature", "geometry": {"type": "LineString", "coordinates": [[-122.43310259293304, 37.764217945063116], [-122.43343939283304, 37.76409096079212], [-122.43458834890704, 37.763160564773116], [-122.43518002649704, 37.762765242987115], [-122.43521608445104, 37.76269293962812]]}, "properties": {"Corridor": "Market St", "Limits": "16th St  -  17th St", "BlockSide": "NorthWest", "WeekDay": "Holiday", "FromHour": "2", "ToHour": "6", "Week1": "1", "Week2": "1", "Week3": "1", "Week4": "1", "Week5": "1", "Holidays": "1"}}, {"type": "Feature", "geometry": {"type": "LineString", "coordinates": [[-122.438271524809, 37.78165265410913], [-122.439113936245, 37.78155179363313]]}, "properties": {"Corridor": "Ellis St", "Limits": "Beideman St  -  Divisadero St", "BlockSide": "North", "WeekDay": "Thu", "FromHour": "12", "ToHour": "14", "Week1": "1", "Week2": "1", "Week3": "1", "Week4": "1", "Week5": "1", "Holidays": "0"}}, {"type": "Feature", "geometry": {"type": "LineString", "coordinates": [[-122.452947033768, 37.766405515096125], [-122.454592922865, 37.76619691100813]]}, "properties": {"Corridor": "Frederick St", "Limits": "Stanyan St  -  Willard St", "BlockSide": "North", "WeekDay": "Mon", "FromHour": "8", "ToHour": "10", "Week1": "1", "Week2": "1", "Week3": "1", "Week4": "1", "Week5": "1", "Holidays": "0"}}, {"type": "Feature", "geometry": {"type": "LineString", "coordinates": [[-122.45362881132901, 37.779054523049], [-122.453410560665, 37.777977844462], [-122.45334521721101, 37.777826863197]]}, "properties": {"Corridor": "Parker Ave", "Limits": "Lone Mountain Ter  -  Turk Blvd", "BlockSide": "East", "WeekDay": "Mon", "FromHour": "6", "ToHour": "8", "Week1": "1", "Week2": "1", "Week3": "1", "Week4": "1", "Week5": "1", "Holidays": "0"}}, {"type": "Feature", "geometry": {"type": "LineString", "coordinates": [[-122.4309973481351, 37.76584575450988], [-122.4310964349911, 37.76565098798688], [-122.4327367070821, 37.76435173048288], [-122.4330463480521, 37.76417348135488]]}, "properties": {"Corridor": "Market St", "Limits": "Sanchez St  -  16th St", "BlockSide": "SouthEast", "WeekDay": "Fri", "FromHour": "2", "ToHour": "6", "Week1": "1", "Week2": "1", "Week3": "1", "Week4": "1", "Week5": "1", "Holidays": "1"}}, {"type": "Feature", "geometry": {"type": "LineString", "coordinates": [[-122.450736767306, 37.76231026397387], [-122.452096689882, 37.76213530939087]]}, "properties": {"Corridor": "Rivoli St", "Limits": "Shrader St  -  Stanyan St", "BlockSide": "South", "WeekDay": "Fri", "FromHour": "8", "ToHour": "10", "Week1": "1", "Week2": "0", "Week3": "0", "Week4": "0", "Week5": "0", "Holidays": "0"}}, {"type": "Feature", "geometry": {"type": "LineString", "coordinates": [[-122.45057996957, 37.76152969825687], [-122.451957768836, 37.761446761895876]]}, "properties": {"Corridor": "17th St", "Limits": "Shrader St  -  Stanyan St", "BlockSide": "South", "WeekDay": "Fri", "FromHour": "8", "ToHour": "10", "Week1": "1", "Week2": "0", "Week3": "0", "Week4": "0", "Week5": "0", "Holidays": "0"}}, {"type": "Feature", "geometry": {"type": "LineString", "coordinates": [[-122.458858661406, 37.78122562043387], [-122.459039858278, 37.78115827244587], [-122.459874043119, 37.781115142969874], [-122.459999657963, 37.78118203702087]]}, "properties": {"Corridor": "Geary Blvd", "Limits": "Arguello Blvd  -  02nd Ave", "BlockSide": "South", "WeekDay": "Wed", "FromHour": "7", "ToHour": "8", "Week1": "0", "Week2": "1", "Week3": "0", "Week4": "1", "Week5": "1", "Holidays": "0"}}, {"type": "Feature", "geometry": {"type": "LineString", "coordinates": [[-122.45228155307375, 37.771229827222], [-122.45209499550174, 37.770312752544]]}, "properties": {"Corridor": "Shrader St", "Limits": "Oak St  -  Page St", "BlockSide": "West", "WeekDay": "Wed", "FromHour": "8", "ToHour": "10", "Week1": "1", "Week2": "1", "Week3": "1", "Week4": "1", "Week5": "1", "Holidays": "0"}}, {"type": "Feature", "geometry": {"type": "LineString", "coordinates": [[-122.4519179993182, 37.761478202787], [-122.4515133176152, 37.759472365631]]}, "properties": {"Corridor": "Stanyan St", "Limits": "17th St  -  Belgrave Ave", "BlockSide": "East", "WeekDay": "Wed", "FromHour": "9", "ToHour": "11", "Week1": "1", "Week2": "0", "Week3": "0", "Week4": "0", "Week5": "0", "Holidays": "0"}}, {"type": "Feature", "geometry": {"type": "LineString", "coordinates": [[-122.45314854986691, 37.776853425511], [-122.45292404722291, 37.775750129327]]}, "properties": {"Corridor": "Parker Ave", "Limits": "Golden Gate Ave  -  McAllister St", "BlockSide": "East", "WeekDay": "Wed", "FromHour": "6", "ToHour": "8", "Week1": "1", "Week2": "1", "Week3": "1", "Week4": "1", "Week5": "1", "Holidays": "0"}}, {"type": "Feature", "geometry": {"type": "LineString", "coordinates": [[-122.450973754365, 37.773347085617125], [-122.452623844584, 37.77313757426313]]}, "properties": {"Corridor": "Hayes St", "Limits": "Cole St  -  Shrader St", "BlockSide": "North", "WeekDay": "Thu", "FromHour": "9", "ToHour": "11", "Week1": "1", "Week2": "1", "Week3": "1", "Week4": "1", "Week5": "1", "Holidays": "0"}}, {"type": "Feature", "geometry": {"type": "LineString", "coordinates": [[-122.44970782701, 37.77535850023887], [-122.451357654172, 37.77514368007587]]}, "properties": {"Corridor": "Fulton St", "Limits": "Clayton St  -  Cole St", "BlockSide": "South", "WeekDay": "Fri", "FromHour": "9", "ToHour": "11", "Week1": "1", "Week2": "1", "Week3": "1", "Week4": "1", "Week5": "1", "Holidays": "0"}}, {"type": "Feature", "geometry": {"type": "LineString", "coordinates": [[-122.445344990017, 37.770241615667125], [-122.446933819119, 37.770039046452126]]}, "properties": {"Corridor": "Haight St", "Limits": "Masonic Ave  -  Ashbury St", "BlockSide": "North", "WeekDay": "Mon", "FromHour": "7", "ToHour": "9", "Week1": "1", "Week2": "1", "Week3": "1", "Week4": "1", "Week5": "1", "Holidays": "0"}}, {"type": "Feature", "geometry": {"type": "LineString", "coordinates": [[-122.451295533711, 37.76662294397613], [-122.452947033768, 37.766405515096125]]}, "properties": {"Corridor": "Frederick St", "Limits": "Shrader St  -  Stanyan St", "BlockSide": "North", "WeekDay": "Mon", "FromHour": "8", "ToHour": "10", "Week1": "1", "Week2": "1", "Week3": "1", "Week4": "1", "Week5": "1", "Holidays": "0"}}, {"type": "Feature", "geometry": {"type": "LineString", "coordinates": [[-122.43541275874013, 37.771479485049], [-122.43560309574312, 37.77241792986]]}, "properties": {"Corridor": "Scott St", "Limits": "Haight St  -  Page St", "BlockSide": "West", "WeekDay": "Fri", "FromHour": "12", "ToHour": "14", "Week1": "1", "Week2": "1", "Week3": "1", "Week4": "1", "Week5": "1", "Holidays": "0"}}, {"type": "Feature", "geometry": {"type": "LineString", "coordinates": [[-122.43522773265978, 37.762670707774], [-122.43518059611577, 37.762413604864], [-122.43504047145977, 37.760888933087]]}, "properties": {"Corridor": "Castro St", "Limits": "Market St  -  18th St", "BlockSide": "West", "WeekDay": "Fri", "FromHour": "6", "ToHour": "8", "Week1": "1", "Week2": "1", "Week3": "1", "Week4": "1", "Week5": "1", "Holidays": "0"}}, {"type": "Feature", "geometry": {"type": "LineString", "coordinates": [[-122.437234931654, 37.77223515332913], [-122.438899101838, 37.77202186458113]]}, "properties": {"Corridor": "Page St", "Limits": "Divisadero St  -  Broderick St", "BlockSide": "North", "WeekDay": "Tues", "FromHour": "12", "ToHour": "14", "Week1": "1", "Week2": "1", "Week3": "1", "Week4": "1", "Week5": "1", "Holidays": "0"}}, {"type": "Feature", "geometry": {"type": "LineString", "coordinates": [[-122.44908710469731, 37.78217743771], [-122.44883102895531, 37.780881663355]]}, "properties": {"Corridor": "Wood St", "Limits": "Geary Blvd  -  Anza St", "BlockSide": "West", "WeekDay": "Fri", "FromHour": "8", "ToHour": "10", "Week1": "1", "Week2": "1", "Week3": "1", "Week4": "1", "Week5": "1", "Holidays": "0"}}, {"type": "Feature", "geometry": {"type": "LineString", "coordinates": [[-122.43590055142151, 37.774276678315], [-122.4360891867615, 37.775205931158]]}, "properties": {"Corridor": "Scott St", "Limits": "Fell St  -  Hayes St", "BlockSide": "East", "WeekDay": "Wed", "FromHour": "12", "ToHour": "14", "Week1": "1", "Week2": "1", "Week3": "1", "Week4": "1", "Week5": "1", "Holidays": "0"}}, {"type": "Feature", "geometry": {"type": "LineString", "coordinates": [[-122.432793505264, 37.76105275212413], [-122.433903579453, 37.760986179982126]]}, "properties": {"Corridor": "18th St", "Limits": "Noe St  -  Hartford St", "BlockSide": "North", "WeekDay": "Tues", "FromHour": "6", "ToHour": "8", "Week1": "1", "Week2": "1", "Week3": "1", "Week4": "1", "Week5": "1", "Holidays": "0"}}, {"type": "Feature", "geometry": {"type": "LineString", "coordinates": [[-122.4394405989654, 37.783308488002], [-122.43941067083041, 37.783398293238], [-122.4395801533514, 37.784243280842], [-122.4396448963914, 37.784318673891]]}, "properties": {"Corridor": "Divisadero St", "Limits": "Geary Blvd  -  Post St", "BlockSide": "East", "WeekDay": "Sun", "FromHour": "6", "ToHour": "8", "Week1": "1", "Week2": "1", "Week3": "1", "Week4": "1", "Week5": "1", "Holidays": "0"}}, {"type": "Feature", "geometry": {"type": "LineString", "coordinates": [[-122.4378877258019, 37.78371763821], [-122.4380594542949, 37.784530918539]]}, "properties": {"Corridor": "Scott St", "Limits": "Geary Blvd  -  Post St", "BlockSide": "West", "WeekDay": "Fri", "FromHour": "6", "ToHour": "8", "Week1": "1", "Week2": "1", "Week3": "1", "Week4": "1", "Week5": "1", "Holidays": "0"}}, {"type": "Feature", "geometry": {"type": "LineString", "coordinates": [[-122.4408820155218, 37.77363529632], [-122.44107064090979, 37.774567482597]]}, "properties": {"Corridor": "Baker St", "Limits": "Fell St  -  Hayes St", "BlockSide": "East", "WeekDay": "Wed", "FromHour": "12", "ToHour": "14", "Week1": "1", "Week2": "1", "Week3": "1", "Week4": "1", "Week5": "1", "Holidays": "0"}}, {"type": "Feature", "geometry": {"type": "LineString", "coordinates": [[-122.429926120485, 37.76603161957387], [-122.430824395339, 37.76598229005787]]}, "properties": {"Corridor": "15th St", "Limits": "Sharon St  -  Market St", "BlockSide": "South", "WeekDay": "Mon", "FromHour": "9", "ToHour": "11", "Week1": "1", "Week2": "1", "Week3": "1", "Week4": "1", "Week5": "1", "Holidays": "0"}}, {"type": "Feature", "geometry": {"type": "LineString", "coordinates": [[-122.452143124058, 37.78182185094887], [-122.452219382504, 37.78174568777387], [-122.45307662353, 37.781634964039874], [-122.453170387508, 37.781685987612875]]}, "properties": {"Corridor": "Geary Blvd", "Limits": "Cook St  -  Spruce St", "BlockSide": "South", "WeekDay": "Fri", "FromHour": "6", "ToHour": "8", "Week1": "1", "Week2": "0", "Week3": "1", "Week4": "0", "Week5": "0", "Holidays": "0"}}, {"type": "Feature", "geometry": {"type": "LineString", "coordinates": [[-122.439276798845, 37.77381567915487], [-122.440921792368, 37.773603855428874]]}, "properties": {"Corridor": "Fell St", "Limits": "Broderick St  -  Baker St", "BlockSide": "South", "WeekDay": "Thu", "FromHour": "8", "ToHour": "10", "Week1": "1", "Week2": "1", "Week3": "1", "Week4": "1", "Week5": "1", "Holidays": "0"}}, {"type": "Feature", "geometry": {"type": "LineString", "coordinates": [[-122.448109435738, 37.76339867269013], [-122.449433326739, 37.76323110341913]]}, "properties": {"Corridor": "Alma St", "Limits": "Belvedere St  -  Cole St", "BlockSide": "North", "WeekDay": "Fri", "FromHour": "8", "ToHour": "10", "Week1": "1", "Week2": "0", "Week3": "0", "Week4": "0", "Week5": "0", "Holidays": "0"}}, {"type": "Feature", "geometry": {"type": "LineString", "coordinates": [[-122.431037778981, 37.765964889128874], [-122.433255472465, 37.76583018692387]]}, "properties": {"Corridor": "15th St", "Limits": "Sanchez St  -  Noe St", "BlockSide": "South", "WeekDay": "Wed", "FromHour": "9", "ToHour": "11", "Week1": "1", "Week2": "1", "Week3": "1", "Week4": "1", "Week5": "1", "Holidays": "0"}}, {"type": "Feature", "geometry": {"type": "LineString", "coordinates": [[-122.43952016295063, 37.783308488002], [-122.43958429899763, 37.783382626383], [-122.43967851744263, 37.783846585463]]}, "properties": {"Corridor": "Divisadero St", "Limits": "Geary Blvd  -  Garden St", "BlockSide": "West", "WeekDay": "Fri", "FromHour": "6", "ToHour": "8", "Week1": "1", "Week2": "1", "Week3": "1", "Week4": "1", "Week5": "1", "Holidays": "0"}}, {"type": "Feature", "geometry": {"type": "LineString", "coordinates": [[-122.438362146212, 37.761735240540126], [-122.438495717802, 37.761753829060126], [-122.439048218301, 37.761627511033126], [-122.439309720625, 37.76153718465413], [-122.439413852001, 37.76145600722613]]}, "properties": {"Corridor": "Market St", "Limits": "Eureka St  -  Douglass St", "BlockSide": "North", "WeekDay": "Wed", "FromHour": "12", "ToHour": "14", "Week1": "1", "Week2": "1", "Week3": "1", "Week4": "1", "Week5": "1", "Holidays": "0"}}, {"type": "Feature", "geometry": {"type": "LineString", "coordinates": [[-122.44017280381978, 37.761829685901], [-122.44010843228477, 37.761177886012]]}, "properties": {"Corridor": "Ord St", "Limits": "Corbett Ave  -  Market St", "BlockSide": "West", "WeekDay": "Thu", "FromHour": "9", "ToHour": "11", "Week1": "1", "Week2": "1", "Week3": "1", "Week4": "1", "Week5": "1", "Holidays": "0"}}, {"type": "Feature", "geometry": {"type": "LineString", "coordinates": [[-122.435424515259, 37.78004619710487], [-122.437071864741, 37.77983595504387]]}, "properties": {"Corridor": "Turk St", "Limits": "Pierce St  -  Scott St", "BlockSide": "South", "WeekDay": "Thu", "FromHour": "12", "ToHour": "14", "Week1": "1", "Week2": "1", "Week3": "1", "Week4": "1", "Week5": "1", "Holidays": "0"}}, {"type": "Feature", "geometry": {"type": "LineString", "coordinates": [[-122.45296355336525, 37.774970754615], [-122.45277304215026, 37.774040692434]]}, "properties": {"Corridor": "Shrader St", "Limits": "Fulton St  -  Grove St", "BlockSide": "East", "WeekDay": "Wed", "FromHour": "9", "ToHour": "11", "Week1": "1", "Week2": "1", "Week3": "1", "Week4": "1", "Week5": "1", "Holidays": "0"}}, {"type": "Feature", "geometry": {"type": "LineString", "coordinates": [[-122.430726723147, 37.76272122996287], [-122.431544840236, 37.762671733341875]]}, "properties": {"Corridor": "17th St", "Limits": "Sanchez St  -  Prosper St", "BlockSide": "South", "WeekDay": "Mon", "FromHour": "9", "ToHour": "11", "Week1": "1", "Week2": "1", "Week3": "1", "Week4": "1", "Week5": "1", "Holidays": "0"}}, {"type": "Feature", "geometry": {"type": "LineString", "coordinates": [[-122.44881012252804, 37.775499053132], [-122.44896424278804, 37.776256515616]]}, "properties": {"Corridor": "Loyola Ter", "Limits": "Fulton St  -  End: 01-99 Block", "BlockSide": "East", "WeekDay": "Wed", "FromHour": "9", "ToHour": "11", "Week1": "1", "Week2": "1", "Week3": "1", "Week4": "1", "Week5": "1", "Holidays": "0"}}, {"type": "Feature", "geometry": {"type": "LineString", "coordinates": [[-122.435187962327, 37.76263926688287], [-122.435321554369, 37.76265945778587], [-122.435803703003, 37.76246805838187], [-122.435972800963, 37.762417353082874], [-122.436369245103, 37.76239885898387], [-122.436437451147, 37.76237714478987]]}, "properties": {"Corridor": "17th St", "Limits": "Market St  -  17th St", "BlockSide": "South", "WeekDay": "Fri", "FromHour": "9", "ToHour": "11", "Week1": "1", "Week2": "1", "Week3": "1", "Week4": "1", "Week5": "1", "Holidays": "0"}}, {"type": "Feature", "geometry": {"type": "LineString", "coordinates": [[-122.4324272914518, 37.773756989736], [-122.43259415907279, 37.774585013348], [-122.4326088453568, 37.774692660499]]}, "properties": {"Corridor": "Steiner St", "Limits": "Oak St  -  Fell St", "BlockSide": "East", "WeekDay": "Fri", "FromHour": "9", "ToHour": "11", "Week1": "1", "Week2": "1", "Week3": "1", "Week4": "1", "Week5": "1", "Holidays": "0"}}, {"type": "Feature", "geometry": {"type": "LineString", "coordinates": [[-122.450407505427, 37.77055075927613], [-122.452055220447, 37.77034419343513]]}, "properties": {"Corridor": "Page St", "Limits": "Cole St  -  Shrader St", "BlockSide": "North", "WeekDay": "Tues", "FromHour": "12", "ToHour": "14", "Week1": "1", "Week2": "1", "Week3": "1", "Week4": "1", "Week5": "1", "Holidays": "0"}}, {"type": "Feature", "geometry": {"type": "LineString", "coordinates": [[-122.44121356070744, 37.765293090694115], [-122.44105574228544, 37.765217058013114], [-122.44072112669444, 37.76488020426812], [-122.44058470341444, 37.764800287500115], [-122.43995651151444, 37.764487544809114], [-122.43907372785443, 37.76407626330412], [-122.43893331308044, 37.76404839513812]]}, "properties": {"Corridor": "Museum Way", "Limits": "Roosevelt Way  -  End: 01-197 Block", "BlockSide": "NorthEast", "WeekDay": "Tues", "FromHour": "10", "ToHour": "12", "Week1": "1", "Week2": "1", "Week3": "1", "Week4": "1", "Week5": "1", "Holidays": "0"}}, {"type": "Feature", "geometry": {"type": "LineString", "coordinates": [[-122.45227281409193, 37.762842561238], [-122.45213646049092, 37.762166750282]]}, "properties": {"Corridor": "Stanyan St", "Limits": "Alma St  -  Rivoli St", "BlockSide": "West", "WeekDay": "Tues", "FromHour": "8", "ToHour": "10", "Week1": "1", "Week2": "0", "Week3": "0", "Week4": "0", "Week5": "0", "Holidays": "0"}}, {"type": "Feature", "geometry": {"type": "LineString", "coordinates": [[-122.43926162650935, 37.768165525146], [-122.43916741074635, 37.767164497438], [-122.43946206680235, 37.766575525002]]}, "properties": {"Corridor": "Park Hill Ave", "Limits": "Buena Vista East Ave  -  15th St", "BlockSide": "East", "WeekDay": "Tues", "FromHour": "8", "ToHour": "10", "Week1": "1", "Week2": "1", "Week3": "1", "Week4": "1", "Week5": "1", "Holidays": "0"}}, {"type": "Feature", "geometry": {"type": "LineString", "coordinates": [[-122.44164350907377, 37.78225617856012], [-122.44179227830577, 37.782329642309115], [-122.44266433922178, 37.782664833242116], [-122.44276497033178, 37.78290756829712]]}, "properties": {"Corridor": "Saint Joseph's Ave", "Limits": "O'Farrell St  -  Geary Blvd", "BlockSide": "NorthEast", "WeekDay": "Tues", "FromHour": "6", "ToHour": "8", "Week1": "0", "Week2": "1", "Week3": "0", "Week4": "1", "Week5": "0", "Holidays": "0"}}, {"type": "Feature", "geometry": {"type": "LineString", "coordinates": [[-122.42916775963515, 37.769456128163], [-122.42909355990015, 37.768674599598]]}, "properties": {"Corridor": "Church St", "Limits": "Duboce Ave  -  Reservoir St", "BlockSide": "West", "WeekDay": "Wed", "FromHour": "6", "ToHour": "8", "Week1": "1", "Week2": "1", "Week3": "1", "Week4": "1", "Week5": "1", "Holidays": "0"}}, {"type": "Feature", "geometry": {"type": "LineString", "coordinates": [[-122.45057996957, 37.76159258003913], [-122.451957768836, 37.76150964367813]]}, "properties": {"Corridor": "17th St", "Limits": "Shrader St  -  Stanyan St", "BlockSide": "North", "WeekDay": "Thu", "FromHour": "9", "ToHour": "11", "Week1": "1", "Week2": "0", "Week3": "0", "Week4": "0", "Week5": "0", "Holidays": "0"}}, {"type": "Feature", "geometry": {"type": "LineString", "coordinates": [[-122.44966804972073, 37.77538994113], [-122.44947757870173, 37.774459874045]]}, "properties": {"Corridor": "Clayton St", "Limits": "Fulton St  -  Grove St", "BlockSide": "East", "WeekDay": "Wed", "FromHour": "9", "ToHour": "11", "Week1": "1", "Week2": "1", "Week3": "1", "Week4": "1", "Week5": "1", "Holidays": "0"}}, {"type": "Feature", "geometry": {"type": "LineString", "coordinates": [[-122.430573567381, 37.76112403559387], [-122.432793505264, 37.760989870341874]]}, "properties": {"Corridor": "18th St", "Limits": "Sanchez St  -  Noe St", "BlockSide": "South", "WeekDay": "Mon", "FromHour": "9", "ToHour": "11", "Week1": "1", "Week2": "1", "Week3": "1", "Week4": "1", "Week5": "1", "Holidays": "0"}}, {"type": "Feature", "geometry": {"type": "LineString", "coordinates": [[-122.435052389688, 37.77824421284813], [-122.436696630913, 37.77803783878413]]}, "properties": {"Corridor": "McAllister St", "Limits": "Pierce St  -  Scott St", "BlockSide": "North", "WeekDay": "Tues", "FromHour": "8", "ToHour": "10", "Week1": "1", "Week2": "1", "Week3": "1", "Week4": "1", "Week5": "1", "Holidays": "0"}}, {"type": "Feature", "geometry": {"type": "LineString", "coordinates": [[-122.4319915825414, 37.779564149041], [-122.4321801696954, 37.780496260511]]}, "properties": {"Corridor": "Fillmore St", "Limits": "Golden Gate Ave  -  Turk St", "BlockSide": "West", "WeekDay": "Fri", "FromHour": "6", "ToHour": "8", "Week1": "0", "Week2": "1", "Week3": "0", "Week4": "1", "Week5": "0", "Holidays": "0"}}, {"type": "Feature", "geometry": {"type": "LineString", "coordinates": [[-122.442187879796, 37.77160247887313], [-122.443836148842, 37.77138955421913]]}, "properties": {"Corridor": "Page St", "Limits": "Lyon St  -  Central Ave", "BlockSide": "North", "WeekDay": "Tues", "FromHour": "12", "ToHour": "14", "Week1": "1", "Week2": "1", "Week3": "1", "Week4": "1", "Week5": "1", "Holidays": "0"}}, {"type": "Feature", "geometry": {"type": "LineString", "coordinates": [[-122.43915371732874, 37.781520352742], [-122.43921758180774, 37.781582976454], [-122.43937614348775, 37.782351217359], [-122.43933740603075, 37.78245048083]]}, "properties": {"Corridor": "Divisadero St", "Limits": "Ellis St  -  O'Farrell St", "BlockSide": "West", "WeekDay": "Fri", "FromHour": "6", "ToHour": "8", "Week1": "1", "Week2": "1", "Week3": "1", "Week4": "1", "Week5": "1", "Holidays": "0"}}, {"type": "Feature", "geometry": {"type": "LineString", "coordinates": [[-122.433595938287, 37.779323144608874], [-122.43524101231, 37.77911343744987]]}, "properties": {"Corridor": "Golden Gate Ave", "Limits": "Steiner St  -  Pierce St", "BlockSide": "South", "WeekDay": "Tues", "FromHour": "8", "ToHour": "10", "Week1": "1", "Week2": "1", "Week3": "1", "Week4": "1", "Week5": "1", "Holidays": "0"}}, {"type": "Feature", "geometry": {"type": "LineString", "coordinates": [[-122.43303469960973, 37.764195713209], [-122.43304342846073, 37.763993710389], [-122.43290936619373, 37.762618199568]]}, "properties": {"Corridor": "Noe St", "Limits": "Market St  -  17th St", "BlockSide": "East", "WeekDay": "Wed", "FromHour": "9", "ToHour": "11", "Week1": "1", "Week2": "1", "Week3": "1", "Week4": "1", "Week5": "1", "Holidays": "0"}}, {"type": "Feature", "geometry": {"type": "LineString", "coordinates": [[-122.43529765428818, 37.779635001279], [-122.43538473531618, 37.780077637996]]}, "properties": {"Corridor": "Pierce St", "Limits": "Elm St  -  Turk St", "BlockSide": "East", "WeekDay": "Wed", "FromHour": "9", "ToHour": "11", "Week1": "1", "Week2": "1", "Week3": "1", "Week4": "1", "Week5": "1", "Holidays": "0"}}, {"type": "Feature", "geometry": {"type": "LineString", "coordinates": [[-122.45182595305128, 37.769378663625], [-122.45163616303628, 37.768445525769]]}, "properties": {"Corridor": "Shrader St", "Limits": "Haight St  -  Waller St", "BlockSide": "East", "WeekDay": "Fri", "FromHour": "8", "ToHour": "10", "Week1": "1", "Week2": "1", "Week3": "1", "Week4": "1", "Week5": "1", "Holidays": "0"}}, {"type": "Feature", "geometry": {"type": "LineString", "coordinates": [[-122.440133033749, 37.76179824500987], [-122.440704025831, 37.76175460863687], [-122.441041163222, 37.76163823234487]]}, "properties": {"Corridor": "Corbett Ave", "Limits": "Ord St  -  Hattie St", "BlockSide": "South", "WeekDay": "Thu", "FromHour": "9", "ToHour": "11", "Week1": "1", "Week2": "1", "Week3": "1", "Week4": "1", "Week5": "1", "Holidays": "0"}}, {"type": "Feature", "geometry": {"type": "LineString", "coordinates": [[-122.428968772429, 37.76769772949187], [-122.43008145406, 37.76763067953687]]}, "properties": {"Corridor": "14th St", "Limits": "Church St  -  Belcher St", "BlockSide": "South", "WeekDay": "Tues", "FromHour": "9", "ToHour": "11", "Week1": "1", "Week2": "1", "Week3": "1", "Week4": "1", "Week5": "1", "Holidays": "0"}}, {"type": "Feature", "geometry": {"type": "LineString", "coordinates": [[-122.433572207694, 37.76920981030913], [-122.434893192396, 37.76914523822113]]}, "properties": {"Corridor": "Duboce Ave", "Limits": "Noe St  -  Scott St", "BlockSide": "North", "WeekDay": "Wed", "FromHour": "9", "ToHour": "11", "Week1": "1", "Week2": "1", "Week3": "1", "Week4": "1", "Week5": "1", "Holidays": "0"}}, {"type": "Feature", "geometry": {"type": "LineString", "coordinates": [[-122.43008145406, 37.76769356131913], [-122.431191119425, 37.76762668209713]]}, "properties": {"Corridor": "14th St", "Limits": "Belcher St  -  Sanchez St", "BlockSide": "North", "WeekDay": "Mon", "FromHour": "9", "ToHour": "11", "Week1": "1", "Week2": "1", "Week3": "1", "Week4": "1", "Week5": "1", "Holidays": "0"}}, {"type": "Feature", "geometry": {"type": "LineString", "coordinates": [[-122.43022102955143, 37.77117368409], [-122.43031478759742, 37.77163980695]]}, "properties": {"Corridor": "Fillmore St", "Limits": "Waller St  -  Laussat St", "BlockSide": "East", "WeekDay": "Wed", "FromHour": "8", "ToHour": "10", "Week1": "1", "Week2": "1", "Week3": "1", "Week4": "1", "Week5": "1", "Holidays": "0"}}, {"type": "Feature", "geometry": {"type": "LineString", "coordinates": [[-122.438740183561, 37.77962818911387], [-122.440396754682, 37.77940719621187]]}, "properties": {"Corridor": "Turk St", "Limits": "Divisadero St  -  Broderick St", "BlockSide": "South", "WeekDay": "Thu", "FromHour": "12", "ToHour": "14", "Week1": "1", "Week2": "1", "Week3": "1", "Week4": "1", "Week5": "1", "Holidays": "0"}}, {"type": "Feature", "geometry": {"type": "LineString", "coordinates": [[-122.43521608410148, 37.76269293962812], [-122.43534193034847, 37.762647935071115], [-122.43540037104648, 37.76261206053112], [-122.43621174093047, 37.762218021559114], [-122.43626992764747, 37.76215985743412]]}, "properties": {"Corridor": "Market St", "Limits": "17th St  -  Collingwood St", "BlockSide": "NorthWest", "WeekDay": "Wed", "FromHour": "8", "ToHour": "10", "Week1": "1", "Week2": "1", "Week3": "1", "Week4": "1", "Week5": "1", "Holidays": "0"}}, {"type": "Feature", "geometry": {"type": "LineString", "coordinates": [[-122.4389665359295, 37.78058848642], [-122.43903229061549, 37.780651890296], [-122.43919186644749, 37.781448636086], [-122.43915371683148, 37.781520352742]]}, "properties": {"Corridor": "Divisadero St", "Limits": "Eddy St  -  Ellis St", "BlockSide": "West", "WeekDay": "Fri", "FromHour": "6", "ToHour": "8", "Week1": "1", "Week2": "1", "Week3": "1", "Week4": "1", "Week5": "1", "Holidays": "0"}}, {"type": "Feature", "geometry": {"type": "LineString", "coordinates": [[-122.431356624193, 37.76935235257013], [-122.431570381025, 37.769338602137125]]}, "properties": {"Corridor": "Duboce Ave", "Limits": "Sanchez St  -  Steiner St", "BlockSide": "North", "WeekDay": "Wed", "FromHour": "9", "ToHour": "11", "Week1": "1", "Week2": "1", "Week3": "1", "Week4": "1", "Week5": "1", "Holidays": "0"}}, {"type": "Feature", "geometry": {"type": "LineString", "coordinates": [[-122.43310259293304, 37.764217945063116], [-122.43343939283304, 37.76409096079212], [-122.43458834890704, 37.763160564773116], [-122.43518002649704, 37.762765242987115], [-122.43521608445104, 37.76269293962812]]}, "properties": {"Corridor": "Market St", "Limits": "16th St  -  17th St", "BlockSide": "NorthWest", "WeekDay": "Mon", "FromHour": "2", "ToHour": "6", "Week1": "1", "Week2": "1", "Week3": "1", "Week4": "1", "Week5": "1", "Holidays": "1"}}, {"type": "Feature", "geometry": {"type": "LineString", "coordinates": [[-122.438291383419, 37.76669433977887], [-122.438354696435, 37.76671516228187], [-122.43844357489, 37.766736276326874], [-122.438694621536, 37.76672119742187], [-122.439422222892, 37.76656672122087], [-122.439501839991, 37.76654408411087]]}, "properties": {"Corridor": "Roosevelt Way", "Limits": "Buena Vista Ter  -  15th St", "BlockSide": "South", "WeekDay": "Tues", "FromHour": "10", "ToHour": "12", "Week1": "1", "Week2": "1", "Week3": "1", "Week4": "1", "Week5": "1", "Holidays": "0"}}, {"type": "Feature", "geometry": {"type": "LineString", "coordinates": [[-122.44054953760406, 37.78037272194], [-122.44074406249605, 37.781310057047]]}, "properties": {"Corridor": "Broderick St", "Limits": "Eddy St  -  Ellis St", "BlockSide": "East", "WeekDay": "Fri", "FromHour": "12", "ToHour": "14", "Week1": "1", "Week2": "1", "Week3": "1", "Week4": "1", "Week5": "1", "Holidays": "0"}}, {"type": "Feature", "geometry": {"type": "LineString", "coordinates": [[-122.448063773939, 37.782514042424125], [-122.448988953556, 37.78239133186913], [-122.449079404319, 37.78234581466113]]}, "properties": {"Corridor": "Geary Blvd", "Limits": "Emerson St  -  Wood St", "BlockSide": "North", "WeekDay": "Tues", "FromHour": "6", "ToHour": "8", "Week1": "1", "Week2": "1", "Week3": "1", "Week4": "1", "Week5": "1", "Holidays": "0"}}, {"type": "Feature", "geometry": {"type": "LineString", "coordinates": [[-122.440589318077, 37.780404162831125], [-122.441148844334, 37.78032418008113]]}, "properties": {"Corridor": "Eddy St", "Limits": "Broderick St  -  Saint Joseph's Ave", "BlockSide": "North", "WeekDay": "Thu", "FromHour": "12", "ToHour": "14", "Week1": "1", "Week2": "1", "Week3": "1", "Week4": "1", "Week5": "1", "Holidays": "0"}}, {"type": "Feature", "geometry": {"type": "LineString", "coordinates": [[-122.44588223177874, 37.769179275019], [-122.44550500248174, 37.767323162185]]}, "properties": {"Corridor": "Delmar St", "Limits": "Waller St  -  Frederick St", "BlockSide": "East", "WeekDay": "Fri", "FromHour": "8", "ToHour": "10", "Week1": "1", "Week2": "1", "Week3": "1", "Week4": "1", "Week5": "1", "Holidays": "0"}}, {"type": "Feature", "geometry": {"type": "LineString", "coordinates": [[-122.45461780311, 37.78399854827787], [-122.455711326815, 37.78394745015987]]}, "properties": {"Corridor": "Euclid Ave", "Limits": "Parker Ave  -  Commonwealth Ave", "BlockSide": "South", "WeekDay": "Thu", "FromHour": "11", "ToHour": "13", "Week1": "1", "Week2": "0", "Week3": "1", "Week4": "0", "Week5": "0", "Holidays": "0"}}, {"type": "Feature", "geometry": {"type": "LineString", "coordinates": [[-122.4433841795446, 37.76896646630312], [-122.4431952729056, 37.76905887443212], [-122.4424391032926, 37.769515574628116], [-122.4424125644256, 37.76962215376012], [-122.4425341770386, 37.769708222120116], [-122.4426749728846, 37.76971259891112], [-122.4427933180846, 37.76968351494712]]}, "properties": {"Corridor": "Buena Vista Ave West", "Limits": "Central Ave  -  Waller St", "BlockSide": "NorthWest", "WeekDay": "Tues", "FromHour": "8", "ToHour": "10", "Week1": "1", "Week2": "1", "Week3": "1", "Week4": "1", "Week5": "1", "Holidays": "0"}}, {"type": "Feature", "geometry": {"type": "LineString", "coordinates": [[-122.435184078951, 37.770579521001125], [-122.436848942798, 37.77037433794513]]}, "properties": {"Corridor": "Waller St", "Limits": "Scott St  -  Divisadero St", "BlockSide": "North", "WeekDay": "Thu", "FromHour": "8", "ToHour": "10", "Week1": "1", "Week2": "1", "Week3": "1", "Week4": "1", "Week5": "1", "Holidays": "0"}}, {"type": "Feature", "geometry": {"type": "LineString", "coordinates": [[-122.454175993557, 37.78163026237113], [-122.454282627591, 37.78168618200813], [-122.455210987201, 37.78156760643213], [-122.45528074961, 37.78149010173113]]}, "properties": {"Corridor": "Geary Blvd", "Limits": "Parker Ave  -  Beaumont Ave", "BlockSide": "North", "WeekDay": "Thu", "FromHour": "6", "ToHour": "8", "Week1": "1", "Week2": "1", "Week3": "1", "Week4": "1", "Week5": "1", "Holidays": "0"}}, {"type": "Feature", "geometry": {"type": "LineString", "coordinates": [[-122.44376734792202, 37.763273364253884], [-122.44383617185201, 37.76325044747088], [-122.44458101043402, 37.76255696196288], [-122.44463950412302, 37.76247348926788]]}, "properties": {"Corridor": "Roosevelt Way", "Limits": "Lower Ter  -  Saturn St", "BlockSide": "SouthEast", "WeekDay": "Tues", "FromHour": "8", "ToHour": "9", "Week1": "1", "Week2": "1", "Week3": "1", "Week4": "1", "Week5": "1", "Holidays": "0"}}, {"type": "Feature", "geometry": {"type": "LineString", "coordinates": [[-122.43001100054519, 37.782672402705], [-122.43019771887519, 37.78359535782]]}, "properties": {"Corridor": "Hollis St", "Limits": "Ellis St  -  O'Farrell St", "BlockSide": "East", "WeekDay": "Tues", "FromHour": "9", "ToHour": "11", "Week1": "1", "Week2": "1", "Week3": "1", "Week4": "1", "Week5": "1", "Holidays": "0"}}, {"type": "Feature", "geometry": {"type": "LineString", "coordinates": [[-122.449454105126, 37.76869745113087], [-122.450521795018, 37.76856128642887]]}, "properties": {"Corridor": "Waller St", "Limits": "Belvedere St  -  Cole St", "BlockSide": "South", "WeekDay": "Mon", "FromHour": "8", "ToHour": "10", "Week1": "1", "Week2": "1", "Week3": "1", "Week4": "1", "Week5": "1", "Holidays": "0"}}, {"type": "Feature", "geometry": {"type": "LineString", "coordinates": [[-122.456472700138, 37.77545182426487], [-122.458435272334, 37.77520832248887]]}, "properties": {"Corridor": "McAllister St", "Limits": "Willard North St  -  Arguello Blvd", "BlockSide": "South", "WeekDay": "Wed", "FromHour": "8", "ToHour": "10", "Week1": "1", "Week2": "1", "Week3": "1", "Week4": "1", "Week5": "1", "Holidays": "0"}}, {"type": "Feature", "geometry": {"type": "LineString", "coordinates": [[-122.44678466787036, 37.76907435727], [-122.44640903250537, 37.767220256546]]}, "properties": {"Corridor": "Ashbury St", "Limits": "Waller St  -  Frederick St", "BlockSide": "West", "WeekDay": "Fri", "FromHour": "8", "ToHour": "10", "Week1": "1", "Week2": "1", "Week3": "1", "Week4": "1", "Week5": "1", "Holidays": "0"}}, {"type": "Feature", "geometry": {"type": "LineString", "coordinates": [[-122.458946891225, 37.76628704649113], [-122.459074915136, 37.76630867870913], [-122.459522359935, 37.76628813664813], [-122.459767931976, 37.76635467423013], [-122.459931488046, 37.76638028144513]]}, "properties": {"Corridor": "Lincoln Way", "Limits": "02nd Ave  -  03rd Ave", "BlockSide": "North", "WeekDay": "Fri", "FromHour": "11", "ToHour": "13", "Week1": "1", "Week2": "0", "Week3": "1", "Week4": "0", "Week5": "0", "Holidays": "0"}}, {"type": "Feature", "geometry": {"type": "LineString", "coordinates": [[-122.43011339482398, 37.77024306553], [-122.43020715052198, 37.770709188615]]}, "properties": {"Corridor": "Fillmore St", "Limits": "Hermann St  -  Germania St", "BlockSide": "West", "WeekDay": "Tues", "FromHour": "8", "ToHour": "10", "Week1": "1", "Week2": "1", "Week3": "1", "Week4": "1", "Week5": "1", "Holidays": "0"}}, {"type": "Feature", "geometry": {"type": "LineString", "coordinates": [[-122.43083766221011, 37.782569888528], [-122.4309455593461, 37.782676106583], [-122.43108950346111, 37.783397598449], [-122.43102903603611, 37.783507754267]]}, "properties": {"Corridor": "Webster St", "Limits": "Ellis St  -  O'Farrell St", "BlockSide": "West", "WeekDay": "Mon", "FromHour": "8", "ToHour": "10", "Week1": "1", "Week2": "1", "Week3": "1", "Week4": "1", "Week5": "1", "Holidays": "0"}}, {"type": "Feature", "geometry": {"type": "LineString", "coordinates": [[-122.43255516496446, 37.782349635153], [-122.43274596104047, 37.783292591474]]}, "properties": {"Corridor": "Fillmore St", "Limits": "Ellis St  -  O'Farrell St", "BlockSide": "West", "WeekDay": "Fri", "FromHour": "6", "ToHour": "8", "Week1": "0", "Week2": "1", "Week3": "0", "Week4": "1", "Week5": "0", "Holidays": "0"}}, {"type": "Feature", "geometry": {"type": "LineString", "coordinates": [[-122.445544776181, 37.76729172129387], [-122.446369258862, 37.76718881565487]]}, "properties": {"Corridor": "Frederick St", "Limits": "Delmar St  -  Ashbury St", "BlockSide": "South", "WeekDay": "Tues", "FromHour": "8", "ToHour": "10", "Week1": "1", "Week2": "1", "Week3": "1", "Week4": "1", "Week5": "1", "Holidays": "0"}}, {"type": "Feature", "geometry": {"type": "LineString", "coordinates": [[-122.427016756932, 37.78016158994187], [-122.43023323633, 37.77975135342187]]}, "properties": {"Corridor": "Golden Gate Ave", "Limits": "Laguna St  -  Webster St", "BlockSide": "South", "WeekDay": "Tues", "FromHour": "8", "ToHour": "10", "Week1": "1", "Week2": "1", "Week3": "1", "Week4": "1", "Week5": "1", "Holidays": "0"}}, {"type": "Feature", "geometry": {"type": "LineString", "coordinates": [[-122.45404344199423, 37.771930404305], [-122.45397845791223, 37.771616239174]]}, "properties": {"Corridor": "Stanyan St", "Limits": "Fell St  -  Ggp Access Road", "BlockSide": "East", "WeekDay": "Thu", "FromHour": "6", "ToHour": "8", "Week1": "1", "Week2": "1", "Week3": "1", "Week4": "1", "Week5": "1", "Holidays": "0"}}, {"type": "Feature", "geometry": {"type": "LineString", "coordinates": [[-122.43064898036363, 37.781645584393], [-122.43075498151164, 37.781739888562], [-122.43089801282564, 37.782446877522], [-122.43083766170564, 37.782569888528]]}, "properties": {"Corridor": "Webster St", "Limits": "Eddy St  -  Ellis St", "BlockSide": "West", "WeekDay": "Mon", "FromHour": "8", "ToHour": "10", "Week1": "1", "Week2": "1", "Week3": "1", "Week4": "1", "Week5": "1", "Holidays": "0"}}, {"type": "Feature", "geometry": {"type": "LineString", "coordinates": [[-122.43780816132211, 37.78371763821], [-122.43797988981511, 37.784530918539]]}, "properties": {"Corridor": "Scott St", "Limits": "Geary Blvd  -  Post St", "BlockSide": "East", "WeekDay": "Mon", "FromHour": "6", "ToHour": "8", "Week1": "1", "Week2": "0", "Week3": "1", "Week4": "0", "Week5": "0", "Holidays": "0"}}, {"type": "Feature", "geometry": {"type": "LineString", "coordinates": [[-122.444195855752, 37.76197821129413], [-122.445309434953, 37.76191188362113]]}, "properties": {"Corridor": "17th St", "Limits": "Mars St  -  Roosevelt Way", "BlockSide": "North", "WeekDay": "Thu", "FromHour": "9", "ToHour": "11", "Week1": "1", "Week2": "1", "Week3": "1", "Week4": "1", "Week5": "1", "Holidays": "0"}}, {"type": "Feature", "geometry": {"type": "LineString", "coordinates": [[-122.444024306745, 37.77226384878687], [-122.445716665627, 37.77204895331687]]}, "properties": {"Corridor": "Oak St", "Limits": "Central Ave  -  Masonic Ave", "BlockSide": "South", "WeekDay": "Tues", "FromHour": "12", "ToHour": "14", "Week1": "1", "Week2": "1", "Week3": "1", "Week4": "1", "Week5": "1", "Holidays": "0"}}, {"type": "Feature", "geometry": {"type": "LineString", "coordinates": [[-122.44182586133782, 37.778299553714], [-122.44201352990382, 37.77924403056]]}, "properties": {"Corridor": "Baker St", "Limits": "Golden Gate Ave  -  Turk St", "BlockSide": "East", "WeekDay": "Wed", "FromHour": "12", "ToHour": "14", "Week1": "1", "Week2": "1", "Week3": "1", "Week4": "1", "Week5": "1", "Holidays": "0"}}, {"type": "Feature", "geometry": {"type": "LineString", "coordinates": [[-122.456629211101, 37.78147058292913], [-122.457647181581, 37.78142732395613], [-122.45773304353, 37.781346026962126]]}, "properties": {"Corridor": "Geary Blvd", "Limits": "Jordan Ave  -  Palm Ave", "BlockSide": "North", "WeekDay": "Tues", "FromHour": "6", "ToHour": "8", "Week1": "1", "Week2": "1", "Week3": "1", "Week4": "1", "Week5": "1", "Holidays": "0"}}, {"type": "Feature", "geometry": {"type": "LineString", "coordinates": [[-122.450216975604, 37.76955750411587], [-122.450710180318, 37.76949460348787]]}, "properties": {"Corridor": "Haight St", "Limits": "Cole St  -  Cole St", "BlockSide": "South", "WeekDay": "Tues", "FromHour": "6", "ToHour": "8", "Week1": "1", "Week2": "1", "Week3": "1", "Week4": "1", "Week5": "1", "Holidays": "0"}}, {"type": "Feature", "geometry": {"type": "LineString", "coordinates": [[-122.450710180318, 37.76949460348787], [-122.451865727106, 37.76934722273387]]}, "properties": {"Corridor": "Haight St", "Limits": "Cole St  -  Shrader St", "BlockSide": "South", "WeekDay": "Thu", "FromHour": "6", "ToHour": "8", "Week1": "1", "Week2": "1", "Week3": "1", "Week4": "1", "Week5": "1", "Holidays": "0"}}, {"type": "Feature", "geometry": {"type": "LineString", "coordinates": [[-122.44058598615703, 37.771779098155], [-122.44077492356504, 37.77271287353]]}, "properties": {"Corridor": "Baker St", "Limits": "Page St  -  Oak St", "BlockSide": "West", "WeekDay": "Fri", "FromHour": "12", "ToHour": "14", "Week1": "1", "Week2": "1", "Week3": "1", "Week4": "1", "Week5": "1", "Holidays": "0"}}, {"type": "Feature", "geometry": {"type": "LineString", "coordinates": [[-122.450407505427, 37.77048787749387], [-122.452055220447, 37.77028131165287]]}, "properties": {"Corridor": "Page St", "Limits": "Cole St  -  Shrader St", "BlockSide": "South", "WeekDay": "Thu", "FromHour": "8", "ToHour": "10", "Week1": "1", "Week2": "1", "Week3": "1", "Week4": "1", "Week5": "1", "Holidays": "0"}}, {"type": "Feature", "geometry": {"type": "LineString", "coordinates": [[-122.43529843174832, 37.763462837145], [-122.43523456787833, 37.762766387776], [-122.43522773318433, 37.762670707774]]}, "properties": {"Corridor": "Castro St", "Limits": "States St  -  Market St", "BlockSide": "West", "WeekDay": "Mon", "FromHour": "6", "ToHour": "8", "Week1": "1", "Week2": "1", "Week3": "1", "Week4": "1", "Week5": "1", "Holidays": "0"}}, {"type": "Feature", "geometry": {"type": "LineString", "coordinates": [[-122.45645716359782, 37.779695338062], [-122.45625889711782, 37.778717899764]]}, "properties": {"Corridor": "Rossi Ave", "Limits": "Anza St  -  Lone Mountain Ter", "BlockSide": "East", "WeekDay": "Wed", "FromHour": "8", "ToHour": "10", "Week1": "1", "Week2": "1", "Week3": "1", "Week4": "1", "Week5": "1", "Holidays": "0"}}, {"type": "Feature", "geometry": {"type": "LineString", "coordinates": [[-122.458815067681, 37.76433441833287], [-122.459887554573, 37.76428739213587]]}, "properties": {"Corridor": "Irving St", "Limits": "02nd Ave  -  03rd Ave", "BlockSide": "South", "WeekDay": "Tues", "FromHour": "7", "ToHour": "8", "Week1": "0", "Week2": "1", "Week3": "0", "Week4": "1", "Week5": "0", "Holidays": "0"}}, {"type": "Feature", "geometry": {"type": "LineString", "coordinates": [[-122.440963130282, 37.78220778954187], [-122.441671638484, 37.78220250581487]]}, "properties": {"Corridor": "O'Farrell St", "Limits": "Broderick St  -  Saint Joseph's Ave", "BlockSide": "South", "WeekDay": "Mon", "FromHour": "6", "ToHour": "8", "Week1": "0", "Week2": "1", "Week3": "0", "Week4": "1", "Week5": "0", "Holidays": "0"}}, {"type": "Feature", "geometry": {"type": "LineString", "coordinates": [[-122.454404021899, 37.76520148588287], [-122.456759007372, 37.76490102046287]]}, "properties": {"Corridor": "Carl St", "Limits": "Willard St  -  Hillway Ave", "BlockSide": "South", "WeekDay": "Mon", "FromHour": "8", "ToHour": "10", "Week1": "1", "Week2": "1", "Week3": "1", "Week4": "1", "Week5": "1", "Holidays": "0"}}, {"type": "Feature", "geometry": {"type": "LineString", "coordinates": [[-122.449645156134, 37.769630428107874], [-122.450216975604, 37.76955750411587]]}, "properties": {"Corridor": "Haight St", "Limits": "Belvedere St  -  Cole St", "BlockSide": "South", "WeekDay": "Tues", "FromHour": "6", "ToHour": "8", "Week1": "1", "Week2": "1", "Week3": "1", "Week4": "1", "Week5": "1", "Holidays": "0"}}, {"type": "Feature", "geometry": {"type": "LineString", "coordinates": [[-122.43337167743832, 37.766662030407], [-122.43329524509433, 37.765861627815]]}, "properties": {"Corridor": "Noe St", "Limits": "Henry St  -  15th St", "BlockSide": "West", "WeekDay": "Fri", "FromHour": "8", "ToHour": "10", "Week1": "1", "Week2": "1", "Week3": "1", "Week4": "1", "Week5": "1", "Holidays": "0"}}, {"type": "Feature", "geometry": {"type": "LineString", "coordinates": [[-122.428665129261, 37.76453905380513], [-122.429427853236, 37.76449292332613]]}, "properties": {"Corridor": "16th St", "Limits": "Church St  -  Harlow St", "BlockSide": "North", "WeekDay": "Mon", "FromHour": "9", "ToHour": "11", "Week1": "1", "Week2": "1", "Week3": "1", "Week4": "1", "Week5": "1", "Holidays": "0"}}, {"type": "Feature", "geometry": {"type": "LineString", "coordinates": [[-122.440010891537, 37.760616370230125], [-122.440930034894, 37.76055937619813]]}, "properties": {"Corridor": "18th St", "Limits": "Ord St  -  Hattie St", "BlockSide": "North", "WeekDay": "Wed", "FromHour": "12", "ToHour": "14", "Week1": "1", "Week2": "1", "Week3": "1", "Week4": "1", "Week5": "1", "Holidays": "0"}}, {"type": "Feature", "geometry": {"type": "LineString", "coordinates": [[-122.44264512930067, 37.779694669004], [-122.44266158791567, 37.780064398476], [-122.44272032465368, 37.780493169242], [-122.44280402114967, 37.780837967922], [-122.44301196072968, 37.781460397497]]}, "properties": {"Corridor": "Fortuna Ave", "Limits": "Anzavista Ave  -  Terra Vista Ave", "BlockSide": "West", "WeekDay": "Fri", "FromHour": "9", "ToHour": "11", "Week1": "1", "Week2": "1", "Week3": "1", "Week4": "1", "Week5": "1", "Holidays": "0"}}, {"type": "Feature", "geometry": {"type": "LineString", "coordinates": [[-122.42959383461317, 37.776044285864], [-122.42966238164517, 37.776331628076], [-122.42966610861617, 37.776513152194]]}, "properties": {"Corridor": "Webster St", "Limits": "Hayes St  -  Ivy St", "BlockSide": "West", "WeekDay": "Mon", "FromHour": "8", "ToHour": "10", "Week1": "1", "Week2": "1", "Week3": "1", "Week4": "1", "Week5": "1", "Holidays": "0"}}, {"type": "Feature", "geometry": {"type": "LineString", "coordinates": [[-122.445309434953, 37.76191188362113], [-122.446384044119, 37.76184786716913]]}, "properties": {"Corridor": "17th St", "Limits": "Roosevelt Way  -  Monument Way", "BlockSide": "North", "WeekDay": "Thu", "FromHour": "9", "ToHour": "11", "Week1": "1", "Week2": "1", "Week3": "1", "Week4": "1", "Week5": "1", "Holidays": "0"}}, {"type": "Feature", "geometry": {"type": "LineString", "coordinates": [[-122.44820763619325, 37.78002527698888], [-122.44830172980625, 37.78048544692688], [-122.44903869710325, 37.780392337416885]]}, "properties": {"Corridor": "Ewing Ter", "Limits": "Ewing Ter  -  Jean Way", "BlockSide": "SouthWest", "WeekDay": "Fri", "FromHour": "9", "ToHour": "11", "Week1": "1", "Week2": "1", "Week3": "1", "Week4": "1", "Week5": "1", "Holidays": "0"}}, {"type": "Feature", "geometry": {"type": "LineString", "coordinates": [[-122.43933740651576, 37.78245048083], [-122.43940967647777, 37.782525000961], [-122.43955486871276, 37.783225624326], [-122.43952016260876, 37.783308488002]]}, "properties": {"Corridor": "Divisadero St", "Limits": "O'Farrell St  -  Geary Blvd", "BlockSide": "West", "WeekDay": "Wed", "FromHour": "6", "ToHour": "8", "Week1": "1", "Week2": "1", "Week3": "1", "Week4": "1", "Week5": "1", "Holidays": "0"}}, {"type": "Feature", "geometry": {"type": "LineString", "coordinates": [[-122.45548185831437, 37.778827542043], [-122.45525323417738, 37.777704195371], [-122.45525672136638, 37.777599278934]]}, "properties": {"Corridor": "Stanyan Blvd", "Limits": "Lone Mountain Ter  -  Turk Blvd", "BlockSide": "West", "WeekDay": "Fri", "FromHour": "8", "ToHour": "10", "Week1": "1", "Week2": "1", "Week3": "1", "Week4": "1", "Week5": "1", "Holidays": "0"}}, {"type": "Feature", "geometry": {"type": "LineString", "coordinates": [[-122.440984700554, 37.76104654351787], [-122.441064758929, 37.76100229095787], [-122.442447957576, 37.76099435545487], [-122.442627645956, 37.76095222940487], [-122.442824114727, 37.760853089263875], [-122.443306191503, 37.76055591087987], [-122.443409537343, 37.76048876559787], [-122.443517046914, 37.760477769108874]]}, "properties": {"Corridor": "Market St", "Limits": "Hattie St  -  Danvers St", "BlockSide": "South", "WeekDay": "Fri", "FromHour": "12", "ToHour": "14", "Week1": "1", "Week2": "1", "Week3": "1", "Week4": "1", "Week5": "1", "Holidays": "0"}}, {"type": "Feature", "geometry": {"type": "LineString", "coordinates": [[-122.45131787699732, 37.775175120967], [-122.45112352193333, 37.774248734291]]}, "properties": {"Corridor": "Cole St", "Limits": "Fulton St  -  Grove St", "BlockSide": "East", "WeekDay": "Fri", "FromHour": "9", "ToHour": "11", "Week1": "1", "Week2": "1", "Week3": "1", "Week4": "1", "Week5": "1", "Holidays": "0"}}, {"type": "Feature", "geometry": {"type": "LineString", "coordinates": [[-122.449296023474, 37.76248786324087], [-122.450736767306, 37.76231026397387]]}, "properties": {"Corridor": "Rivoli St", "Limits": "Cole St  -  Shrader St", "BlockSide": "South", "WeekDay": "Fri", "FromHour": "8", "ToHour": "10", "Week1": "1", "Week2": "0", "Week3": "0", "Week4": "0", "Week5": "0", "Holidays": "0"}}, {"type": "Feature", "geometry": {"type": "LineString", "coordinates": [[-122.45252958222993, 37.764509361378], [-122.45236011801492, 37.763669482253]]}, "properties": {"Corridor": "Stanyan St", "Limits": "Parnassus Ave  -  Grattan St", "BlockSide": "East", "WeekDay": "Wed", "FromHour": "9", "ToHour": "11", "Week1": "1", "Week2": "0", "Week3": "0", "Week4": "0", "Week5": "0", "Holidays": "0"}}, {"type": "Feature", "geometry": {"type": "LineString", "coordinates": [[-122.45847504954226, 37.77523976338], [-122.45841087658425, 37.77430889561]]}, "properties": {"Corridor": "Arguello Blvd", "Limits": "McAllister St  -  Fulton St", "BlockSide": "West", "WeekDay": "Tues", "FromHour": "8", "ToHour": "10", "Week1": "1", "Week2": "0", "Week3": "1", "Week4": "0", "Week5": "0", "Holidays": "0"}}, {"type": "Feature", "geometry": {"type": "LineString", "coordinates": [[-122.458858661406, 37.78122562043387], [-122.459039858278, 37.78115827244587], [-122.459874043119, 37.781115142969874], [-122.459999657963, 37.78118203702087]]}, "properties": {"Corridor": "Geary Blvd", "Limits": "Arguello Blvd  -  02nd Ave", "BlockSide": "South", "WeekDay": "Mon", "FromHour": "7", "ToHour": "8", "Week1": "0", "Week2": "1", "Week3": "0", "Week4": "1", "Week5": "1", "Holidays": "0"}}, {"type": "Feature", "geometry": {"type": "LineString", "coordinates": [[-122.451675937091, 37.768414084877875], [-122.453205916661, 37.76821751094087], [-122.453352288297, 37.76821458439687]]}, "properties": {"Corridor": "Waller St", "Limits": "Shrader St  -  Stanyan St", "BlockSide": "South", "WeekDay": "Mon", "FromHour": "8", "ToHour": "10", "Week1": "1", "Week2": "1", "Week3": "1", "Week4": "1", "Week5": "1", "Holidays": "0"}}, {"type": "Feature", "geometry": {"type": "LineString", "coordinates": [[-122.43822561304754, 37.760692318584], [-122.43807258513054, 37.759092655188]]}, "properties": {"Corridor": "Eureka St", "Limits": "18th St  -  19th St", "BlockSide": "East", "WeekDay": "Fri", "FromHour": "8", "ToHour": "10", "Week1": "1", "Week2": "1", "Week3": "1", "Week4": "1", "Week5": "1", "Holidays": "0"}}, {"type": "Feature", "geometry": {"type": "LineString", "coordinates": [[-122.43242456761962, 37.769249650685], [-122.43225946563862, 37.7675284447]]}, "properties": {"Corridor": "Walter St", "Limits": "Duboce Ave  -  14th St", "BlockSide": "East", "WeekDay": "Wed", "FromHour": "9", "ToHour": "11", "Week1": "1", "Week2": "1", "Week3": "1", "Week4": "1", "Week5": "1", "Holidays": "0"}}, {"type": "Feature", "geometry": {"type": "LineString", "coordinates": [[-122.458998400743, 37.783220105807125], [-122.460137198557, 37.78316792929413]]}, "properties": {"Corridor": "Clement St", "Limits": "Arguello Blvd  -  02nd Ave", "BlockSide": "North", "WeekDay": "Sat", "FromHour": "7", "ToHour": "8", "Week1": "1", "Week2": "1", "Week3": "1", "Week4": "1", "Week5": "1", "Holidays": "0"}}, {"type": "Feature", "geometry": {"type": "LineString", "coordinates": [[-122.432092300989, 37.77192870668713], [-122.433734772499, 37.77171971462313]]}, "properties": {"Corridor": "Haight St", "Limits": "Steiner St  -  Pierce St", "BlockSide": "North", "WeekDay": "Tues", "FromHour": "8", "ToHour": "10", "Week1": "1", "Week2": "1", "Week3": "1", "Week4": "1", "Week5": "1", "Holidays": "0"}}, {"type": "Feature", "geometry": {"type": "LineString", "coordinates": [[-122.4371116449412, 37.779867395935], [-122.43729983849819, 37.780801770693]]}, "properties": {"Corridor": "Scott St", "Limits": "Turk St  -  Eddy St", "BlockSide": "West", "WeekDay": "Fri", "FromHour": "12", "ToHour": "14", "Week1": "1", "Week2": "1", "Week3": "1", "Week4": "1", "Week5": "1", "Holidays": "0"}}, {"type": "Feature", "geometry": {"type": "LineString", "coordinates": [[-122.448109435738, 37.763335790907874], [-122.449433326739, 37.763168221636874]]}, "properties": {"Corridor": "Alma St", "Limits": "Belvedere St  -  Cole St", "BlockSide": "South", "WeekDay": "Thu", "FromHour": "9", "ToHour": "11", "Week1": "1", "Week2": "0", "Week3": "0", "Week4": "0", "Week5": "0", "Holidays": "0"}}, {"type": "Feature", "geometry": {"type": "LineString", "coordinates": [[-122.44949387858284, 37.768728892022], [-122.44911367219585, 37.76687212509]]}, "properties": {"Corridor": "Belvedere St", "Limits": "Waller St  -  Frederick St", "BlockSide": "West", "WeekDay": "Fri", "FromHour": "8", "ToHour": "10", "Week1": "1", "Week2": "1", "Week3": "1", "Week4": "1", "Week5": "1", "Holidays": "0"}}, {"type": "Feature", "geometry": {"type": "LineString", "coordinates": [[-122.4491599842702, 37.761648125591], [-122.44899920444018, 37.760851404087]]}, "properties": {"Corridor": "Cole St", "Limits": "17th St  -  Carmel St", "BlockSide": "West", "WeekDay": "Wed", "FromHour": "9", "ToHour": "11", "Week1": "1", "Week2": "0", "Week3": "0", "Week4": "0", "Week5": "0", "Holidays": "0"}}, {"type": "Feature", "geometry": {"type": "LineString", "coordinates": [[-122.44970782701, 37.77542138202113], [-122.451357654172, 37.77520656185813]]}, "properties": {"Corridor": "Fulton St", "Limits": "Clayton St  -  Cole St", "BlockSide": "North", "WeekDay": "Mon", "FromHour": "6", "ToHour": "8", "Week1": "1", "Week2": "1", "Week3": "1", "Week4": "1", "Week5": "1", "Holidays": "0"}}, {"type": "Feature", "geometry": {"type": "LineString", "coordinates": [[-122.430247361169, 37.76936082083987], [-122.431356624193, 37.769289470787875]]}, "properties": {"Corridor": "Duboce Ave", "Limits": "Belcher St  -  Sanchez St", "BlockSide": "South", "WeekDay": "Mon", "FromHour": "9", "ToHour": "11", "Week1": "1", "Week2": "1", "Week3": "1", "Week4": "1", "Week5": "1", "Holidays": "0"}}, {"type": "Feature", "geometry": {"type": "LineString", "coordinates": [[-122.447517982987, 37.78103807020187], [-122.447699455967, 37.78098815666587], [-122.448791248112, 37.78085022246387]]}, "properties": {"Corridor": "Anza St", "Limits": "O'Farrell St  -  Wood St", "BlockSide": "South", "WeekDay": "Mon", "FromHour": "6", "ToHour": "8", "Week1": "1", "Week2": "1", "Week3": "1", "Week4": "1", "Week5": "1", "Holidays": "0"}}, {"type": "Feature", "geometry": {"type": "LineString", "coordinates": [[-122.446384044119, 37.76184786716913], [-122.446783403442, 37.761812854586125]]}, "properties": {"Corridor": "17th St", "Limits": "Monument Way  -  Clayton St", "BlockSide": "North", "WeekDay": "Thu", "FromHour": "9", "ToHour": "11", "Week1": "1", "Week2": "1", "Week3": "1", "Week4": "1", "Week5": "1", "Holidays": "0"}}, {"type": "Feature", "geometry": {"type": "LineString", "coordinates": [[-122.43260884498298, 37.774692660499], [-122.43262353086799, 37.774800307655], [-122.43278995131098, 37.775626088664]]}, "properties": {"Corridor": "Steiner St", "Limits": "Fell St  -  Hayes St", "BlockSide": "East", "WeekDay": "Fri", "FromHour": "9", "ToHour": "11", "Week1": "1", "Week2": "1", "Week3": "1", "Week4": "1", "Week5": "1", "Holidays": "0"}}, {"type": "Feature", "geometry": {"type": "LineString", "coordinates": [[-122.43775896948777, 37.774991947847], [-122.43772947289277, 37.775079294668], [-122.43788642961977, 37.775858710907], [-122.43795007062276, 37.775925405585]]}, "properties": {"Corridor": "Divisadero St", "Limits": "Hayes St  -  Grove St", "BlockSide": "East", "WeekDay": "Tues", "FromHour": "6", "ToHour": "8", "Week1": "1", "Week2": "1", "Week3": "1", "Week4": "1", "Week5": "1", "Holidays": "0"}}, {"type": "Feature", "geometry": {"type": "LineString", "coordinates": [[-122.438452306685, 37.782589823158126], [-122.439297624947, 37.78248192172113]]}, "properties": {"Corridor": "O'Farrell St", "Limits": "Beideman St  -  Divisadero St", "BlockSide": "North", "WeekDay": "Tues", "FromHour": "9", "ToHour": "11", "Week1": "1", "Week2": "1", "Week3": "1", "Week4": "1", "Week5": "1", "Holidays": "0"}}, {"type": "Feature", "geometry": {"type": "LineString", "coordinates": [[-122.43304634870549, 37.76417348135488], [-122.43323085756148, 37.763966336111885], [-122.43442763984349, 37.763016678638884], [-122.43502296924848, 37.762630519365885], [-122.43515984022349, 37.76264847591988]]}, "properties": {"Corridor": "Market St", "Limits": "16th St  -  17th St", "BlockSide": "SouthEast", "WeekDay": "Holiday", "FromHour": "2", "ToHour": "6", "Week1": "1", "Week2": "1", "Week3": "1", "Week4": "1", "Week5": "1", "Holidays": "1"}}, {"type": "Feature", "geometry": {"type": "LineString", "coordinates": [[-122.458998400743, 37.783220105807125], [-122.460137198557, 37.78316792929413]]}, "properties": {"Corridor": "Clement St", "Limits": "Arguello Blvd  -  02nd Ave", "BlockSide": "North", "WeekDay": "Mon", "FromHour": "7", "ToHour": "8", "Week1": "0", "Week2": "1", "Week3": "0", "Week4": "1", "Week5": "1", "Holidays": "0"}}, {"type": "Feature", "geometry": {"type": "LineString", "coordinates": [[-122.45304310749275, 37.774970754615], [-122.45285259627775, 37.774040692434]]}, "properties": {"Corridor": "Shrader St", "Limits": "Fulton St  -  Grove St", "BlockSide": "West", "WeekDay": "Mon", "FromHour": "6", "ToHour": "8", "Week1": "1", "Week2": "1", "Week3": "1", "Week4": "1", "Week5": "1", "Holidays": "0"}}, {"type": "Feature", "geometry": {"type": "LineString", "coordinates": [[-122.437446430569, 37.78169563840887], [-122.438271524809, 37.781589772326875]]}, "properties": {"Corridor": "Ellis St", "Limits": "Scott St  -  Beideman St", "BlockSide": "South", "WeekDay": "Tues", "FromHour": "9", "ToHour": "11", "Week1": "1", "Week2": "1", "Week3": "1", "Week4": "1", "Week5": "1", "Holidays": "0"}}, {"type": "Feature", "geometry": {"type": "LineString", "coordinates": [[-122.43274596158017, 37.783292591474], [-122.43295403032516, 37.78435505664]]}, "properties": {"Corridor": "Fillmore St", "Limits": "O'Farrell St  -  Geary Blvd", "BlockSide": "West", "WeekDay": "Sat", "FromHour": "6", "ToHour": "8", "Week1": "1", "Week2": "1", "Week3": "1", "Week4": "1", "Week5": "1", "Holidays": "0"}}, {"type": "Feature", "geometry": {"type": "LineString", "coordinates": [[-122.44279331830408, 37.76963905123888], [-122.44304707585708, 37.76980263992888], [-122.44318317053008, 37.76994996399488], [-122.44329271762209, 37.77015799844988], [-122.44333981344109, 37.77044730656388]]}, "properties": {"Corridor": "Buena Vista Ave West", "Limits": "Waller St  -  Haight St", "BlockSide": "SouthWest", "WeekDay": "Tues", "FromHour": "8", "ToHour": "10", "Week1": "1", "Week2": "1", "Week3": "1", "Week4": "1", "Week5": "1", "Holidays": "0"}}, {"type": "Feature", "geometry": {"type": "LineString", "coordinates": [[-122.45903818195946, 37.783188664916], [-122.45889844262246, 37.781257061325]]}, "properties": {"Corridor": "Arguello Blvd", "Limits": "Clement St  -  Geary Blvd", "BlockSide": "West", "WeekDay": "Tues", "FromHour": "7", "ToHour": "9", "Week1": "1", "Week2": "0", "Week3": "1", "Week4": "0", "Week5": "0", "Holidays": "0"}}, {"type": "Feature", "geometry": {"type": "LineString", "coordinates": [[-122.44201352948605, 37.77924403056], [-122.44198667850705, 37.779369066471], [-122.44186734176405, 37.779559259244], [-122.44175536805405, 37.779701270545], [-122.44170398899405, 37.779866885998]]}, "properties": {"Corridor": "Baker St", "Limits": "Turk St  -  Anzavista Ave", "BlockSide": "East", "WeekDay": "Fri", "FromHour": "9", "ToHour": "11", "Week1": "1", "Week2": "1", "Week3": "1", "Week4": "1", "Week5": "1", "Holidays": "0"}}, {"type": "Feature", "geometry": {"type": "LineString", "coordinates": [[-122.43729983899863, 37.780801770693], [-122.43748621126963, 37.7817270793]]}, "properties": {"Corridor": "Scott St", "Limits": "Eddy St  -  Ellis St", "BlockSide": "West", "WeekDay": "Fri", "FromHour": "12", "ToHour": "14", "Week1": "1", "Week2": "1", "Week3": "1", "Week4": "1", "Week5": "1", "Holidays": "0"}}, {"type": "Feature", "geometry": {"type": "LineString", "coordinates": [[-122.441041163222, 37.76163823234487], [-122.441187082085, 37.76158786251387], [-122.441951723365, 37.76164287269187], [-122.442193179947, 37.761645659090874], [-122.442653559097, 37.76172870133187], [-122.442879386029, 37.76169216906787]]}, "properties": {"Corridor": "Corbett Ave", "Limits": "Hattie St  -  Corbin Pl", "BlockSide": "South", "WeekDay": "Thu", "FromHour": "9", "ToHour": "11", "Week1": "1", "Week2": "1", "Week3": "1", "Week4": "1", "Week5": "1", "Holidays": "0"}}, {"type": "Feature", "geometry": {"type": "LineString", "coordinates": [[-122.43585352329792, 37.781940324487], [-122.43602487798192, 37.782787014557], [-122.43606844621291, 37.782846761645]]}, "properties": {"Corridor": "Pierce St", "Limits": "Ellis St  -  O'Farrell St", "BlockSide": "West", "WeekDay": "Thu", "FromHour": "12", "ToHour": "14", "Week1": "1", "Week2": "1", "Week3": "1", "Week4": "1", "Week5": "1", "Holidays": "0"}}, {"type": "Feature", "geometry": {"type": "LineString", "coordinates": [[-122.452143124058, 37.78188473273113], [-122.452252326715, 37.78194449198913], [-122.45309908421, 37.78183394136413], [-122.453170387508, 37.78174886939513]]}, "properties": {"Corridor": "Geary Blvd", "Limits": "Cook St  -  Spruce St", "BlockSide": "North", "WeekDay": "Tues", "FromHour": "6", "ToHour": "8", "Week1": "1", "Week2": "1", "Week3": "1", "Week4": "1", "Week5": "1", "Holidays": "0"}}, {"type": "Feature", "geometry": {"type": "LineString", "coordinates": [[-122.432829728662, 37.775657529555126], [-122.434483319719, 37.77544830225513]]}, "properties": {"Corridor": "Hayes St", "Limits": "Steiner St  -  Pierce St", "BlockSide": "North", "WeekDay": "Tues", "FromHour": "12", "ToHour": "14", "Week1": "1", "Week2": "1", "Week3": "1", "Week4": "1", "Week5": "1", "Holidays": "0"}}, {"type": "Feature", "geometry": {"type": "LineString", "coordinates": [[-122.454818229412, 37.78008550422187], [-122.455566979892, 37.77998619382387], [-122.455843129616, 37.779910046596875]]}, "properties": {"Corridor": "Anza St", "Limits": "Beaumont Ave  -  Stanyan St", "BlockSide": "South", "WeekDay": "Wed", "FromHour": "8", "ToHour": "10", "Week1": "1", "Week2": "1", "Week3": "1", "Week4": "1", "Week5": "1", "Holidays": "0"}}, {"type": "Feature", "geometry": {"type": "LineString", "coordinates": [[-122.453170387508, 37.78174886939513], [-122.453268491799, 37.78181079113813], [-122.454069845707, 37.78171710410613], [-122.454175993557, 37.78163026237113]]}, "properties": {"Corridor": "Geary Blvd", "Limits": "Spruce St  -  Parker Ave", "BlockSide": "North", "WeekDay": "Thu", "FromHour": "6", "ToHour": "8", "Week1": "1", "Week2": "1", "Week3": "1", "Week4": "1", "Week5": "1", "Holidays": "0"}}, {"type": "Feature", "geometry": {"type": "LineString", "coordinates": [[-122.452437462164, 37.77222061346713], [-122.453959429051, 37.772028108177125], [-122.454083217588, 37.77196184519613]]}, "properties": {"Corridor": "Fell St", "Limits": "Shrader St  -  Stanyan St", "BlockSide": "North", "WeekDay": "Tues", "FromHour": "8", "ToHour": "10", "Week1": "1", "Week2": "1", "Week3": "1", "Week4": "1", "Week5": "1", "Holidays": "0"}}, {"type": "Feature", "geometry": {"type": "LineString", "coordinates": [[-122.431037778981, 37.76602777091113], [-122.433255472465, 37.76589306870613]]}, "properties": {"Corridor": "15th St", "Limits": "Sanchez St  -  Noe St", "BlockSide": "North", "WeekDay": "Mon", "FromHour": "9", "ToHour": "11", "Week1": "1", "Week2": "1", "Week3": "1", "Week4": "1", "Week5": "1", "Holidays": "0"}}, {"type": "Feature", "geometry": {"type": "LineString", "coordinates": [[-122.43927327636044, 37.768143293291885], [-122.44010934077045, 37.76773463978288], [-122.44057616528444, 37.766932279698885], [-122.44191013506044, 37.765930612879885], [-122.44198133431844, 37.76588486163188], [-122.44213848697345, 37.765865593112885], [-122.44233284681944, 37.765862390469884], [-122.44254712147544, 37.76590605277388]]}, "properties": {"Corridor": "Buena Vista Ave East", "Limits": "Park Hill Ave  -  Upper Ter", "BlockSide": "SouthEast", "WeekDay": "Tues", "FromHour": "8", "ToHour": "10", "Week1": "1", "Week2": "1", "Week3": "1", "Week4": "1", "Week5": "1", "Holidays": "0"}}, {"type": "Feature", "geometry": {"type": "LineString", "coordinates": [[-122.44861859075316, 37.76979785124], [-122.44842946032115, 37.768864629361]]}, "properties": {"Corridor": "Clayton St", "Limits": "Haight St  -  Waller St", "BlockSide": "West", "WeekDay": "Wed", "FromHour": "8", "ToHour": "10", "Week1": "1", "Week2": "1", "Week3": "1", "Week4": "1", "Week5": "1", "Holidays": "0"}}, {"type": "Feature", "geometry": {"type": "LineString", "coordinates": [[-122.456038895899, 37.763994844524], [-122.456669911718, 37.763814688787]]}, "properties": {"Corridor": "Parnassus Ave", "Limits": "Medical Center Way  -  Hillway Ave", "BlockSide": "", "WeekDay": "Tues", "FromHour": "6", "ToHour": "7", "Week1": "1", "Week2": "1", "Week3": "1", "Week4": "1", "Week5": "1", "Holidays": "0"}}, {"type": "Feature", "geometry": {"type": "LineString", "coordinates": [[-122.44163841448615, 37.777373284671], [-122.44182586184115, 37.778299553714]]}, "properties": {"Corridor": "Baker St", "Limits": "McAllister St  -  Golden Gate Ave", "BlockSide": "East", "WeekDay": "Wed", "FromHour": "12", "ToHour": "14", "Week1": "1", "Week2": "1", "Week3": "1", "Week4": "1", "Week5": "1", "Holidays": "0"}}, {"type": "Feature", "geometry": {"type": "LineString", "coordinates": [[-122.45258406851988, 37.773106133372], [-122.45239768609989, 37.772189172576]]}, "properties": {"Corridor": "Shrader St", "Limits": "Hayes St  -  Fell St", "BlockSide": "East", "WeekDay": "Wed", "FromHour": "9", "ToHour": "11", "Week1": "1", "Week2": "1", "Week3": "1", "Week4": "1", "Week5": "1", "Holidays": "0"}}, {"type": "Feature", "geometry": {"type": "LineString", "coordinates": [[-122.454592922865, 37.766134029225874], [-122.45661609179, 37.76587757445287], [-122.456913422611, 37.765842174042874], [-122.457189364937, 37.76584910835087], [-122.457489671048, 37.765899397573875], [-122.457789624038, 37.76598332644787]]}, "properties": {"Corridor": "Frederick St", "Limits": "Willard St  -  Lincoln Way", "BlockSide": "South", "WeekDay": "Tues", "FromHour": "8", "ToHour": "10", "Week1": "1", "Week2": "1", "Week3": "1", "Week4": "1", "Week5": "1", "Holidays": "0"}}, {"type": "Feature", "geometry": {"type": "LineString", "coordinates": [[-122.456295739929, 37.78134984159987], [-122.456367376717, 37.78126900493887], [-122.457636289848, 37.781212181004875], [-122.45773304353, 37.78128314517987]]}, "properties": {"Corridor": "Geary Blvd", "Limits": "Stanyan St  -  Palm Ave", "BlockSide": "South", "WeekDay": "Wed", "FromHour": "6", "ToHour": "8", "Week1": "1", "Week2": "1", "Week3": "1", "Week4": "1", "Week5": "1", "Holidays": "0"}}, {"type": "Feature", "geometry": {"type": "LineString", "coordinates": [[-122.4524708901902, 37.777939652253], [-122.4522735442462, 37.776976223085]]}, "properties": {"Corridor": "Temescal Ter", "Limits": "Turk Blvd  -  Golden Gate Ave", "BlockSide": "West", "WeekDay": "Wed", "FromHour": "8", "ToHour": "10", "Week1": "1", "Week2": "1", "Week3": "1", "Week4": "1", "Week5": "1", "Holidays": "0"}}, {"type": "Feature", "geometry": {"type": "LineString", "coordinates": [[-122.42909355943573, 37.768674599598], [-122.42900854610173, 37.767729170383]]}, "properties": {"Corridor": "Church St", "Limits": "Reservoir St  -  14th St", "BlockSide": "West", "WeekDay": "Mon", "FromHour": "6", "ToHour": "8", "Week1": "1", "Week2": "1", "Week3": "1", "Week4": "1", "Week5": "1", "Holidays": "0"}}, {"type": "Feature", "geometry": {"type": "LineString", "coordinates": [[-122.44032958050043, 37.770869666273114], [-122.44023448305144, 37.770747493674115], [-122.43964448196743, 37.77056522184112], [-122.43943269040443, 37.77042806910312], [-122.43922616724943, 37.77004716211112]]}, "properties": {"Corridor": "Buena Vista Ave East", "Limits": "Baker St  -  Waller St", "BlockSide": "NorthEast", "WeekDay": "Wed", "FromHour": "12", "ToHour": "14", "Week1": "1", "Week2": "1", "Week3": "1", "Week4": "1", "Week5": "1", "Holidays": "0"}}, {"type": "Feature", "geometry": {"type": "LineString", "coordinates": [[-122.451119860207, 37.782015556869126], [-122.451233239985, 37.78208233703613], [-122.452061246566, 37.781978299573126], [-122.452143124058, 37.78188473273113]]}, "properties": {"Corridor": "Geary Blvd", "Limits": "Blake St  -  Cook St", "BlockSide": "North", "WeekDay": "Thu", "FromHour": "6", "ToHour": "8", "Week1": "1", "Week2": "1", "Week3": "1", "Week4": "1", "Week5": "1", "Holidays": "0"}}, {"type": "Feature", "geometry": {"type": "LineString", "coordinates": [[-122.45524096927582, 37.78145866084], [-122.45497752846683, 37.780174974187], [-122.45477844907782, 37.780116945113]]}, "properties": {"Corridor": "Beaumont Ave", "Limits": "Geary Blvd  -  Anza St", "BlockSide": "East", "WeekDay": "Wed", "FromHour": "9", "ToHour": "11", "Week1": "1", "Week2": "1", "Week3": "1", "Week4": "1", "Week5": "1", "Holidays": "0"}}, {"type": "Feature", "geometry": {"type": "LineString", "coordinates": [[-122.43004726535, 37.778850928395], [-122.430901634069, 37.778741946537]]}, "properties": {"Corridor": "McAllister St", "Limits": "Webster St  -  Friendship Ct", "BlockSide": "", "WeekDay": "Tues", "FromHour": "8", "ToHour": "10", "Week1": "1", "Week2": "1", "Week3": "1", "Week4": "1", "Week5": "1", "Holidays": "0"}}, {"type": "Feature", "geometry": {"type": "LineString", "coordinates": [[-122.453170387508, 37.781685987612875], [-122.453244752492, 37.78160712207687], [-122.454055406868, 37.78150860640887], [-122.454175993557, 37.781567380588875]]}, "properties": {"Corridor": "Geary Blvd", "Limits": "Spruce St  -  Parker Ave", "BlockSide": "South", "WeekDay": "Fri", "FromHour": "6", "ToHour": "8", "Week1": "0", "Week2": "1", "Week3": "0", "Week4": "1", "Week5": "0", "Holidays": "0"}}, {"type": "Feature", "geometry": {"type": "LineString", "coordinates": [[-122.456283639802, 37.774586152826124], [-122.458371099376, 37.774340336501126]]}, "properties": {"Corridor": "Fulton St", "Limits": "Willard North St  -  Arguello Blvd", "BlockSide": "North", "WeekDay": "Wed", "FromHour": "8", "ToHour": "10", "Week1": "1", "Week2": "1", "Week3": "1", "Week4": "1", "Week5": "1", "Holidays": "0"}}, {"type": "Feature", "geometry": {"type": "LineString", "coordinates": [[-122.45361371742241, 37.78405448097], [-122.45352336046341, 37.783628568195], [-122.4531306058014, 37.781717428504]]}, "properties": {"Corridor": "Spruce St", "Limits": "Euclid Ave  -  Geary Blvd", "BlockSide": "East", "WeekDay": "Mon", "FromHour": "8", "ToHour": "10", "Week1": "1", "Week2": "0", "Week3": "1", "Week4": "0", "Week5": "0", "Holidays": "0"}}, {"type": "Feature", "geometry": {"type": "LineString", "coordinates": [[-122.43218017019703, 37.780496260511], [-122.43236876207503, 37.781428371173]]}, "properties": {"Corridor": "Fillmore St", "Limits": "Turk St  -  Eddy St", "BlockSide": "West", "WeekDay": "Fri", "FromHour": "6", "ToHour": "8", "Week1": "1", "Week2": "0", "Week3": "1", "Week4": "0", "Week5": "0", "Holidays": "0"}}, {"type": "Feature", "geometry": {"type": "LineString", "coordinates": [[-122.433074470809, 37.764227154100126], [-122.433274259666, 37.764257370709124], [-122.435317297576, 37.76413371283813]]}, "properties": {"Corridor": "16th St", "Limits": "Market St  -  Castro St", "BlockSide": "North", "WeekDay": "Mon", "FromHour": "9", "ToHour": "11", "Week1": "1", "Week2": "1", "Week3": "1", "Week4": "1", "Week5": "1", "Holidays": "0"}}, {"type": "Feature", "geometry": {"type": "LineString", "coordinates": [[-122.436588267059, 37.76896936171787], [-122.437106064137, 37.768931764872875], [-122.437230505176, 37.76902811069587], [-122.437556408066, 37.76901191661787]]}, "properties": {"Corridor": "Duboce Ave", "Limits": "Divisadero St  -  Alpine Ter", "BlockSide": "South", "WeekDay": "Fri", "FromHour": "12", "ToHour": "14", "Week1": "1", "Week2": "1", "Week3": "1", "Week4": "1", "Week5": "1", "Holidays": "0"}}, {"type": "Feature", "geometry": {"type": "LineString", "coordinates": [[-122.452143124058, 37.78182185094887], [-122.452219382504, 37.78174568777387], [-122.45307662353, 37.781634964039874], [-122.453170387508, 37.781685987612875]]}, "properties": {"Corridor": "Geary Blvd", "Limits": "Cook St  -  Spruce St", "BlockSide": "South", "WeekDay": "Wed", "FromHour": "6", "ToHour": "8", "Week1": "1", "Week2": "1", "Week3": "1", "Week4": "1", "Week5": "1", "Holidays": "0"}}, {"type": "Feature", "geometry": {"type": "LineString", "coordinates": [[-122.45464287117606, 37.774755484817], [-122.45460227592906, 37.774646437957], [-122.45424534023806, 37.772895177828]]}, "properties": {"Corridor": "Stanyan St", "Limits": "Fulton St  -  Hayes St", "BlockSide": "East", "WeekDay": "Thu", "FromHour": "6", "ToHour": "8", "Week1": "1", "Week2": "1", "Week3": "1", "Week4": "1", "Week5": "1", "Holidays": "0"}}, {"type": "Feature", "geometry": {"type": "LineString", "coordinates": [[-122.448273953337, 37.76422757316613], [-122.449600210799, 37.76405801982913]]}, "properties": {"Corridor": "Grattan St", "Limits": "Belvedere St  -  Cole St", "BlockSide": "North", "WeekDay": "Thu", "FromHour": "9", "ToHour": "11", "Week1": "1", "Week2": "0", "Week3": "0", "Week4": "0", "Week5": "0", "Holidays": "0"}}, {"type": "Feature", "geometry": {"type": "LineString", "coordinates": [[-122.45516364950252, 37.777026249548], [-122.45501815373353, 37.776322359192]]}, "properties": {"Corridor": "Stanyan St", "Limits": "Golden Gate Ave  -  Paramount Ter", "BlockSide": "West", "WeekDay": "Fri", "FromHour": "8", "ToHour": "10", "Week1": "1", "Week2": "1", "Week3": "1", "Week4": "1", "Week5": "1", "Holidays": "0"}}, {"type": "Feature", "geometry": {"type": "LineString", "coordinates": [[-122.43662804152235, 37.769000802609], [-122.43688871726135, 37.770342897054]]}, "properties": {"Corridor": "Divisadero St", "Limits": "Duboce Ave  -  Castro St", "BlockSide": "West", "WeekDay": "Wed", "FromHour": "12", "ToHour": "14", "Week1": "1", "Week2": "1", "Week3": "1", "Week4": "1", "Week5": "1", "Holidays": "0"}}, {"type": "Feature", "geometry": {"type": "LineString", "coordinates": [[-122.439466217311, 37.77474679525887], [-122.441110417756, 37.77453604170587]]}, "properties": {"Corridor": "Hayes St", "Limits": "Broderick St  -  Baker St", "BlockSide": "South", "WeekDay": "Thu", "FromHour": "9", "ToHour": "11", "Week1": "1", "Week2": "1", "Week3": "1", "Week4": "1", "Week5": "1", "Holidays": "0"}}, {"type": "Feature", "geometry": {"type": "LineString", "coordinates": [[-122.44980685789011, 37.778277008291], [-122.44961060504812, 37.777318749037]]}, "properties": {"Corridor": "Roselyn Ter", "Limits": "Turk Blvd  -  Golden Gate Ave", "BlockSide": "West", "WeekDay": "Fri", "FromHour": "9", "ToHour": "11", "Week1": "1", "Week2": "1", "Week3": "1", "Week4": "1", "Week5": "1", "Holidays": "0"}}, {"type": "Feature", "geometry": {"type": "LineString", "coordinates": [[-122.43520123261817, 37.779144878341], [-122.43529765453917, 37.779635001279]]}, "properties": {"Corridor": "Pierce St", "Limits": "Golden Gate Ave  -  Elm St", "BlockSide": "East", "WeekDay": "Wed", "FromHour": "9", "ToHour": "11", "Week1": "1", "Week2": "1", "Week3": "1", "Week4": "1", "Week5": "1", "Holidays": "0"}}, {"type": "Feature", "geometry": {"type": "LineString", "coordinates": [[-122.42986586872, 37.76940792165], [-122.429889272799, 37.769524282337], [-122.430033845436, 37.77024306553]]}, "properties": {"Corridor": "Fillmore St", "Limits": "Duboce Ave  -  Hermann St", "BlockSide": "East", "WeekDay": "Wed", "FromHour": "8", "ToHour": "10", "Week1": "1", "Week2": "1", "Week3": "1", "Week4": "1", "Week5": "1", "Holidays": "0"}}, {"type": "Feature", "geometry": {"type": "LineString", "coordinates": [[-122.44077492406433, 37.77271287353], [-122.44096156871532, 37.77363529632]]}, "properties": {"Corridor": "Baker St", "Limits": "Oak St  -  Fell St", "BlockSide": "West", "WeekDay": "Fri", "FromHour": "12", "ToHour": "14", "Week1": "1", "Week2": "1", "Week3": "1", "Week4": "1", "Week5": "1", "Holidays": "0"}}, {"type": "Feature", "geometry": {"type": "LineString", "coordinates": [[-122.433734772499, 37.771656832840875], [-122.435372983052, 37.77144804415787]]}, "properties": {"Corridor": "Haight St", "Limits": "Pierce St  -  Scott St", "BlockSide": "South", "WeekDay": "Fri", "FromHour": "8", "ToHour": "10", "Week1": "1", "Week2": "1", "Week3": "1", "Week4": "1", "Week5": "1", "Holidays": "0"}}, {"type": "Feature", "geometry": {"type": "LineString", "coordinates": [[-122.443831200101, 37.781903082281126], [-122.444262125821, 37.781807146986125], [-122.444609593014, 37.781669344002125], [-122.444945529933, 37.78150589025213], [-122.445282742843, 37.78139122311613], [-122.445583810725, 37.781352128840126]]}, "properties": {"Corridor": "O'Farrell St", "Limits": "Lyon St  -  Anzavista Ave", "BlockSide": "North", "WeekDay": "Tues", "FromHour": "6", "ToHour": "8", "Week1": "0", "Week2": "1", "Week3": "0", "Week4": "1", "Week5": "0", "Holidays": "0"}}, {"type": "Feature", "geometry": {"type": "LineString", "coordinates": [[-122.45393974694652, 37.771428395344], [-122.45386267943951, 37.771053837798]]}, "properties": {"Corridor": "Stanyan St", "Limits": "Fell St  -  Oak St", "BlockSide": "East", "WeekDay": "Thu", "FromHour": "6", "ToHour": "8", "Week1": "1", "Week2": "1", "Week3": "1", "Week4": "1", "Week5": "1", "Holidays": "0"}}, {"type": "Feature", "geometry": {"type": "LineString", "coordinates": [[-122.439297624947, 37.78241903993887], [-122.440963130282, 37.78220778954187]]}, "properties": {"Corridor": "O'Farrell St", "Limits": "Divisadero St  -  Broderick St", "BlockSide": "South", "WeekDay": "Mon", "FromHour": "6", "ToHour": "8", "Week1": "0", "Week2": "1", "Week3": "0", "Week4": "1", "Week5": "0", "Holidays": "0"}}, {"type": "Feature", "geometry": {"type": "LineString", "coordinates": [[-122.42959383461317, 37.776044285864], [-122.42966238164517, 37.776331628076], [-122.42966610861617, 37.776513152194]]}, "properties": {"Corridor": "Webster St", "Limits": "Hayes St  -  Ivy St", "BlockSide": "West", "WeekDay": "Wed", "FromHour": "8", "ToHour": "10", "Week1": "1", "Week2": "1", "Week3": "1", "Week4": "1", "Week5": "1", "Holidays": "0"}}, {"type": "Feature", "geometry": {"type": "LineString", "coordinates": [[-122.43101153828, 37.77487139005287], [-122.432648622334, 37.77466121960787]]}, "properties": {"Corridor": "Fell St", "Limits": "Fillmore St  -  Steiner St", "BlockSide": "South", "WeekDay": "Thu", "FromHour": "8", "ToHour": "10", "Week1": "1", "Week2": "1", "Week3": "1", "Week4": "1", "Week5": "1", "Holidays": "0"}}, {"type": "Feature", "geometry": {"type": "LineString", "coordinates": [[-122.443311688785, 37.770500979309126], [-122.44364908623, 37.77045781180813]]}, "properties": {"Corridor": "Haight St", "Limits": "Buena Vista West Ave  -  Central Ave", "BlockSide": "North", "WeekDay": "Thu", "FromHour": "8", "ToHour": "10", "Week1": "1", "Week2": "1", "Week3": "1", "Week4": "1", "Week5": "1", "Holidays": "0"}}, {"type": "Feature", "geometry": {"type": "LineString", "coordinates": [[-122.455282599772, 37.76820679939413], [-122.455401089156, 37.768217144011125], [-122.455570737267, 37.76818330298413], [-122.456714893513, 37.76784040350313], [-122.457062360295, 37.76773626511413], [-122.458574360838, 37.76729463864313], [-122.458637161229, 37.76723144125313]]}, "properties": {"Corridor": "Kezar Dr", "Limits": "Waller St  -  Martin Luther King Jr Dr", "BlockSide": "North", "WeekDay": "Fri", "FromHour": "6", "ToHour": "7", "Week1": "1", "Week2": "1", "Week3": "1", "Week4": "1", "Week5": "1", "Holidays": "0"}}, {"type": "Feature", "geometry": {"type": "LineString", "coordinates": [[-122.45860903777175, 37.767177768507885], [-122.45867783029374, 37.767119708019884], [-122.45876298718875, 37.76709193984588], [-122.45899491165974, 37.766985323280885], [-122.45977275480574, 37.76638185819788], [-122.45990336458874, 37.766326608699885]]}, "properties": {"Corridor": "Kezar Dr", "Limits": "Martin Luther King Jr Dr  -  Lincoln Way", "BlockSide": "SouthEast", "WeekDay": "Wed", "FromHour": "6", "ToHour": "8", "Week1": "1", "Week2": "1", "Week3": "1", "Week4": "1", "Week5": "1", "Holidays": "0"}}, {"type": "Feature", "geometry": {"type": "LineString", "coordinates": [[-122.437342368028, 37.76232330662387], [-122.438418296309, 37.76225928508087]]}, "properties": {"Corridor": "17th St", "Limits": "Diamond St  -  Eureka St", "BlockSide": "South", "WeekDay": "Fri", "FromHour": "9", "ToHour": "11", "Week1": "1", "Week2": "1", "Week3": "1", "Week4": "1", "Week5": "1", "Holidays": "0"}}, {"type": "Feature", "geometry": {"type": "LineString", "coordinates": [[-122.456863367497, 37.77737048230687], [-122.458336844911, 37.77718278822187], [-122.458580630366, 37.777222477266875]]}, "properties": {"Corridor": "Turk Blvd", "Limits": "Willard North St  -  Balboa St", "BlockSide": "South", "WeekDay": "Wed", "FromHour": "8", "ToHour": "10", "Week1": "1", "Week2": "1", "Week3": "1", "Week4": "1", "Week5": "1", "Holidays": "0"}}, {"type": "Feature", "geometry": {"type": "LineString", "coordinates": [[-122.456663202142, 37.77638743597187], [-122.458504637338, 37.776158964779874]]}, "properties": {"Corridor": "Golden Gate Ave", "Limits": "Willard North St  -  Arguello Blvd", "BlockSide": "South", "WeekDay": "Fri", "FromHour": "8", "ToHour": "10", "Week1": "1", "Week2": "1", "Week3": "1", "Week4": "1", "Week5": "1", "Holidays": "0"}}, {"type": "Feature", "geometry": {"type": "LineString", "coordinates": [[-122.435052389688, 37.77818133106587], [-122.436696630913, 37.777974957001874]]}, "properties": {"Corridor": "McAllister St", "Limits": "Pierce St  -  Scott St", "BlockSide": "South", "WeekDay": "Thu", "FromHour": "9", "ToHour": "11", "Week1": "1", "Week2": "1", "Week3": "1", "Week4": "1", "Week5": "1", "Holidays": "0"}}, {"type": "Feature", "geometry": {"type": "LineString", "coordinates": [[-122.447981491743, 37.78398627003787], [-122.449358112789, 37.78366020356987]]}, "properties": {"Corridor": "Wood St", "Limits": "Lupine Ave  -  Dicha Aly", "BlockSide": "South", "WeekDay": "Mon", "FromHour": "8", "ToHour": "10", "Week1": "1", "Week2": "0", "Week3": "1", "Week4": "0", "Week5": "0", "Holidays": "0"}}, {"type": "Feature", "geometry": {"type": "LineString", "coordinates": [[-122.44038583018356, 37.77082520256488], [-122.44029073273457, 37.77070302996588], [-122.43970073165056, 37.77052075813288], [-122.43948894008756, 37.77038360539488], [-122.43928241693256, 37.770002698402884]]}, "properties": {"Corridor": "Buena Vista Ave East", "Limits": "Baker St  -  Waller St", "BlockSide": "SouthWest", "WeekDay": "Fri", "FromHour": "12", "ToHour": "14", "Week1": "1", "Week2": "1", "Week3": "1", "Week4": "1", "Week5": "1", "Holidays": "0"}}, {"type": "Feature", "geometry": {"type": "LineString", "coordinates": [[-122.435751499209, 37.77331427155087], [-122.437422939693, 37.77310205176887]]}, "properties": {"Corridor": "Oak St", "Limits": "Scott St  -  Divisadero St", "BlockSide": "South", "WeekDay": "Tues", "FromHour": "12", "ToHour": "14", "Week1": "1", "Week2": "1", "Week3": "1", "Week4": "1", "Week5": "1", "Holidays": "0"}}, {"type": "Feature", "geometry": {"type": "LineString", "coordinates": [[-122.43304634870549, 37.76417348135488], [-122.43323085756148, 37.763966336111885], [-122.43442763984349, 37.763016678638884], [-122.43502296924848, 37.762630519365885], [-122.43515984022349, 37.76264847591988]]}, "properties": {"Corridor": "Market St", "Limits": "16th St  -  17th St", "BlockSide": "SouthEast", "WeekDay": "Sun", "FromHour": "2", "ToHour": "6", "Week1": "1", "Week2": "1", "Week3": "1", "Week4": "1", "Week5": "1", "Holidays": "1"}}, {"type": "Feature", "geometry": {"type": "LineString", "coordinates": [[-122.430573567381, 37.76118691737613], [-122.432793505264, 37.76105275212413]]}, "properties": {"Corridor": "18th St", "Limits": "Sanchez St  -  Noe St", "BlockSide": "North", "WeekDay": "Thu", "FromHour": "12", "ToHour": "14", "Week1": "1", "Week2": "1", "Week3": "1", "Week4": "1", "Week5": "1", "Holidays": "0"}}, {"type": "Feature", "geometry": {"type": "LineString", "coordinates": [[-122.43283162479479, 37.76182051848], [-122.43275373523778, 37.761021311233]]}, "properties": {"Corridor": "Noe St", "Limits": "Ford St  -  18th St", "BlockSide": "East", "WeekDay": "Wed", "FromHour": "9", "ToHour": "11", "Week1": "1", "Week2": "1", "Week3": "1", "Week4": "1", "Week5": "1", "Holidays": "0"}}, {"type": "Feature", "geometry": {"type": "LineString", "coordinates": [[-122.44376681538324, 37.760835813909885], [-122.44354516801924, 37.760486978145885]]}, "properties": {"Corridor": "Danvers St", "Limits": "Merritt St  -  Market St", "BlockSide": "SouthWest", "WeekDay": "Thu", "FromHour": "9", "ToHour": "11", "Week1": "1", "Week2": "1", "Week3": "1", "Week4": "1", "Week5": "1", "Holidays": "0"}}, {"type": "Feature", "geometry": {"type": "LineString", "coordinates": [[-122.42720275555, 37.78114856823813], [-122.427323616279, 37.78114151391313], [-122.430424415289, 37.780747013683126]]}, "properties": {"Corridor": "Turk St", "Limits": "Laguna St  -  Webster St", "BlockSide": "North", "WeekDay": "Tues", "FromHour": "8", "ToHour": "10", "Week1": "1", "Week2": "1", "Week3": "1", "Week4": "1", "Week5": "1", "Holidays": "0"}}, {"type": "Feature", "geometry": {"type": "LineString", "coordinates": [[-122.43255516496446, 37.782349635153], [-122.43274596104047, 37.783292591474]]}, "properties": {"Corridor": "Fillmore St", "Limits": "Ellis St  -  O'Farrell St", "BlockSide": "West", "WeekDay": "Mon", "FromHour": "6", "ToHour": "8", "Week1": "0", "Week2": "1", "Week3": "0", "Week4": "1", "Week5": "0", "Holidays": "0"}}, {"type": "Feature", "geometry": {"type": "LineString", "coordinates": [[-122.431570381025, 37.769338602137125], [-122.432464341393, 37.769281091576126]]}, "properties": {"Corridor": "Duboce Ave", "Limits": "Steiner St  -  Walter St", "BlockSide": "North", "WeekDay": "Wed", "FromHour": "9", "ToHour": "11", "Week1": "1", "Week2": "1", "Week3": "1", "Week4": "1", "Week5": "1", "Holidays": "0"}}, {"type": "Feature", "geometry": {"type": "LineString", "coordinates": [[-122.437989848202, 37.77589396469387], [-122.439656503412, 37.775682150445874]]}, "properties": {"Corridor": "Grove St", "Limits": "Divisadero St  -  Broderick St", "BlockSide": "South", "WeekDay": "Thu", "FromHour": "9", "ToHour": "11", "Week1": "1", "Week2": "1", "Week3": "1", "Week4": "1", "Week5": "1", "Holidays": "0"}}, {"type": "Feature", "geometry": {"type": "LineString", "coordinates": [[-122.433595938287, 37.77938602639113], [-122.43524101231, 37.77917631923213]]}, "properties": {"Corridor": "Golden Gate Ave", "Limits": "Steiner St  -  Pierce St", "BlockSide": "North", "WeekDay": "Thu", "FromHour": "12", "ToHour": "14", "Week1": "1", "Week2": "1", "Week3": "1", "Week4": "1", "Week5": "1", "Holidays": "0"}}, {"type": "Feature", "geometry": {"type": "LineString", "coordinates": [[-122.451865727106, 37.76934722273387], [-122.453536875128, 37.76913378437387]]}, "properties": {"Corridor": "Haight St", "Limits": "Shrader St  -  Stanyan St", "BlockSide": "South", "WeekDay": "Thu", "FromHour": "6", "ToHour": "8", "Week1": "1", "Week2": "1", "Week3": "1", "Week4": "1", "Week5": "1", "Holidays": "0"}}, {"type": "Feature", "geometry": {"type": "LineString", "coordinates": [[-122.426828556374, 37.77928941190413], [-122.43004726535, 37.77888236928613]]}, "properties": {"Corridor": "McAllister St", "Limits": "Laguna St  -  Webster St", "BlockSide": "North", "WeekDay": "Tues", "FromHour": "8", "ToHour": "10", "Week1": "1", "Week2": "1", "Week3": "1", "Week4": "1", "Week5": "1", "Holidays": "0"}}, {"type": "Feature", "geometry": {"type": "LineString", "coordinates": [[-122.455781065387, 37.764070070258], [-122.456038895899, 37.763994844524]]}, "properties": {"Corridor": "Parnassus Ave", "Limits": "Hill Point Ave  -  Medical Center Way", "BlockSide": "", "WeekDay": "Tues", "FromHour": "6", "ToHour": "7", "Week1": "1", "Week2": "1", "Week3": "1", "Week4": "1", "Week5": "1", "Holidays": "0"}}, {"type": "Feature", "geometry": {"type": "LineString", "coordinates": [[-122.43106524290766, 37.765867986364], [-122.43092192462368, 37.764373510267]]}, "properties": {"Corridor": "Sanchez St", "Limits": "Market St  -  16th St", "BlockSide": "West", "WeekDay": "Wed", "FromHour": "9", "ToHour": "11", "Week1": "1", "Week2": "1", "Week3": "1", "Week4": "1", "Week5": "1", "Holidays": "0"}}, {"type": "Feature", "geometry": {"type": "LineString", "coordinates": [[-122.44715941606907, 37.767110558401], [-122.44646493332907, 37.763708381483]]}, "properties": {"Corridor": "Downey St", "Limits": "Frederick St  -  Ashbury St", "BlockSide": "East", "WeekDay": "Mon", "FromHour": "8", "ToHour": "10", "Week1": "1", "Week2": "1", "Week3": "1", "Week4": "1", "Week5": "1", "Holidays": "0"}}, {"type": "Feature", "geometry": {"type": "LineString", "coordinates": [[-122.43832572258384, 37.77779418913], [-122.43829245245983, 37.777890814044], [-122.43844474276683, 37.778656046316], [-122.43851249831684, 37.778724107955]]}, "properties": {"Corridor": "Divisadero St", "Limits": "McAllister St  -  Golden Gate Ave", "BlockSide": "East", "WeekDay": "Tues", "FromHour": "6", "ToHour": "8", "Week1": "1", "Week2": "1", "Week3": "1", "Week4": "1", "Week5": "1", "Holidays": "0"}}, {"type": "Feature", "geometry": {"type": "LineString", "coordinates": [[-122.444195855752, 37.76191532951187], [-122.445309434953, 37.761849001838875]]}, "properties": {"Corridor": "17th St", "Limits": "Mars St  -  Roosevelt Way", "BlockSide": "South", "WeekDay": "Wed", "FromHour": "12", "ToHour": "14", "Week1": "1", "Week2": "1", "Week3": "1", "Week4": "1", "Week5": "1", "Holidays": "0"}}, {"type": "Feature", "geometry": {"type": "LineString", "coordinates": [[-122.43727470772765, 37.772203712438], [-122.43733760704865, 37.772274280654], [-122.43749499234664, 37.77304998018], [-122.43746271576664, 37.77313349266]]}, "properties": {"Corridor": "Divisadero St", "Limits": "Page St  -  Oak St", "BlockSide": "West", "WeekDay": "Fri", "FromHour": "6", "ToHour": "8", "Week1": "1", "Week2": "1", "Week3": "1", "Week4": "1", "Week5": "1", "Holidays": "0"}}, {"type": "Feature", "geometry": {"type": "LineString", "coordinates": [[-122.439466217311, 37.77480967704113], [-122.441110417756, 37.77459892348813]]}, "properties": {"Corridor": "Hayes St", "Limits": "Broderick St  -  Baker St", "BlockSide": "North", "WeekDay": "Tues", "FromHour": "12", "ToHour": "14", "Week1": "1", "Week2": "1", "Week3": "1", "Week4": "1", "Week5": "1", "Holidays": "0"}}, {"type": "Feature", "geometry": {"type": "LineString", "coordinates": [[-122.4530036027832, 37.775750129327], [-122.45285001466621, 37.77499531853]]}, "properties": {"Corridor": "Parker Ave", "Limits": "McAllister St  -  Fulton St", "BlockSide": "West", "WeekDay": "Mon", "FromHour": "6", "ToHour": "8", "Week1": "1", "Week2": "1", "Week3": "1", "Week4": "1", "Week5": "1", "Holidays": "0"}}, {"type": "Feature", "geometry": {"type": "LineString", "coordinates": [[-122.44017355492844, 37.77851146377], [-122.44035697521343, 37.779438637103]]}, "properties": {"Corridor": "Broderick St", "Limits": "Golden Gate Ave  -  Turk St", "BlockSide": "East", "WeekDay": "Fri", "FromHour": "12", "ToHour": "14", "Week1": "1", "Week2": "1", "Week3": "1", "Week4": "1", "Week5": "1", "Holidays": "0"}}, {"type": "Feature", "geometry": {"type": "LineString", "coordinates": [[-122.445902365973, 37.77296396493387], [-122.44749724428, 37.77275901266987]]}, "properties": {"Corridor": "Fell St", "Limits": "Masonic Ave  -  Ashbury St", "BlockSide": "South", "WeekDay": "Mon", "FromHour": "8", "ToHour": "10", "Week1": "1", "Week2": "1", "Week3": "1", "Week4": "1", "Week5": "1", "Holidays": "0"}}, {"type": "Feature", "geometry": {"type": "LineString", "coordinates": [[-122.43561626498, 37.78097790506387], [-122.437260058298, 37.780770329801875]]}, "properties": {"Corridor": "Eddy St", "Limits": "Pierce St  -  Scott St", "BlockSide": "South", "WeekDay": "Tues", "FromHour": "9", "ToHour": "11", "Week1": "1", "Week2": "1", "Week3": "1", "Week4": "1", "Week5": "1", "Holidays": "0"}}, {"type": "Feature", "geometry": {"type": "LineString", "coordinates": [[-122.44931833115264, 37.783691644461], [-122.44903962268263, 37.78231437377]]}, "properties": {"Corridor": "Wood St", "Limits": "Dicha Aly  -  Geary Blvd", "BlockSide": "East", "WeekDay": "Mon", "FromHour": "8", "ToHour": "10", "Week1": "1", "Week2": "0", "Week3": "1", "Week4": "0", "Week5": "0", "Holidays": "0"}}, {"type": "Feature", "geometry": {"type": "LineString", "coordinates": [[-122.44764444277146, 37.776447490724], [-122.44748279707046, 37.775677967788]]}, "properties": {"Corridor": "Atalaya Ter", "Limits": "Start: 01-99 Block  -  Fulton St", "BlockSide": "West", "WeekDay": "Wed", "FromHour": "9", "ToHour": "11", "Week1": "1", "Week2": "1", "Week3": "1", "Week4": "1", "Week5": "1", "Holidays": "0"}}, {"type": "Feature", "geometry": {"type": "LineString", "coordinates": [[-122.433447115198, 37.778422476519], [-122.43363571770901, 37.7793545855]]}, "properties": {"Corridor": "Steiner St", "Limits": "McAllister St  -  Golden Gate Ave", "BlockSide": "West", "WeekDay": "Wed", "FromHour": "9", "ToHour": "11", "Week1": "1", "Week2": "1", "Week3": "1", "Week4": "1", "Week5": "1", "Holidays": "0"}}, {"type": "Feature", "geometry": {"type": "LineString", "coordinates": [[-122.44450637992448, 37.779458720585], [-122.44455380423948, 37.779734774303], [-122.44459882377147, 37.780157801704], [-122.44465836220748, 37.781052567937]]}, "properties": {"Corridor": "Barcelona Ave", "Limits": "Anzavista Ave  -  Terra Vista Ave", "BlockSide": "West", "WeekDay": "Fri", "FromHour": "9", "ToHour": "11", "Week1": "1", "Week2": "1", "Week3": "1", "Week4": "1", "Week5": "1", "Holidays": "0"}}, {"type": "Feature", "geometry": {"type": "LineString", "coordinates": [[-122.43062253376195, 37.762080880607], [-122.43061040627094, 37.761954408655]]}, "properties": {"Corridor": "Sanchez St", "Limits": "Dorland St  -  Ford St", "BlockSide": "East", "WeekDay": "Fri", "FromHour": "9", "ToHour": "11", "Week1": "1", "Week2": "1", "Week3": "1", "Week4": "1", "Week5": "1", "Holidays": "0"}}, {"type": "Feature", "geometry": {"type": "LineString", "coordinates": [[-122.440213334397, 37.778480022878874], [-122.441865640697, 37.77826811282287]]}, "properties": {"Corridor": "Golden Gate Ave", "Limits": "Broderick St  -  Baker St", "BlockSide": "South", "WeekDay": "Tues", "FromHour": "8", "ToHour": "10", "Week1": "1", "Week2": "1", "Week3": "1", "Week4": "1", "Week5": "1", "Holidays": "0"}}, {"type": "Feature", "geometry": {"type": "LineString", "coordinates": [[-122.43291116484723, 37.76182051848], [-122.43283327529022, 37.761021311233]]}, "properties": {"Corridor": "Noe St", "Limits": "Ford St  -  18th St", "BlockSide": "West", "WeekDay": "Fri", "FromHour": "9", "ToHour": "11", "Week1": "1", "Week2": "1", "Week3": "1", "Week4": "1", "Week5": "1", "Holidays": "0"}}, {"type": "Feature", "geometry": {"type": "LineString", "coordinates": [[-122.454331407271, 37.777744230005126], [-122.455216942399, 37.777630719825126]]}, "properties": {"Corridor": "Turk Blvd", "Limits": "Beaumont Ave  -  Stanyan St", "BlockSide": "North", "WeekDay": "Wed", "FromHour": "6", "ToHour": "8", "Week1": "1", "Week2": "1", "Week3": "1", "Week4": "1", "Week5": "1", "Holidays": "0"}}, {"type": "Feature", "geometry": {"type": "LineString", "coordinates": [[-122.449073898739, 37.766840684198876], [-122.450145640446, 37.76669763317787]]}, "properties": {"Corridor": "Frederick St", "Limits": "Belvedere St  -  Cole St", "BlockSide": "South", "WeekDay": "Tues", "FromHour": "8", "ToHour": "10", "Week1": "1", "Week2": "1", "Week3": "1", "Week4": "1", "Week5": "1", "Holidays": "0"}}, {"type": "Feature", "geometry": {"type": "LineString", "coordinates": [[-122.44334630892672, 37.76035409607788], [-122.44434703209973, 37.75972186545588], [-122.44444970735672, 37.75968525440988], [-122.44460130787772, 37.75968614234488]]}, "properties": {"Corridor": "18th St", "Limits": "Danvers St  -  Market St", "BlockSide": "SouthEast", "WeekDay": "Fri", "FromHour": "12", "ToHour": "14", "Week1": "1", "Week2": "1", "Week3": "1", "Week4": "1", "Week5": "1", "Holidays": "0"}}, {"type": "Feature", "geometry": {"type": "LineString", "coordinates": [[-122.45773304353, 37.78128314517987], [-122.45781128481, 37.78121198670387], [-122.458707855012, 37.781169425437874], [-122.458858661406, 37.78122562043387]]}, "properties": {"Corridor": "Geary Blvd", "Limits": "Palm Ave  -  Arguello Blvd", "BlockSide": "South", "WeekDay": "Fri", "FromHour": "6", "ToHour": "8", "Week1": "1", "Week2": "0", "Week3": "1", "Week4": "0", "Week5": "0", "Holidays": "0"}}, {"type": "Feature", "geometry": {"type": "LineString", "coordinates": [[-122.444966615114, 37.77692622687887], [-122.446659911877, 37.77671019531287]]}, "properties": {"Corridor": "McAllister St", "Limits": "Central Ave  -  Masonic Ave", "BlockSide": "South", "WeekDay": "Thu", "FromHour": "9", "ToHour": "11", "Week1": "1", "Week2": "1", "Week3": "1", "Week4": "1", "Week5": "1", "Holidays": "0"}}, {"type": "Feature", "geometry": {"type": "LineString", "coordinates": [[-122.44534920487486, 37.76188044273], [-122.44539663115985, 37.761742884082], [-122.44563903949985, 37.761217086609], [-122.44538726977785, 37.760812853077], [-122.44534920324786, 37.760480799962]]}, "properties": {"Corridor": "Uranus Ter", "Limits": "17th St  -  Deming St", "BlockSide": "West", "WeekDay": "Thu", "FromHour": "9", "ToHour": "11", "Week1": "1", "Week2": "1", "Week3": "1", "Week4": "1", "Week5": "1", "Holidays": "0"}}, {"type": "Feature", "geometry": {"type": "LineString", "coordinates": [[-122.44955713277855, 37.774459874045], [-122.44936565188254, 37.773524851193]]}, "properties": {"Corridor": "Clayton St", "Limits": "Grove St  -  Hayes St", "BlockSide": "West", "WeekDay": "Fri", "FromHour": "9", "ToHour": "11", "Week1": "1", "Week2": "1", "Week3": "1", "Week4": "1", "Week5": "1", "Holidays": "0"}}, {"type": "Feature", "geometry": {"type": "LineString", "coordinates": [[-122.449958131814, 37.76583147013613], [-122.451402888872, 37.765647201292126]]}, "properties": {"Corridor": "Carl St", "Limits": "Cole St  -  Shrader St", "BlockSide": "North", "WeekDay": "Tues", "FromHour": "8", "ToHour": "10", "Week1": "1", "Week2": "1", "Week3": "1", "Week4": "1", "Week5": "1", "Holidays": "0"}}, {"type": "Feature", "geometry": {"type": "LineString", "coordinates": [[-122.45869184389518, 37.779333158936], [-122.45859811651718, 37.778008350019]]}, "properties": {"Corridor": "Arguello Blvd", "Limits": "Anza St  -  Edward St", "BlockSide": "East", "WeekDay": "Thu", "FromHour": "8", "ToHour": "10", "Week1": "1", "Week2": "0", "Week3": "1", "Week4": "0", "Week5": "0", "Holidays": "0"}}, {"type": "Feature", "geometry": {"type": "LineString", "coordinates": [[-122.43893887779913, 37.77199042369], [-122.43912837670912, 37.772921981549]]}, "properties": {"Corridor": "Broderick St", "Limits": "Page St  -  Oak St", "BlockSide": "West", "WeekDay": "Wed", "FromHour": "12", "ToHour": "14", "Week1": "1", "Week2": "1", "Week3": "1", "Week4": "1", "Week5": "1", "Holidays": "0"}}, {"type": "Feature", "geometry": {"type": "LineString", "coordinates": [[-122.43248244281335, 37.769893022657], [-122.43267748737735, 37.770860911507]]}, "properties": {"Corridor": "Potomac St", "Limits": "Start: 01-99 Block  -  Waller St", "BlockSide": "East", "WeekDay": "Fri", "FromHour": "9", "ToHour": "11", "Week1": "1", "Week2": "1", "Week3": "1", "Week4": "1", "Week5": "1", "Holidays": "0"}}, {"type": "Feature", "geometry": {"type": "LineString", "coordinates": [[-122.443321055279, 37.77713300497187], [-122.444966615114, 37.77692622687887]]}, "properties": {"Corridor": "McAllister St", "Limits": "Lyon St  -  Central Ave", "BlockSide": "South", "WeekDay": "Thu", "FromHour": "9", "ToHour": "11", "Week1": "1", "Week2": "1", "Week3": "1", "Week4": "1", "Week5": "1", "Holidays": "0"}}, {"type": "Feature", "geometry": {"type": "LineString", "coordinates": [[-122.448578816473, 37.76982929213113], [-122.449645156134, 37.76969330989013]]}, "properties": {"Corridor": "Haight St", "Limits": "Clayton St  -  Belvedere St", "BlockSide": "North", "WeekDay": "Wed", "FromHour": "7", "ToHour": "9", "Week1": "1", "Week2": "1", "Week3": "1", "Week4": "1", "Week5": "1", "Holidays": "0"}}, {"type": "Feature", "geometry": {"type": "LineString", "coordinates": [[-122.453170387508, 37.781685987612875], [-122.453244752492, 37.78160712207687], [-122.454055406868, 37.78150860640887], [-122.454175993557, 37.781567380588875]]}, "properties": {"Corridor": "Geary Blvd", "Limits": "Spruce St  -  Parker Ave", "BlockSide": "South", "WeekDay": "Wed", "FromHour": "6", "ToHour": "8", "Week1": "1", "Week2": "1", "Week3": "1", "Week4": "1", "Week5": "1", "Holidays": "0"}}, {"type": "Feature", "geometry": {"type": "LineString", "coordinates": [[-122.45083438992845, 37.76301589417], [-122.45069699660344, 37.762341704865]]}, "properties": {"Corridor": "Shrader St", "Limits": "Alma St  -  Rivoli St", "BlockSide": "East", "WeekDay": "Tues", "FromHour": "8", "ToHour": "10", "Week1": "1", "Week2": "0", "Week3": "0", "Week4": "0", "Week5": "0", "Holidays": "0"}}, {"type": "Feature", "geometry": {"type": "LineString", "coordinates": [[-122.437045612272, 37.77123598351187], [-122.438709125448, 37.771025053791874]]}, "properties": {"Corridor": "Haight St", "Limits": "Divisadero St  -  Broderick St", "BlockSide": "South", "WeekDay": "Tues", "FromHour": "12", "ToHour": "14", "Week1": "1", "Week2": "1", "Week3": "1", "Week4": "1", "Week5": "1", "Holidays": "0"}}, {"type": "Feature", "geometry": {"type": "LineString", "coordinates": [[-122.44026084729055, 37.762776666883], [-122.44020805088554, 37.762186574295]]}, "properties": {"Corridor": "Ord St", "Limits": "Saturn St  -  17th St", "BlockSide": "West", "WeekDay": "Thu", "FromHour": "9", "ToHour": "11", "Week1": "1", "Week2": "1", "Week3": "1", "Week4": "1", "Week5": "1", "Holidays": "0"}}, {"type": "Feature", "geometry": {"type": "LineString", "coordinates": [[-122.45670297998338, 37.776418876863], [-122.45651247797937, 37.775483265156]]}, "properties": {"Corridor": "Willard St North", "Limits": "Golden Gate Ave  -  McAllister St", "BlockSide": "West", "WeekDay": "Thu", "FromHour": "9", "ToHour": "11", "Week1": "1", "Week2": "1", "Week3": "1", "Week4": "1", "Week5": "1", "Holidays": "0"}}, {"type": "Feature", "geometry": {"type": "LineString", "coordinates": [[-122.44463950438566, 37.76247348926788], [-122.44469067740467, 37.76241908380588], [-122.44489538473566, 37.762312805870884], [-122.44519511007466, 37.76192516489688], [-122.44528131326366, 37.761858210875886]]}, "properties": {"Corridor": "Roosevelt Way", "Limits": "Saturn St  -  17th St", "BlockSide": "SouthEast", "WeekDay": "Tues", "FromHour": "10", "ToHour": "12", "Week1": "1", "Week2": "1", "Week3": "1", "Week4": "1", "Week5": "1", "Holidays": "0"}}, {"type": "Feature", "geometry": {"type": "LineString", "coordinates": [[-122.44999790394394, 37.765800029245], [-122.44980948561094, 37.764866453154]]}, "properties": {"Corridor": "Cole St", "Limits": "Carl St  -  Parnassus Ave", "BlockSide": "West", "WeekDay": "Wed", "FromHour": "8", "ToHour": "10", "Week1": "1", "Week2": "1", "Week3": "1", "Week4": "1", "Week5": "1", "Holidays": "0"}}, {"type": "Feature", "geometry": {"type": "LineString", "coordinates": [[-122.434062387332, 37.76251938373887], [-122.434939552916, 37.76247087197687], [-122.435187962327, 37.76263926688287]]}, "properties": {"Corridor": "17th St", "Limits": "Hartford St  -  Market St", "BlockSide": "South", "WeekDay": "Tues", "FromHour": "6", "ToHour": "8", "Week1": "1", "Week2": "1", "Week3": "1", "Week4": "1", "Week5": "1", "Holidays": "0"}}, {"type": "Feature", "geometry": {"type": "LineString", "coordinates": [[-122.43066886119584, 37.773039299235], [-122.43086449016884, 37.77397252126]]}, "properties": {"Corridor": "Fillmore St", "Limits": "Page St  -  Oak St", "BlockSide": "West", "WeekDay": "Fri", "FromHour": "8", "ToHour": "10", "Week1": "1", "Week2": "1", "Week3": "1", "Week4": "1", "Week5": "1", "Holidays": "0"}}, {"type": "Feature", "geometry": {"type": "LineString", "coordinates": [[-122.444779891058, 37.775985150886875], [-122.446470829719, 37.775770150682874]]}, "properties": {"Corridor": "Fulton St", "Limits": "Central Ave  -  Masonic Ave", "BlockSide": "South", "WeekDay": "Tues", "FromHour": "9", "ToHour": "11", "Week1": "1", "Week2": "1", "Week3": "1", "Week4": "1", "Week5": "1", "Holidays": "0"}}, {"type": "Feature", "geometry": {"type": "LineString", "coordinates": [[-122.439656503412, 37.775682150445874], [-122.441300063688, 37.77547324686487]]}, "properties": {"Corridor": "Grove St", "Limits": "Broderick St  -  Baker St", "BlockSide": "South", "WeekDay": "Thu", "FromHour": "9", "ToHour": "11", "Week1": "1", "Week2": "1", "Week3": "1", "Week4": "1", "Week5": "1", "Holidays": "0"}}, {"type": "Feature", "geometry": {"type": "LineString", "coordinates": [[-122.454175993557, 37.781567380588875], [-122.454267483879, 37.781472378299874], [-122.455196475132, 37.78136601948887], [-122.45528074961, 37.781427219948874]]}, "properties": {"Corridor": "Geary Blvd", "Limits": "Parker Ave  -  Beaumont Ave", "BlockSide": "South", "WeekDay": "Fri", "FromHour": "6", "ToHour": "8", "Week1": "0", "Week2": "1", "Week3": "0", "Week4": "1", "Week5": "0", "Holidays": "0"}}, {"type": "Feature", "geometry": {"type": "LineString", "coordinates": [[-122.442908034169, 37.76199202232587], [-122.443359054239, 37.76196516462287]]}, "properties": {"Corridor": "17th St", "Limits": "Corbin Pl  -  Temple St", "BlockSide": "South", "WeekDay": "Wed", "FromHour": "12", "ToHour": "14", "Week1": "1", "Week2": "1", "Week3": "1", "Week4": "1", "Week5": "1", "Holidays": "0"}}, {"type": "Feature", "geometry": {"type": "LineString", "coordinates": [[-122.442765193648, 37.76962984220187], [-122.442843258498, 37.769573646798875], [-122.443078578576, 37.76953363719687], [-122.443340134241, 37.76950179737687], [-122.443461440976, 37.769465557189875]]}, "properties": {"Corridor": "Waller St", "Limits": "Buena Vista West Ave  -  Central Ave", "BlockSide": "South", "WeekDay": "Mon", "FromHour": "8", "ToHour": "10", "Week1": "1", "Week2": "1", "Week3": "1", "Week4": "1", "Week5": "1", "Holidays": "0"}}, {"type": "Feature", "geometry": {"type": "LineString", "coordinates": [[-122.451865727106, 37.76934722273387], [-122.453536875128, 37.76913378437387]]}, "properties": {"Corridor": "Haight St", "Limits": "Shrader St  -  Stanyan St", "BlockSide": "South", "WeekDay": "Tues", "FromHour": "6", "ToHour": "8", "Week1": "1", "Week2": "1", "Week3": "1", "Week4": "1", "Week5": "1", "Holidays": "0"}}, {"type": "Feature", "geometry": {"type": "LineString", "coordinates": [[-122.458371099376, 37.77427745471887], [-122.459486118713, 37.77413549314187]]}, "properties": {"Corridor": "Fulton St", "Limits": "Arguello Blvd  -  02nd Ave", "BlockSide": "South", "WeekDay": "Wed", "FromHour": "9", "ToHour": "11", "Week1": "1", "Week2": "0", "Week3": "1", "Week4": "0", "Week5": "1", "Holidays": "0"}}, {"type": "Feature", "geometry": {"type": "LineString", "coordinates": [[-122.431574642405, 37.77766848419087], [-122.433218737989, 37.77745892583887]]}, "properties": {"Corridor": "Fulton St", "Limits": "Fillmore St  -  Steiner St", "BlockSide": "South", "WeekDay": "Tues", "FromHour": "8", "ToHour": "10", "Week1": "1", "Week2": "1", "Week3": "1", "Week4": "1", "Week5": "1", "Holidays": "0"}}, {"type": "Feature", "geometry": {"type": "LineString", "coordinates": [[-122.447634628354, 37.76510729354087], [-122.44844097576, 37.76500446724587]]}, "properties": {"Corridor": "Parnassus Ave", "Limits": "Clayton St  -  Belvedere St", "BlockSide": "South", "WeekDay": "Thu", "FromHour": "9", "ToHour": "11", "Week1": "1", "Week2": "0", "Week3": "0", "Week4": "0", "Week5": "0", "Holidays": "0"}}, {"type": "Feature", "geometry": {"type": "LineString", "coordinates": [[-122.43236876257377, 37.781428371173], [-122.43255516446277, 37.782349635153]]}, "properties": {"Corridor": "Fillmore St", "Limits": "Eddy St  -  Ellis St", "BlockSide": "West", "WeekDay": "Sat", "FromHour": "6", "ToHour": "8", "Week1": "1", "Week2": "1", "Week3": "1", "Week4": "1", "Week5": "1", "Holidays": "0"}}, {"type": "Feature", "geometry": {"type": "LineString", "coordinates": [[-122.442605349006, 37.779663228112874], [-122.443464723697, 37.779554289901874]]}, "properties": {"Corridor": "Anzavista Ave", "Limits": "Fortuna Ave  -  Encanto Ave", "BlockSide": "South", "WeekDay": "Wed", "FromHour": "9", "ToHour": "11", "Week1": "1", "Week2": "1", "Week3": "1", "Week4": "1", "Week5": "1", "Holidays": "0"}}, {"type": "Feature", "geometry": {"type": "LineString", "coordinates": [[-122.4399871429717, 37.777586767511], [-122.4401735554267, 37.77851146377]]}, "properties": {"Corridor": "Broderick St", "Limits": "McAllister St  -  Golden Gate Ave", "BlockSide": "East", "WeekDay": "Fri", "FromHour": "12", "ToHour": "14", "Week1": "1", "Week2": "1", "Week3": "1", "Week4": "1", "Week5": "1", "Holidays": "0"}}, {"type": "Feature", "geometry": {"type": "LineString", "coordinates": [[-122.43522773265978, 37.762670707774], [-122.43518059611577, 37.762413604864], [-122.43504047145977, 37.760888933087]]}, "properties": {"Corridor": "Castro St", "Limits": "Market St  -  18th St", "BlockSide": "West", "WeekDay": "Wed", "FromHour": "6", "ToHour": "8", "Week1": "1", "Week2": "1", "Week3": "1", "Week4": "1", "Week5": "1", "Holidays": "0"}}, {"type": "Feature", "geometry": {"type": "LineString", "coordinates": [[-122.44443847153953, 37.779480952439116], [-122.44528371493253, 37.779373791715116], [-122.44533465295652, 37.779504260216115], [-122.44538161858752, 37.779742228803116], [-122.44541210069552, 37.78014727310812]]}, "properties": {"Corridor": "Anzavista Ave", "Limits": "Barcelona Ave  -  Vega St", "BlockSide": "NorthEast", "WeekDay": "Fri", "FromHour": "9", "ToHour": "11", "Week1": "1", "Week2": "1", "Week3": "1", "Week4": "1", "Week5": "1", "Holidays": "0"}}, {"type": "Feature", "geometry": {"type": "LineString", "coordinates": [[-122.429554056586, 37.77607572675513], [-122.431198609255, 37.77586578276913]]}, "properties": {"Corridor": "Hayes St", "Limits": "Webster St  -  Fillmore St", "BlockSide": "North", "WeekDay": "Tues", "FromHour": "12", "ToHour": "14", "Week1": "1", "Week2": "1", "Week3": "1", "Week4": "1", "Week5": "1", "Holidays": "0"}}, {"type": "Feature", "geometry": {"type": "LineString", "coordinates": [[-122.457756133229, 37.765385591949126], [-122.458880531379, 37.765335761508126]]}, "properties": {"Corridor": "Hugo St", "Limits": "Arguello Blvd  -  02nd Ave", "BlockSide": "North", "WeekDay": "Tues", "FromHour": "11", "ToHour": "13", "Week1": "1", "Week2": "0", "Week3": "1", "Week4": "0", "Week5": "0", "Holidays": "0"}}, {"type": "Feature", "geometry": {"type": "LineString", "coordinates": [[-122.440958163722, 37.77933269855287], [-122.441119217151, 37.779340983615874], [-122.442053309263, 37.77921258966887]]}, "properties": {"Corridor": "Turk St", "Limits": "Saint Joseph's Ave  -  Baker St", "BlockSide": "South", "WeekDay": "Thu", "FromHour": "12", "ToHour": "14", "Week1": "1", "Week2": "1", "Week3": "1", "Week4": "1", "Week5": "1", "Holidays": "0"}}, {"type": "Feature", "geometry": {"type": "LineString", "coordinates": [[-122.43504047043714, 37.760888933087], [-122.43489345066016, 37.759289170835]]}, "properties": {"Corridor": "Castro St", "Limits": "18th St  -  19th St", "BlockSide": "West", "WeekDay": "Wed", "FromHour": "6", "ToHour": "8", "Week1": "1", "Week2": "1", "Week3": "1", "Week4": "1", "Week5": "1", "Holidays": "0"}}, {"type": "Feature", "geometry": {"type": "LineString", "coordinates": [[-122.43139639800351, 37.769320911679], [-122.43123089323551, 37.767595241206]]}, "properties": {"Corridor": "Sanchez St", "Limits": "Duboce Ave  -  14th St", "BlockSide": "West", "WeekDay": "Thu", "FromHour": "8", "ToHour": "10", "Week1": "1", "Week2": "1", "Week3": "1", "Week4": "1", "Week5": "1", "Holidays": "0"}}, {"type": "Feature", "geometry": {"type": "LineString", "coordinates": [[-122.4463938670562, 37.76100671902], [-122.44635394876421, 37.760906766612], [-122.4463037044502, 37.760410698007]]}, "properties": {"Corridor": "Clayton St", "Limits": "Twin Peaks Blvd  -  Deming St", "BlockSide": "East", "WeekDay": "Fri", "FromHour": "9", "ToHour": "11", "Week1": "1", "Week2": "1", "Week3": "1", "Week4": "1", "Week5": "1", "Holidays": "0"}}, {"type": "Feature", "geometry": {"type": "LineString", "coordinates": [[-122.43952016295063, 37.783308488002], [-122.43958429899763, 37.783382626383], [-122.43967851744263, 37.783846585463]]}, "properties": {"Corridor": "Divisadero St", "Limits": "Geary Blvd  -  Garden St", "BlockSide": "West", "WeekDay": "Sat", "FromHour": "6", "ToHour": "8", "Week1": "1", "Week2": "1", "Week3": "1", "Week4": "1", "Week5": "1", "Holidays": "0"}}, {"type": "Feature", "geometry": {"type": "LineString", "coordinates": [[-122.43561626498, 37.78104078684613], [-122.437260058298, 37.78083321158413]]}, "properties": {"Corridor": "Eddy St", "Limits": "Pierce St  -  Scott St", "BlockSide": "North", "WeekDay": "Mon", "FromHour": "6", "ToHour": "8", "Week1": "1", "Week2": "0", "Week3": "1", "Week4": "0", "Week5": "0", "Holidays": "0"}}, {"type": "Feature", "geometry": {"type": "LineString", "coordinates": [[-122.44815137904274, 37.780069740697115], [-122.44824547265574, 37.78052991063512], [-122.44898243995274, 37.78043680112512]]}, "properties": {"Corridor": "Ewing Ter", "Limits": "Ewing Ter  -  Jean Way", "BlockSide": "NorthEast", "WeekDay": "Wed", "FromHour": "8", "ToHour": "10", "Week1": "1", "Week2": "1", "Week3": "1", "Week4": "1", "Week5": "1", "Holidays": "0"}}, {"type": "Feature", "geometry": {"type": "LineString", "coordinates": [[-122.43079627224225, 37.76599149909488], [-122.43081157667925, 37.76590602807988], [-122.43088396025725, 37.765853562621885], [-122.43099734779524, 37.76584575450988]]}, "properties": {"Corridor": "Market St", "Limits": "15th St  -  Sanchez St", "BlockSide": "SouthEast", "WeekDay": "Thu", "FromHour": "2", "ToHour": "6", "Week1": "1", "Week2": "1", "Week3": "1", "Week4": "1", "Week5": "1", "Holidays": "1"}}, {"type": "Feature", "geometry": {"type": "LineString", "coordinates": [[-122.4354354983926, 37.764926460266], [-122.43535706926559, 37.764102271947]]}, "properties": {"Corridor": "Castro St", "Limits": "Beaver St  -  16th St", "BlockSide": "West", "WeekDay": "Thu", "FromHour": "8", "ToHour": "10", "Week1": "1", "Week2": "1", "Week3": "1", "Week4": "1", "Week5": "1", "Holidays": "0"}}, {"type": "Feature", "geometry": {"type": "LineString", "coordinates": [[-122.4403179299957, 37.770847434419], [-122.4405064349627, 37.771779098155]]}, "properties": {"Corridor": "Baker St", "Limits": "Haight St  -  Page St", "BlockSide": "East", "WeekDay": "Wed", "FromHour": "12", "ToHour": "14", "Week1": "1", "Week2": "1", "Week3": "1", "Week4": "1", "Week5": "1", "Holidays": "0"}}, {"type": "Feature", "geometry": {"type": "LineString", "coordinates": [[-122.457046802431, 37.77820573210813], [-122.457137790006, 37.77822591161913], [-122.458637895822, 37.77803979091013]]}, "properties": {"Corridor": "Edward St", "Limits": "Willard North St  -  Arguello Blvd", "BlockSide": "North", "WeekDay": "Wed", "FromHour": "9", "ToHour": "11", "Week1": "1", "Week2": "1", "Week3": "1", "Week4": "1", "Week5": "1", "Holidays": "0"}}, {"type": "Feature", "geometry": {"type": "LineString", "coordinates": [[-122.44382359182599, 37.76331782796212], [-122.44389241575598, 37.763294911179116], [-122.44463725433799, 37.762601425671114], [-122.44469574802699, 37.76251795297612]]}, "properties": {"Corridor": "Roosevelt Way", "Limits": "Lower Ter  -  Saturn St", "BlockSide": "NorthWest", "WeekDay": "Mon", "FromHour": "10", "ToHour": "12", "Week1": "1", "Week2": "1", "Week3": "1", "Week4": "1", "Week5": "1", "Holidays": "0"}}, {"type": "Feature", "geometry": {"type": "LineString", "coordinates": [[-122.44692469600956, 37.76014789750188], [-122.44712927578756, 37.75963844909088], [-122.44736674164456, 37.75935061076388]]}, "properties": {"Corridor": "Twin Peaks Blvd", "Limits": "Villa Ter  -  Graystone Ter", "BlockSide": "SouthEast", "WeekDay": "Wed", "FromHour": "12", "ToHour": "14", "Week1": "1", "Week2": "1", "Week3": "1", "Week4": "1", "Week5": "1", "Holidays": "0"}}, {"type": "Feature", "geometry": {"type": "LineString", "coordinates": [[-122.44947309753871, 37.763199662528], [-122.44933579427372, 37.762519304132]]}, "properties": {"Corridor": "Cole St", "Limits": "Alma St  -  Rivoli St", "BlockSide": "West", "WeekDay": "Wed", "FromHour": "9", "ToHour": "11", "Week1": "1", "Week2": "0", "Week3": "0", "Week4": "0", "Week5": "0", "Holidays": "0"}}, {"type": "Feature", "geometry": {"type": "LineString", "coordinates": [[-122.43821682644207, 37.7768558892], [-122.43828372269508, 37.776925080431], [-122.43844057646707, 37.7777056421], [-122.43840528024907, 37.77779418913]]}, "properties": {"Corridor": "Divisadero St", "Limits": "Fulton St  -  McAllister St", "BlockSide": "West", "WeekDay": "Fri", "FromHour": "6", "ToHour": "8", "Week1": "1", "Week2": "1", "Week3": "1", "Week4": "1", "Week5": "1", "Holidays": "0"}}, {"type": "Feature", "geometry": {"type": "LineString", "coordinates": [[-122.427913715036, 37.77622222724787], [-122.429554056586, 37.776012844972875]]}, "properties": {"Corridor": "Hayes St", "Limits": "Buchanan St  -  Webster St", "BlockSide": "South", "WeekDay": "Wed", "FromHour": "8", "ToHour": "10", "Week1": "1", "Week2": "1", "Week3": "1", "Week4": "1", "Week5": "1", "Holidays": "0"}}, {"type": "Feature", "geometry": {"type": "LineString", "coordinates": [[-122.43514819199423, 37.762670707774], [-122.43510105545022, 37.762413604864], [-122.43496093079422, 37.760888933087]]}, "properties": {"Corridor": "Castro St", "Limits": "Market St  -  18th St", "BlockSide": "East", "WeekDay": "Thu", "FromHour": "6", "ToHour": "8", "Week1": "1", "Week2": "1", "Week3": "1", "Week4": "1", "Week5": "1", "Holidays": "0"}}, {"type": "Feature", "geometry": {"type": "LineString", "coordinates": [[-122.454592922865, 37.76619691100813], [-122.45661609179, 37.76594045623513], [-122.456913422611, 37.76590505582513], [-122.457189364937, 37.76591199013313], [-122.457489671048, 37.76596227935613], [-122.457789624038, 37.76604620823013]]}, "properties": {"Corridor": "Frederick St", "Limits": "Willard St  -  Lincoln Way", "BlockSide": "North", "WeekDay": "Mon", "FromHour": "8", "ToHour": "10", "Week1": "1", "Week2": "1", "Week3": "1", "Week4": "1", "Week5": "1", "Holidays": "0"}}, {"type": "Feature", "geometry": {"type": "LineString", "coordinates": [[-122.43180299962779, 37.778632037466], [-122.43199158203979, 37.779564149041]]}, "properties": {"Corridor": "Fillmore St", "Limits": "McAllister St  -  Golden Gate Ave", "BlockSide": "West", "WeekDay": "Sat", "FromHour": "6", "ToHour": "8", "Week1": "1", "Week2": "1", "Week3": "1", "Week4": "1", "Week5": "1", "Holidays": "0"}}, {"type": "Feature", "geometry": {"type": "LineString", "coordinates": [[-122.43727087037425, 37.76719969819988], [-122.43726370585226, 37.76702359469388], [-122.43726047759326, 37.76689981489388], [-122.43730567667126, 37.766739940260884], [-122.43745727162425, 37.766622091188886], [-122.43765660404625, 37.76656488364388], [-122.43785125114925, 37.76658856371788], [-122.43819150246425, 37.766679167635886], [-122.43826325998725, 37.76670354881588]]}, "properties": {"Corridor": "Roosevelt Way", "Limits": "14th St  -  Buena Vista Ter", "BlockSide": "SouthEast", "WeekDay": "Tues", "FromHour": "10", "ToHour": "12", "Week1": "1", "Week2": "1", "Week3": "1", "Week4": "1", "Week5": "1", "Holidays": "0"}}, {"type": "Feature", "geometry": {"type": "LineString", "coordinates": [[-122.443836148842, 37.77132667243687], [-122.44553527769, 37.77111049283387]]}, "properties": {"Corridor": "Page St", "Limits": "Central Ave  -  Masonic Ave", "BlockSide": "South", "WeekDay": "Thu", "FromHour": "8", "ToHour": "10", "Week1": "1", "Week2": "1", "Week3": "1", "Week4": "1", "Week5": "1", "Holidays": "0"}}, {"type": "Feature", "geometry": {"type": "LineString", "coordinates": [[-122.43509216899716, 37.778212771957], [-122.43528079161916, 37.779144878341]]}, "properties": {"Corridor": "Pierce St", "Limits": "McAllister St  -  Golden Gate Ave", "BlockSide": "West", "WeekDay": "Fri", "FromHour": "9", "ToHour": "11", "Week1": "1", "Week2": "1", "Week3": "1", "Week4": "1", "Week5": "1", "Holidays": "0"}}, {"type": "Feature", "geometry": {"type": "LineString", "coordinates": [[-122.43746271626762, 37.77313349266], [-122.43752581149762, 37.773213673653], [-122.43767807022662, 37.773977498984], [-122.43765040043762, 37.774061646375]]}, "properties": {"Corridor": "Divisadero St", "Limits": "Oak St  -  Fell St", "BlockSide": "West", "WeekDay": "Sat", "FromHour": "6", "ToHour": "8", "Week1": "1", "Week2": "1", "Week3": "1", "Week4": "1", "Week5": "1", "Holidays": "0"}}, {"type": "Feature", "geometry": {"type": "LineString", "coordinates": [[-122.42892044335834, 37.76748222771688], [-122.42902556379033, 37.76728891250088], [-122.43056305233934, 37.76607306433888], [-122.43079627193434, 37.76599149909488]]}, "properties": {"Corridor": "Market St", "Limits": "Church St  -  15th St", "BlockSide": "SouthEast", "WeekDay": "Tues", "FromHour": "2", "ToHour": "6", "Week1": "1", "Week2": "1", "Week3": "1", "Week4": "1", "Week5": "1", "Holidays": "1"}}, {"type": "Feature", "geometry": {"type": "LineString", "coordinates": [[-122.439491322749, 37.76225830803913], [-122.440168280289, 37.76221801518613]]}, "properties": {"Corridor": "17th St", "Limits": "Douglass St  -  Ord St", "BlockSide": "North", "WeekDay": "Thu", "FromHour": "9", "ToHour": "11", "Week1": "1", "Week2": "1", "Week3": "1", "Week4": "1", "Week5": "1", "Holidays": "0"}}, {"type": "Feature", "geometry": {"type": "LineString", "coordinates": [[-122.45044728009599, 37.770519318385], [-122.45025675027298, 37.769588945007]]}, "properties": {"Corridor": "Cole St", "Limits": "Page St  -  Haight St", "BlockSide": "West", "WeekDay": "Fri", "FromHour": "8", "ToHour": "10", "Week1": "1", "Week2": "1", "Week3": "1", "Week4": "1", "Week5": "1", "Holidays": "0"}}, {"type": "Feature", "geometry": {"type": "LineString", "coordinates": [[-122.44755776333294, 37.781069511093], [-122.44761140881495, 37.78097111408], [-122.44745671852694, 37.780228929096], [-122.44739170781995, 37.780152061157]]}, "properties": {"Corridor": "Masonic Ave", "Limits": "Anza St  -  Ewing Ter", "BlockSide": "West", "WeekDay": "Wed", "FromHour": "8", "ToHour": "10", "Week1": "1", "Week2": "1", "Week3": "1", "Week4": "1", "Week5": "1", "Holidays": "0"}}, {"type": "Feature", "geometry": {"type": "LineString", "coordinates": [[-122.449645156134, 37.769630428107874], [-122.450216975604, 37.76955750411587]]}, "properties": {"Corridor": "Haight St", "Limits": "Belvedere St  -  Cole St", "BlockSide": "South", "WeekDay": "Thu", "FromHour": "6", "ToHour": "8", "Week1": "1", "Week2": "1", "Week3": "1", "Week4": "1", "Week5": "1", "Holidays": "0"}}, {"type": "Feature", "geometry": {"type": "LineString", "coordinates": [[-122.43019345617405, 37.779782794313], [-122.43013442970906, 37.779901162938], [-122.43027788210806, 37.780609842599], [-122.43038463513305, 37.780715572792]]}, "properties": {"Corridor": "Webster St", "Limits": "Golden Gate Ave  -  Turk St", "BlockSide": "East", "WeekDay": "Fri", "FromHour": "12", "ToHour": "14", "Week1": "1", "Week2": "1", "Week3": "1", "Week4": "1", "Week5": "1", "Holidays": "0"}}, {"type": "Feature", "geometry": {"type": "LineString", "coordinates": [[-122.44968493034108, 37.769661868999], [-122.44949387933308, 37.768728892022]]}, "properties": {"Corridor": "Belvedere St", "Limits": "Haight St  -  Waller St", "BlockSide": "West", "WeekDay": "Fri", "FromHour": "8", "ToHour": "10", "Week1": "1", "Week2": "1", "Week3": "1", "Week4": "1", "Week5": "1", "Holidays": "0"}}, {"type": "Feature", "geometry": {"type": "LineString", "coordinates": [[-122.430650176618, 37.76192296776387], [-122.432871394821, 37.76178907758887]]}, "properties": {"Corridor": "Ford St", "Limits": "Sanchez St  -  Noe St", "BlockSide": "South", "WeekDay": "Thu", "FromHour": "12", "ToHour": "14", "Week1": "1", "Week2": "1", "Week3": "1", "Week4": "1", "Week5": "1", "Holidays": "0"}}, {"type": "Feature", "geometry": {"type": "LineString", "coordinates": [[-122.446783403442, 37.761812854586125], [-122.447780351682, 37.76175786033413]]}, "properties": {"Corridor": "17th St", "Limits": "Clayton St  -  Belvedere St", "BlockSide": "North", "WeekDay": "Thu", "FromHour": "9", "ToHour": "11", "Week1": "1", "Week2": "0", "Week3": "0", "Week4": "0", "Week5": "0", "Holidays": "0"}}, {"type": "Feature", "geometry": {"type": "LineString", "coordinates": [[-122.449817447722, 37.78072056523487], [-122.450843847746, 37.780590873544874]]}, "properties": {"Corridor": "Anza St", "Limits": "Collins St  -  Blake St", "BlockSide": "South", "WeekDay": "Mon", "FromHour": "6", "ToHour": "8", "Week1": "1", "Week2": "1", "Week3": "1", "Week4": "1", "Week5": "1", "Holidays": "0"}}, {"type": "Feature", "geometry": {"type": "LineString", "coordinates": [[-122.44339582932865, 37.768944234449], [-122.44350121519665, 37.769496998081]]}, "properties": {"Corridor": "Central Ave", "Limits": "Buena Vista West Ave  -  Waller St", "BlockSide": "West", "WeekDay": "Fri", "FromHour": "8", "ToHour": "10", "Week1": "1", "Week2": "1", "Week3": "1", "Week4": "1", "Week5": "1", "Holidays": "0"}}, {"type": "Feature", "geometry": {"type": "LineString", "coordinates": [[-122.445344990017, 37.770241615667125], [-122.446933819119, 37.770039046452126]]}, "properties": {"Corridor": "Haight St", "Limits": "Masonic Ave  -  Ashbury St", "BlockSide": "North", "WeekDay": "Wed", "FromHour": "7", "ToHour": "9", "Week1": "1", "Week2": "1", "Week3": "1", "Week4": "1", "Week5": "1", "Holidays": "0"}}, {"type": "Feature", "geometry": {"type": "LineString", "coordinates": [[-122.438418296309, 37.76232216686313], [-122.439491322749, 37.76225830803913]]}, "properties": {"Corridor": "17th St", "Limits": "Eureka St  -  Douglass St", "BlockSide": "North", "WeekDay": "Thu", "FromHour": "9", "ToHour": "11", "Week1": "1", "Week2": "1", "Week3": "1", "Week4": "1", "Week5": "1", "Holidays": "0"}}, {"type": "Feature", "geometry": {"type": "LineString", "coordinates": [[-122.428354064554, 37.761321013879126], [-122.430573567381, 37.76118691737613]]}, "properties": {"Corridor": "18th St", "Limits": "Church St  -  Sanchez St", "BlockSide": "North", "WeekDay": "Mon", "FromHour": "9", "ToHour": "11", "Week1": "1", "Week2": "1", "Week3": "1", "Week4": "1", "Week5": "1", "Holidays": "0"}}, {"type": "Feature", "geometry": {"type": "LineString", "coordinates": [[-122.45018541307678, 37.766729074069], [-122.44999790444479, 37.765800029245]]}, "properties": {"Corridor": "Cole St", "Limits": "Frederick St  -  Carl St", "BlockSide": "West", "WeekDay": "Wed", "FromHour": "8", "ToHour": "10", "Week1": "1", "Week2": "1", "Week3": "1", "Week4": "1", "Week5": "1", "Holidays": "0"}}, {"type": "Feature", "geometry": {"type": "LineString", "coordinates": [[-122.44136763108985, 37.781213235678884], [-122.44146285600586, 37.78121400895688], [-122.44169906092385, 37.78132317144188], [-122.44200200984685, 37.78148530202688], [-122.44215577736985, 37.78150664351588]]}, "properties": {"Corridor": "Terra Vista Ave", "Limits": "Ellis St  -  Baker St", "BlockSide": "SouthWest", "WeekDay": "Fri", "FromHour": "9", "ToHour": "11", "Week1": "1", "Week2": "1", "Week3": "1", "Week4": "1", "Week5": "1", "Holidays": "0"}}, {"type": "Feature", "geometry": {"type": "LineString", "coordinates": [[-122.43783852464256, 37.774991947847], [-122.43790681467355, 37.775064840939], [-122.43806786133256, 37.775845795968], [-122.43802962577755, 37.775925405585]]}, "properties": {"Corridor": "Divisadero St", "Limits": "Hayes St  -  Grove St", "BlockSide": "West", "WeekDay": "Fri", "FromHour": "6", "ToHour": "8", "Week1": "1", "Week2": "1", "Week3": "1", "Week4": "1", "Week5": "1", "Holidays": "0"}}, {"type": "Feature", "geometry": {"type": "LineString", "coordinates": [[-122.43355615836339, 37.7793545855], [-122.43374476561739, 37.780286694375]]}, "properties": {"Corridor": "Steiner St", "Limits": "Golden Gate Ave  -  Turk St", "BlockSide": "East", "WeekDay": "Fri", "FromHour": "9", "ToHour": "11", "Week1": "1", "Week2": "1", "Week3": "1", "Week4": "1", "Week5": "1", "Holidays": "0"}}, {"type": "Feature", "geometry": {"type": "LineString", "coordinates": [[-122.449517355991, 37.77449131493613], [-122.451163299108, 37.77428017518213]]}, "properties": {"Corridor": "Grove St", "Limits": "Clayton St  -  Cole St", "BlockSide": "North", "WeekDay": "Tues", "FromHour": "9", "ToHour": "11", "Week1": "1", "Week2": "1", "Week3": "1", "Week4": "1", "Week5": "1", "Holidays": "0"}}, {"type": "Feature", "geometry": {"type": "LineString", "coordinates": [[-122.43722027759736, 37.780801770693], [-122.43740664986836, 37.7817270793]]}, "properties": {"Corridor": "Scott St", "Limits": "Eddy St  -  Ellis St", "BlockSide": "East", "WeekDay": "Mon", "FromHour": "6", "ToHour": "8", "Week1": "1", "Week2": "0", "Week3": "1", "Week4": "0", "Week5": "0", "Holidays": "0"}}, {"type": "Feature", "geometry": {"type": "LineString", "coordinates": [[-122.43923702188512, 37.773847120046], [-122.43942644035111, 37.77477823615]]}, "properties": {"Corridor": "Broderick St", "Limits": "Fell St  -  Hayes St", "BlockSide": "East", "WeekDay": "Fri", "FromHour": "12", "ToHour": "14", "Week1": "1", "Week2": "1", "Week3": "1", "Week4": "1", "Week5": "1", "Holidays": "0"}}, {"type": "Feature", "geometry": {"type": "LineString", "coordinates": [[-122.438740183561, 37.77969107089613], [-122.440396754682, 37.77947007799413]]}, "properties": {"Corridor": "Turk St", "Limits": "Divisadero St  -  Broderick St", "BlockSide": "North", "WeekDay": "Tues", "FromHour": "8", "ToHour": "10", "Week1": "1", "Week2": "1", "Week3": "1", "Week4": "1", "Week5": "1", "Holidays": "0"}}, {"type": "Feature", "geometry": {"type": "LineString", "coordinates": [[-122.43224033318764, 37.772829248031], [-122.43242729201764, 37.773756989736]]}, "properties": {"Corridor": "Steiner St", "Limits": "Page St  -  Oak St", "BlockSide": "East", "WeekDay": "Fri", "FromHour": "9", "ToHour": "11", "Week1": "1", "Week2": "1", "Week3": "1", "Week4": "1", "Week5": "1", "Holidays": "0"}}, {"type": "Feature", "geometry": {"type": "LineString", "coordinates": [[-122.43723039646757, 37.760758107769], [-122.43707827817856, 37.759157423529]]}, "properties": {"Corridor": "Diamond St", "Limits": "18th St  -  19th St", "BlockSide": "West", "WeekDay": "Fri", "FromHour": "8", "ToHour": "10", "Week1": "1", "Week2": "1", "Week3": "1", "Week4": "1", "Week5": "1", "Holidays": "0"}}, {"type": "Feature", "geometry": {"type": "LineString", "coordinates": [[-122.437556408066, 37.76901191661787], [-122.438338328889, 37.76897515984987]]}, "properties": {"Corridor": "Duboce Ave", "Limits": "Alpine Ter  -  Buena Vista East Ave", "BlockSide": "South", "WeekDay": "Fri", "FromHour": "12", "ToHour": "14", "Week1": "1", "Week2": "1", "Week3": "1", "Week4": "1", "Week5": "1", "Holidays": "0"}}, {"type": "Feature", "geometry": {"type": "LineString", "coordinates": [[-122.447981491743, 37.78404915182013], [-122.449358112789, 37.78372308535213]]}, "properties": {"Corridor": "Wood St", "Limits": "Lupine Ave  -  Dicha Aly", "BlockSide": "North", "WeekDay": "Wed", "FromHour": "8", "ToHour": "10", "Week1": "1", "Week2": "0", "Week3": "1", "Week4": "0", "Week5": "0", "Holidays": "0"}}, {"type": "Feature", "geometry": {"type": "LineString", "coordinates": [[-122.43533320736388, 37.771479485049], [-122.43552354436687, 37.77241792986]]}, "properties": {"Corridor": "Scott St", "Limits": "Haight St  -  Page St", "BlockSide": "East", "WeekDay": "Wed", "FromHour": "12", "ToHour": "14", "Week1": "1", "Week2": "1", "Week3": "1", "Week4": "1", "Week5": "1", "Holidays": "0"}}, {"type": "Feature", "geometry": {"type": "LineString", "coordinates": [[-122.427630998945, 37.774889389897126], [-122.429272629957, 37.77468036542513]]}, "properties": {"Corridor": "Hickory St", "Limits": "Buchanan St  -  Webster St", "BlockSide": "North", "WeekDay": "Mon", "FromHour": "9", "ToHour": "11", "Week1": "1", "Week2": "1", "Week3": "1", "Week4": "1", "Week5": "1", "Holidays": "0"}}, {"type": "Feature", "geometry": {"type": "LineString", "coordinates": [[-122.43933740651576, 37.78245048083], [-122.43940967647777, 37.782525000961], [-122.43955486871276, 37.783225624326], [-122.43952016260876, 37.783308488002]]}, "properties": {"Corridor": "Divisadero St", "Limits": "O'Farrell St  -  Geary Blvd", "BlockSide": "West", "WeekDay": "Mon", "FromHour": "6", "ToHour": "8", "Week1": "1", "Week2": "1", "Week3": "1", "Week4": "1", "Week5": "1", "Holidays": "0"}}, {"type": "Feature", "geometry": {"type": "LineString", "coordinates": [[-122.449302527008, 37.78084850675113], [-122.449817447722, 37.78078344701713]]}, "properties": {"Corridor": "Anza St", "Limits": "Jean Way  -  Collins St", "BlockSide": "North", "WeekDay": "Tues", "FromHour": "9", "ToHour": "11", "Week1": "1", "Week2": "1", "Week3": "1", "Week4": "1", "Week5": "1", "Holidays": "0"}}, {"type": "Feature", "geometry": {"type": "LineString", "coordinates": [[-122.4478380232527, 37.77466736623], [-122.4476481816317, 37.773732768627]]}, "properties": {"Corridor": "Ashbury St", "Limits": "Grove St  -  Hayes St", "BlockSide": "East", "WeekDay": "Fri", "FromHour": "9", "ToHour": "11", "Week1": "1", "Week2": "1", "Week3": "1", "Week4": "1", "Week5": "1", "Holidays": "0"}}, {"type": "Feature", "geometry": {"type": "LineString", "coordinates": [[-122.433331904809, 37.766693471298126], [-122.435548123459, 37.76655933304013]]}, "properties": {"Corridor": "Henry St", "Limits": "Noe St  -  Castro St", "BlockSide": "North", "WeekDay": "Wed", "FromHour": "9", "ToHour": "11", "Week1": "1", "Week2": "1", "Week3": "1", "Week4": "1", "Week5": "1", "Holidays": "0"}}, {"type": "Feature", "geometry": {"type": "LineString", "coordinates": [[-122.44805293344162, 37.767006680873], [-122.44786356495962, 37.766072215347]]}, "properties": {"Corridor": "Clayton St", "Limits": "Frederick St  -  Carl St", "BlockSide": "West", "WeekDay": "Tues", "FromHour": "8", "ToHour": "10", "Week1": "1", "Week2": "1", "Week3": "1", "Week4": "1", "Week5": "1", "Holidays": "0"}}, {"type": "Feature", "geometry": {"type": "LineString", "coordinates": [[-122.457700034382, 37.76458120693913], [-122.457821273797, 37.76444086709413], [-122.458815067681, 37.76439730011513]]}, "properties": {"Corridor": "Irving St", "Limits": "Arguello Blvd  -  02nd Ave", "BlockSide": "North", "WeekDay": "Wed", "FromHour": "7", "ToHour": "8", "Week1": "0", "Week2": "1", "Week3": "0", "Week4": "1", "Week5": "0", "Holidays": "0"}}, {"type": "Feature", "geometry": {"type": "LineString", "coordinates": [[-122.43575443984994, 37.769058453484], [-122.43558436741596, 37.767327959329]]}, "properties": {"Corridor": "Castro St", "Limits": "Duboce Ave  -  14th St", "BlockSide": "East", "WeekDay": "Tues", "FromHour": "6", "ToHour": "8", "Week1": "1", "Week2": "1", "Week3": "1", "Week4": "1", "Week5": "1", "Holidays": "0"}}, {"type": "Feature", "geometry": {"type": "LineString", "coordinates": [[-122.42988897880188, 37.777919295958], [-122.42998257075789, 37.778019202122], [-122.43014533408888, 37.778727071344], [-122.43008704449788, 37.778850928395]]}, "properties": {"Corridor": "Webster St", "Limits": "Fulton St  -  McAllister St", "BlockSide": "West", "WeekDay": "Mon", "FromHour": "8", "ToHour": "10", "Week1": "1", "Week2": "1", "Week3": "1", "Week4": "1", "Week5": "1", "Holidays": "0"}}, {"type": "Feature", "geometry": {"type": "LineString", "coordinates": [[-122.4425250736987, 37.773424225375], [-122.44271508885869, 37.774358832264]]}, "properties": {"Corridor": "Lyon St", "Limits": "Fell St  -  Hayes St", "BlockSide": "East", "WeekDay": "Fri", "FromHour": "12", "ToHour": "14", "Week1": "1", "Week2": "1", "Week3": "1", "Week4": "1", "Week5": "1", "Holidays": "0"}}, {"type": "Feature", "geometry": {"type": "LineString", "coordinates": [[-122.45074995445194, 37.769526044379], [-122.45056156915194, 37.76859272732]]}, "properties": {"Corridor": "Cole St", "Limits": "Haight St  -  Waller St", "BlockSide": "West", "WeekDay": "Fri", "FromHour": "8", "ToHour": "10", "Week1": "1", "Week2": "1", "Week3": "1", "Week4": "1", "Week5": "1", "Holidays": "0"}}, {"type": "Feature", "geometry": {"type": "LineString", "coordinates": [[-122.45125283346016, 37.764682363972], [-122.45108206344216, 37.763842651404]]}, "properties": {"Corridor": "Shrader St", "Limits": "Parnassus Ave  -  Grattan St", "BlockSide": "West", "WeekDay": "Wed", "FromHour": "9", "ToHour": "11", "Week1": "1", "Week2": "0", "Week3": "0", "Week4": "0", "Week5": "0", "Holidays": "0"}}, {"type": "Feature", "geometry": {"type": "LineString", "coordinates": [[-122.44340255052927, 37.76039855978612], [-122.44440327370228, 37.759766329164115], [-122.44450594895928, 37.759729718118116], [-122.44465754948027, 37.75973060605312]]}, "properties": {"Corridor": "18th St", "Limits": "Danvers St  -  Market St", "BlockSide": "NorthWest", "WeekDay": "Wed", "FromHour": "12", "ToHour": "14", "Week1": "1", "Week2": "1", "Week3": "1", "Week4": "1", "Week5": "1", "Holidays": "0"}}, {"type": "Feature", "geometry": {"type": "LineString", "coordinates": [[-122.445105981882, 37.769252787866876], [-122.445922005478, 37.76914783412787]]}, "properties": {"Corridor": "Waller St", "Limits": "Masonic Ave  -  Delmar St", "BlockSide": "South", "WeekDay": "Mon", "FromHour": "8", "ToHour": "10", "Week1": "1", "Week2": "1", "Week3": "1", "Week4": "1", "Week5": "1", "Holidays": "0"}}, {"type": "Feature", "geometry": {"type": "LineString", "coordinates": [[-122.43131685038249, 37.769320911679], [-122.43115134561448, 37.767595241206]]}, "properties": {"Corridor": "Sanchez St", "Limits": "Duboce Ave  -  14th St", "BlockSide": "East", "WeekDay": "Fri", "FromHour": "8", "ToHour": "10", "Week1": "1", "Week2": "1", "Week3": "1", "Week4": "1", "Week5": "1", "Holidays": "0"}}, {"type": "Feature", "geometry": {"type": "LineString", "coordinates": [[-122.43396196393331, 37.772620310801], [-122.43414878682931, 37.773549376996]]}, "properties": {"Corridor": "Pierce St", "Limits": "Page St  -  Oak St", "BlockSide": "West", "WeekDay": "Fri", "FromHour": "9", "ToHour": "11", "Week1": "1", "Week2": "1", "Week3": "1", "Week4": "1", "Week5": "1", "Holidays": "0"}}, {"type": "Feature", "geometry": {"type": "LineString", "coordinates": [[-122.431191119425, 37.767563800314875], [-122.432299239412, 37.76749700380887]]}, "properties": {"Corridor": "14th St", "Limits": "Sanchez St  -  Walter St", "BlockSide": "South", "WeekDay": "Tues", "FromHour": "9", "ToHour": "11", "Week1": "1", "Week2": "1", "Week3": "1", "Week4": "1", "Week5": "1", "Holidays": "0"}}, {"type": "Feature", "geometry": {"type": "LineString", "coordinates": [[-122.45069699699454, 37.762341704865], [-122.45054019925854, 37.761561139148]]}, "properties": {"Corridor": "Shrader St", "Limits": "Rivoli St  -  17th St", "BlockSide": "East", "WeekDay": "Tues", "FromHour": "8", "ToHour": "10", "Week1": "1", "Week2": "0", "Week3": "0", "Week4": "0", "Week5": "0", "Holidays": "0"}}, {"type": "Feature", "geometry": {"type": "LineString", "coordinates": [[-122.429040601287, 37.78187888037813], [-122.430609199213, 37.781677025284125]]}, "properties": {"Corridor": "Eddy St", "Limits": "Buchanan St  -  Webster St", "BlockSide": "North", "WeekDay": "Thu", "FromHour": "12", "ToHour": "14", "Week1": "1", "Week2": "1", "Week3": "1", "Week4": "1", "Week5": "1", "Holidays": "0"}}, {"type": "Feature", "geometry": {"type": "LineString", "coordinates": [[-122.432299239412, 37.767559885591126], [-122.433408258221, 37.767493024161126]]}, "properties": {"Corridor": "14th St", "Limits": "Walter St  -  Noe St", "BlockSide": "North", "WeekDay": "Mon", "FromHour": "9", "ToHour": "11", "Week1": "1", "Week2": "1", "Week3": "1", "Week4": "1", "Week5": "1", "Holidays": "0"}}, {"type": "Feature", "geometry": {"type": "LineString", "coordinates": [[-122.45063995581425, 37.771460142936], [-122.45044728059925, 37.770519318385]]}, "properties": {"Corridor": "Cole St", "Limits": "Oak St  -  Page St", "BlockSide": "West", "WeekDay": "Fri", "FromHour": "8", "ToHour": "10", "Week1": "1", "Week2": "1", "Week3": "1", "Week4": "1", "Week5": "1", "Holidays": "0"}}, {"type": "Feature", "geometry": {"type": "LineString", "coordinates": [[-122.43410215753666, 37.76255082463], [-122.43394334965765, 37.760954739091]]}, "properties": {"Corridor": "Hartford St", "Limits": "17th St  -  18th St", "BlockSide": "West", "WeekDay": "Wed", "FromHour": "8", "ToHour": "10", "Week1": "1", "Week2": "1", "Week3": "1", "Week4": "1", "Week5": "1", "Holidays": "0"}}, {"type": "Feature", "geometry": {"type": "LineString", "coordinates": [[-122.4410706404069, 37.774567482597], [-122.44126028633892, 37.775504687756]]}, "properties": {"Corridor": "Baker St", "Limits": "Hayes St  -  Grove St", "BlockSide": "East", "WeekDay": "Wed", "FromHour": "12", "ToHour": "14", "Week1": "1", "Week2": "1", "Week3": "1", "Week4": "1", "Week5": "1", "Holidays": "0"}}, {"type": "Feature", "geometry": {"type": "LineString", "coordinates": [[-122.44842945957053, 37.768864629361], [-122.44805293419253, 37.767006680873]]}, "properties": {"Corridor": "Clayton St", "Limits": "Waller St  -  Frederick St", "BlockSide": "West", "WeekDay": "Wed", "FromHour": "8", "ToHour": "10", "Week1": "1", "Week2": "1", "Week3": "1", "Week4": "1", "Week5": "1", "Holidays": "0"}}, {"type": "Feature", "geometry": {"type": "LineString", "coordinates": [[-122.440735147717, 37.772744314421125], [-122.442377976937, 37.772535756797126]]}, "properties": {"Corridor": "Oak St", "Limits": "Baker St  -  Lyon St", "BlockSide": "North", "WeekDay": "Mon", "FromHour": "8", "ToHour": "10", "Week1": "1", "Week2": "1", "Week3": "1", "Week4": "1", "Week5": "1", "Holidays": "0"}}, {"type": "Feature", "geometry": {"type": "LineString", "coordinates": [[-122.44379637321951, 37.771358113328], [-122.44398453112252, 37.772295289678]]}, "properties": {"Corridor": "Central Ave", "Limits": "Page St  -  Oak St", "BlockSide": "East", "WeekDay": "Wed", "FromHour": "8", "ToHour": "10", "Week1": "1", "Week2": "1", "Week3": "1", "Week4": "1", "Week5": "1", "Holidays": "0"}}, {"type": "Feature", "geometry": {"type": "LineString", "coordinates": [[-122.43813726928168, 37.7768558892], [-122.43810167483367, 37.776940369829], [-122.43825789840967, 37.777721894831], [-122.43832572308868, 37.77779418913]]}, "properties": {"Corridor": "Divisadero St", "Limits": "Fulton St  -  McAllister St", "BlockSide": "East", "WeekDay": "Tues", "FromHour": "6", "ToHour": "8", "Week1": "1", "Week2": "1", "Week3": "1", "Week4": "1", "Week5": "1", "Holidays": "0"}}, {"type": "Feature", "geometry": {"type": "LineString", "coordinates": [[-122.42918484445451, 37.770350618827], [-122.42910586735651, 37.769560880888], [-122.42908821097151, 37.769456128163]]}, "properties": {"Corridor": "Church St", "Limits": "Hermann St  -  Duboce Ave", "BlockSide": "East", "WeekDay": "Fri", "FromHour": "9", "ToHour": "11", "Week1": "1", "Week2": "1", "Week3": "1", "Week4": "1", "Week5": "1", "Holidays": "0"}}, {"type": "Feature", "geometry": {"type": "LineString", "coordinates": [[-122.43551172472957, 37.765727473634], [-122.43543549882958, 37.764926460266]]}, "properties": {"Corridor": "Castro St", "Limits": "15th St  -  Beaver St", "BlockSide": "West", "WeekDay": "Thu", "FromHour": "8", "ToHour": "10", "Week1": "1", "Week2": "1", "Week3": "1", "Week4": "1", "Week5": "1", "Holidays": "0"}}, {"type": "Feature", "geometry": {"type": "LineString", "coordinates": [[-122.450092302229, 37.782085162529874], [-122.450161853489, 37.78200607659687], [-122.451021197777, 37.78189533312087], [-122.451119860207, 37.78195267508687]]}, "properties": {"Corridor": "Geary Blvd", "Limits": "Collins St  -  Blake St", "BlockSide": "South", "WeekDay": "Fri", "FromHour": "6", "ToHour": "8", "Week1": "1", "Week2": "0", "Week3": "1", "Week4": "0", "Week5": "0", "Holidays": "0"}}, {"type": "Feature", "geometry": {"type": "LineString", "coordinates": [[-122.428426180602, 37.77042031967987], [-122.429224618981, 37.770319177935875]]}, "properties": {"Corridor": "Hermann St", "Limits": "Webster St  -  Church St", "BlockSide": "South", "WeekDay": "Thu", "FromHour": "8", "ToHour": "10", "Week1": "1", "Week2": "1", "Week3": "1", "Week4": "1", "Week5": "1", "Holidays": "0"}}, {"type": "Feature", "geometry": {"type": "LineString", "coordinates": [[-122.441743768771, 37.77983544510687], [-122.442004060985, 37.77976823066787], [-122.442372972791, 37.77969457013487], [-122.442605349006, 37.779663228112874]]}, "properties": {"Corridor": "Anzavista Ave", "Limits": "Baker St  -  Fortuna Ave", "BlockSide": "South", "WeekDay": "Wed", "FromHour": "9", "ToHour": "11", "Week1": "1", "Week2": "1", "Week3": "1", "Week4": "1", "Week5": "1", "Holidays": "0"}}, {"type": "Feature", "geometry": {"type": "LineString", "coordinates": [[-122.43105131580799, 37.774902830944], [-122.431238386783, 37.775834341878]]}, "properties": {"Corridor": "Fillmore St", "Limits": "Fell St  -  Hayes St", "BlockSide": "West", "WeekDay": "Tues", "FromHour": "8", "ToHour": "10", "Week1": "1", "Week2": "1", "Week3": "1", "Week4": "1", "Week5": "1", "Holidays": "0"}}, {"type": "Feature", "geometry": {"type": "LineString", "coordinates": [[-122.43725894931538, 37.761895474571], [-122.43715085725239, 37.760758107769]]}, "properties": {"Corridor": "Diamond St", "Limits": "Market St  -  18th St", "BlockSide": "East", "WeekDay": "Wed", "FromHour": "8", "ToHour": "10", "Week1": "1", "Week2": "1", "Week3": "1", "Week4": "1", "Week5": "1", "Holidays": "0"}}, {"type": "Feature", "geometry": {"type": "LineString", "coordinates": [[-122.43821682644207, 37.7768558892], [-122.43828372269508, 37.776925080431], [-122.43844057646707, 37.7777056421], [-122.43840528024907, 37.77779418913]]}, "properties": {"Corridor": "Divisadero St", "Limits": "Fulton St  -  McAllister St", "BlockSide": "West", "WeekDay": "Wed", "FromHour": "6", "ToHour": "8", "Week1": "1", "Week2": "1", "Week3": "1", "Week4": "1", "Week5": "1", "Holidays": "0"}}, {"type": "Feature", "geometry": {"type": "LineString", "coordinates": [[-122.45037429195125, 37.767664881192], [-122.45018541357824, 37.766729074069]]}, "properties": {"Corridor": "Cole St", "Limits": "Beulah St  -  Frederick St", "BlockSide": "West", "WeekDay": "Fri", "FromHour": "8", "ToHour": "10", "Week1": "1", "Week2": "1", "Week3": "1", "Week4": "1", "Week5": "1", "Holidays": "0"}}, {"type": "Feature", "geometry": {"type": "LineString", "coordinates": [[-122.45349710118434, 37.769165225265], [-122.45331251435334, 37.768246025288]]}, "properties": {"Corridor": "Stanyan St", "Limits": "Haight St  -  Waller St", "BlockSide": "East", "WeekDay": "Mon", "FromHour": "6", "ToHour": "8", "Week1": "1", "Week2": "1", "Week3": "1", "Week4": "1", "Week5": "1", "Holidays": "0"}}, {"type": "Feature", "geometry": {"type": "LineString", "coordinates": [[-122.432140389659, 37.78052770140213], [-122.433784545541, 37.78031813526613]]}, "properties": {"Corridor": "Turk St", "Limits": "Fillmore St  -  Steiner St", "BlockSide": "North", "WeekDay": "Tues", "FromHour": "8", "ToHour": "10", "Week1": "1", "Week2": "1", "Week3": "1", "Week4": "1", "Week5": "1", "Holidays": "0"}}, {"type": "Feature", "geometry": {"type": "LineString", "coordinates": [[-122.44526966503115, 37.76188044273], [-122.44531709131614, 37.761742884082], [-122.44555949965614, 37.761217086609], [-122.44530772993414, 37.760812853077], [-122.44526966340415, 37.760480799962]]}, "properties": {"Corridor": "Uranus Ter", "Limits": "17th St  -  Deming St", "BlockSide": "East", "WeekDay": "Wed", "FromHour": "8", "ToHour": "10", "Week1": "1", "Week2": "1", "Week3": "1", "Week4": "1", "Week5": "1", "Holidays": "0"}}, {"type": "Feature", "geometry": {"type": "LineString", "coordinates": [[-122.44069537136969, 37.77271287353], [-122.44088201602068, 37.77363529632]]}, "properties": {"Corridor": "Baker St", "Limits": "Oak St  -  Fell St", "BlockSide": "East", "WeekDay": "Wed", "FromHour": "12", "ToHour": "14", "Week1": "1", "Week2": "1", "Week3": "1", "Week4": "1", "Week5": "1", "Holidays": "0"}}, {"type": "Feature", "geometry": {"type": "LineString", "coordinates": [[-122.43142420207943, 37.776759677727], [-122.43161442093442, 37.777699925082]]}, "properties": {"Corridor": "Fillmore St", "Limits": "Grove St  -  Fulton St", "BlockSide": "West", "WeekDay": "Tues", "FromHour": "8", "ToHour": "10", "Week1": "1", "Week2": "1", "Week3": "1", "Week4": "1", "Week5": "1", "Holidays": "0"}}, {"type": "Feature", "geometry": {"type": "LineString", "coordinates": [[-122.44803750068259, 37.778501033664], [-122.4478419737266, 37.777546207738]]}, "properties": {"Corridor": "Annapolis Ter", "Limits": "Turk Blvd  -  Golden Gate Ave", "BlockSide": "West", "WeekDay": "Fri", "FromHour": "9", "ToHour": "11", "Week1": "1", "Week2": "1", "Week3": "1", "Week4": "1", "Week5": "1", "Holidays": "0"}}, {"type": "Feature", "geometry": {"type": "LineString", "coordinates": [[-122.427546416344, 37.77441990832513], [-122.429178342981, 37.774212863573126]]}, "properties": {"Corridor": "Oak St", "Limits": "Buchanan St  -  Webster St", "BlockSide": "North", "WeekDay": "Thu", "FromHour": "7", "ToHour": "9", "Week1": "1", "Week2": "1", "Week3": "1", "Week4": "1", "Week5": "1", "Holidays": "0"}}, {"type": "Feature", "geometry": {"type": "LineString", "coordinates": [[-122.43821682644207, 37.7768558892], [-122.43828372269508, 37.776925080431], [-122.43844057646707, 37.7777056421], [-122.43840528024907, 37.77779418913]]}, "properties": {"Corridor": "Divisadero St", "Limits": "Fulton St  -  McAllister St", "BlockSide": "West", "WeekDay": "Sat", "FromHour": "6", "ToHour": "8", "Week1": "1", "Week2": "1", "Week3": "1", "Week4": "1", "Week5": "1", "Holidays": "0"}}, {"type": "Feature", "geometry": {"type": "LineString", "coordinates": [[-122.43275373566709, 37.761021311233], [-122.43267599032708, 37.760223565227]]}, "properties": {"Corridor": "Noe St", "Limits": "18th St  -  Hancock St", "BlockSide": "East", "WeekDay": "Wed", "FromHour": "9", "ToHour": "11", "Week1": "1", "Week2": "1", "Week3": "1", "Week4": "1", "Week5": "1", "Holidays": "0"}}, {"type": "Feature", "geometry": {"type": "LineString", "coordinates": [[-122.432092300989, 37.77192870668713], [-122.433734772499, 37.77171971462313]]}, "properties": {"Corridor": "Haight St", "Limits": "Steiner St  -  Pierce St", "BlockSide": "North", "WeekDay": "Thu", "FromHour": "8", "ToHour": "10", "Week1": "1", "Week2": "1", "Week3": "1", "Week4": "1", "Week5": "1", "Holidays": "0"}}, {"type": "Feature", "geometry": {"type": "LineString", "coordinates": [[-122.45152703773272, 37.767517857634], [-122.45133530676672, 37.766591503085]]}, "properties": {"Corridor": "Shrader St", "Limits": "Beulah St  -  Frederick St", "BlockSide": "West", "WeekDay": "Wed", "FromHour": "8", "ToHour": "10", "Week1": "1", "Week2": "1", "Week3": "1", "Week4": "1", "Week5": "1", "Holidays": "0"}}, {"type": "Feature", "geometry": {"type": "LineString", "coordinates": [[-122.45220200296426, 37.771229827222], [-122.45201544539225, 37.770312752544]]}, "properties": {"Corridor": "Shrader St", "Limits": "Oak St  -  Page St", "BlockSide": "East", "WeekDay": "Fri", "FromHour": "8", "ToHour": "10", "Week1": "1", "Week2": "1", "Week3": "1", "Week4": "1", "Week5": "1", "Holidays": "0"}}, {"type": "Feature", "geometry": {"type": "LineString", "coordinates": [[-122.4564329227981, 37.775483265156], [-122.4562438624621, 37.774554711935]]}, "properties": {"Corridor": "Willard St North", "Limits": "McAllister St  -  Fulton St", "BlockSide": "East", "WeekDay": "Wed", "FromHour": "9", "ToHour": "11", "Week1": "1", "Week2": "1", "Week3": "1", "Week4": "1", "Week5": "1", "Holidays": "0"}}, {"type": "Feature", "geometry": {"type": "LineString", "coordinates": [[-122.44380307080368, 37.781893873244115], [-122.44440334332268, 37.78259192844312]]}, "properties": {"Corridor": "Lyon St", "Limits": "O'Farrell St  -  Geary Blvd", "BlockSide": "NorthEast", "WeekDay": "Mon", "FromHour": "6", "ToHour": "8", "Week1": "1", "Week2": "0", "Week3": "1", "Week4": "0", "Week5": "0", "Holidays": "0"}}, {"type": "Feature", "geometry": {"type": "LineString", "coordinates": [[-122.43550835090183, 37.766527892149], [-122.43543218004582, 37.765727473634]]}, "properties": {"Corridor": "Castro St", "Limits": "Henry St  -  15th St", "BlockSide": "East", "WeekDay": "Fri", "FromHour": "8", "ToHour": "10", "Week1": "1", "Week2": "1", "Week3": "1", "Week4": "1", "Week5": "1", "Holidays": "0"}}, {"type": "Feature", "geometry": {"type": "LineString", "coordinates": [[-122.43948038104, 37.78333992889313], [-122.439632560463, 37.78339103338813], [-122.441158201359, 37.783195110642126]]}, "properties": {"Corridor": "Geary Blvd", "Limits": "Divisadero St  -  Broderick St", "BlockSide": "North", "WeekDay": "Mon", "FromHour": "6", "ToHour": "8", "Week1": "0", "Week2": "1", "Week3": "0", "Week4": "1", "Week5": "0", "Holidays": "0"}}, {"type": "Feature", "geometry": {"type": "LineString", "coordinates": [[-122.448013160663, 37.766975239981875], [-122.449073898739, 37.766840684198876]]}, "properties": {"Corridor": "Frederick St", "Limits": "Clayton St  -  Belvedere St", "BlockSide": "South", "WeekDay": "Tues", "FromHour": "8", "ToHour": "10", "Week1": "1", "Week2": "1", "Week3": "1", "Week4": "1", "Week5": "1", "Holidays": "0"}}, {"type": "Feature", "geometry": {"type": "LineString", "coordinates": [[-122.45528074961, 37.781427219948874], [-122.455357767708, 37.781342522978875], [-122.455466548992, 37.78133073307787], [-122.455523985114, 37.78139969933887]]}, "properties": {"Corridor": "Geary Blvd", "Limits": "Beaumont Ave  -  Commonwealth Ave", "BlockSide": "South", "WeekDay": "Fri", "FromHour": "6", "ToHour": "8", "Week1": "1", "Week2": "0", "Week3": "1", "Week4": "0", "Week5": "0", "Holidays": "0"}}, {"type": "Feature", "geometry": {"type": "LineString", "coordinates": [[-122.443359054239, 37.76196516462287], [-122.444195855752, 37.76191532951187]]}, "properties": {"Corridor": "17th St", "Limits": "Temple St  -  Mars St", "BlockSide": "South", "WeekDay": "Wed", "FromHour": "12", "ToHour": "14", "Week1": "1", "Week2": "1", "Week3": "1", "Week4": "1", "Week5": "1", "Holidays": "0"}}, {"type": "Feature", "geometry": {"type": "LineString", "coordinates": [[-122.44974760429928, 37.77538994113], [-122.44955713328028, 37.774459874045]]}, "properties": {"Corridor": "Clayton St", "Limits": "Fulton St  -  Grove St", "BlockSide": "West", "WeekDay": "Fri", "FromHour": "9", "ToHour": "11", "Week1": "1", "Week2": "1", "Week3": "1", "Week4": "1", "Week5": "1", "Holidays": "0"}}, {"type": "Feature", "geometry": {"type": "LineString", "coordinates": [[-122.4429454452, 37.77532696980513], [-122.44459286247, 37.77511752782413]]}, "properties": {"Corridor": "Grove St", "Limits": "Lyon St  -  Central Ave", "BlockSide": "North", "WeekDay": "Tues", "FromHour": "9", "ToHour": "11", "Week1": "1", "Week2": "1", "Week3": "1", "Week4": "1", "Week5": "1", "Holidays": "0"}}, {"type": "Feature", "geometry": {"type": "LineString", "coordinates": [[-122.442908034169, 37.762054904108126], [-122.443359054239, 37.76202804640513]]}, "properties": {"Corridor": "17th St", "Limits": "Corbin Pl  -  Temple St", "BlockSide": "North", "WeekDay": "Thu", "FromHour": "9", "ToHour": "11", "Week1": "1", "Week2": "1", "Week3": "1", "Week4": "1", "Week5": "1", "Holidays": "0"}}, {"type": "Feature", "geometry": {"type": "LineString", "coordinates": [[-122.45799359173947, 37.780452122941], [-122.45796024683746, 37.7803663714], [-122.45778560551446, 37.779478770468]]}, "properties": {"Corridor": "Almaden Ct", "Limits": "Start: 01-99 Block  -  Anza St", "BlockSide": "West", "WeekDay": "Thu", "FromHour": "9", "ToHour": "11", "Week1": "1", "Week2": "1", "Week3": "1", "Week4": "1", "Week5": "1", "Holidays": "0"}}, {"type": "Feature", "geometry": {"type": "LineString", "coordinates": [[-122.45412299318178, 37.771930404305], [-122.45405800909978, 37.771616239174]]}, "properties": {"Corridor": "Stanyan St", "Limits": "Fell St  -  Ggp Access Road", "BlockSide": "West", "WeekDay": "Wed", "FromHour": "6", "ToHour": "8", "Week1": "1", "Week2": "1", "Week3": "1", "Week4": "1", "Week5": "1", "Holidays": "0"}}, {"type": "Feature", "geometry": {"type": "LineString", "coordinates": [[-122.449079404319, 37.78234581466113], [-122.450025633236, 37.782234307351125], [-122.450092302229, 37.78214804431213]]}, "properties": {"Corridor": "Geary Blvd", "Limits": "Wood St  -  Collins St", "BlockSide": "North", "WeekDay": "Thu", "FromHour": "6", "ToHour": "8", "Week1": "1", "Week2": "1", "Week3": "1", "Week4": "1", "Week5": "1", "Holidays": "0"}}, {"type": "Feature", "geometry": {"type": "LineString", "coordinates": [[-122.43535706887207, 37.764102271947], [-122.43529843218705, 37.763462837145]]}, "properties": {"Corridor": "Castro St", "Limits": "16th St  -  States St", "BlockSide": "West", "WeekDay": "Mon", "FromHour": "6", "ToHour": "8", "Week1": "1", "Week2": "1", "Week3": "1", "Week4": "1", "Week5": "1", "Holidays": "0"}}, {"type": "Feature", "geometry": {"type": "LineString", "coordinates": [[-122.43945362181469, 37.761424566335], [-122.4393765831157, 37.760626722992]]}, "properties": {"Corridor": "Douglass St", "Limits": "Market St  -  18th St", "BlockSide": "West", "WeekDay": "Fri", "FromHour": "8", "ToHour": "10", "Week1": "1", "Week2": "1", "Week3": "1", "Week4": "1", "Week5": "1", "Holidays": "0"}}, {"type": "Feature", "geometry": {"type": "LineString", "coordinates": [[-122.4533452177202, 37.777826863197], [-122.4531485493082, 37.776853425511]]}, "properties": {"Corridor": "Parker Ave", "Limits": "Turk Blvd  -  Golden Gate Ave", "BlockSide": "East", "WeekDay": "Wed", "FromHour": "9", "ToHour": "11", "Week1": "1", "Week2": "1", "Week3": "1", "Week4": "1", "Week5": "1", "Holidays": "0"}}, {"type": "Feature", "geometry": {"type": "LineString", "coordinates": [[-122.446283674527, 37.77490254362013], [-122.447877800152, 37.774698807121126]]}, "properties": {"Corridor": "Grove St", "Limits": "Masonic Ave  -  Ashbury St", "BlockSide": "North", "WeekDay": "Tues", "FromHour": "9", "ToHour": "11", "Week1": "1", "Week2": "1", "Week3": "1", "Week4": "1", "Week5": "1", "Holidays": "0"}}, {"type": "Feature", "geometry": {"type": "LineString", "coordinates": [[-122.43046419594319, 37.780715572792], [-122.43056831159319, 37.780818301876], [-122.43071292988819, 37.781533152351], [-122.43064897986719, 37.781645584393]]}, "properties": {"Corridor": "Webster St", "Limits": "Turk St  -  Eddy St", "BlockSide": "West", "WeekDay": "Wed", "FromHour": "8", "ToHour": "10", "Week1": "1", "Week2": "1", "Week3": "1", "Week4": "1", "Week5": "1", "Holidays": "0"}}, {"type": "Feature", "geometry": {"type": "LineString", "coordinates": [[-122.43068695258533, 37.762752670854], [-122.43062253354734, 37.762080880607]]}, "properties": {"Corridor": "Sanchez St", "Limits": "17th St  -  Dorland St", "BlockSide": "East", "WeekDay": "Fri", "FromHour": "9", "ToHour": "11", "Week1": "1", "Week2": "1", "Week3": "1", "Week4": "1", "Week5": "1", "Holidays": "0"}}, {"type": "Feature", "geometry": {"type": "LineString", "coordinates": [[-122.43620203581457, 37.76213762558], [-122.43607433859857, 37.760823994852]]}, "properties": {"Corridor": "Collingwood St", "Limits": "Market St  -  18th St", "BlockSide": "East", "WeekDay": "Fri", "FromHour": "8", "ToHour": "10", "Week1": "1", "Week2": "1", "Week3": "1", "Week4": "1", "Week5": "1", "Holidays": "0"}}, {"type": "Feature", "geometry": {"type": "LineString", "coordinates": [[-122.42897669018512, 37.76752669142512], [-122.42921008750312, 37.76743559951512], [-122.43077707021213, 37.76619895884312], [-122.43085251876113, 37.766035962803116]]}, "properties": {"Corridor": "Market St", "Limits": "Church St  -  15th St", "BlockSide": "NorthWest", "WeekDay": "Sun", "FromHour": "2", "ToHour": "6", "Week1": "1", "Week2": "1", "Week3": "1", "Week4": "1", "Week5": "1", "Holidays": "1"}}, {"type": "Feature", "geometry": {"type": "LineString", "coordinates": [[-122.43907415515727, 37.781520352742], [-122.43903736698027, 37.781597843925], [-122.43918569036828, 37.782365977691], [-122.43925784385928, 37.78245048083]]}, "properties": {"Corridor": "Divisadero St", "Limits": "Ellis St  -  O'Farrell St", "BlockSide": "East", "WeekDay": "Tues", "FromHour": "6", "ToHour": "8", "Week1": "1", "Week2": "1", "Week3": "1", "Week4": "1", "Week5": "1", "Holidays": "0"}}, {"type": "Feature", "geometry": {"type": "LineString", "coordinates": [[-122.456759007372, 37.76490102046287], [-122.457718187901, 37.764778627676876]]}, "properties": {"Corridor": "Carl St", "Limits": "Hillway Ave  -  Arguello Blvd", "BlockSide": "South", "WeekDay": "Mon", "FromHour": "8", "ToHour": "10", "Week1": "1", "Week2": "1", "Week3": "1", "Week4": "1", "Week5": "1", "Holidays": "0"}}, {"type": "Feature", "geometry": {"type": "LineString", "coordinates": [[-122.432467068429, 37.77372554884487], [-122.43410901053, 37.773517936104874]]}, "properties": {"Corridor": "Oak St", "Limits": "Steiner St  -  Pierce St", "BlockSide": "South", "WeekDay": "Tues", "FromHour": "12", "ToHour": "14", "Week1": "1", "Week2": "1", "Week3": "1", "Week4": "1", "Week5": "1", "Holidays": "0"}}, {"type": "Feature", "geometry": {"type": "LineString", "coordinates": [[-122.443699109727, 37.77906945971413], [-122.445346739859, 37.77886807348913]]}, "properties": {"Corridor": "Turk Blvd", "Limits": "Lyon St  -  Central Ave", "BlockSide": "North", "WeekDay": "Tues", "FromHour": "8", "ToHour": "10", "Week1": "1", "Week2": "1", "Week3": "1", "Week4": "1", "Week5": "1", "Holidays": "0"}}, {"type": "Feature", "geometry": {"type": "LineString", "coordinates": [[-122.445155752658, 37.77785506577787], [-122.44684646986, 37.77763766804187]]}, "properties": {"Corridor": "Golden Gate Ave", "Limits": "Central Ave  -  Masonic Ave", "BlockSide": "South", "WeekDay": "Tues", "FromHour": "9", "ToHour": "11", "Week1": "1", "Week2": "1", "Week3": "1", "Week4": "1", "Week5": "1", "Holidays": "0"}}, {"type": "Feature", "geometry": {"type": "LineString", "coordinates": [[-122.4477405817049, 37.761726419443], [-122.4475850558919, 37.760932687516]]}, "properties": {"Corridor": "Belvedere St", "Limits": "17th St  -  Carmel St", "BlockSide": "East", "WeekDay": "Wed", "FromHour": "9", "ToHour": "11", "Week1": "1", "Week2": "0", "Week3": "0", "Week4": "0", "Week5": "0", "Holidays": "0"}}, {"type": "Feature", "geometry": {"type": "LineString", "coordinates": [[-122.451346157479, 37.77705895973887], [-122.452233765594, 37.77694478219387]]}, "properties": {"Corridor": "Golden Gate Ave", "Limits": "Chabot Ter  -  Temescal Ter", "BlockSide": "South", "WeekDay": "Wed", "FromHour": "6", "ToHour": "8", "Week1": "1", "Week2": "1", "Week3": "1", "Week4": "1", "Week5": "1", "Holidays": "0"}}, {"type": "Feature", "geometry": {"type": "LineString", "coordinates": [[-122.45508409304146, 37.777026249548], [-122.45493859727247, 37.776322359192]]}, "properties": {"Corridor": "Stanyan St", "Limits": "Golden Gate Ave  -  Paramount Ter", "BlockSide": "East", "WeekDay": "Thu", "FromHour": "6", "ToHour": "8", "Week1": "1", "Week2": "1", "Week3": "1", "Week4": "1", "Week5": "1", "Holidays": "0"}}, {"type": "Feature", "geometry": {"type": "LineString", "coordinates": [[-122.43967851777603, 37.783846585463], [-122.43975249348303, 37.784230676109], [-122.43972446071002, 37.784318673891]]}, "properties": {"Corridor": "Divisadero St", "Limits": "Garden St  -  Post St", "BlockSide": "West", "WeekDay": "Mon", "FromHour": "6", "ToHour": "8", "Week1": "1", "Week2": "1", "Week3": "1", "Week4": "1", "Week5": "1", "Holidays": "0"}}, {"type": "Feature", "geometry": {"type": "LineString", "coordinates": [[-122.45120307578249, 37.774248734291], [-122.45101353103948, 37.773315644726]]}, "properties": {"Corridor": "Cole St", "Limits": "Grove St  -  Hayes St", "BlockSide": "West", "WeekDay": "Wed", "FromHour": "9", "ToHour": "11", "Week1": "1", "Week2": "1", "Week3": "1", "Week4": "1", "Week5": "1", "Holidays": "0"}}, {"type": "Feature", "geometry": {"type": "LineString", "coordinates": [[-122.4519975383538, 37.761478202787], [-122.45159285665079, 37.759472365631]]}, "properties": {"Corridor": "Stanyan St", "Limits": "17th St  -  Belgrave Ave", "BlockSide": "West", "WeekDay": "Tues", "FromHour": "8", "ToHour": "10", "Week1": "1", "Week2": "0", "Week3": "0", "Week4": "0", "Week5": "0", "Holidays": "0"}}, {"type": "Feature", "geometry": {"type": "LineString", "coordinates": [[-122.43085251844904, 37.766035962803116], [-122.43098286780604, 37.766015860403115], [-122.43104275613504, 37.76597245197912], [-122.43105359400204, 37.76589021821812]]}, "properties": {"Corridor": "Market St", "Limits": "15th St  -  Sanchez St", "BlockSide": "NorthWest", "WeekDay": "Mon", "FromHour": "2", "ToHour": "6", "Week1": "1", "Week2": "1", "Week3": "1", "Week4": "1", "Week5": "1", "Holidays": "1"}}, {"type": "Feature", "geometry": {"type": "LineString", "coordinates": [[-122.43304634870549, 37.76417348135488], [-122.43323085756148, 37.763966336111885], [-122.43442763984349, 37.763016678638884], [-122.43502296924848, 37.762630519365885], [-122.43515984022349, 37.76264847591988]]}, "properties": {"Corridor": "Market St", "Limits": "16th St  -  17th St", "BlockSide": "SouthEast", "WeekDay": "Fri", "FromHour": "2", "ToHour": "6", "Week1": "1", "Week2": "1", "Week3": "1", "Week4": "1", "Week5": "1", "Holidays": "1"}}, {"type": "Feature", "geometry": {"type": "LineString", "coordinates": [[-122.437446430569, 37.781758520191126], [-122.438271524809, 37.78165265410913]]}, "properties": {"Corridor": "Ellis St", "Limits": "Scott St  -  Beideman St", "BlockSide": "North", "WeekDay": "Thu", "FromHour": "12", "ToHour": "14", "Week1": "1", "Week2": "1", "Week3": "1", "Week4": "1", "Week5": "1", "Holidays": "0"}}, {"type": "Feature", "geometry": {"type": "LineString", "coordinates": [[-122.43070207445606, 37.762080880607], [-122.43068994696506, 37.761954408655]]}, "properties": {"Corridor": "Sanchez St", "Limits": "Dorland St  -  Ford St", "BlockSide": "West", "WeekDay": "Wed", "FromHour": "9", "ToHour": "11", "Week1": "1", "Week2": "1", "Week3": "1", "Week4": "1", "Week5": "1", "Holidays": "0"}}, {"type": "Feature", "geometry": {"type": "LineString", "coordinates": [[-122.448767913922, 37.770699442879874], [-122.450407505427, 37.77048787749387]]}, "properties": {"Corridor": "Page St", "Limits": "Clayton St  -  Cole St", "BlockSide": "South", "WeekDay": "Thu", "FromHour": "8", "ToHour": "10", "Week1": "1", "Week2": "1", "Week3": "1", "Week4": "1", "Week5": "1", "Holidays": "0"}}, {"type": "Feature", "geometry": {"type": "LineString", "coordinates": [[-122.44826316340998, 37.783681949659], [-122.44802399225998, 37.782482601533]]}, "properties": {"Corridor": "Emerson St", "Limits": "Start: 01-99 Block  -  Geary Blvd", "BlockSide": "East", "WeekDay": "Mon", "FromHour": "8", "ToHour": "10", "Week1": "1", "Week2": "0", "Week3": "1", "Week4": "0", "Week5": "0", "Holidays": "0"}}, {"type": "Feature", "geometry": {"type": "LineString", "coordinates": [[-122.44360931111018, 37.770426370917], [-122.44379637372218, 37.771358113328]]}, "properties": {"Corridor": "Central Ave", "Limits": "Haight St  -  Page St", "BlockSide": "East", "WeekDay": "Wed", "FromHour": "8", "ToHour": "10", "Week1": "1", "Week2": "1", "Week3": "1", "Week4": "1", "Week5": "1", "Holidays": "0"}}, {"type": "Feature", "geometry": {"type": "LineString", "coordinates": [[-122.427913715036, 37.77628510903013], [-122.429554056586, 37.77607572675513]]}, "properties": {"Corridor": "Hayes St", "Limits": "Buchanan St  -  Webster St", "BlockSide": "North", "WeekDay": "Tues", "FromHour": "8", "ToHour": "10", "Week1": "1", "Week2": "1", "Week3": "1", "Week4": "1", "Week5": "1", "Holidays": "0"}}, {"type": "Feature", "geometry": {"type": "LineString", "coordinates": [[-122.442793099742, 37.78291677733413], [-122.442922543116, 37.78297236184213], [-122.444458023322, 37.782806105754126]]}, "properties": {"Corridor": "Geary Blvd", "Limits": "Baker St  -  Lyon St", "BlockSide": "North", "WeekDay": "Mon", "FromHour": "6", "ToHour": "8", "Week1": "1", "Week2": "0", "Week3": "1", "Week4": "0", "Week5": "0", "Holidays": "0"}}, {"type": "Feature", "geometry": {"type": "LineString", "coordinates": [[-122.43439017765508, 37.783083017553], [-122.43460188102307, 37.784151863773]]}, "properties": {"Corridor": "Steiner St", "Limits": "O'Farrell St  -  Geary Blvd", "BlockSide": "West", "WeekDay": "Tues", "FromHour": "6", "ToHour": "8", "Week1": "1", "Week2": "0", "Week3": "1", "Week4": "0", "Week5": "0", "Holidays": "0"}}, {"type": "Feature", "geometry": {"type": "LineString", "coordinates": [[-122.44947757920346, 37.774459874045], [-122.44928609830745, 37.773524851193]]}, "properties": {"Corridor": "Clayton St", "Limits": "Grove St  -  Hayes St", "BlockSide": "East", "WeekDay": "Wed", "FromHour": "9", "ToHour": "11", "Week1": "1", "Week2": "1", "Week3": "1", "Week4": "1", "Week5": "1", "Holidays": "0"}}, {"type": "Feature", "geometry": {"type": "LineString", "coordinates": [[-122.450874160631, 37.762984453278875], [-122.452233043483, 37.762811120346875]]}, "properties": {"Corridor": "Alma St", "Limits": "Shrader St  -  Stanyan St", "BlockSide": "South", "WeekDay": "Thu", "FromHour": "9", "ToHour": "11", "Week1": "1", "Week2": "0", "Week3": "0", "Week4": "0", "Week5": "0", "Holidays": "0"}}, {"type": "Feature", "geometry": {"type": "LineString", "coordinates": [[-122.45239133288581, 37.777939652253], [-122.45219398694181, 37.776976223085]]}, "properties": {"Corridor": "Temescal Ter", "Limits": "Turk Blvd  -  Golden Gate Ave", "BlockSide": "East", "WeekDay": "Fri", "FromHour": "9", "ToHour": "11", "Week1": "1", "Week2": "1", "Week3": "1", "Week4": "1", "Week5": "1", "Holidays": "0"}}, {"type": "Feature", "geometry": {"type": "LineString", "coordinates": [[-122.443665893159, 37.78143300779113], [-122.443854086512, 37.78139919991413]]}, "properties": {"Corridor": "Terra Vista Ave", "Limits": "Sonora Ln  -  Encanto Ave", "BlockSide": "North", "WeekDay": "Thu", "FromHour": "12", "ToHour": "14", "Week1": "1", "Week2": "1", "Week3": "1", "Week4": "1", "Week5": "1", "Holidays": "0"}}, {"type": "Feature", "geometry": {"type": "LineString", "coordinates": [[-122.451213061906, 37.76471380486313], [-122.452569353691, 37.76454080226913]]}, "properties": {"Corridor": "Parnassus Ave", "Limits": "Shrader St  -  Stanyan St", "BlockSide": "North", "WeekDay": "Fri", "FromHour": "8", "ToHour": "10", "Week1": "1", "Week2": "0", "Week3": "0", "Week4": "0", "Week5": "0", "Holidays": "0"}}, {"type": "Feature", "geometry": {"type": "LineString", "coordinates": [[-122.441110417756, 37.77459892348813], [-122.442754865592, 37.77439027315513]]}, "properties": {"Corridor": "Hayes St", "Limits": "Baker St  -  Lyon St", "BlockSide": "North", "WeekDay": "Thu", "FromHour": "9", "ToHour": "11", "Week1": "1", "Week2": "1", "Week3": "1", "Week4": "1", "Week5": "1", "Holidays": "0"}}, {"type": "Feature", "geometry": {"type": "LineString", "coordinates": [[-122.43440451328, 37.770677489577125], [-122.435184078951, 37.770579521001125]]}, "properties": {"Corridor": "Waller St", "Limits": "Carmelita St  -  Scott St", "BlockSide": "North", "WeekDay": "Thu", "FromHour": "8", "ToHour": "10", "Week1": "1", "Week2": "1", "Week3": "1", "Week4": "1", "Week5": "1", "Holidays": "0"}}, {"type": "Feature", "geometry": {"type": "LineString", "coordinates": [[-122.45540230037962, 37.778827542043], [-122.45517367624262, 37.777704195371], [-122.45517716343163, 37.777599278934]]}, "properties": {"Corridor": "Stanyan Blvd", "Limits": "Lone Mountain Ter  -  Turk Blvd", "BlockSide": "East", "WeekDay": "Wed", "FromHour": "9", "ToHour": "11", "Week1": "1", "Week2": "1", "Week3": "1", "Week4": "1", "Week5": "1", "Holidays": "0"}}, {"type": "Feature", "geometry": {"type": "LineString", "coordinates": [[-122.454175993557, 37.781567380588875], [-122.454267483879, 37.781472378299874], [-122.455196475132, 37.78136601948887], [-122.45528074961, 37.781427219948874]]}, "properties": {"Corridor": "Geary Blvd", "Limits": "Parker Ave  -  Beaumont Ave", "BlockSide": "South", "WeekDay": "Wed", "FromHour": "6", "ToHour": "8", "Week1": "1", "Week2": "1", "Week3": "1", "Week4": "1", "Week5": "1", "Holidays": "0"}}, {"type": "Feature", "geometry": {"type": "LineString", "coordinates": [[-122.437260058298, 37.780770329801875], [-122.438926755343, 37.78055704552887]]}, "properties": {"Corridor": "Eddy St", "Limits": "Scott St  -  Divisadero St", "BlockSide": "South", "WeekDay": "Tues", "FromHour": "9", "ToHour": "11", "Week1": "1", "Week2": "1", "Week3": "1", "Week4": "1", "Week5": "1", "Holidays": "0"}}, {"type": "Feature", "geometry": {"type": "LineString", "coordinates": [[-122.441671638484, 37.78226538759713], [-122.441740705765, 37.78216988875213], [-122.441964804562, 37.782120639312126], [-122.442328625749, 37.78205435214313], [-122.442851703569, 37.78198831073113], [-122.443498461412, 37.781946068134125], [-122.443831200101, 37.781903082281126]]}, "properties": {"Corridor": "O'Farrell St", "Limits": "Saint Joseph's Ave  -  Lyon St", "BlockSide": "North", "WeekDay": "Tues", "FromHour": "6", "ToHour": "8", "Week1": "0", "Week2": "1", "Week3": "0", "Week4": "1", "Week5": "0", "Holidays": "0"}}, {"type": "Feature", "geometry": {"type": "LineString", "coordinates": [[-122.440783842969, 37.78127861615587], [-122.441339502116, 37.78120402664187]]}, "properties": {"Corridor": "Ellis St", "Limits": "Broderick St  -  Terra Vista Ave", "BlockSide": "South", "WeekDay": "Tues", "FromHour": "9", "ToHour": "11", "Week1": "1", "Week2": "1", "Week3": "1", "Week4": "1", "Week5": "1", "Holidays": "0"}}, {"type": "Feature", "geometry": {"type": "LineString", "coordinates": [[-122.44350450401878, 37.779585730793], [-122.44356769198377, 37.780186742263], [-122.44365219077477, 37.780646053599], [-122.44375829701377, 37.78101609923], [-122.44389386683378, 37.781367759023]]}, "properties": {"Corridor": "Encanto Ave", "Limits": "Anzavista Ave  -  Terra Vista Ave", "BlockSide": "West", "WeekDay": "Wed", "FromHour": "9", "ToHour": "11", "Week1": "1", "Week2": "1", "Week3": "1", "Week4": "1", "Week5": "1", "Holidays": "0"}}, {"type": "Feature", "geometry": {"type": "LineString", "coordinates": [[-122.446933819119, 37.76997616466987], [-122.448578816473, 37.76976641034887]]}, "properties": {"Corridor": "Haight St", "Limits": "Ashbury St  -  Clayton St", "BlockSide": "South", "WeekDay": "Thu", "FromHour": "6", "ToHour": "8", "Week1": "1", "Week2": "1", "Week3": "1", "Week4": "1", "Week5": "1", "Holidays": "0"}}, {"type": "Feature", "geometry": {"type": "LineString", "coordinates": [[-122.43321570026629, 37.765861627815], [-122.43313886266928, 37.765060651583]]}, "properties": {"Corridor": "Noe St", "Limits": "15th St  -  Beaver St", "BlockSide": "East", "WeekDay": "Thu", "FromHour": "8", "ToHour": "10", "Week1": "1", "Week2": "1", "Week3": "1", "Week4": "1", "Week5": "1", "Holidays": "0"}}, {"type": "Feature", "geometry": {"type": "LineString", "coordinates": [[-122.43023323633, 37.77975135342187], [-122.431951802505, 37.77953270814987]]}, "properties": {"Corridor": "Golden Gate Ave", "Limits": "Webster St  -  Fillmore St", "BlockSide": "South", "WeekDay": "Tues", "FromHour": "8", "ToHour": "10", "Week1": "1", "Week2": "1", "Week3": "1", "Week4": "1", "Week5": "1", "Holidays": "0"}}, {"type": "Feature", "geometry": {"type": "LineString", "coordinates": [[-122.448879207092, 37.77835798817687], [-122.449767079055, 37.77824556739987]]}, "properties": {"Corridor": "Turk Blvd", "Limits": "Tamalpais Ter  -  Roselyn Ter", "BlockSide": "South", "WeekDay": "Tues", "FromHour": "9", "ToHour": "11", "Week1": "1", "Week2": "1", "Week3": "1", "Week4": "1", "Week5": "1", "Holidays": "0"}}, {"type": "Feature", "geometry": {"type": "LineString", "coordinates": [[-122.442765193648, 37.76969272398413], [-122.442843258498, 37.76963652858113], [-122.443078578576, 37.76959651897913], [-122.443340134241, 37.769564679159124], [-122.443461440976, 37.76952843897213]]}, "properties": {"Corridor": "Waller St", "Limits": "Buena Vista West Ave  -  Central Ave", "BlockSide": "North", "WeekDay": "Tues", "FromHour": "8", "ToHour": "10", "Week1": "1", "Week2": "1", "Week3": "1", "Week4": "1", "Week5": "1", "Holidays": "0"}}, {"type": "Feature", "geometry": {"type": "LineString", "coordinates": [[-122.43167723740501, 37.770034859116], [-122.43177115855201, 37.770500961135]]}, "properties": {"Corridor": "Steiner St", "Limits": "Hermann St  -  Germania St", "BlockSide": "East", "WeekDay": "Fri", "FromHour": "9", "ToHour": "11", "Week1": "1", "Week2": "1", "Week3": "1", "Week4": "1", "Week5": "1", "Holidays": "0"}}, {"type": "Feature", "geometry": {"type": "LineString", "coordinates": [[-122.432648622334, 37.77466121960787], [-122.434294284892, 37.774444375872875]]}, "properties": {"Corridor": "Fell St", "Limits": "Steiner St  -  Pierce St", "BlockSide": "South", "WeekDay": "Thu", "FromHour": "8", "ToHour": "10", "Week1": "1", "Week2": "1", "Week3": "1", "Week4": "1", "Week5": "1", "Holidays": "0"}}, {"type": "Feature", "geometry": {"type": "LineString", "coordinates": [[-122.441678193342, 37.77740472556213], [-122.443321055279, 37.77719588675413]]}, "properties": {"Corridor": "McAllister St", "Limits": "Baker St  -  Lyon St", "BlockSide": "North", "WeekDay": "Tues", "FromHour": "9", "ToHour": "11", "Week1": "1", "Week2": "1", "Week3": "1", "Week4": "1", "Week5": "1", "Holidays": "0"}}, {"type": "Feature", "geometry": {"type": "LineString", "coordinates": [[-122.440213334397, 37.77854290466113], [-122.441865640697, 37.77833099460513]]}, "properties": {"Corridor": "Golden Gate Ave", "Limits": "Broderick St  -  Baker St", "BlockSide": "North", "WeekDay": "Thu", "FromHour": "12", "ToHour": "14", "Week1": "1", "Week2": "1", "Week3": "1", "Week4": "1", "Week5": "1", "Holidays": "0"}}, {"type": "Feature", "geometry": {"type": "LineString", "coordinates": [[-122.43527752627995, 37.764102271947], [-122.43521888959494, 37.763462837145]]}, "properties": {"Corridor": "Castro St", "Limits": "16th St  -  States St", "BlockSide": "East", "WeekDay": "Thu", "FromHour": "6", "ToHour": "8", "Week1": "1", "Week2": "1", "Week3": "1", "Week4": "1", "Week5": "1", "Holidays": "0"}}, {"type": "Feature", "geometry": {"type": "LineString", "coordinates": [[-122.446369258862, 37.767251697437125], [-122.44719918824, 37.76714199929213]]}, "properties": {"Corridor": "Frederick St", "Limits": "Ashbury St  -  Downey St", "BlockSide": "North", "WeekDay": "Mon", "FromHour": "8", "ToHour": "10", "Week1": "1", "Week2": "1", "Week3": "1", "Week4": "1", "Week5": "1", "Holidays": "0"}}, {"type": "Feature", "geometry": {"type": "LineString", "coordinates": [[-122.44169976789422, 37.78221171485188], [-122.44184853712622, 37.78228517860088], [-122.44272059804223, 37.78262036953388], [-122.44282122915223, 37.782863104588884]]}, "properties": {"Corridor": "Saint Joseph's Ave", "Limits": "O'Farrell St  -  Geary Blvd", "BlockSide": "SouthWest", "WeekDay": "Mon", "FromHour": "6", "ToHour": "8", "Week1": "0", "Week2": "1", "Week3": "0", "Week4": "1", "Week5": "0", "Holidays": "0"}}, {"type": "Feature", "geometry": {"type": "LineString", "coordinates": [[-122.427819099714, 37.775786575859], [-122.429459885543, 37.775577376259]]}, "properties": {"Corridor": "Linden St", "Limits": "Buchanan St  -  End: 600-699 Block", "BlockSide": "", "WeekDay": "Mon", "FromHour": "9", "ToHour": "11", "Week1": "1", "Week2": "1", "Week3": "1", "Week4": "1", "Week5": "1", "Holidays": "0"}}, {"type": "Feature", "geometry": {"type": "LineString", "coordinates": [[-122.44455308484369, 37.775086086933], [-122.44474011343169, 37.776016591778]]}, "properties": {"Corridor": "Central Ave", "Limits": "Grove St  -  Fulton St", "BlockSide": "East", "WeekDay": "Wed", "FromHour": "12", "ToHour": "14", "Week1": "1", "Week2": "1", "Week3": "1", "Week4": "1", "Week5": "1", "Holidays": "0"}}, {"type": "Feature", "geometry": {"type": "LineString", "coordinates": [[-122.44802815175458, 37.775599294574], [-122.44783802275059, 37.77466736623]]}, "properties": {"Corridor": "Ashbury St", "Limits": "Fulton St  -  Grove St", "BlockSide": "East", "WeekDay": "Fri", "FromHour": "9", "ToHour": "11", "Week1": "1", "Week2": "1", "Week3": "1", "Week4": "1", "Week5": "1", "Holidays": "0"}}, {"type": "Feature", "geometry": {"type": "LineString", "coordinates": [[-122.44643105220837, 37.775801591574], [-122.44624389701636, 37.774871102729]]}, "properties": {"Corridor": "Masonic Ave", "Limits": "Fulton St  -  Grove St", "BlockSide": "East", "WeekDay": "Thu", "FromHour": "6", "ToHour": "8", "Week1": "1", "Week2": "1", "Week3": "1", "Week4": "1", "Week5": "1", "Holidays": "0"}}, {"type": "Feature", "geometry": {"type": "LineString", "coordinates": [[-122.44385932939832, 37.78184940953588], [-122.44445960191732, 37.78254746473488]]}, "properties": {"Corridor": "Lyon St", "Limits": "O'Farrell St  -  Geary Blvd", "BlockSide": "SouthWest", "WeekDay": "Mon", "FromHour": "6", "ToHour": "8", "Week1": "1", "Week2": "0", "Week3": "1", "Week4": "0", "Week5": "0", "Holidays": "0"}}, {"type": "Feature", "geometry": {"type": "LineString", "coordinates": [[-122.441300063688, 37.77547324686487], [-122.4429454452, 37.77526408802287]]}, "properties": {"Corridor": "Grove St", "Limits": "Baker St  -  Lyon St", "BlockSide": "South", "WeekDay": "Thu", "FromHour": "9", "ToHour": "11", "Week1": "1", "Week2": "1", "Week3": "1", "Week4": "1", "Week5": "1", "Holidays": "0"}}, {"type": "Feature", "geometry": {"type": "LineString", "coordinates": [[-122.44373437704111, 37.766954286028], [-122.4438032850101, 37.767066559005], [-122.4439055886211, 37.767535852074]]}, "properties": {"Corridor": "Buena Vista Ave West", "Limits": "Java St  -  Frederick St", "BlockSide": "West", "WeekDay": "Tues", "FromHour": "8", "ToHour": "10", "Week1": "1", "Week2": "1", "Week3": "1", "Week4": "1", "Week5": "1", "Holidays": "0"}}, {"type": "Feature", "geometry": {"type": "LineString", "coordinates": [[-122.437071864741, 37.77983595504387], [-122.437894527257, 37.77973350696087]]}, "properties": {"Corridor": "Turk St", "Limits": "Scott St  -  Seymour St", "BlockSide": "South", "WeekDay": "Thu", "FromHour": "12", "ToHour": "14", "Week1": "1", "Week2": "1", "Week3": "1", "Week4": "1", "Week5": "1", "Holidays": "0"}}, {"type": "Feature", "geometry": {"type": "LineString", "coordinates": [[-122.4319120224686, 37.779564149041], [-122.4321006096226, 37.780496260511]]}, "properties": {"Corridor": "Fillmore St", "Limits": "Golden Gate Ave  -  Turk St", "BlockSide": "East", "WeekDay": "Tues", "FromHour": "6", "ToHour": "8", "Week1": "0", "Week2": "1", "Week3": "0", "Week4": "1", "Week5": "0", "Holidays": "0"}}, {"type": "Feature", "geometry": {"type": "LineString", "coordinates": [[-122.45056156865142, 37.76859272732], [-122.45037429245242, 37.767664881192]]}, "properties": {"Corridor": "Cole St", "Limits": "Waller St  -  Beulah St", "BlockSide": "West", "WeekDay": "Fri", "FromHour": "8", "ToHour": "10", "Week1": "1", "Week2": "1", "Week3": "1", "Week4": "1", "Week5": "1", "Holidays": "0"}}, {"type": "Feature", "geometry": {"type": "LineString", "coordinates": [[-122.427913715036, 37.77628510903013], [-122.429554056586, 37.77607572675513]]}, "properties": {"Corridor": "Hayes St", "Limits": "Buchanan St  -  Webster St", "BlockSide": "North", "WeekDay": "Thu", "FromHour": "8", "ToHour": "10", "Week1": "1", "Week2": "1", "Week3": "1", "Week4": "1", "Week5": "1", "Holidays": "0"}}, {"type": "Feature", "geometry": {"type": "LineString", "coordinates": [[-122.44554849325168, 37.780881359965], [-122.44562359133768, 37.781320687949]]}, "properties": {"Corridor": "Anzavista Ave", "Limits": "Terra Vista Ave  -  O'Farrell St", "BlockSide": "West", "WeekDay": "Thu", "FromHour": "12", "ToHour": "14", "Week1": "1", "Week2": "1", "Week3": "1", "Week4": "1", "Week5": "1", "Holidays": "0"}}, {"type": "Feature", "geometry": {"type": "LineString", "coordinates": [[-122.43061040651972, 37.761954408655], [-122.43053379728272, 37.761155476485]]}, "properties": {"Corridor": "Sanchez St", "Limits": "Ford St  -  18th St", "BlockSide": "East", "WeekDay": "Fri", "FromHour": "9", "ToHour": "11", "Week1": "1", "Week2": "1", "Week3": "1", "Week4": "1", "Week5": "1", "Holidays": "0"}}, {"type": "Feature", "geometry": {"type": "LineString", "coordinates": [[-122.440133033749, 37.76186112679213], [-122.440704025831, 37.761817490419126], [-122.441041163222, 37.76170111412713]]}, "properties": {"Corridor": "Corbett Ave", "Limits": "Ord St  -  Hattie St", "BlockSide": "North", "WeekDay": "Wed", "FromHour": "8", "ToHour": "10", "Week1": "1", "Week2": "1", "Week3": "1", "Week4": "1", "Week5": "1", "Holidays": "0"}}, {"type": "Feature", "geometry": {"type": "LineString", "coordinates": [[-122.450786707808, 37.772399104878126], [-122.452242161055, 37.772212006941125], [-122.452437462164, 37.77222061346713]]}, "properties": {"Corridor": "Fell St", "Limits": "Cole St  -  Shrader St", "BlockSide": "North", "WeekDay": "Tues", "FromHour": "8", "ToHour": "10", "Week1": "1", "Week2": "1", "Week3": "1", "Week4": "1", "Week5": "1", "Holidays": "0"}}, {"type": "Feature", "geometry": {"type": "LineString", "coordinates": [[-122.44024542832814, 37.763493338025], [-122.44018130574614, 37.762776666883]]}, "properties": {"Corridor": "Ord St", "Limits": "Ord Ct  -  Saturn St", "BlockSide": "East", "WeekDay": "Wed", "FromHour": "8", "ToHour": "10", "Week1": "1", "Week2": "1", "Week3": "1", "Week4": "1", "Week5": "1", "Holidays": "0"}}, {"type": "Feature", "geometry": {"type": "LineString", "coordinates": [[-122.430247361169, 37.76942370262213], [-122.431356624193, 37.76935235257013]]}, "properties": {"Corridor": "Duboce Ave", "Limits": "Belcher St  -  Sanchez St", "BlockSide": "North", "WeekDay": "Wed", "FromHour": "9", "ToHour": "11", "Week1": "1", "Week2": "1", "Week3": "1", "Week4": "1", "Week5": "1", "Holidays": "0"}}, {"type": "Feature", "geometry": {"type": "LineString", "coordinates": [[-122.447567740038, 37.76893799812687], [-122.448389686041, 37.76883318846987]]}, "properties": {"Corridor": "Waller St", "Limits": "Downey St  -  Clayton St", "BlockSide": "South", "WeekDay": "Mon", "FromHour": "8", "ToHour": "10", "Week1": "1", "Week2": "1", "Week3": "1", "Week4": "1", "Week5": "1", "Holidays": "0"}}, {"type": "Feature", "geometry": {"type": "LineString", "coordinates": [[-122.44463264009632, 37.775086086933], [-122.44481966868432, 37.776016591778]]}, "properties": {"Corridor": "Central Ave", "Limits": "Grove St  -  Fulton St", "BlockSide": "West", "WeekDay": "Fri", "FromHour": "12", "ToHour": "14", "Week1": "1", "Week2": "1", "Week3": "1", "Week4": "1", "Week5": "1", "Holidays": "0"}}, {"type": "Feature", "geometry": {"type": "LineString", "coordinates": [[-122.435563320055, 37.772449370751126], [-122.437234931654, 37.77223515332913]]}, "properties": {"Corridor": "Page St", "Limits": "Scott St  -  Divisadero St", "BlockSide": "North", "WeekDay": "Tues", "FromHour": "12", "ToHour": "14", "Week1": "1", "Week2": "1", "Week3": "1", "Week4": "1", "Week5": "1", "Holidays": "0"}}, {"type": "Feature", "geometry": {"type": "LineString", "coordinates": [[-122.45210334340656, 37.78185329184], [-122.45182945903257, 37.780492740493]]}, "properties": {"Corridor": "Cook St", "Limits": "Geary Blvd  -  Anza St", "BlockSide": "East", "WeekDay": "Fri", "FromHour": "8", "ToHour": "10", "Week1": "1", "Week2": "1", "Week3": "1", "Week4": "1", "Week5": "1", "Holidays": "0"}}, {"type": "Feature", "geometry": {"type": "LineString", "coordinates": [[-122.436507232442, 37.777036639354876], [-122.438177047864, 37.77682444830887]]}, "properties": {"Corridor": "Fulton St", "Limits": "Scott St  -  Divisadero St", "BlockSide": "South", "WeekDay": "Tues", "FromHour": "8", "ToHour": "10", "Week1": "1", "Week2": "1", "Week3": "1", "Week4": "1", "Week5": "1", "Holidays": "0"}}, {"type": "Feature", "geometry": {"type": "LineString", "coordinates": [[-122.428614043414, 37.77135188928787], [-122.430260804948, 37.771142243198874]]}, "properties": {"Corridor": "Waller St", "Limits": "Webster St  -  Fillmore St", "BlockSide": "South", "WeekDay": "Tues", "FromHour": "12", "ToHour": "14", "Week1": "1", "Week2": "1", "Week3": "1", "Week4": "1", "Week5": "1", "Holidays": "0"}}, {"type": "Feature", "geometry": {"type": "LineString", "coordinates": [[-122.44834991251146, 37.768864629361], [-122.44797338713346, 37.767006680873]]}, "properties": {"Corridor": "Clayton St", "Limits": "Waller St  -  Frederick St", "BlockSide": "East", "WeekDay": "Fri", "FromHour": "8", "ToHour": "10", "Week1": "1", "Week2": "1", "Week3": "1", "Week4": "1", "Week5": "1", "Holidays": "0"}}, {"type": "Feature", "geometry": {"type": "LineString", "coordinates": [[-122.42951427855883, 37.776044285864], [-122.42958282559083, 37.776331628076], [-122.42958655256183, 37.776513152194]]}, "properties": {"Corridor": "Webster St", "Limits": "Hayes St  -  Ivy St", "BlockSide": "East", "WeekDay": "Fri", "FromHour": "12", "ToHour": "14", "Week1": "1", "Week2": "1", "Week3": "1", "Week4": "1", "Week5": "1", "Holidays": "0"}}, {"type": "Feature", "geometry": {"type": "LineString", "coordinates": [[-122.44331628088734, 37.768944234449], [-122.44342166675534, 37.769496998081]]}, "properties": {"Corridor": "Central Ave", "Limits": "Buena Vista West Ave  -  Waller St", "BlockSide": "East", "WeekDay": "Wed", "FromHour": "8", "ToHour": "10", "Week1": "1", "Week2": "1", "Week3": "1", "Week4": "1", "Week5": "1", "Holidays": "0"}}, {"type": "Feature", "geometry": {"type": "LineString", "coordinates": [[-122.45773304353, 37.78128314517987], [-122.45781128481, 37.78121198670387], [-122.458707855012, 37.781169425437874], [-122.458858661406, 37.78122562043387]]}, "properties": {"Corridor": "Geary Blvd", "Limits": "Palm Ave  -  Arguello Blvd", "BlockSide": "South", "WeekDay": "Sat", "FromHour": "7", "ToHour": "8", "Week1": "1", "Week2": "1", "Week3": "1", "Week4": "1", "Week5": "1", "Holidays": "0"}}, {"type": "Feature", "geometry": {"type": "LineString", "coordinates": [[-122.427724045548, 37.77534875053913], [-122.429365860021, 37.77514262093913]]}, "properties": {"Corridor": "Fell St", "Limits": "Buchanan St  -  Webster St", "BlockSide": "North", "WeekDay": "Tues", "FromHour": "12", "ToHour": "14", "Week1": "1", "Week2": "1", "Week3": "1", "Week4": "1", "Week5": "1", "Holidays": "0"}}, {"type": "Feature", "geometry": {"type": "LineString", "coordinates": [[-122.436114108657, 37.760855435743125], [-122.437190627228, 37.76078954866013]]}, "properties": {"Corridor": "18th St", "Limits": "Collingwood St  -  Diamond St", "BlockSide": "North", "WeekDay": "Tues", "FromHour": "6", "ToHour": "8", "Week1": "1", "Week2": "1", "Week3": "1", "Week4": "1", "Week5": "1", "Holidays": "0"}}, {"type": "Feature", "geometry": {"type": "LineString", "coordinates": [[-122.440921792368, 37.773603855428874], [-122.442564850432, 37.773392784483875]]}, "properties": {"Corridor": "Fell St", "Limits": "Baker St  -  Lyon St", "BlockSide": "South", "WeekDay": "Mon", "FromHour": "8", "ToHour": "10", "Week1": "1", "Week2": "1", "Week3": "1", "Week4": "1", "Week5": "1", "Holidays": "0"}}, {"type": "Feature", "geometry": {"type": "LineString", "coordinates": [[-122.43336848516144, 37.76746158327], [-122.43329213174944, 37.766662030407]]}, "properties": {"Corridor": "Noe St", "Limits": "14th St  -  Henry St", "BlockSide": "East", "WeekDay": "Thu", "FromHour": "8", "ToHour": "10", "Week1": "1", "Week2": "1", "Week3": "1", "Week4": "1", "Week5": "1", "Holidays": "0"}}, {"type": "Feature", "geometry": {"type": "LineString", "coordinates": [[-122.440546210309, 37.77174765726387], [-122.442187879796, 37.77153959709087]]}, "properties": {"Corridor": "Page St", "Limits": "Baker St  -  Lyon St", "BlockSide": "South", "WeekDay": "Thu", "FromHour": "8", "ToHour": "10", "Week1": "1", "Week2": "1", "Week3": "1", "Week4": "1", "Week5": "1", "Holidays": "0"}}, {"type": "Feature", "geometry": {"type": "LineString", "coordinates": [[-122.432949137393, 37.76264964045913], [-122.434062387332, 37.762582265521125]]}, "properties": {"Corridor": "17th St", "Limits": "Noe St  -  Hartford St", "BlockSide": "North", "WeekDay": "Mon", "FromHour": "6", "ToHour": "8", "Week1": "1", "Week2": "1", "Week3": "1", "Week4": "1", "Week5": "1", "Holidays": "0"}}, {"type": "Feature", "geometry": {"type": "LineString", "coordinates": [[-122.43255516496446, 37.782349635153], [-122.43274596104047, 37.783292591474]]}, "properties": {"Corridor": "Fillmore St", "Limits": "Ellis St  -  O'Farrell St", "BlockSide": "West", "WeekDay": "Wed", "FromHour": "6", "ToHour": "8", "Week1": "1", "Week2": "0", "Week3": "1", "Week4": "0", "Week5": "0", "Holidays": "0"}}, {"type": "Feature", "geometry": {"type": "LineString", "coordinates": [[-122.43099734811518, 37.76584575450988], [-122.43120260882918, 37.76576605747188], [-122.4328946747542, 37.76444609217488], [-122.43304634803219, 37.76417348135488]]}, "properties": {"Corridor": "Market St", "Limits": "Sanchez St  -  16th St", "BlockSide": "SouthEast", "WeekDay": "Sun", "FromHour": "8", "ToHour": "9", "Week1": "1", "Week2": "1", "Week3": "1", "Week4": "1", "Week5": "1", "Holidays": "0"}}, {"type": "Feature", "geometry": {"type": "LineString", "coordinates": [[-122.43964956980452, 37.763487643235], [-122.43953109354752, 37.762226867148]]}, "properties": {"Corridor": "Douglass St", "Limits": "Start: 01-99 Block  -  17th St", "BlockSide": "West", "WeekDay": "Fri", "FromHour": "12", "ToHour": "14", "Week1": "1", "Week2": "1", "Week3": "1", "Week4": "1", "Week5": "1", "Holidays": "0"}}, {"type": "Feature", "geometry": {"type": "LineString", "coordinates": [[-122.44680669134372, 37.777669108933], [-122.44662013336072, 37.776741636204]]}, "properties": {"Corridor": "Masonic Ave", "Limits": "Golden Gate Ave  -  McAllister St", "BlockSide": "East", "WeekDay": "Thu", "FromHour": "6", "ToHour": "8", "Week1": "1", "Week2": "1", "Week3": "1", "Week4": "1", "Week5": "1", "Holidays": "0"}}, {"type": "Feature", "geometry": {"type": "LineString", "coordinates": [[-122.43079627224225, 37.76599149909488], [-122.43081157667925, 37.76590602807988], [-122.43088396025725, 37.765853562621885], [-122.43099734779524, 37.76584575450988]]}, "properties": {"Corridor": "Market St", "Limits": "15th St  -  Sanchez St", "BlockSide": "SouthEast", "WeekDay": "Sat", "FromHour": "2", "ToHour": "6", "Week1": "1", "Week2": "1", "Week3": "1", "Week4": "1", "Week5": "1", "Holidays": "1"}}, {"type": "Feature", "geometry": {"type": "LineString", "coordinates": [[-122.43227951644, 37.76425752447787], [-122.432772994591, 37.764227663499874], [-122.433074470809, 37.76416427231787]]}, "properties": {"Corridor": "16th St", "Limits": "Pond St  -  Market St", "BlockSide": "South", "WeekDay": "Thu", "FromHour": "12", "ToHour": "14", "Week1": "1", "Week2": "1", "Week3": "1", "Week4": "1", "Week5": "1", "Holidays": "0"}}, {"type": "Feature", "geometry": {"type": "LineString", "coordinates": [[-122.43317895906857, 37.77749036673], [-122.43336755685557, 37.778422476519]]}, "properties": {"Corridor": "Steiner St", "Limits": "Fulton St  -  McAllister St", "BlockSide": "East", "WeekDay": "Fri", "FromHour": "9", "ToHour": "11", "Week1": "1", "Week2": "1", "Week3": "1", "Week4": "1", "Week5": "1", "Holidays": "0"}}, {"type": "Feature", "geometry": {"type": "LineString", "coordinates": [[-122.4355235438649, 37.77241792986], [-122.43571172301891, 37.773345712442]]}, "properties": {"Corridor": "Scott St", "Limits": "Page St  -  Oak St", "BlockSide": "East", "WeekDay": "Wed", "FromHour": "12", "ToHour": "14", "Week1": "1", "Week2": "1", "Week3": "1", "Week4": "1", "Week5": "1", "Holidays": "0"}}, {"type": "Feature", "geometry": {"type": "LineString", "coordinates": [[-122.43521889003367, 37.763462837145], [-122.43515502616367, 37.762766387776], [-122.43514819146968, 37.762670707774]]}, "properties": {"Corridor": "Castro St", "Limits": "States St  -  Market St", "BlockSide": "East", "WeekDay": "Thu", "FromHour": "6", "ToHour": "8", "Week1": "1", "Week2": "1", "Week3": "1", "Week4": "1", "Week5": "1", "Holidays": "0"}}, {"type": "Feature", "geometry": {"type": "LineString", "coordinates": [[-122.447624825869, 37.76090124662487], [-122.448959434506, 37.76081996319587]]}, "properties": {"Corridor": "Carmel St", "Limits": "Belvedere St  -  Cole St", "BlockSide": "South", "WeekDay": "Thu", "FromHour": "9", "ToHour": "11", "Week1": "1", "Week2": "0", "Week3": "0", "Week4": "0", "Week5": "0", "Holidays": "0"}}, {"type": "Feature", "geometry": {"type": "LineString", "coordinates": [[-122.445922005478, 37.76914783412787], [-122.446744894227, 37.76904291637887]]}, "properties": {"Corridor": "Waller St", "Limits": "Delmar St  -  Ashbury St", "BlockSide": "South", "WeekDay": "Mon", "FromHour": "8", "ToHour": "10", "Week1": "1", "Week2": "1", "Week3": "1", "Week4": "1", "Week5": "1", "Holidays": "0"}}, {"type": "Feature", "geometry": {"type": "LineString", "coordinates": [[-122.445583810725, 37.781352128840126], [-122.447517982987, 37.78110095198413]]}, "properties": {"Corridor": "O'Farrell St", "Limits": "Anzavista Ave  -  Anza St", "BlockSide": "North", "WeekDay": "Tues", "FromHour": "6", "ToHour": "8", "Week1": "0", "Week2": "1", "Week3": "0", "Week4": "1", "Week5": "0", "Holidays": "0"}}, {"type": "Feature", "geometry": {"type": "LineString", "coordinates": [[-122.451119860207, 37.78195267508687], [-122.451205860743, 37.78186388231387], [-122.452040288745, 37.78176147633587], [-122.452143124058, 37.78182185094887]]}, "properties": {"Corridor": "Geary Blvd", "Limits": "Blake St  -  Cook St", "BlockSide": "South", "WeekDay": "Wed", "FromHour": "6", "ToHour": "8", "Week1": "1", "Week2": "1", "Week3": "1", "Week4": "1", "Week5": "1", "Holidays": "0"}}, {"type": "Feature", "geometry": {"type": "LineString", "coordinates": [[-122.448959434506, 37.76088284497813], [-122.450417548125, 37.76079313257113]]}, "properties": {"Corridor": "Carmel St", "Limits": "Cole St  -  Shrader St", "BlockSide": "North", "WeekDay": "Fri", "FromHour": "8", "ToHour": "10", "Week1": "1", "Week2": "0", "Week3": "0", "Week4": "0", "Week5": "0", "Holidays": "0"}}, {"type": "Feature", "geometry": {"type": "LineString", "coordinates": [[-122.441158201359, 37.783195110642126], [-122.442702053885, 37.78300379815913], [-122.442793099742, 37.78291677733413]]}, "properties": {"Corridor": "Geary Blvd", "Limits": "Broderick St  -  Baker St", "BlockSide": "North", "WeekDay": "Mon", "FromHour": "6", "ToHour": "8", "Week1": "0", "Week2": "1", "Week3": "0", "Week4": "1", "Week5": "0", "Holidays": "0"}}, {"type": "Feature", "geometry": {"type": "LineString", "coordinates": [[-122.440026921942, 37.777555326619876], [-122.441678193342, 37.77734184377987]]}, "properties": {"Corridor": "McAllister St", "Limits": "Broderick St  -  Baker St", "BlockSide": "South", "WeekDay": "Thu", "FromHour": "9", "ToHour": "11", "Week1": "1", "Week2": "1", "Week3": "1", "Week4": "1", "Week5": "1", "Holidays": "0"}}, {"type": "Feature", "geometry": {"type": "LineString", "coordinates": [[-122.441997762484, 37.77066907643013], [-122.443311688785, 37.770500979309126]]}, "properties": {"Corridor": "Haight St", "Limits": "Lyon St  -  Buena Vista West Ave", "BlockSide": "North", "WeekDay": "Thu", "FromHour": "8", "ToHour": "10", "Week1": "1", "Week2": "1", "Week3": "1", "Week4": "1", "Week5": "1", "Holidays": "0"}}, {"type": "Feature", "geometry": {"type": "LineString", "coordinates": [[-122.43715085798844, 37.760758107769], [-122.43699873969943, 37.759157423529]]}, "properties": {"Corridor": "Diamond St", "Limits": "18th St  -  19th St", "BlockSide": "East", "WeekDay": "Wed", "FromHour": "8", "ToHour": "10", "Week1": "1", "Week2": "1", "Week3": "1", "Week4": "1", "Week5": "1", "Holidays": "0"}}, {"type": "Feature", "geometry": {"type": "LineString", "coordinates": [[-122.430824395339, 37.76598229005787], [-122.431037778981, 37.765964889128874]]}, "properties": {"Corridor": "15th St", "Limits": "Market St  -  Sanchez St", "BlockSide": "South", "WeekDay": "Wed", "FromHour": "9", "ToHour": "11", "Week1": "1", "Week2": "1", "Week3": "1", "Week4": "1", "Week5": "1", "Holidays": "0"}}, {"type": "Feature", "geometry": {"type": "LineString", "coordinates": [[-122.44350121559526, 37.769496998081], [-122.44368886084926, 37.770426370917]]}, "properties": {"Corridor": "Central Ave", "Limits": "Waller St  -  Haight St", "BlockSide": "West", "WeekDay": "Fri", "FromHour": "8", "ToHour": "10", "Week1": "1", "Week2": "1", "Week3": "1", "Week4": "1", "Week5": "1", "Holidays": "0"}}, {"type": "Feature", "geometry": {"type": "LineString", "coordinates": [[-122.457700034382, 37.76458120693913], [-122.457821273797, 37.76444086709413], [-122.458815067681, 37.76439730011513]]}, "properties": {"Corridor": "Irving St", "Limits": "Arguello Blvd  -  02nd Ave", "BlockSide": "North", "WeekDay": "Wed", "FromHour": "7", "ToHour": "8", "Week1": "1", "Week2": "0", "Week3": "1", "Week4": "0", "Week5": "0", "Holidays": "0"}}, {"type": "Feature", "geometry": {"type": "LineString", "coordinates": [[-122.43490355059858, 37.777280664764], [-122.43509216849557, 37.778212771957]]}, "properties": {"Corridor": "Pierce St", "Limits": "Fulton St  -  McAllister St", "BlockSide": "West", "WeekDay": "Fri", "FromHour": "9", "ToHour": "11", "Week1": "1", "Week2": "1", "Week3": "1", "Week4": "1", "Week5": "1", "Holidays": "0"}}, {"type": "Feature", "geometry": {"type": "LineString", "coordinates": [[-122.43831130595385, 37.781621213218], [-122.43849208782984, 37.782558382267]]}, "properties": {"Corridor": "Beideman St", "Limits": "Ellis St  -  O'Farrell St", "BlockSide": "West", "WeekDay": "Wed", "FromHour": "12", "ToHour": "14", "Week1": "1", "Week2": "1", "Week3": "1", "Week4": "1", "Week5": "1", "Holidays": "0"}}, {"type": "Feature", "geometry": {"type": "LineString", "coordinates": [[-122.44703411303581, 37.762722234963], [-122.44687231801481, 37.761849236227], [-122.44682317384282, 37.761781413695]]}, "properties": {"Corridor": "Clayton St", "Limits": "Ashbury St  -  17th St", "BlockSide": "West", "WeekDay": "Tues", "FromHour": "8", "ToHour": "10", "Week1": "1", "Week2": "0", "Week3": "0", "Week4": "0", "Week5": "0", "Holidays": "0"}}, {"type": "Feature", "geometry": {"type": "LineString", "coordinates": [[-122.4433346604998, 37.760376327932], [-122.4433682415748, 37.760276478369], [-122.4430794996958, 37.759831425895], [-122.4429642147258, 37.759632259104], [-122.4429516258598, 37.759566658278]]}, "properties": {"Corridor": "Danvers St", "Limits": "18th St  -  Caselli Ave", "BlockSide": "East", "WeekDay": "Fri", "FromHour": "12", "ToHour": "14", "Week1": "1", "Week2": "1", "Week3": "1", "Week4": "1", "Week5": "1", "Holidays": "0"}}, {"type": "Feature", "geometry": {"type": "LineString", "coordinates": [[-122.4361538779318, 37.760823994852], [-122.4359964686208, 37.759222662374]]}, "properties": {"Corridor": "Collingwood St", "Limits": "18th St  -  19th St", "BlockSide": "West", "WeekDay": "Wed", "FromHour": "8", "ToHour": "10", "Week1": "1", "Week2": "1", "Week3": "1", "Week4": "1", "Week5": "1", "Holidays": "0"}}, {"type": "Feature", "geometry": {"type": "LineString", "coordinates": [[-122.437847943562, 37.78374907910113], [-122.438017048638, 37.78380422132913], [-122.438268370633, 37.78374758381913], [-122.438551144772, 37.78362829770213], [-122.43893687419, 37.78348156612213], [-122.439351930672, 37.78342631908413], [-122.43948038104, 37.78333992889313]]}, "properties": {"Corridor": "Geary Blvd", "Limits": "Scott St  -  Divisadero St", "BlockSide": "North", "WeekDay": "Fri", "FromHour": "6", "ToHour": "8", "Week1": "0", "Week2": "1", "Week3": "0", "Week4": "1", "Week5": "0", "Holidays": "0"}}, {"type": "Feature", "geometry": {"type": "LineString", "coordinates": [[-122.43027301648033, 37.779782794313], [-122.43036083738333, 37.779880198773], [-122.43050433076134, 37.780589073102], [-122.43046419543933, 37.780715572792]]}, "properties": {"Corridor": "Webster St", "Limits": "Golden Gate Ave  -  Turk St", "BlockSide": "West", "WeekDay": "Mon", "FromHour": "8", "ToHour": "10", "Week1": "1", "Week2": "1", "Week3": "1", "Week4": "1", "Week5": "1", "Holidays": "0"}}, {"type": "Feature", "geometry": {"type": "LineString", "coordinates": [[-122.430260804948, 37.771142243198874], [-122.431904324647, 37.770932985365874]]}, "properties": {"Corridor": "Waller St", "Limits": "Fillmore St  -  Steiner St", "BlockSide": "South", "WeekDay": "Tues", "FromHour": "12", "ToHour": "14", "Week1": "1", "Week2": "1", "Week3": "1", "Week4": "1", "Week5": "1", "Holidays": "0"}}, {"type": "Feature", "geometry": {"type": "LineString", "coordinates": [[-122.4302075873213, 37.769392261731], [-122.43004168021231, 37.767662120428]]}, "properties": {"Corridor": "Belcher St", "Limits": "Duboce Ave  -  14th St", "BlockSide": "East", "WeekDay": "Thu", "FromHour": "8", "ToHour": "10", "Week1": "1", "Week2": "1", "Week3": "1", "Week4": "1", "Week5": "1", "Holidays": "0"}}, {"type": "Feature", "geometry": {"type": "LineString", "coordinates": [[-122.433784545541, 37.78025525348387], [-122.435424515259, 37.78004619710487]]}, "properties": {"Corridor": "Turk St", "Limits": "Steiner St  -  Pierce St", "BlockSide": "South", "WeekDay": "Thu", "FromHour": "12", "ToHour": "14", "Week1": "1", "Week2": "1", "Week3": "1", "Week4": "1", "Week5": "1", "Holidays": "0"}}, {"type": "Feature", "geometry": {"type": "LineString", "coordinates": [[-122.45158291817216, 37.778052106491], [-122.45138593619215, 37.77709040063]]}, "properties": {"Corridor": "Chabot Ter", "Limits": "Turk Blvd  -  Golden Gate Ave", "BlockSide": "West", "WeekDay": "Fri", "FromHour": "9", "ToHour": "11", "Week1": "1", "Week2": "1", "Week3": "1", "Week4": "1", "Week5": "1", "Holidays": "0"}}, {"type": "Feature", "geometry": {"type": "LineString", "coordinates": [[-122.44481966918782, 37.776016591778], [-122.44500639324382, 37.77695766777]]}, "properties": {"Corridor": "Central Ave", "Limits": "Fulton St  -  McAllister St", "BlockSide": "West", "WeekDay": "Fri", "FromHour": "12", "ToHour": "14", "Week1": "1", "Week2": "1", "Week3": "1", "Week4": "1", "Week5": "1", "Holidays": "0"}}, {"type": "Feature", "geometry": {"type": "LineString", "coordinates": [[-122.447877800152, 37.77463592533887], [-122.449517355991, 37.77442843315387]]}, "properties": {"Corridor": "Grove St", "Limits": "Ashbury St  -  Clayton St", "BlockSide": "South", "WeekDay": "Thu", "FromHour": "9", "ToHour": "11", "Week1": "1", "Week2": "1", "Week3": "1", "Week4": "1", "Week5": "1", "Holidays": "0"}}, {"type": "Feature", "geometry": {"type": "LineString", "coordinates": [[-122.43153486337181, 37.777699925082], [-122.43172344105982, 37.778632037466]]}, "properties": {"Corridor": "Fillmore St", "Limits": "Fulton St  -  McAllister St", "BlockSide": "East", "WeekDay": "Wed", "FromHour": "8", "ToHour": "10", "Week1": "1", "Week2": "1", "Week3": "1", "Week4": "1", "Week5": "1", "Holidays": "0"}}, {"type": "Feature", "geometry": {"type": "LineString", "coordinates": [[-122.455523985114, 37.78139969933887], [-122.455618735828, 37.78131881132287], [-122.456190674026, 37.78128856315087], [-122.456295739929, 37.78134984159987]]}, "properties": {"Corridor": "Geary Blvd", "Limits": "Commonwealth Ave  -  Stanyan St", "BlockSide": "South", "WeekDay": "Fri", "FromHour": "6", "ToHour": "8", "Week1": "0", "Week2": "1", "Week3": "0", "Week4": "1", "Week5": "0", "Holidays": "0"}}, {"type": "Feature", "geometry": {"type": "LineString", "coordinates": [[-122.45112352243352, 37.774248734291], [-122.45093397769051, 37.773315644726]]}, "properties": {"Corridor": "Cole St", "Limits": "Grove St  -  Hayes St", "BlockSide": "East", "WeekDay": "Fri", "FromHour": "9", "ToHour": "11", "Week1": "1", "Week2": "1", "Week3": "1", "Week4": "1", "Week5": "1", "Holidays": "0"}}, {"type": "Feature", "geometry": {"type": "LineString", "coordinates": [[-122.43271726222, 37.77082947061587], [-122.433547159621, 37.77072379058587]]}, "properties": {"Corridor": "Waller St", "Limits": "Potomac St  -  Pierce St", "BlockSide": "South", "WeekDay": "Tues", "FromHour": "12", "ToHour": "14", "Week1": "1", "Week2": "1", "Week3": "1", "Week4": "1", "Week5": "1", "Holidays": "0"}}, {"type": "Feature", "geometry": {"type": "LineString", "coordinates": [[-122.43942643984902, 37.77477823615], [-122.43961672595002, 37.775713591337]]}, "properties": {"Corridor": "Broderick St", "Limits": "Hayes St  -  Grove St", "BlockSide": "East", "WeekDay": "Fri", "FromHour": "12", "ToHour": "14", "Week1": "1", "Week2": "1", "Week3": "1", "Week4": "1", "Week5": "1", "Holidays": "0"}}, {"type": "Feature", "geometry": {"type": "LineString", "coordinates": [[-122.456699309413, 37.76771173918587], [-122.457033690272, 37.76761152510987], [-122.458276582483, 37.76724850189987]]}, "properties": {"Corridor": "Kezar Dr", "Limits": "Unnamed 139  -  Arguello Blvd", "BlockSide": "South", "WeekDay": "Wed", "FromHour": "6", "ToHour": "8", "Week1": "1", "Week2": "1", "Week3": "1", "Week4": "1", "Week5": "1", "Holidays": "0"}}, {"type": "Feature", "geometry": {"type": "LineString", "coordinates": [[-122.452895517293, 37.78039448604313], [-122.45387662953, 37.78027049002713]]}, "properties": {"Corridor": "Anza St", "Limits": "Spruce St  -  Parker Ave", "BlockSide": "North", "WeekDay": "Tues", "FromHour": "9", "ToHour": "11", "Week1": "1", "Week2": "1", "Week3": "1", "Week4": "1", "Week5": "1", "Holidays": "0"}}, {"type": "Feature", "geometry": {"type": "LineString", "coordinates": [[-122.439656503412, 37.77574503222813], [-122.441300063688, 37.775536128647126]]}, "properties": {"Corridor": "Grove St", "Limits": "Broderick St  -  Baker St", "BlockSide": "North", "WeekDay": "Tues", "FromHour": "8", "ToHour": "10", "Week1": "1", "Week2": "1", "Week3": "1", "Week4": "1", "Week5": "1", "Holidays": "0"}}, {"type": "Feature", "geometry": {"type": "LineString", "coordinates": [[-122.4299658925712, 37.766063060465], [-122.4298103395582, 37.764440752859]]}, "properties": {"Corridor": "Sharon St", "Limits": "15th St  -  16th St", "BlockSide": "West", "WeekDay": "Wed", "FromHour": "9", "ToHour": "11", "Week1": "1", "Week2": "1", "Week3": "1", "Week4": "1", "Week5": "1", "Holidays": "0"}}, {"type": "Feature", "geometry": {"type": "LineString", "coordinates": [[-122.453170387508, 37.781685987612875], [-122.453244752492, 37.78160712207687], [-122.454055406868, 37.78150860640887], [-122.454175993557, 37.781567380588875]]}, "properties": {"Corridor": "Geary Blvd", "Limits": "Spruce St  -  Parker Ave", "BlockSide": "South", "WeekDay": "Fri", "FromHour": "6", "ToHour": "8", "Week1": "1", "Week2": "0", "Week3": "1", "Week4": "0", "Week5": "0", "Holidays": "0"}}, {"type": "Feature", "geometry": {"type": "LineString", "coordinates": [[-122.433218737989, 37.77745892583887], [-122.434863771791, 37.77724922387287]]}, "properties": {"Corridor": "Fulton St", "Limits": "Steiner St  -  Pierce St", "BlockSide": "South", "WeekDay": "Tues", "FromHour": "8", "ToHour": "10", "Week1": "1", "Week2": "1", "Week3": "1", "Week4": "1", "Week5": "1", "Holidays": "0"}}, {"type": "Feature", "geometry": {"type": "LineString", "coordinates": [[-122.44726173255651, 37.782391642084], [-122.44741111775551, 37.782195217664], [-122.44759752034551, 37.781719177507], [-122.4476394867945, 37.78151002451], [-122.4475631094555, 37.781140916794], [-122.4474782020675, 37.781069511093]]}, "properties": {"Corridor": "Masonic Ave", "Limits": "Geary Blvd  -  Anza St", "BlockSide": "East", "WeekDay": "Tues", "FromHour": "9", "ToHour": "11", "Week1": "1", "Week2": "1", "Week3": "1", "Week4": "1", "Week5": "1", "Holidays": "0"}}, {"type": "Feature", "geometry": {"type": "LineString", "coordinates": [[-122.445344990017, 37.77017873388487], [-122.446933819119, 37.76997616466987]]}, "properties": {"Corridor": "Haight St", "Limits": "Masonic Ave  -  Ashbury St", "BlockSide": "South", "WeekDay": "Tues", "FromHour": "6", "ToHour": "8", "Week1": "1", "Week2": "1", "Week3": "1", "Week4": "1", "Week5": "1", "Holidays": "0"}}, {"type": "Feature", "geometry": {"type": "LineString", "coordinates": [[-122.45101353053349, 37.773315644726], [-122.4508264839765, 37.772367663987]]}, "properties": {"Corridor": "Cole St", "Limits": "Hayes St  -  Fell St", "BlockSide": "West", "WeekDay": "Wed", "FromHour": "9", "ToHour": "11", "Week1": "1", "Week2": "1", "Week3": "1", "Week4": "1", "Week5": "1", "Holidays": "0"}}, {"type": "Feature", "geometry": {"type": "LineString", "coordinates": [[-122.437894527257, 37.77973350696087], [-122.438740183561, 37.77962818911387]]}, "properties": {"Corridor": "Turk St", "Limits": "Seymour St  -  Divisadero St", "BlockSide": "South", "WeekDay": "Thu", "FromHour": "12", "ToHour": "14", "Week1": "1", "Week2": "1", "Week3": "1", "Week4": "1", "Week5": "1", "Holidays": "0"}}, {"type": "Feature", "geometry": {"type": "LineString", "coordinates": [[-122.432464341393, 37.769281091576126], [-122.433572207694, 37.76920981030913]]}, "properties": {"Corridor": "Duboce Ave", "Limits": "Walter St  -  Noe St", "BlockSide": "North", "WeekDay": "Wed", "FromHour": "9", "ToHour": "11", "Week1": "1", "Week2": "1", "Week3": "1", "Week4": "1", "Week5": "1", "Holidays": "0"}}, {"type": "Feature", "geometry": {"type": "LineString", "coordinates": [[-122.426641498175, 37.77836000513613], [-122.429849199654, 37.77795073684913]]}, "properties": {"Corridor": "Fulton St", "Limits": "Laguna St  -  Webster St", "BlockSide": "North", "WeekDay": "Thu", "FromHour": "12", "ToHour": "14", "Week1": "1", "Week2": "1", "Week3": "1", "Week4": "1", "Week5": "1", "Holidays": "0"}}, {"type": "Feature", "geometry": {"type": "LineString", "coordinates": [[-122.448791248112, 37.780913104246125], [-122.449302527008, 37.78084850675113]]}, "properties": {"Corridor": "Anza St", "Limits": "Wood St  -  Jean Way", "BlockSide": "North", "WeekDay": "Tues", "FromHour": "9", "ToHour": "11", "Week1": "1", "Week2": "1", "Week3": "1", "Week4": "1", "Week5": "1", "Holidays": "0"}}, {"type": "Feature", "geometry": {"type": "LineString", "coordinates": [[-122.433903579453, 37.760986179982126], [-122.435000701127, 37.76092037397813]]}, "properties": {"Corridor": "18th St", "Limits": "Hartford St  -  Castro St", "BlockSide": "North", "WeekDay": "Tues", "FromHour": "6", "ToHour": "8", "Week1": "1", "Week2": "1", "Week3": "1", "Week4": "1", "Week5": "1", "Holidays": "0"}}, {"type": "Feature", "geometry": {"type": "LineString", "coordinates": [[-122.427546416344, 37.77435702654287], [-122.429178342981, 37.77414998179087]]}, "properties": {"Corridor": "Oak St", "Limits": "Buchanan St  -  Webster St", "BlockSide": "South", "WeekDay": "Tues", "FromHour": "12", "ToHour": "14", "Week1": "1", "Week2": "1", "Week3": "1", "Week4": "1", "Week5": "1", "Holidays": "0"}}, {"type": "Feature", "geometry": {"type": "LineString", "coordinates": [[-122.449600210799, 37.76405801982913], [-122.451042291888, 37.763874092295126]]}, "properties": {"Corridor": "Grattan St", "Limits": "Cole St  -  Shrader St", "BlockSide": "North", "WeekDay": "Thu", "FromHour": "9", "ToHour": "11", "Week1": "1", "Week2": "0", "Week3": "0", "Week4": "0", "Week5": "0", "Holidays": "0"}}, {"type": "Feature", "geometry": {"type": "LineString", "coordinates": [[-122.43218017019703, 37.780496260511], [-122.43236876207503, 37.781428371173]]}, "properties": {"Corridor": "Fillmore St", "Limits": "Turk St  -  Eddy St", "BlockSide": "West", "WeekDay": "Mon", "FromHour": "6", "ToHour": "8", "Week1": "1", "Week2": "0", "Week3": "1", "Week4": "0", "Week5": "0", "Holidays": "0"}}, {"type": "Feature", "geometry": {"type": "LineString", "coordinates": [[-122.44121544472976, 37.78364169428], [-122.44130875669276, 37.784106550315]]}, "properties": {"Corridor": "Broderick St", "Limits": "Garden St  -  Post St", "BlockSide": "East", "WeekDay": "Mon", "FromHour": "12", "ToHour": "14", "Week1": "1", "Week2": "0", "Week3": "1", "Week4": "0", "Week5": "0", "Holidays": "0"}}, {"type": "Feature", "geometry": {"type": "LineString", "coordinates": [[-122.429427853236, 37.764430041543875], [-122.429770567472, 37.764409311967874]]}, "properties": {"Corridor": "16th St", "Limits": "Harlow St  -  Sharon St", "BlockSide": "South", "WeekDay": "Thu", "FromHour": "12", "ToHour": "14", "Week1": "1", "Week2": "1", "Week3": "1", "Week4": "1", "Week5": "1", "Holidays": "0"}}, {"type": "Feature", "geometry": {"type": "LineString", "coordinates": [[-122.443461440976, 37.769465557189875], [-122.445105981882, 37.769252787866876]]}, "properties": {"Corridor": "Waller St", "Limits": "Central Ave  -  Masonic Ave", "BlockSide": "South", "WeekDay": "Mon", "FromHour": "8", "ToHour": "10", "Week1": "1", "Week2": "1", "Week3": "1", "Week4": "1", "Week5": "1", "Holidays": "0"}}, {"type": "Feature", "geometry": {"type": "LineString", "coordinates": [[-122.4384580666451, 37.762290725972], [-122.4384019165481, 37.761703799649]]}, "properties": {"Corridor": "Eureka St", "Limits": "17th St  -  Market St", "BlockSide": "West", "WeekDay": "Wed", "FromHour": "12", "ToHour": "14", "Week1": "1", "Week2": "1", "Week3": "1", "Week4": "1", "Week5": "1", "Holidays": "0"}}, {"type": "Feature", "geometry": {"type": "LineString", "coordinates": [[-122.43268839968502, 37.774692660499], [-122.43270308557003, 37.774800307655], [-122.43286950601302, 37.775626088664]]}, "properties": {"Corridor": "Steiner St", "Limits": "Fell St  -  Hayes St", "BlockSide": "West", "WeekDay": "Wed", "FromHour": "9", "ToHour": "11", "Week1": "1", "Week2": "1", "Week3": "1", "Week4": "1", "Week5": "1", "Holidays": "0"}}, {"type": "Feature", "geometry": {"type": "LineString", "coordinates": [[-122.445820511205, 37.782519472987126], [-122.445938826938, 37.78260234991813], [-122.447301513476, 37.78242308297513]]}, "properties": {"Corridor": "Geary Blvd", "Limits": "Presidio Ave  -  Masonic Ave", "BlockSide": "North", "WeekDay": "Tues", "FromHour": "6", "ToHour": "8", "Week1": "1", "Week2": "1", "Week3": "1", "Week4": "1", "Week5": "1", "Holidays": "0"}}, {"type": "Feature", "geometry": {"type": "LineString", "coordinates": [[-122.448067929156, 37.77563073546513], [-122.44884990033, 37.77553049402313]]}, "properties": {"Corridor": "Fulton St", "Limits": "Ashbury St  -  Loyola Ter", "BlockSide": "North", "WeekDay": "Wed", "FromHour": "8", "ToHour": "10", "Week1": "1", "Week2": "1", "Week3": "1", "Week4": "1", "Week5": "1", "Holidays": "0"}}, {"type": "Feature", "geometry": {"type": "LineString", "coordinates": [[-122.443464723697, 37.779554289901874], [-122.443877268758, 37.779501991848875]]}, "properties": {"Corridor": "Anzavista Ave", "Limits": "Encanto Ave  -  Arbol Ln", "BlockSide": "South", "WeekDay": "Wed", "FromHour": "9", "ToHour": "11", "Week1": "1", "Week2": "1", "Week3": "1", "Week4": "1", "Week5": "1", "Holidays": "0"}}, {"type": "Feature", "geometry": {"type": "LineString", "coordinates": [[-122.428819147212, 37.76616145438313], [-122.429926120485, 37.76609450135613]]}, "properties": {"Corridor": "15th St", "Limits": "Church St  -  Sharon St", "BlockSide": "North", "WeekDay": "Thu", "FromHour": "9", "ToHour": "11", "Week1": "1", "Week2": "1", "Week3": "1", "Week4": "1", "Week5": "1", "Holidays": "0"}}, {"type": "Feature", "geometry": {"type": "LineString", "coordinates": [[-122.4413398415395, 37.775504687756], [-122.4415281045855, 37.77643503612]]}, "properties": {"Corridor": "Baker St", "Limits": "Grove St  -  Fulton St", "BlockSide": "West", "WeekDay": "Fri", "FromHour": "12", "ToHour": "14", "Week1": "1", "Week2": "1", "Week3": "1", "Week4": "1", "Week5": "1", "Holidays": "0"}}, {"type": "Feature", "geometry": {"type": "LineString", "coordinates": [[-122.438177047864, 37.77682444830887], [-122.439844236008, 37.77661256605387]]}, "properties": {"Corridor": "Fulton St", "Limits": "Divisadero St  -  Broderick St", "BlockSide": "South", "WeekDay": "Tues", "FromHour": "8", "ToHour": "10", "Week1": "1", "Week2": "1", "Week3": "1", "Week4": "1", "Week5": "1", "Holidays": "0"}}, {"type": "Feature", "geometry": {"type": "LineString", "coordinates": [[-122.43543218047643, 37.765727473634], [-122.43535595457644, 37.764926460266]]}, "properties": {"Corridor": "Castro St", "Limits": "15th St  -  Beaver St", "BlockSide": "East", "WeekDay": "Fri", "FromHour": "8", "ToHour": "10", "Week1": "1", "Week2": "1", "Week3": "1", "Week4": "1", "Week5": "1", "Holidays": "0"}}, {"type": "Feature", "geometry": {"type": "LineString", "coordinates": [[-122.448767913922, 37.77076232466213], [-122.450407505427, 37.77055075927613]]}, "properties": {"Corridor": "Page St", "Limits": "Clayton St  -  Cole St", "BlockSide": "North", "WeekDay": "Tues", "FromHour": "12", "ToHour": "14", "Week1": "1", "Week2": "1", "Week3": "1", "Week4": "1", "Week5": "1", "Holidays": "0"}}, {"type": "Feature", "geometry": {"type": "LineString", "coordinates": [[-122.43076649370867, 37.762752670854], [-122.43070207467068, 37.762080880607]]}, "properties": {"Corridor": "Sanchez St", "Limits": "17th St  -  Dorland St", "BlockSide": "West", "WeekDay": "Wed", "FromHour": "9", "ToHour": "11", "Week1": "1", "Week2": "1", "Week3": "1", "Week4": "1", "Week5": "1", "Holidays": "0"}}, {"type": "Feature", "geometry": {"type": "LineString", "coordinates": [[-122.44001879554357, 37.761074793826], [-122.43997112182856, 37.760584929339]]}, "properties": {"Corridor": "Ord St", "Limits": "Market St  -  18th St", "BlockSide": "East", "WeekDay": "Wed", "FromHour": "12", "ToHour": "14", "Week1": "1", "Week2": "1", "Week3": "1", "Week4": "1", "Week5": "1", "Holidays": "0"}}, {"type": "Feature", "geometry": {"type": "LineString", "coordinates": [[-122.44700002746873, 37.778622307539], [-122.44680669083773, 37.777669108933]]}, "properties": {"Corridor": "Masonic Ave", "Limits": "Turk Blvd  -  Golden Gate Ave", "BlockSide": "East", "WeekDay": "Thu", "FromHour": "6", "ToHour": "8", "Week1": "1", "Week2": "1", "Week3": "1", "Week4": "1", "Week5": "1", "Holidays": "0"}}, {"type": "Feature", "geometry": {"type": "LineString", "coordinates": [[-122.443132454122, 37.776194595438874], [-122.444779891058, 37.775985150886875]]}, "properties": {"Corridor": "Fulton St", "Limits": "Lyon St  -  Central Ave", "BlockSide": "South", "WeekDay": "Tues", "FromHour": "9", "ToHour": "11", "Week1": "1", "Week2": "1", "Week3": "1", "Week4": "1", "Week5": "1", "Holidays": "0"}}, {"type": "Feature", "geometry": {"type": "LineString", "coordinates": [[-122.436128963952, 37.775237372049126], [-122.437798747067, 37.77502338873813]]}, "properties": {"Corridor": "Hayes St", "Limits": "Scott St  -  Divisadero St", "BlockSide": "North", "WeekDay": "Tues", "FromHour": "12", "ToHour": "14", "Week1": "1", "Week2": "1", "Week3": "1", "Week4": "1", "Week5": "1", "Holidays": "0"}}, {"type": "Feature", "geometry": {"type": "LineString", "coordinates": [[-122.451865727106, 37.769410104516126], [-122.453536875128, 37.76919666615613]]}, "properties": {"Corridor": "Haight St", "Limits": "Shrader St  -  Stanyan St", "BlockSide": "North", "WeekDay": "Wed", "FromHour": "7", "ToHour": "9", "Week1": "1", "Week2": "1", "Week3": "1", "Week4": "1", "Week5": "1", "Holidays": "0"}}, {"type": "Feature", "geometry": {"type": "LineString", "coordinates": [[-122.443311688785, 37.77043809752687], [-122.44364908623, 37.77039493002587]]}, "properties": {"Corridor": "Haight St", "Limits": "Buena Vista West Ave  -  Central Ave", "BlockSide": "South", "WeekDay": "Tues", "FromHour": "12", "ToHour": "14", "Week1": "1", "Week2": "1", "Week3": "1", "Week4": "1", "Week5": "1", "Holidays": "0"}}, {"type": "Feature", "geometry": {"type": "LineString", "coordinates": [[-122.447877800152, 37.774698807121126], [-122.449517355991, 37.77449131493613]]}, "properties": {"Corridor": "Grove St", "Limits": "Ashbury St  -  Clayton St", "BlockSide": "North", "WeekDay": "Tues", "FromHour": "9", "ToHour": "11", "Week1": "1", "Week2": "1", "Week3": "1", "Week4": "1", "Week5": "1", "Holidays": "0"}}, {"type": "Feature", "geometry": {"type": "LineString", "coordinates": [[-122.433408258221, 37.767493024161126], [-122.435624141084, 37.76735940022013]]}, "properties": {"Corridor": "14th St", "Limits": "Noe St  -  Castro St", "BlockSide": "North", "WeekDay": "Thu", "FromHour": "6", "ToHour": "8", "Week1": "1", "Week2": "1", "Week3": "1", "Week4": "1", "Week5": "1", "Holidays": "0"}}, {"type": "Feature", "geometry": {"type": "LineString", "coordinates": [[-122.428716727352, 37.77709965383], [-122.429686883083, 37.776976022761]]}, "properties": {"Corridor": "Grove St", "Limits": "Banneker Way  -  Webster St", "BlockSide": "", "WeekDay": "Thu", "FromHour": "12", "ToHour": "14", "Week1": "1", "Week2": "1", "Week3": "1", "Week4": "1", "Week5": "1", "Holidays": "0"}}, {"type": "Feature", "geometry": {"type": "LineString", "coordinates": [[-122.447301513476, 37.78236020119287], [-122.447539741536, 37.782238960933874], [-122.447887457606, 37.78225458471487], [-122.448951384563, 37.782122885244874], [-122.449047323854, 37.78214599681887]]}, "properties": {"Corridor": "Geary Blvd", "Limits": "Masonic Ave  -  Wood St", "BlockSide": "South", "WeekDay": "Mon", "FromHour": "6", "ToHour": "8", "Week1": "1", "Week2": "1", "Week3": "1", "Week4": "1", "Week5": "1", "Holidays": "0"}}, {"type": "Feature", "geometry": {"type": "LineString", "coordinates": [[-122.438265382252, 37.76066087769287], [-122.439336813302, 37.76059528210087]]}, "properties": {"Corridor": "18th St", "Limits": "Eureka St  -  Douglass St", "BlockSide": "South", "WeekDay": "Mon", "FromHour": "12", "ToHour": "14", "Week1": "1", "Week2": "1", "Week3": "1", "Week4": "1", "Week5": "1", "Holidays": "0"}}, {"type": "Feature", "geometry": {"type": "LineString", "coordinates": [[-122.43738213843284, 37.762354747515], [-122.43733848969583, 37.761895474571]]}, "properties": {"Corridor": "Diamond St", "Limits": "17th St  -  Market St", "BlockSide": "West", "WeekDay": "Fri", "FromHour": "12", "ToHour": "14", "Week1": "1", "Week2": "1", "Week3": "1", "Week4": "1", "Week5": "1", "Holidays": "0"}}, {"type": "Feature", "geometry": {"type": "LineString", "coordinates": [[-122.45854441515428, 37.776190405671], [-122.45850267996629, 37.775618427704]]}, "properties": {"Corridor": "Arguello Blvd", "Limits": "Golden Gate Ave  -  Cabrillo St", "BlockSide": "West", "WeekDay": "Tues", "FromHour": "8", "ToHour": "10", "Week1": "1", "Week2": "0", "Week3": "1", "Week4": "0", "Week5": "0", "Holidays": "0"}}, {"type": "Feature", "geometry": {"type": "LineString", "coordinates": [[-122.4373831631149, 37.77313349266], [-122.43734987133291, 37.773229220106], [-122.43751175314691, 37.773987756733], [-122.4375708472849, 37.774061646375]]}, "properties": {"Corridor": "Divisadero St", "Limits": "Oak St  -  Fell St", "BlockSide": "East", "WeekDay": "Sun", "FromHour": "6", "ToHour": "8", "Week1": "1", "Week2": "1", "Week3": "1", "Week4": "1", "Week5": "1", "Holidays": "0"}}, {"type": "Feature", "geometry": {"type": "LineString", "coordinates": [[-122.45069459157317, 37.778164598539], [-122.45049797441617, 37.777204616326]]}, "properties": {"Corridor": "Kittredge Ter", "Limits": "Turk Blvd  -  Golden Gate Ave", "BlockSide": "West", "WeekDay": "Wed", "FromHour": "8", "ToHour": "10", "Week1": "1", "Week2": "1", "Week3": "1", "Week4": "1", "Week5": "1", "Holidays": "0"}}, {"type": "Feature", "geometry": {"type": "LineString", "coordinates": [[-122.451357654172, 37.77514368007587], [-122.452810237136, 37.774963877638875]]}, "properties": {"Corridor": "Fulton St", "Limits": "Cole St  -  Parker Ave", "BlockSide": "South", "WeekDay": "Thu", "FromHour": "6", "ToHour": "8", "Week1": "1", "Week2": "1", "Week3": "1", "Week4": "1", "Week5": "1", "Holidays": "0"}}, {"type": "Feature", "geometry": {"type": "LineString", "coordinates": [[-122.43344803128055, 37.76746158327], [-122.43337167786855, 37.766662030407]]}, "properties": {"Corridor": "Noe St", "Limits": "14th St  -  Henry St", "BlockSide": "West", "WeekDay": "Fri", "FromHour": "8", "ToHour": "10", "Week1": "1", "Week2": "1", "Week3": "1", "Week4": "1", "Week5": "1", "Holidays": "0"}}, {"type": "Feature", "geometry": {"type": "LineString", "coordinates": [[-122.432793505264, 37.760989870341874], [-122.433903579453, 37.76092329819987]]}, "properties": {"Corridor": "18th St", "Limits": "Noe St  -  Hartford St", "BlockSide": "South", "WeekDay": "Wed", "FromHour": "6", "ToHour": "8", "Week1": "1", "Week2": "1", "Week3": "1", "Week4": "1", "Week5": "1", "Holidays": "0"}}, {"type": "Feature", "geometry": {"type": "LineString", "coordinates": [[-122.43085251844904, 37.766035962803116], [-122.43098286780604, 37.766015860403115], [-122.43104275613504, 37.76597245197912], [-122.43105359400204, 37.76589021821812]]}, "properties": {"Corridor": "Market St", "Limits": "15th St  -  Sanchez St", "BlockSide": "NorthWest", "WeekDay": "Sun", "FromHour": "2", "ToHour": "6", "Week1": "1", "Week2": "1", "Week3": "1", "Week4": "1", "Week5": "1", "Holidays": "1"}}, {"type": "Feature", "geometry": {"type": "LineString", "coordinates": [[-122.430354562994, 37.77167124784113], [-122.431998248153, 37.77146196929313]]}, "properties": {"Corridor": "Laussat St", "Limits": "Fillmore St  -  Steiner St", "BlockSide": "North", "WeekDay": "Mon", "FromHour": "9", "ToHour": "11", "Week1": "1", "Week2": "1", "Week3": "1", "Week4": "1", "Week5": "1", "Holidays": "0"}}, {"type": "Feature", "geometry": {"type": "LineString", "coordinates": [[-122.42892044334087, 37.76748222771688], [-122.42915384065887, 37.76739113580688], [-122.43072082336788, 37.766154495134884], [-122.43079627191688, 37.76599149909488]]}, "properties": {"Corridor": "Market St", "Limits": "Church St  -  15th St", "BlockSide": "SouthEast", "WeekDay": "Sun", "FromHour": "8", "ToHour": "9", "Week1": "1", "Week2": "1", "Week3": "1", "Week4": "1", "Week5": "1", "Holidays": "0"}}, {"type": "Feature", "geometry": {"type": "LineString", "coordinates": [[-122.4310535936688, 37.76589021821812], [-122.4312588543828, 37.765810521180114], [-122.43295092030782, 37.764490555883114], [-122.43310259358582, 37.764217945063116]]}, "properties": {"Corridor": "Market St", "Limits": "Sanchez St  -  16th St", "BlockSide": "NorthWest", "WeekDay": "Mon", "FromHour": "2", "ToHour": "6", "Week1": "1", "Week2": "1", "Week3": "1", "Week4": "1", "Week5": "1", "Holidays": "1"}}, {"type": "Feature", "geometry": {"type": "LineString", "coordinates": [[-122.43107471542939, 37.766796198884], [-122.43099800627938, 37.76599633002]]}, "properties": {"Corridor": "Sanchez St", "Limits": "Henry St  -  15th St", "BlockSide": "East", "WeekDay": "Fri", "FromHour": "8", "ToHour": "10", "Week1": "1", "Week2": "1", "Week3": "1", "Week4": "1", "Week5": "1", "Holidays": "0"}}, {"type": "Feature", "geometry": {"type": "LineString", "coordinates": [[-122.44283908310867, 37.76598840627188], [-122.44303178760667, 37.76612283149488], [-122.44307041203767, 37.766193080649884], [-122.44313342820267, 37.766392189550885], [-122.44356108340867, 37.76666868162288], [-122.44372272719568, 37.766932054173886]]}, "properties": {"Corridor": "Buena Vista Ave West", "Limits": "Buena Vista Ave East  -  Java St", "BlockSide": "SouthWest", "WeekDay": "Tues", "FromHour": "8", "ToHour": "10", "Week1": "1", "Week2": "1", "Week3": "1", "Week4": "1", "Week5": "1", "Holidays": "0"}}, {"type": "Feature", "geometry": {"type": "LineString", "coordinates": [[-122.45528074961, 37.78149010173113], [-122.455378261448, 37.78155584897413], [-122.455469359092, 37.78154509250213], [-122.455523985114, 37.781462581121126]]}, "properties": {"Corridor": "Geary Blvd", "Limits": "Beaumont Ave  -  Commonwealth Ave", "BlockSide": "North", "WeekDay": "Thu", "FromHour": "6", "ToHour": "8", "Week1": "1", "Week2": "1", "Week3": "1", "Week4": "1", "Week5": "1", "Holidays": "0"}}, {"type": "Feature", "geometry": {"type": "LineString", "coordinates": [[-122.445344990017, 37.77017873388487], [-122.446933819119, 37.76997616466987]]}, "properties": {"Corridor": "Haight St", "Limits": "Masonic Ave  -  Ashbury St", "BlockSide": "South", "WeekDay": "Thu", "FromHour": "6", "ToHour": "8", "Week1": "1", "Week2": "1", "Week3": "1", "Week4": "1", "Week5": "1", "Holidays": "0"}}, {"type": "Feature", "geometry": {"type": "LineString", "coordinates": [[-122.43565604579386, 37.781009345955], [-122.43585352273287, 37.781940324487]]}, "properties": {"Corridor": "Pierce St", "Limits": "Eddy St  -  Ellis St", "BlockSide": "West", "WeekDay": "Fri", "FromHour": "6", "ToHour": "8", "Week1": "0", "Week2": "1", "Week3": "0", "Week4": "1", "Week5": "0", "Holidays": "0"}}, {"type": "Feature", "geometry": {"type": "LineString", "coordinates": [[-122.434562099056, 37.784183304664126], [-122.434658906495, 37.78422565950813], [-122.437751685562, 37.783833742556126], [-122.437847943562, 37.78374907910113]]}, "properties": {"Corridor": "Geary Blvd", "Limits": "Steiner St  -  Scott St", "BlockSide": "North", "WeekDay": "Fri", "FromHour": "6", "ToHour": "8", "Week1": "0", "Week2": "1", "Week3": "0", "Week4": "1", "Week5": "0", "Holidays": "0"}}, {"type": "Feature", "geometry": {"type": "LineString", "coordinates": [[-122.42843121041, 37.76211913207113], [-122.430662304109, 37.76211232149813]]}, "properties": {"Corridor": "Dorland St", "Limits": "Church St  -  Sanchez St", "BlockSide": "North", "WeekDay": "Mon", "FromHour": "9", "ToHour": "11", "Week1": "1", "Week2": "1", "Week3": "1", "Week4": "1", "Week5": "1", "Holidays": "0"}}, {"type": "Feature", "geometry": {"type": "LineString", "coordinates": [[-122.4414485483798, 37.77643503612], [-122.44163841498779, 37.777373284671]]}, "properties": {"Corridor": "Baker St", "Limits": "Fulton St  -  McAllister St", "BlockSide": "East", "WeekDay": "Wed", "FromHour": "12", "ToHour": "14", "Week1": "1", "Week2": "1", "Week3": "1", "Week4": "1", "Week5": "1", "Holidays": "0"}}, {"type": "Feature", "geometry": {"type": "LineString", "coordinates": [[-122.44302888677686, 37.783897367787], [-122.44322233507987, 37.784826685341]]}, "properties": {"Corridor": "Baker St", "Limits": "Post St  -  Sutter St", "BlockSide": "West", "WeekDay": "Mon", "FromHour": "12", "ToHour": "14", "Week1": "1", "Week2": "0", "Week3": "1", "Week4": "0", "Week5": "0", "Holidays": "0"}}, {"type": "Feature", "geometry": {"type": "LineString", "coordinates": [[-122.44317550357064, 37.764557545475], [-122.44316005554165, 37.764468898956], [-122.44290998805064, 37.764109072202], [-122.44291126470365, 37.763677958975]]}, "properties": {"Corridor": "Roosevelt Way", "Limits": "Loma Vista Ter  -  Clifford Ter", "BlockSide": "East", "WeekDay": "Tues", "FromHour": "10", "ToHour": "12", "Week1": "1", "Week2": "1", "Week3": "1", "Week4": "1", "Week5": "1", "Holidays": "0"}}, {"type": "Feature", "geometry": {"type": "LineString", "coordinates": [[-122.450710180318, 37.76949460348787], [-122.451865727106, 37.76934722273387]]}, "properties": {"Corridor": "Haight St", "Limits": "Cole St  -  Shrader St", "BlockSide": "South", "WeekDay": "Tues", "FromHour": "6", "ToHour": "8", "Week1": "1", "Week2": "1", "Week3": "1", "Week4": "1", "Week5": "1", "Holidays": "0"}}, {"type": "Feature", "geometry": {"type": "LineString", "coordinates": [[-122.435794213518, 37.76908989437513], [-122.436588267059, 37.76903224350013]]}, "properties": {"Corridor": "Duboce Ave", "Limits": "Castro St  -  Divisadero St", "BlockSide": "North", "WeekDay": "Wed", "FromHour": "12", "ToHour": "14", "Week1": "1", "Week2": "1", "Week3": "1", "Week4": "1", "Week5": "1", "Holidays": "0"}}, {"type": "Feature", "geometry": {"type": "LineString", "coordinates": [[-122.43250411516638, 37.769249650685], [-122.43233901318538, 37.7675284447]]}, "properties": {"Corridor": "Walter St", "Limits": "Duboce Ave  -  14th St", "BlockSide": "West", "WeekDay": "Fri", "FromHour": "8", "ToHour": "10", "Week1": "1", "Week2": "1", "Week3": "1", "Week4": "1", "Week5": "1", "Holidays": "0"}}, {"type": "Feature", "geometry": {"type": "LineString", "coordinates": [[-122.43304634870549, 37.76417348135488], [-122.43323085756148, 37.763966336111885], [-122.43442763984349, 37.763016678638884], [-122.43502296924848, 37.762630519365885], [-122.43515984022349, 37.76264847591988]]}, "properties": {"Corridor": "Market St", "Limits": "16th St  -  17th St", "BlockSide": "SouthEast", "WeekDay": "Sat", "FromHour": "2", "ToHour": "6", "Week1": "1", "Week2": "1", "Week3": "1", "Week4": "1", "Week5": "1", "Holidays": "1"}}, {"type": "Feature", "geometry": {"type": "LineString", "coordinates": [[-122.434197912158, 37.769815505129], [-122.434364738516, 37.770646048686]]}, "properties": {"Corridor": "Carmelita St", "Limits": "Start: 01-99 Block  -  Waller St", "BlockSide": "East", "WeekDay": "Fri", "FromHour": "9", "ToHour": "11", "Week1": "1", "Week2": "1", "Week3": "1", "Week4": "1", "Week5": "1", "Holidays": "0"}}, {"type": "Feature", "geometry": {"type": "LineString", "coordinates": [[-122.456871587426, 37.779622754520126], [-122.457745825441, 37.77951021135913]]}, "properties": {"Corridor": "Anza St", "Limits": "Loraine Ct  -  Almaden Ct", "BlockSide": "North", "WeekDay": "Fri", "FromHour": "8", "ToHour": "10", "Week1": "1", "Week2": "1", "Week3": "1", "Week4": "1", "Week5": "1", "Holidays": "0"}}, {"type": "Feature", "geometry": {"type": "LineString", "coordinates": [[-122.45517716379251, 37.777599278934], [-122.4551806787105, 37.77749351466], [-122.4550840926655, 37.777026249548]]}, "properties": {"Corridor": "Stanyan St", "Limits": "Turk Blvd  -  Golden Gate Ave", "BlockSide": "East", "WeekDay": "Thu", "FromHour": "6", "ToHour": "8", "Week1": "1", "Week2": "1", "Week3": "1", "Week4": "1", "Week5": "1", "Holidays": "0"}}, {"type": "Feature", "geometry": {"type": "LineString", "coordinates": [[-122.431771158302, 37.770500961135], [-122.431864549613, 37.770964426257]]}, "properties": {"Corridor": "Steiner St", "Limits": "Germania St  -  Waller St", "BlockSide": "East", "WeekDay": "Fri", "FromHour": "9", "ToHour": "11", "Week1": "1", "Week2": "1", "Week3": "1", "Week4": "1", "Week5": "1", "Holidays": "0"}}, {"type": "Feature", "geometry": {"type": "LineString", "coordinates": [[-122.447567740038, 37.76900087990913], [-122.448389686041, 37.768896070252126]]}, "properties": {"Corridor": "Waller St", "Limits": "Downey St  -  Clayton St", "BlockSide": "North", "WeekDay": "Tues", "FromHour": "8", "ToHour": "10", "Week1": "1", "Week2": "1", "Week3": "1", "Week4": "1", "Week5": "1", "Holidays": "0"}}, {"type": "Feature", "geometry": {"type": "LineString", "coordinates": [[-122.4343340621928, 37.774475816764], [-122.4345230970198, 37.775416861364]]}, "properties": {"Corridor": "Pierce St", "Limits": "Fell St  -  Hayes St", "BlockSide": "West", "WeekDay": "Fri", "FromHour": "9", "ToHour": "11", "Week1": "1", "Week2": "1", "Week3": "1", "Week4": "1", "Week5": "1", "Holidays": "0"}}, {"type": "Feature", "geometry": {"type": "LineString", "coordinates": [[-122.437847943562, 37.78374907910113], [-122.438017048638, 37.78380422132913], [-122.438268370633, 37.78374758381913], [-122.438551144772, 37.78362829770213], [-122.43893687419, 37.78348156612213], [-122.439351930672, 37.78342631908413], [-122.43948038104, 37.78333992889313]]}, "properties": {"Corridor": "Geary Blvd", "Limits": "Scott St  -  Divisadero St", "BlockSide": "North", "WeekDay": "Mon", "FromHour": "6", "ToHour": "8", "Week1": "1", "Week2": "0", "Week3": "1", "Week4": "0", "Week5": "0", "Holidays": "0"}}, {"type": "Feature", "geometry": {"type": "LineString", "coordinates": [[-122.43102903655577, 37.783507754267], [-122.43111251400776, 37.783603584166], [-122.43127996832877, 37.784333608785], [-122.43124472827476, 37.784568241392]]}, "properties": {"Corridor": "Webster St", "Limits": "O'Farrell St  -  Geary Blvd", "BlockSide": "West", "WeekDay": "Wed", "FromHour": "8", "ToHour": "10", "Week1": "1", "Week2": "1", "Week3": "1", "Week4": "1", "Week5": "1", "Holidays": "0"}}, {"type": "Feature", "geometry": {"type": "LineString", "coordinates": [[-122.449645156134, 37.76969330989013], [-122.450216975604, 37.76962038589813]]}, "properties": {"Corridor": "Haight St", "Limits": "Belvedere St  -  Cole St", "BlockSide": "North", "WeekDay": "Wed", "FromHour": "7", "ToHour": "9", "Week1": "1", "Week2": "1", "Week3": "1", "Week4": "1", "Week5": "1", "Holidays": "0"}}, {"type": "Feature", "geometry": {"type": "LineString", "coordinates": [[-122.45320456263019, 37.767306895163], [-122.4530358536952, 37.766476060948], [-122.4529868066432, 37.766374074205]]}, "properties": {"Corridor": "Stanyan St", "Limits": "Beulah St  -  Frederick St", "BlockSide": "West", "WeekDay": "Wed", "FromHour": "6", "ToHour": "8", "Week1": "1", "Week2": "1", "Week3": "1", "Week4": "1", "Week5": "1", "Holidays": "0"}}, {"type": "Feature", "geometry": {"type": "LineString", "coordinates": [[-122.44094493086003, 37.761077984409], [-122.44089026520003, 37.760527935307]]}, "properties": {"Corridor": "Hattie St", "Limits": "Market St  -  18th St", "BlockSide": "East", "WeekDay": "Fri", "FromHour": "12", "ToHour": "14", "Week1": "1", "Week2": "1", "Week3": "1", "Week4": "1", "Week5": "1", "Holidays": "0"}}, {"type": "Feature", "geometry": {"type": "LineString", "coordinates": [[-122.455523985114, 37.78139969933887], [-122.455618735828, 37.78131881132287], [-122.456190674026, 37.78128856315087], [-122.456295739929, 37.78134984159987]]}, "properties": {"Corridor": "Geary Blvd", "Limits": "Commonwealth Ave  -  Stanyan St", "BlockSide": "South", "WeekDay": "Wed", "FromHour": "6", "ToHour": "8", "Week1": "1", "Week2": "1", "Week3": "1", "Week4": "1", "Week5": "1", "Holidays": "0"}}, {"type": "Feature", "geometry": {"type": "LineString", "coordinates": [[-122.43934117288664, 37.768165525146], [-122.43924695712364, 37.767164497438], [-122.43954161317964, 37.766575525002]]}, "properties": {"Corridor": "Park Hill Ave", "Limits": "Buena Vista East Ave  -  15th St", "BlockSide": "West", "WeekDay": "Thu", "FromHour": "9", "ToHour": "11", "Week1": "1", "Week2": "1", "Week3": "1", "Week4": "1", "Week5": "1", "Holidays": "0"}}, {"type": "Feature", "geometry": {"type": "LineString", "coordinates": [[-122.43166051629056, 37.764324012581], [-122.43150506908457, 37.762703174233]]}, "properties": {"Corridor": "Prosper St", "Limits": "16th St  -  17th St", "BlockSide": "East", "WeekDay": "Tues", "FromHour": "9", "ToHour": "11", "Week1": "1", "Week2": "1", "Week3": "1", "Week4": "1", "Week5": "1", "Holidays": "0"}}]}